-6.562534441924150475e-02,-1.529198343728199738e-02,7.488617227092664308e-01,-8.127082588772874261e-02,-4.166804286149827438e-03,-5.636463841430188956e-03,9.966674073515857657e-01,-5.004202892627095389e-01,1.818716197270120183e-01,-1.312156119031418211e-01,8.269970366022476593e-01,-3.298317077539525966e-01,-6.084698071407246972e-02,-3.199850185446409534e-01,1.963736274593739783e-01,-9.356336695457677377e-02,4.517710089168082144e-01,-1.323213939389700500e-01,-5.426160620601612472e-02,-5.337290198145799858e-02,-7.375569092270799446e-15,-7.541762936615536772e-14,3.718568126548344455e-01,3.000000000000009326e-01,5.657976527341432571e-16,4.426658225165939764e-01,1.791660980214591692e-17,1.554156274228895441e-15,4.057817673194322395e-17,4.237952756265316312e-01,-2.999999999999997113e-01,-7.563824678665203819e-16,4.636333636019888127e-01,-1.682051752070613265e-17,1.515780291830820236e-15,-6.533180355326093923e-17
-6.562534441924150475e-02,-1.529198343728199738e-02,7.488617227092664308e-01,-8.127082588772874261e-02,-4.166804286149827438e-03,-5.636463841430188956e-03,9.966674073515857657e-01,-5.004202892627095389e-01,1.818716197270120183e-01,-1.312156119031418211e-01,8.269970366022476593e-01,-3.298317077539525966e-01,-6.084698071407246972e-02,-3.199850185446409534e-01,1.963736274593739783e-01,-9.356336695457677377e-02,4.517710089168082144e-01,-1.323213939389700500e-01,-5.426160620601612472e-02,-5.337290198145799858e-02,-7.375569092270799446e-15,-7.541762936615536772e-14,3.718568126548344455e-01,3.000000000000009326e-01,5.657976527341432571e-16,4.426658225165939764e-01,1.791660980214591692e-17,1.554156274228895441e-15,4.057817673194322395e-17,4.237952756265316312e-01,-2.999999999999997113e-01,-7.563824678665203819e-16,4.636333636019888127e-01,-1.682051752070613265e-17,1.515780291830820236e-15,-6.533180355326093923e-17
-6.562534441924150475e-02,-1.529198343728199738e-02,7.488617227092664308e-01,-8.127082588772874261e-02,-4.166804286149827438e-03,-5.636463841430188956e-03,9.966674073515857657e-01,-5.004202892627095389e-01,1.818716197270120183e-01,-1.312156119031418211e-01,8.269970366022476593e-01,-3.298317077539525966e-01,-6.084698071407246972e-02,-3.199850185446409534e-01,1.963736274593739783e-01,-9.356336695457677377e-02,4.517710089168082144e-01,-1.323213939389700500e-01,-5.426160620601612472e-02,-5.337290198145799858e-02,-7.375569092270799446e-15,-7.541762936615536772e-14,3.718568126548344455e-01,3.000000000000009326e-01,5.657976527341432571e-16,4.426658225165939764e-01,1.791660980214591692e-17,1.554156274228895441e-15,4.057817673194322395e-17,4.237952756265316312e-01,-2.999999999999997113e-01,-7.563824678665203819e-16,4.636333636019888127e-01,-1.682051752070613265e-17,1.515780291830820236e-15,-6.533180355326093923e-17
-6.562534441924150475e-02,-1.529198343728199738e-02,7.488617227092664308e-01,-8.127082588772874261e-02,-4.166804286149827438e-03,-5.636463841430188956e-03,9.966674073515857657e-01,-5.004202892627095389e-01,1.818716197270120183e-01,-1.312156119031418211e-01,8.269970366022476593e-01,-3.298317077539525966e-01,-6.084698071407246972e-02,-3.199850185446409534e-01,1.963736274593739783e-01,-9.356336695457677377e-02,4.517710089168082144e-01,-1.323213939389700500e-01,-5.426160620601612472e-02,-5.337290198145799858e-02,-7.375569092270799446e-15,-7.541762936615536772e-14,3.718568126548344455e-01,3.000000000000009326e-01,5.657976527341432571e-16,4.426658225165939764e-01,1.791660980214591692e-17,1.554156274228895441e-15,4.057817673194322395e-17,4.237952756265316312e-01,-2.999999999999997113e-01,-7.563824678665203819e-16,4.636333636019888127e-01,-1.682051752070613265e-17,1.515780291830820236e-15,-6.533180355326093923e-17
-6.562534441924150475e-02,-1.529198343728199738e-02,7.488617227092664308e-01,-8.127082588772874261e-02,-4.166804286149827438e-03,-5.636463841430188956e-03,9.966674073515857657e-01,-5.004202892627095389e-01,1.818716197270120183e-01,-1.312156119031418211e-01,8.269970366022476593e-01,-3.298317077539525966e-01,-6.084698071407246972e-02,-3.199850185446409534e-01,1.963736274593739783e-01,-9.356336695457677377e-02,4.517710089168082144e-01,-1.323213939389700500e-01,-5.426160620601612472e-02,-5.337290198145799858e-02,-7.375569092270799446e-15,-7.541762936615536772e-14,3.718568126548344455e-01,3.000000000000009326e-01,5.657976527341432571e-16,4.426658225165939764e-01,1.791660980214591692e-17,1.554156274228895441e-15,4.057817673194322395e-17,4.237952756265316312e-01,-2.999999999999997113e-01,-7.563824678665203819e-16,4.636333636019888127e-01,-1.682051752070613265e-17,1.515780291830820236e-15,-6.533180355326093923e-17
-6.562534441924150475e-02,-1.529198343728199738e-02,7.488617227092664308e-01,-8.127082588772874261e-02,-4.166804286149827438e-03,-5.636463841430188956e-03,9.966674073515857657e-01,-5.004202892627095389e-01,1.818716197270120183e-01,-1.312156119031418211e-01,8.269970366022476593e-01,-3.298317077539525966e-01,-6.084698071407246972e-02,-3.199850185446409534e-01,1.963736274593739783e-01,-9.356336695457677377e-02,4.517710089168082144e-01,-1.323213939389700500e-01,-5.426160620601612472e-02,-5.337290198145799858e-02,-7.375569092270799446e-15,-7.541762936615536772e-14,3.718568126548344455e-01,3.000000000000009326e-01,5.657976527341432571e-16,4.426658225165939764e-01,1.791660980214591692e-17,1.554156274228895441e-15,4.057817673194322395e-17,4.237952756265316312e-01,-2.999999999999997113e-01,-7.563824678665203819e-16,4.636333636019888127e-01,-1.682051752070613265e-17,1.515780291830820236e-15,-6.533180355326093923e-17
-6.562534441924150475e-02,-1.529198343728199738e-02,7.488617227092664308e-01,-8.127082588772874261e-02,-4.166804286149827438e-03,-5.636463841430188956e-03,9.966674073515857657e-01,-5.004202892627095389e-01,1.818716197270120183e-01,-1.312156119031418211e-01,8.269970366022476593e-01,-3.298317077539525966e-01,-6.084698071407246972e-02,-3.199850185446409534e-01,1.963736274593739783e-01,-9.356336695457677377e-02,4.517710089168082144e-01,-1.323213939389700500e-01,-5.426160620601612472e-02,-5.337290198145799858e-02,-7.375569092270799446e-15,-7.541762936615536772e-14,3.718568126548344455e-01,3.000000000000009326e-01,5.657976527341432571e-16,4.426658225165939764e-01,1.791660980214591692e-17,1.554156274228895441e-15,4.057817673194322395e-17,4.237952756265316312e-01,-2.999999999999997113e-01,-7.563824678665203819e-16,4.636333636019888127e-01,-1.682051752070613265e-17,1.515780291830820236e-15,-6.533180355326093923e-17
-6.562534441924150475e-02,-1.529198343728199738e-02,7.488617227092664308e-01,-8.127082588772874261e-02,-4.166804286149827438e-03,-5.636463841430188956e-03,9.966674073515857657e-01,-5.004202892627095389e-01,1.818716197270120183e-01,-1.312156119031418211e-01,8.269970366022476593e-01,-3.298317077539525966e-01,-6.084698071407246972e-02,-3.199850185446409534e-01,1.963736274593739783e-01,-9.356336695457677377e-02,4.517710089168082144e-01,-1.323213939389700500e-01,-5.426160620601612472e-02,-5.337290198145799858e-02,-7.375569092270799446e-15,-7.541762936615536772e-14,3.718568126548344455e-01,3.000000000000009326e-01,5.657976527341432571e-16,4.426658225165939764e-01,1.791660980214591692e-17,1.554156274228895441e-15,4.057817673194322395e-17,4.237952756265316312e-01,-2.999999999999997113e-01,-7.563824678665203819e-16,4.636333636019888127e-01,-1.682051752070613265e-17,1.515780291830820236e-15,-6.533180355326093923e-17
-6.562534441924150475e-02,-1.529198343728199738e-02,7.488617227092664308e-01,-8.127082588772874261e-02,-4.166804286149827438e-03,-5.636463841430188956e-03,9.966674073515857657e-01,-5.004202892627095389e-01,1.818716197270120183e-01,-1.312156119031418211e-01,8.269970366022476593e-01,-3.298317077539525966e-01,-6.084698071407246972e-02,-3.199850185446409534e-01,1.963736274593739783e-01,-9.356336695457677377e-02,4.517710089168082144e-01,-1.323213939389700500e-01,-5.426160620601612472e-02,-5.337290198145799858e-02,-7.375569092270799446e-15,-7.541762936615536772e-14,3.718568126548344455e-01,3.000000000000009326e-01,5.657976527341432571e-16,4.426658225165939764e-01,1.791660980214591692e-17,1.554156274228895441e-15,4.057817673194322395e-17,4.237952756265316312e-01,-2.999999999999997113e-01,-7.563824678665203819e-16,4.636333636019888127e-01,-1.682051752070613265e-17,1.515780291830820236e-15,-6.533180355326093923e-17
-6.562534441924150475e-02,-1.529198343728199738e-02,7.488617227092664308e-01,-8.127082588772874261e-02,-4.166804286149827438e-03,-5.636463841430188956e-03,9.966674073515857657e-01,-5.004202892627095389e-01,1.818716197270120183e-01,-1.312156119031418211e-01,8.269970366022476593e-01,-3.298317077539525966e-01,-6.084698071407246972e-02,-3.199850185446409534e-01,1.963736274593739783e-01,-9.356336695457677377e-02,4.517710089168082144e-01,-1.323213939389700500e-01,-5.426160620601612472e-02,-5.337290198145799858e-02,-7.375569092270799446e-15,-7.541762936615536772e-14,3.718568126548344455e-01,3.000000000000009326e-01,5.657976527341432571e-16,4.426658225165939764e-01,1.791660980214591692e-17,1.554156274228895441e-15,4.057817673194322395e-17,4.237952756265316312e-01,-2.999999999999997113e-01,-7.563824678665203819e-16,4.636333636019888127e-01,-1.682051752070613265e-17,1.515780291830820236e-15,-6.533180355326093923e-17
-6.562534441924150475e-02,-1.529198343728199738e-02,7.488617227092664308e-01,-8.127082588772874261e-02,-4.166804286149827438e-03,-5.636463841430188956e-03,9.966674073515857657e-01,-5.004202892627095389e-01,1.818716197270120183e-01,-1.312156119031418211e-01,8.269970366022476593e-01,-3.298317077539525966e-01,-6.084698071407246972e-02,-3.199850185446409534e-01,1.963736274593739783e-01,-9.356336695457677377e-02,4.517710089168082144e-01,-1.323213939389700500e-01,-5.426160620601612472e-02,-5.337290198145799858e-02,-7.375569092270799446e-15,-7.541762936615536772e-14,3.718568126548344455e-01,3.000000000000009326e-01,5.657976527341432571e-16,4.426658225165939764e-01,1.791660980214591692e-17,1.554156274228895441e-15,4.057817673194322395e-17,4.237952756265316312e-01,-2.999999999999997113e-01,-7.563824678665203819e-16,4.636333636019888127e-01,-1.682051752070613265e-17,1.515780291830820236e-15,-6.533180355326093923e-17
-6.562534441924150475e-02,-1.529198343728199738e-02,7.488617227092664308e-01,-8.127082588772874261e-02,-4.166804286149827438e-03,-5.636463841430188956e-03,9.966674073515857657e-01,-5.004202892627095389e-01,1.818716197270120183e-01,-1.312156119031418211e-01,8.269970366022476593e-01,-3.298317077539525966e-01,-6.084698071407246972e-02,-3.199850185446409534e-01,1.963736274593739783e-01,-9.356336695457677377e-02,4.517710089168082144e-01,-1.323213939389700500e-01,-5.426160620601612472e-02,-5.337290198145799858e-02,-7.375569092270799446e-15,-7.541762936615536772e-14,3.718568126548344455e-01,3.000000000000009326e-01,5.657976527341432571e-16,4.426658225165939764e-01,1.791660980214591692e-17,1.554156274228895441e-15,4.057817673194322395e-17,4.237952756265316312e-01,-2.999999999999997113e-01,-7.563824678665203819e-16,4.636333636019888127e-01,-1.682051752070613265e-17,1.515780291830820236e-15,-6.533180355326093923e-17
-6.562534441924150475e-02,-1.529198343728199738e-02,7.488617227092664308e-01,-8.127082588772874261e-02,-4.166804286149827438e-03,-5.636463841430188956e-03,9.966674073515857657e-01,-5.004202892627095389e-01,1.818716197270120183e-01,-1.312156119031418211e-01,8.269970366022476593e-01,-3.298317077539525966e-01,-6.084698071407246972e-02,-3.199850185446409534e-01,1.963736274593739783e-01,-9.356336695457677377e-02,4.517710089168082144e-01,-1.323213939389700500e-01,-5.426160620601612472e-02,-5.337290198145799858e-02,-7.375569092270799446e-15,-7.541762936615536772e-14,3.718568126548344455e-01,3.000000000000009326e-01,5.657976527341432571e-16,4.426658225165939764e-01,1.791660980214591692e-17,1.554156274228895441e-15,4.057817673194322395e-17,4.237952756265316312e-01,-2.999999999999997113e-01,-7.563824678665203819e-16,4.636333636019888127e-01,-1.682051752070613265e-17,1.515780291830820236e-15,-6.533180355326093923e-17
-6.562534441924150475e-02,-1.529198343728199738e-02,7.488617227092664308e-01,-8.127082588772874261e-02,-4.166804286149827438e-03,-5.636463841430188956e-03,9.966674073515857657e-01,-5.004202892627095389e-01,1.818716197270120183e-01,-1.312156119031418211e-01,8.269970366022476593e-01,-3.298317077539525966e-01,-6.084698071407246972e-02,-3.199850185446409534e-01,1.963736274593739783e-01,-9.356336695457677377e-02,4.517710089168082144e-01,-1.323213939389700500e-01,-5.426160620601612472e-02,-5.337290198145799858e-02,-7.375569092270799446e-15,-7.541762936615536772e-14,3.718568126548344455e-01,3.000000000000009326e-01,5.657976527341432571e-16,4.426658225165939764e-01,1.791660980214591692e-17,1.554156274228895441e-15,4.057817673194322395e-17,4.237952756265316312e-01,-2.999999999999997113e-01,-7.563824678665203819e-16,4.636333636019888127e-01,-1.682051752070613265e-17,1.515780291830820236e-15,-6.533180355326093923e-17
-6.562534441924150475e-02,-1.529198343728199738e-02,7.488617227092664308e-01,-8.127082588772874261e-02,-4.166804286149827438e-03,-5.636463841430188956e-03,9.966674073515857657e-01,-5.004202892627095389e-01,1.818716197270120183e-01,-1.312156119031418211e-01,8.269970366022476593e-01,-3.298317077539525966e-01,-6.084698071407246972e-02,-3.199850185446409534e-01,1.963736274593739783e-01,-9.356336695457677377e-02,4.517710089168082144e-01,-1.323213939389700500e-01,-5.426160620601612472e-02,-5.337290198145799858e-02,-7.375569092270799446e-15,-7.541762936615536772e-14,3.718568126548344455e-01,3.000000000000009326e-01,5.657976527341432571e-16,4.426658225165939764e-01,1.791660980214591692e-17,1.554156274228895441e-15,4.057817673194322395e-17,4.237952756265316312e-01,-2.999999999999997113e-01,-7.563824678665203819e-16,4.636333636019888127e-01,-1.682051752070613265e-17,1.515780291830820236e-15,-6.533180355326093923e-17
-6.562534441924150475e-02,-1.529198343728199738e-02,7.488617227092664308e-01,-8.127082588772874261e-02,-4.166804286149827438e-03,-5.636463841430188956e-03,9.966674073515857657e-01,-5.004202892627095389e-01,1.818716197270120183e-01,-1.312156119031418211e-01,8.269970366022476593e-01,-3.298317077539525966e-01,-6.084698071407246972e-02,-3.199850185446409534e-01,1.963736274593739783e-01,-9.356336695457677377e-02,4.517710089168082144e-01,-1.323213939389700500e-01,-5.426160620601612472e-02,-5.337290198145799858e-02,-7.375569092270799446e-15,-7.541762936615536772e-14,3.718568126548344455e-01,3.000000000000009326e-01,5.657976527341432571e-16,4.426658225165939764e-01,1.791660980214591692e-17,1.554156274228895441e-15,4.057817673194322395e-17,4.237952756265316312e-01,-2.999999999999997113e-01,-7.563824678665203819e-16,4.636333636019888127e-01,-1.682051752070613265e-17,1.515780291830820236e-15,-6.533180355326093923e-17
-6.562534441924150475e-02,-1.529198343728199738e-02,7.488617227092664308e-01,-8.127082588772874261e-02,-4.166804286149827438e-03,-5.636463841430188956e-03,9.966674073515857657e-01,-5.004202892627095389e-01,1.818716197270120183e-01,-1.312156119031418211e-01,8.269970366022476593e-01,-3.298317077539525966e-01,-6.084698071407246972e-02,-3.199850185446409534e-01,1.963736274593739783e-01,-9.356336695457677377e-02,4.517710089168082144e-01,-1.323213939389700500e-01,-5.426160620601612472e-02,-5.337290198145799858e-02,-7.375569092270799446e-15,-7.541762936615536772e-14,3.718568126548344455e-01,3.000000000000009326e-01,5.657976527341432571e-16,4.426658225165939764e-01,1.791660980214591692e-17,1.554156274228895441e-15,4.057817673194322395e-17,4.237952756265316312e-01,-2.999999999999997113e-01,-7.563824678665203819e-16,4.636333636019888127e-01,-1.682051752070613265e-17,1.515780291830820236e-15,-6.533180355326093923e-17
-6.562534441924150475e-02,-1.529198343728199738e-02,7.488617227092664308e-01,-8.127082588772874261e-02,-4.166804286149827438e-03,-5.636463841430188956e-03,9.966674073515857657e-01,-5.004202892627095389e-01,1.818716197270120183e-01,-1.312156119031418211e-01,8.269970366022476593e-01,-3.298317077539525966e-01,-6.084698071407246972e-02,-3.199850185446409534e-01,1.963736274593739783e-01,-9.356336695457677377e-02,4.517710089168082144e-01,-1.323213939389700500e-01,-5.426160620601612472e-02,-5.337290198145799858e-02,-7.375569092270799446e-15,-7.541762936615536772e-14,3.718568126548344455e-01,3.000000000000009326e-01,5.657976527341432571e-16,4.426658225165939764e-01,1.791660980214591692e-17,1.554156274228895441e-15,4.057817673194322395e-17,4.237952756265316312e-01,-2.999999999999997113e-01,-7.563824678665203819e-16,4.636333636019888127e-01,-1.682051752070613265e-17,1.515780291830820236e-15,-6.533180355326093923e-17
-6.562534441924150475e-02,-1.529198343728199738e-02,7.488617227092664308e-01,-8.127082588772874261e-02,-4.166804286149827438e-03,-5.636463841430188956e-03,9.966674073515857657e-01,-5.004202892627095389e-01,1.818716197270120183e-01,-1.312156119031418211e-01,8.269970366022476593e-01,-3.298317077539525966e-01,-6.084698071407246972e-02,-3.199850185446409534e-01,1.963736274593739783e-01,-9.356336695457677377e-02,4.517710089168082144e-01,-1.323213939389700500e-01,-5.426160620601612472e-02,-5.337290198145799858e-02,-7.375569092270799446e-15,-7.541762936615536772e-14,3.718568126548344455e-01,3.000000000000009326e-01,5.657976527341432571e-16,4.426658225165939764e-01,1.791660980214591692e-17,1.554156274228895441e-15,4.057817673194322395e-17,4.237952756265316312e-01,-2.999999999999997113e-01,-7.563824678665203819e-16,4.636333636019888127e-01,-1.682051752070613265e-17,1.515780291830820236e-15,-6.533180355326093923e-17
-6.562534441924150475e-02,-1.529198343728199738e-02,7.488617227092664308e-01,-8.127082588772874261e-02,-4.166804286149827438e-03,-5.636463841430188956e-03,9.966674073515857657e-01,-5.004202892627095389e-01,1.818716197270120183e-01,-1.312156119031418211e-01,8.269970366022476593e-01,-3.298317077539525966e-01,-6.084698071407246972e-02,-3.199850185446409534e-01,1.963736274593739783e-01,-9.356336695457677377e-02,4.517710089168082144e-01,-1.323213939389700500e-01,-5.426160620601612472e-02,-5.337290198145799858e-02,-7.375569092270799446e-15,-7.541762936615536772e-14,3.718568126548344455e-01,3.000000000000009326e-01,5.657976527341432571e-16,4.426658225165939764e-01,1.791660980214591692e-17,1.554156274228895441e-15,4.057817673194322395e-17,4.237952756265316312e-01,-2.999999999999997113e-01,-7.563824678665203819e-16,4.636333636019888127e-01,-1.682051752070613265e-17,1.515780291830820236e-15,-6.533180355326093923e-17
-6.562534441924150475e-02,-1.529198343728199738e-02,7.488617227092664308e-01,-8.127082588772874261e-02,-4.166804286149827438e-03,-5.636463841430188956e-03,9.966674073515857657e-01,-5.004202892627095389e-01,1.818716197270120183e-01,-1.312156119031418211e-01,8.269970366022476593e-01,-3.298317077539525966e-01,-6.084698071407246972e-02,-3.199850185446409534e-01,1.963736274593739783e-01,-9.356336695457677377e-02,4.517710089168082144e-01,-1.323213939389700500e-01,-5.426160620601612472e-02,-5.337290198145799858e-02,-7.375569092270799446e-15,-7.541762936615536772e-14,3.718568126548344455e-01,3.000000000000009326e-01,5.657976527341432571e-16,4.426658225165939764e-01,1.791660980214591692e-17,1.554156274228895441e-15,4.057817673194322395e-17,4.237952756265316312e-01,-2.999999999999997113e-01,-7.563824678665203819e-16,4.636333636019888127e-01,-1.682051752070613265e-17,1.515780291830820236e-15,-6.533180355326093923e-17
-6.562534441924150475e-02,-1.529198343728199738e-02,7.488617227092664308e-01,-8.127082588772874261e-02,-4.166804286149827438e-03,-5.636463841430188956e-03,9.966674073515857657e-01,-5.004202892627095389e-01,1.818716197270120183e-01,-1.312156119031418211e-01,8.269970366022476593e-01,-3.298317077539525966e-01,-6.084698071407246972e-02,-3.199850185446409534e-01,1.963736274593739783e-01,-9.356336695457677377e-02,4.517710089168082144e-01,-1.323213939389700500e-01,-5.426160620601612472e-02,-5.337290198145799858e-02,-7.375569092270799446e-15,-7.541762936615536772e-14,3.718568126548344455e-01,3.000000000000009326e-01,5.657976527341432571e-16,4.426658225165939764e-01,1.791660980214591692e-17,1.554156274228895441e-15,4.057817673194322395e-17,4.237952756265316312e-01,-2.999999999999997113e-01,-7.563824678665203819e-16,4.636333636019888127e-01,-1.682051752070613265e-17,1.515780291830820236e-15,-6.533180355326093923e-17
-6.562534441924150475e-02,-1.529198343728199738e-02,7.488617227092664308e-01,-8.127082588772874261e-02,-4.166804286149827438e-03,-5.636463841430188956e-03,9.966674073515857657e-01,-5.004202892627095389e-01,1.818716197270120183e-01,-1.312156119031418211e-01,8.269970366022476593e-01,-3.298317077539525966e-01,-6.084698071407246972e-02,-3.199850185446409534e-01,1.963736274593739783e-01,-9.356336695457677377e-02,4.517710089168082144e-01,-1.323213939389700500e-01,-5.426160620601612472e-02,-5.337290198145799858e-02,-7.375569092270799446e-15,-7.541762936615536772e-14,3.718568126548344455e-01,3.000000000000009326e-01,5.657976527341432571e-16,4.426658225165939764e-01,1.791660980214591692e-17,1.554156274228895441e-15,4.057817673194322395e-17,4.237952756265316312e-01,-2.999999999999997113e-01,-7.563824678665203819e-16,4.636333636019888127e-01,-1.682051752070613265e-17,1.515780291830820236e-15,-6.533180355326093923e-17
-6.562534441924150475e-02,-1.529198343728199738e-02,7.488617227092664308e-01,-8.127082588772874261e-02,-4.166804286149827438e-03,-5.636463841430188956e-03,9.966674073515857657e-01,-5.004202892627095389e-01,1.818716197270120183e-01,-1.312156119031418211e-01,8.269970366022476593e-01,-3.298317077539525966e-01,-6.084698071407246972e-02,-3.199850185446409534e-01,1.963736274593739783e-01,-9.356336695457677377e-02,4.517710089168082144e-01,-1.323213939389700500e-01,-5.426160620601612472e-02,-5.337290198145799858e-02,-7.375569092270799446e-15,-7.541762936615536772e-14,3.718568126548344455e-01,3.000000000000009326e-01,5.657976527341432571e-16,4.426658225165939764e-01,1.791660980214591692e-17,1.554156274228895441e-15,4.057817673194322395e-17,4.237952756265316312e-01,-2.999999999999997113e-01,-7.563824678665203819e-16,4.636333636019888127e-01,-1.682051752070613265e-17,1.515780291830820236e-15,-6.533180355326093923e-17
-6.562534441924150475e-02,-1.529198343728199738e-02,7.488617227092664308e-01,-8.127082588772874261e-02,-4.166804286149827438e-03,-5.636463841430188956e-03,9.966674073515857657e-01,-5.004202892627095389e-01,1.818716197270120183e-01,-1.312156119031418211e-01,8.269970366022476593e-01,-3.298317077539525966e-01,-6.084698071407246972e-02,-3.199850185446409534e-01,1.963736274593739783e-01,-9.356336695457677377e-02,4.517710089168082144e-01,-1.323213939389700500e-01,-5.426160620601612472e-02,-5.337290198145799858e-02,-7.375569092270799446e-15,-7.541762936615536772e-14,3.718568126548344455e-01,3.000000000000009326e-01,5.657976527341432571e-16,4.426658225165939764e-01,1.791660980214591692e-17,1.554156274228895441e-15,4.057817673194322395e-17,4.237952756265316312e-01,-2.999999999999997113e-01,-7.563824678665203819e-16,4.636333636019888127e-01,-1.682051752070613265e-17,1.515780291830820236e-15,-6.533180355326093923e-17
-6.562534441924150475e-02,-1.529198343728199738e-02,7.488617227092664308e-01,-8.127082588772874261e-02,-4.166804286149827438e-03,-5.636463841430188956e-03,9.966674073515857657e-01,-5.004202892627095389e-01,1.818716197270120183e-01,-1.312156119031418211e-01,8.269970366022476593e-01,-3.298317077539525966e-01,-6.084698071407246972e-02,-3.199850185446409534e-01,1.963736274593739783e-01,-9.356336695457677377e-02,4.517710089168082144e-01,-1.323213939389700500e-01,-5.426160620601612472e-02,-5.337290198145799858e-02,-7.375569092270799446e-15,-7.541762936615536772e-14,3.718568126548344455e-01,3.000000000000009326e-01,5.657976527341432571e-16,4.426658225165939764e-01,1.791660980214591692e-17,1.554156274228895441e-15,4.057817673194322395e-17,4.237952756265316312e-01,-2.999999999999997113e-01,-7.563824678665203819e-16,4.636333636019888127e-01,-1.682051752070613265e-17,1.515780291830820236e-15,-6.533180355326093923e-17
-6.562534441924150475e-02,-1.529198343728199738e-02,7.488617227092664308e-01,-8.127082588772874261e-02,-4.166804286149827438e-03,-5.636463841430188956e-03,9.966674073515857657e-01,-5.004202892627095389e-01,1.818716197270120183e-01,-1.312156119031418211e-01,8.269970366022476593e-01,-3.298317077539525966e-01,-6.084698071407246972e-02,-3.199850185446409534e-01,1.963736274593739783e-01,-9.356336695457677377e-02,4.517710089168082144e-01,-1.323213939389700500e-01,-5.426160620601612472e-02,-5.337290198145799858e-02,-7.375569092270799446e-15,-7.541762936615536772e-14,3.718568126548344455e-01,3.000000000000009326e-01,5.657976527341432571e-16,4.426658225165939764e-01,1.791660980214591692e-17,1.554156274228895441e-15,4.057817673194322395e-17,4.237952756265316312e-01,-2.999999999999997113e-01,-7.563824678665203819e-16,4.636333636019888127e-01,-1.682051752070613265e-17,1.515780291830820236e-15,-6.533180355326093923e-17
-6.562534441924150475e-02,-1.529198343728199738e-02,7.488617227092664308e-01,-8.127082588772874261e-02,-4.166804286149827438e-03,-5.636463841430188956e-03,9.966674073515857657e-01,-5.004202892627095389e-01,1.818716197270120183e-01,-1.312156119031418211e-01,8.269970366022476593e-01,-3.298317077539525966e-01,-6.084698071407246972e-02,-3.199850185446409534e-01,1.963736274593739783e-01,-9.356336695457677377e-02,4.517710089168082144e-01,-1.323213939389700500e-01,-5.426160620601612472e-02,-5.337290198145799858e-02,-7.375569092270799446e-15,-7.541762936615536772e-14,3.718568126548344455e-01,3.000000000000009326e-01,5.657976527341432571e-16,4.426658225165939764e-01,1.791660980214591692e-17,1.554156274228895441e-15,4.057817673194322395e-17,4.237952756265316312e-01,-2.999999999999997113e-01,-7.563824678665203819e-16,4.636333636019888127e-01,-1.682051752070613265e-17,1.515780291830820236e-15,-6.533180355326093923e-17
-6.562534441924150475e-02,-1.529198343728199738e-02,7.488617227092664308e-01,-8.127082588772874261e-02,-4.166804286149827438e-03,-5.636463841430188956e-03,9.966674073515857657e-01,-5.004202892627095389e-01,1.818716197270120183e-01,-1.312156119031418211e-01,8.269970366022476593e-01,-3.298317077539525966e-01,-6.084698071407246972e-02,-3.199850185446409534e-01,1.963736274593739783e-01,-9.356336695457677377e-02,4.517710089168082144e-01,-1.323213939389700500e-01,-5.426160620601612472e-02,-5.337290198145799858e-02,-7.375569092270799446e-15,-7.541762936615536772e-14,3.718568126548344455e-01,3.000000000000009326e-01,5.657976527341432571e-16,4.426658225165939764e-01,1.791660980214591692e-17,1.554156274228895441e-15,4.057817673194322395e-17,4.237952756265316312e-01,-2.999999999999997113e-01,-7.563824678665203819e-16,4.636333636019888127e-01,-1.682051752070613265e-17,1.515780291830820236e-15,-6.533180355326093923e-17
-6.562534441924150475e-02,-1.529198343728199738e-02,7.488617227092664308e-01,-8.127082588772874261e-02,-4.166804286149827438e-03,-5.636463841430188956e-03,9.966674073515857657e-01,-5.004202892627095389e-01,1.818716197270120183e-01,-1.312156119031418211e-01,8.269970366022476593e-01,-3.298317077539525966e-01,-6.084698071407246972e-02,-3.199850185446409534e-01,1.963736274593739783e-01,-9.356336695457677377e-02,4.517710089168082144e-01,-1.323213939389700500e-01,-5.426160620601612472e-02,-5.337290198145799858e-02,-7.375569092270799446e-15,-7.541762936615536772e-14,3.718568126548344455e-01,3.000000000000009326e-01,5.657976527341432571e-16,4.426658225165939764e-01,1.791660980214591692e-17,1.554156274228895441e-15,4.057817673194322395e-17,4.237952756265316312e-01,-2.999999999999997113e-01,-7.563824678665203819e-16,4.636333636019888127e-01,-1.682051752070613265e-17,1.515780291830820236e-15,-6.533180355326093923e-17
-6.562534441924150475e-02,-1.529198343728199738e-02,7.488617227092664308e-01,-8.127082588772874261e-02,-4.166804286149827438e-03,-5.636463841430188956e-03,9.966674073515857657e-01,-5.004202892627095389e-01,1.818716197270120183e-01,-1.312156119031418211e-01,8.269970366022476593e-01,-3.298317077539525966e-01,-6.084698071407246972e-02,-3.199850185446409534e-01,1.963736274593739783e-01,-9.356336695457677377e-02,4.517710089168082144e-01,-1.323213939389700500e-01,-5.426160620601612472e-02,-5.337290198145799858e-02,-7.375569092270799446e-15,-7.541762936615536772e-14,3.718568126548344455e-01,3.000000000000009326e-01,5.657976527341432571e-16,4.426658225165939764e-01,1.791660980214591692e-17,1.554156274228895441e-15,4.057817673194322395e-17,4.237952756265316312e-01,-2.999999999999997113e-01,-7.563824678665203819e-16,4.636333636019888127e-01,-1.682051752070613265e-17,1.515780291830820236e-15,-6.533180355326093923e-17
-6.562534441924150475e-02,-1.529198343728199738e-02,7.488617227092664308e-01,-8.127082588772874261e-02,-4.166804286149827438e-03,-5.636463841430188956e-03,9.966674073515857657e-01,-5.004202892627095389e-01,1.818716197270120183e-01,-1.312156119031418211e-01,8.269970366022476593e-01,-3.298317077539525966e-01,-6.084698071407246972e-02,-3.199850185446409534e-01,1.963736274593739783e-01,-9.356336695457677377e-02,4.517710089168082144e-01,-1.323213939389700500e-01,-5.426160620601612472e-02,-5.337290198145799858e-02,-7.375569092270799446e-15,-7.541762936615536772e-14,3.718568126548344455e-01,3.000000000000009326e-01,5.657976527341432571e-16,4.426658225165939764e-01,1.791660980214591692e-17,1.554156274228895441e-15,4.057817673194322395e-17,4.237952756265316312e-01,-2.999999999999997113e-01,-7.563824678665203819e-16,4.636333636019888127e-01,-1.682051752070613265e-17,1.515780291830820236e-15,-6.533180355326093923e-17
-6.562534441924150475e-02,-1.529198343728199738e-02,7.488617227092664308e-01,-8.127082588772874261e-02,-4.166804286149827438e-03,-5.636463841430188956e-03,9.966674073515857657e-01,-5.004202892627095389e-01,1.818716197270120183e-01,-1.312156119031418211e-01,8.269970366022476593e-01,-3.298317077539525966e-01,-6.084698071407246972e-02,-3.199850185446409534e-01,1.963736274593739783e-01,-9.356336695457677377e-02,4.517710089168082144e-01,-1.323213939389700500e-01,-5.426160620601612472e-02,-5.337290198145799858e-02,-7.375569092270799446e-15,-7.541762936615536772e-14,3.718568126548344455e-01,3.000000000000009326e-01,5.657976527341432571e-16,4.426658225165939764e-01,1.791660980214591692e-17,1.554156274228895441e-15,4.057817673194322395e-17,4.237952756265316312e-01,-2.999999999999997113e-01,-7.563824678665203819e-16,4.636333636019888127e-01,-1.682051752070613265e-17,1.515780291830820236e-15,-6.533180355326093923e-17
-6.562534441924150475e-02,-1.529198343728199738e-02,7.488617227092664308e-01,-8.127082588772874261e-02,-4.166804286149827438e-03,-5.636463841430188956e-03,9.966674073515857657e-01,-5.004202892627095389e-01,1.818716197270120183e-01,-1.312156119031418211e-01,8.269970366022476593e-01,-3.298317077539525966e-01,-6.084698071407246972e-02,-3.199850185446409534e-01,1.963736274593739783e-01,-9.356336695457677377e-02,4.517710089168082144e-01,-1.323213939389700500e-01,-5.426160620601612472e-02,-5.337290198145799858e-02,-7.375569092270799446e-15,-7.541762936615536772e-14,3.718568126548344455e-01,3.000000000000009326e-01,5.657976527341432571e-16,4.426658225165939764e-01,1.791660980214591692e-17,1.554156274228895441e-15,4.057817673194322395e-17,4.237952756265316312e-01,-2.999999999999997113e-01,-7.563824678665203819e-16,4.636333636019888127e-01,-1.682051752070613265e-17,1.515780291830820236e-15,-6.533180355326093923e-17
-6.562534441924150475e-02,-1.529198343728199738e-02,7.488617227092664308e-01,-8.127082588772874261e-02,-4.166804286149827438e-03,-5.636463841430188956e-03,9.966674073515857657e-01,-5.004202892627095389e-01,1.818716197270120183e-01,-1.312156119031418211e-01,8.269970366022476593e-01,-3.298317077539525966e-01,-6.084698071407246972e-02,-3.199850185446409534e-01,1.963736274593739783e-01,-9.356336695457677377e-02,4.517710089168082144e-01,-1.323213939389700500e-01,-5.426160620601612472e-02,-5.337290198145799858e-02,-7.375569092270799446e-15,-7.541762936615536772e-14,3.718568126548344455e-01,3.000000000000009326e-01,5.657976527341432571e-16,4.426658225165939764e-01,1.791660980214591692e-17,1.554156274228895441e-15,4.057817673194322395e-17,4.237952756265316312e-01,-2.999999999999997113e-01,-7.563824678665203819e-16,4.636333636019888127e-01,-1.682051752070613265e-17,1.515780291830820236e-15,-6.533180355326093923e-17
-6.562534441924150475e-02,-1.529198343728199738e-02,7.488617227092664308e-01,-8.127082588772874261e-02,-4.166804286149827438e-03,-5.636463841430188956e-03,9.966674073515857657e-01,-5.004202892627095389e-01,1.818716197270120183e-01,-1.312156119031418211e-01,8.269970366022476593e-01,-3.298317077539525966e-01,-6.084698071407246972e-02,-3.199850185446409534e-01,1.963736274593739783e-01,-9.356336695457677377e-02,4.517710089168082144e-01,-1.323213939389700500e-01,-5.426160620601612472e-02,-5.337290198145799858e-02,-7.375569092270799446e-15,-7.541762936615536772e-14,3.718568126548344455e-01,3.000000000000009326e-01,5.657976527341432571e-16,4.426658225165939764e-01,1.791660980214591692e-17,1.554156274228895441e-15,4.057817673194322395e-17,4.237952756265316312e-01,-2.999999999999997113e-01,-7.563824678665203819e-16,4.636333636019888127e-01,-1.682051752070613265e-17,1.515780291830820236e-15,-6.533180355326093923e-17
-6.562534441924150475e-02,-1.529198343728199738e-02,7.488617227092664308e-01,-8.127082588772874261e-02,-4.166804286149827438e-03,-5.636463841430188956e-03,9.966674073515857657e-01,-5.004202892627095389e-01,1.818716197270120183e-01,-1.312156119031418211e-01,8.269970366022476593e-01,-3.298317077539525966e-01,-6.084698071407246972e-02,-3.199850185446409534e-01,1.963736274593739783e-01,-9.356336695457677377e-02,4.517710089168082144e-01,-1.323213939389700500e-01,-5.426160620601612472e-02,-5.337290198145799858e-02,-7.375569092270799446e-15,-7.541762936615536772e-14,3.718568126548344455e-01,3.000000000000009326e-01,5.657976527341432571e-16,4.426658225165939764e-01,1.791660980214591692e-17,1.554156274228895441e-15,4.057817673194322395e-17,4.237952756265316312e-01,-2.999999999999997113e-01,-7.563824678665203819e-16,4.636333636019888127e-01,-1.682051752070613265e-17,1.515780291830820236e-15,-6.533180355326093923e-17
-6.562534441924150475e-02,-1.529198343728199738e-02,7.488617227092664308e-01,-8.127082588772874261e-02,-4.166804286149827438e-03,-5.636463841430188956e-03,9.966674073515857657e-01,-5.004202892627095389e-01,1.818716197270120183e-01,-1.312156119031418211e-01,8.269970366022476593e-01,-3.298317077539525966e-01,-6.084698071407246972e-02,-3.199850185446409534e-01,1.963736274593739783e-01,-9.356336695457677377e-02,4.517710089168082144e-01,-1.323213939389700500e-01,-5.426160620601612472e-02,-5.337290198145799858e-02,-7.375569092270799446e-15,-7.541762936615536772e-14,3.718568126548344455e-01,3.000000000000009326e-01,5.657976527341432571e-16,4.426658225165939764e-01,1.791660980214591692e-17,1.554156274228895441e-15,4.057817673194322395e-17,4.237952756265316312e-01,-2.999999999999997113e-01,-7.563824678665203819e-16,4.636333636019888127e-01,-1.682051752070613265e-17,1.515780291830820236e-15,-6.533180355326093923e-17
-6.562534441924150475e-02,-1.529198343728199738e-02,7.488617227092664308e-01,-8.127082588772874261e-02,-4.166804286149827438e-03,-5.636463841430188956e-03,9.966674073515857657e-01,-5.004202892627095389e-01,1.818716197270120183e-01,-1.312156119031418211e-01,8.269970366022476593e-01,-3.298317077539525966e-01,-6.084698071407246972e-02,-3.199850185446409534e-01,1.963736274593739783e-01,-9.356336695457677377e-02,4.517710089168082144e-01,-1.323213939389700500e-01,-5.426160620601612472e-02,-5.337290198145799858e-02,-7.375569092270799446e-15,-7.541762936615536772e-14,3.718568126548344455e-01,3.000000000000009326e-01,5.657976527341432571e-16,4.426658225165939764e-01,1.791660980214591692e-17,1.554156274228895441e-15,4.057817673194322395e-17,4.237952756265316312e-01,-2.999999999999997113e-01,-7.563824678665203819e-16,4.636333636019888127e-01,-1.682051752070613265e-17,1.515780291830820236e-15,-6.533180355326093923e-17
-6.562534441924150475e-02,-1.529198343728199738e-02,7.488617227092664308e-01,-8.127082588772874261e-02,-4.166804286149827438e-03,-5.636463841430188956e-03,9.966674073515857657e-01,-5.004202892627095389e-01,1.818716197270120183e-01,-1.312156119031418211e-01,8.269970366022476593e-01,-3.298317077539525966e-01,-6.084698071407246972e-02,-3.199850185446409534e-01,1.963736274593739783e-01,-9.356336695457677377e-02,4.517710089168082144e-01,-1.323213939389700500e-01,-5.426160620601612472e-02,-5.337290198145799858e-02,-7.375569092270799446e-15,-7.541762936615536772e-14,3.718568126548344455e-01,3.000000000000009326e-01,5.657976527341432571e-16,4.426658225165939764e-01,1.791660980214591692e-17,1.554156274228895441e-15,4.057817673194322395e-17,4.237952756265316312e-01,-2.999999999999997113e-01,-7.563824678665203819e-16,4.636333636019888127e-01,-1.682051752070613265e-17,1.515780291830820236e-15,-6.533180355326093923e-17
-6.562534441924150475e-02,-1.529198343728199738e-02,7.488617227092664308e-01,-8.127082588772874261e-02,-4.166804286149827438e-03,-5.636463841430188956e-03,9.966674073515857657e-01,-5.004202892627095389e-01,1.818716197270120183e-01,-1.312156119031418211e-01,8.269970366022476593e-01,-3.298317077539525966e-01,-6.084698071407246972e-02,-3.199850185446409534e-01,1.963736274593739783e-01,-9.356336695457677377e-02,4.517710089168082144e-01,-1.323213939389700500e-01,-5.426160620601612472e-02,-5.337290198145799858e-02,-7.375569092270799446e-15,-7.541762936615536772e-14,3.718568126548344455e-01,3.000000000000009326e-01,5.657976527341432571e-16,4.426658225165939764e-01,1.791660980214591692e-17,1.554156274228895441e-15,4.057817673194322395e-17,4.237952756265316312e-01,-2.999999999999997113e-01,-7.563824678665203819e-16,4.636333636019888127e-01,-1.682051752070613265e-17,1.515780291830820236e-15,-6.533180355326093923e-17
-6.562534441924150475e-02,-1.529198343728199738e-02,7.488617227092664308e-01,-8.127082588772874261e-02,-4.166804286149827438e-03,-5.636463841430188956e-03,9.966674073515857657e-01,-5.004202892627095389e-01,1.818716197270120183e-01,-1.312156119031418211e-01,8.269970366022476593e-01,-3.298317077539525966e-01,-6.084698071407246972e-02,-3.199850185446409534e-01,1.963736274593739783e-01,-9.356336695457677377e-02,4.517710089168082144e-01,-1.323213939389700500e-01,-5.426160620601612472e-02,-5.337290198145799858e-02,-7.375569092270799446e-15,-7.541762936615536772e-14,3.718568126548344455e-01,3.000000000000009326e-01,5.657976527341432571e-16,4.426658225165939764e-01,1.791660980214591692e-17,1.554156274228895441e-15,4.057817673194322395e-17,4.237952756265316312e-01,-2.999999999999997113e-01,-7.563824678665203819e-16,4.636333636019888127e-01,-1.682051752070613265e-17,1.515780291830820236e-15,-6.533180355326093923e-17
-6.562534441924150475e-02,-1.529198343728199738e-02,7.488617227092664308e-01,-8.127082588772874261e-02,-4.166804286149827438e-03,-5.636463841430188956e-03,9.966674073515857657e-01,-5.004202892627095389e-01,1.818716197270120183e-01,-1.312156119031418211e-01,8.269970366022476593e-01,-3.298317077539525966e-01,-6.084698071407246972e-02,-3.199850185446409534e-01,1.963736274593739783e-01,-9.356336695457677377e-02,4.517710089168082144e-01,-1.323213939389700500e-01,-5.426160620601612472e-02,-5.337290198145799858e-02,-7.375569092270799446e-15,-7.541762936615536772e-14,3.718568126548344455e-01,3.000000000000009326e-01,5.657976527341432571e-16,4.426658225165939764e-01,1.791660980214591692e-17,1.554156274228895441e-15,4.057817673194322395e-17,4.237952756265316312e-01,-2.999999999999997113e-01,-7.563824678665203819e-16,4.636333636019888127e-01,-1.682051752070613265e-17,1.515780291830820236e-15,-6.533180355326093923e-17
-6.562534441924150475e-02,-1.529198343728199738e-02,7.488617227092664308e-01,-8.127082588772874261e-02,-4.166804286149827438e-03,-5.636463841430188956e-03,9.966674073515857657e-01,-5.004202892627095389e-01,1.818716197270120183e-01,-1.312156119031418211e-01,8.269970366022476593e-01,-3.298317077539525966e-01,-6.084698071407246972e-02,-3.199850185446409534e-01,1.963736274593739783e-01,-9.356336695457677377e-02,4.517710089168082144e-01,-1.323213939389700500e-01,-5.426160620601612472e-02,-5.337290198145799858e-02,-7.375569092270799446e-15,-7.541762936615536772e-14,3.718568126548344455e-01,3.000000000000009326e-01,5.657976527341432571e-16,4.426658225165939764e-01,1.791660980214591692e-17,1.554156274228895441e-15,4.057817673194322395e-17,4.237952756265316312e-01,-2.999999999999997113e-01,-7.563824678665203819e-16,4.636333636019888127e-01,-1.682051752070613265e-17,1.515780291830820236e-15,-6.533180355326093923e-17
-6.562534441924150475e-02,-1.529198343728199738e-02,7.488617227092664308e-01,-8.127082588772874261e-02,-4.166804286149827438e-03,-5.636463841430188956e-03,9.966674073515857657e-01,-5.004202892627095389e-01,1.818716197270120183e-01,-1.312156119031418211e-01,8.269970366022476593e-01,-3.298317077539525966e-01,-6.084698071407246972e-02,-3.199850185446409534e-01,1.963736274593739783e-01,-9.356336695457677377e-02,4.517710089168082144e-01,-1.323213939389700500e-01,-5.426160620601612472e-02,-5.337290198145799858e-02,-7.375569092270799446e-15,-7.541762936615536772e-14,3.718568126548344455e-01,3.000000000000009326e-01,5.657976527341432571e-16,4.426658225165939764e-01,1.791660980214591692e-17,1.554156274228895441e-15,4.057817673194322395e-17,4.237952756265316312e-01,-2.999999999999997113e-01,-7.563824678665203819e-16,4.636333636019888127e-01,-1.682051752070613265e-17,1.515780291830820236e-15,-6.533180355326093923e-17
-6.562534441924150475e-02,-1.529198343728199738e-02,7.488617227092664308e-01,-8.127082588772874261e-02,-4.166804286149827438e-03,-5.636463841430188956e-03,9.966674073515857657e-01,-5.004202892627095389e-01,1.818716197270120183e-01,-1.312156119031418211e-01,8.269970366022476593e-01,-3.298317077539525966e-01,-6.084698071407246972e-02,-3.199850185446409534e-01,1.963736274593739783e-01,-9.356336695457677377e-02,4.517710089168082144e-01,-1.323213939389700500e-01,-5.426160620601612472e-02,-5.337290198145799858e-02,-7.375569092270799446e-15,-7.541762936615536772e-14,3.718568126548344455e-01,3.000000000000009326e-01,5.657976527341432571e-16,4.426658225165939764e-01,1.791660980214591692e-17,1.554156274228895441e-15,4.057817673194322395e-17,4.237952756265316312e-01,-2.999999999999997113e-01,-7.563824678665203819e-16,4.636333636019888127e-01,-1.682051752070613265e-17,1.515780291830820236e-15,-6.533180355326093923e-17
-6.562534441924150475e-02,-1.529198343728199738e-02,7.488617227092664308e-01,-8.127082588772874261e-02,-4.166804286149827438e-03,-5.636463841430188956e-03,9.966674073515857657e-01,-5.004202892627095389e-01,1.818716197270120183e-01,-1.312156119031418211e-01,8.269970366022476593e-01,-3.298317077539525966e-01,-6.084698071407246972e-02,-3.199850185446409534e-01,1.963736274593739783e-01,-9.356336695457677377e-02,4.517710089168082144e-01,-1.323213939389700500e-01,-5.426160620601612472e-02,-5.337290198145799858e-02,-7.375569092270799446e-15,-7.541762936615536772e-14,3.718568126548344455e-01,3.000000000000009326e-01,5.657976527341432571e-16,4.426658225165939764e-01,1.791660980214591692e-17,1.554156274228895441e-15,4.057817673194322395e-17,4.237952756265316312e-01,-2.999999999999997113e-01,-7.563824678665203819e-16,4.636333636019888127e-01,-1.682051752070613265e-17,1.515780291830820236e-15,-6.533180355326093923e-17
-6.562534441924150475e-02,-1.529198343728199738e-02,7.488617227092664308e-01,-8.127082588772874261e-02,-4.166804286149827438e-03,-5.636463841430188956e-03,9.966674073515857657e-01,-5.004202892627095389e-01,1.818716197270120183e-01,-1.312156119031418211e-01,8.269970366022476593e-01,-3.298317077539525966e-01,-6.084698071407246972e-02,-3.199850185446409534e-01,1.963736274593739783e-01,-9.356336695457677377e-02,4.517710089168082144e-01,-1.323213939389700500e-01,-5.426160620601612472e-02,-5.337290198145799858e-02,-7.375569092270799446e-15,-7.541762936615536772e-14,3.718568126548344455e-01,3.000000000000009326e-01,5.657976527341432571e-16,4.426658225165939764e-01,1.791660980214591692e-17,1.554156274228895441e-15,4.057817673194322395e-17,4.237952756265316312e-01,-2.999999999999997113e-01,-7.563824678665203819e-16,4.636333636019888127e-01,-1.682051752070613265e-17,1.515780291830820236e-15,-6.533180355326093923e-17
-6.562534441924150475e-02,-1.529198343728199738e-02,7.488617227092664308e-01,-8.127082588772874261e-02,-4.166804286149827438e-03,-5.636463841430188956e-03,9.966674073515857657e-01,-5.004202892627095389e-01,1.818716197270120183e-01,-1.312156119031418211e-01,8.269970366022476593e-01,-3.298317077539525966e-01,-6.084698071407246972e-02,-3.199850185446409534e-01,1.963736274593739783e-01,-9.356336695457677377e-02,4.517710089168082144e-01,-1.323213939389700500e-01,-5.426160620601612472e-02,-5.337290198145799858e-02,-7.375569092270799446e-15,-7.541762936615536772e-14,3.718568126548344455e-01,3.000000000000009326e-01,5.657976527341432571e-16,4.426658225165939764e-01,1.791660980214591692e-17,1.554156274228895441e-15,4.057817673194322395e-17,4.237952756265316312e-01,-2.999999999999997113e-01,-7.563824678665203819e-16,4.636333636019888127e-01,-1.682051752070613265e-17,1.515780291830820236e-15,-6.533180355326093923e-17
-6.562534441924150475e-02,-1.529198343728199738e-02,7.488617227092664308e-01,-8.127082588772874261e-02,-4.166804286149827438e-03,-5.636463841430188956e-03,9.966674073515857657e-01,-5.004202892627095389e-01,1.818716197270120183e-01,-1.312156119031418211e-01,8.269970366022476593e-01,-3.298317077539525966e-01,-6.084698071407246972e-02,-3.199850185446409534e-01,1.963736274593739783e-01,-9.356336695457677377e-02,4.517710089168082144e-01,-1.323213939389700500e-01,-5.426160620601612472e-02,-5.337290198145799858e-02,-7.375569092270799446e-15,-7.541762936615536772e-14,3.718568126548344455e-01,3.000000000000009326e-01,5.657976527341432571e-16,4.426658225165939764e-01,1.791660980214591692e-17,1.554156274228895441e-15,4.057817673194322395e-17,4.237952756265316312e-01,-2.999999999999997113e-01,-7.563824678665203819e-16,4.636333636019888127e-01,-1.682051752070613265e-17,1.515780291830820236e-15,-6.533180355326093923e-17
-6.562534441924146311e-02,-1.529198343728199044e-02,7.488617227092664308e-01,-8.127082588772874261e-02,-4.166804286149819632e-03,-5.636463841430243600e-03,9.966674073515857657e-01,-5.004202892627096499e-01,1.818716197270120738e-01,-1.312156119031417378e-01,8.269970366022479924e-01,-3.298317077539528741e-01,-6.084698071407246972e-02,-3.199850185446411754e-01,1.963736274593740061e-01,-9.356336695457671826e-02,4.517710089168087695e-01,-1.323213939389703830e-01,-5.426160620601611778e-02,-5.337290198145797082e-02,-7.375569092270961951e-15,-7.541762936615704642e-14,3.718568126548344455e-01,3.000000000000009326e-01,5.657976527341556817e-16,4.426658225165938654e-01,1.791660980214631443e-17,1.554156274228929954e-15,4.057817673194411142e-17,4.237952756265316312e-01,-2.999999999999997113e-01,-7.563824678665372438e-16,4.636333636019887017e-01,-1.682051752070650551e-17,1.515780291830853960e-15,-6.533180355326239370e-17
-6.470468019109933133e-02,-1.514917607303830141e-02,7.480075231792996382e-01,-8.124823476729466087e-02,-3.991798919835000230e-03,-6.876062503963773116e-03,9.966621843197542852e-01,-5.023358636791659393e-01,1.831287886373053342e-01,-1.295504010997752808e-01,8.345275015544904029e-01,-3.356517182927480913e-01,-6.081118482609285114e-02,-3.253345801119252312e-01,1.969570210685079037e-01,-9.233910066151973517e-02,4.643923517407920754e-01,-1.397842673109802591e-01,-5.416481410074477920e-02,-5.273652186775097672e-02,-1.103690256175240112e-14,-1.131871621374493585e-13,3.716361426852189398e-01,3.000000000000014322e-01,8.453566951628210860e-16,4.407541149900451871e-01,2.688905419793191934e-17,2.332711066205963812e-15,6.055836246321052598e-17,4.238080026805272627e-01,-2.999999999999995448e-01,-1.136337576612381484e-15,4.613155015966650119e-01,-2.524394692941133215e-17,2.274882293861775457e-15,-9.815512991506655428e-17
-6.378401597220215158e-02,-1.500636871288543901e-02,7.471533235843041965e-01,-8.122551626553722870e-02,-3.816787280686371586e-03,-8.115650548260664593e-03,9.966553987504556122e-01,-5.042514383035893166e-01,1.843859577482567791e-01,-1.278851900994269486e-01,8.420579669853497373e-01,-3.414717291144436229e-01,-6.077538896894504189e-02,-3.306841421102175715e-01,1.975404148193387888e-01,-9.111483418173417503e-02,4.770136952609891345e-01,-1.472471409556980471e-01,-5.406802201773011629e-02,-5.210014178595575446e-02,-1.469823602795305456e-14,-1.509566949112530124e-13,3.714154726751495716e-01,3.000000000000018763e-01,1.124915737127315015e-15,4.388424074835070576e-01,3.586149859384798521e-17,3.111265858225870090e-15,8.053854815062705941e-17,4.238207297046618360e-01,-2.999999999999993783e-01,-1.516292685495507932e-15,4.589976396435879180e-01,-3.366737633896189472e-17,3.033984295961564709e-15,-1.309784562863952982e-16
-6.300117980739815271e-02,-1.492454924010195617e-02,7.453296486454807912e-01,-8.115999155367975559e-02,-3.423879092610860285e-03,-1.176800534438753043e-02,9.966257305895630525e-01,-5.092674818205567000e-01,1.886346296248525845e-01,-1.232832845903341218e-01,8.567238686005455017e-01,-3.515093450274729969e-01,-6.119924755403632899e-02,-3.424593713441425047e-01,2.002362914820882411e-01,-8.710673356970936865e-02,5.000145089932809261e-01,-1.587756679505051560e-01,-5.430304262057271403e-02,-5.193951688535822231e-02,-1.831065807658790637e-14,-1.887636679709517852e-13,3.705916980751468581e-01,3.000000000000023204e-01,1.397554703340026366e-15,4.372290264854620245e-01,4.483588800876696568e-17,3.890459810886230548e-15,9.986499991160666548e-17,4.233882745078688670e-01,-2.999999999999992117e-01,-1.898294461770308310e-15,4.574586937829431266e-01,-4.210341437078157035e-17,3.794113009170776126e-15,-1.639437795476877831e-16
-6.221834365499567809e-02,-1.484272977438781498e-02,7.435059735938643888e-01,-8.109337123937110370e-02,-3.030924653901826294e-03,-1.542020158583008553e-02,9.965826087283624624e-01,-5.142835256438113012e-01,1.928833019184640341e-01,-1.186813787210598131e-01,8.713897709660797242e-01,-3.615469614050708103e-01,-6.162310620348972201e-02,-3.542346011865907252e-01,2.029321684814042737e-01,-8.309863260099373261e-02,5.230153236133507910e-01,-1.703041952398578196e-01,-5.453806326237208707e-02,-5.177889204424409447e-02,-2.192308010369626185e-14,-2.265706410304512097e-13,3.697679233609739713e-01,3.000000000000027645e-01,1.670193667157592123e-15,4.356156455568967467e-01,5.381027742241726059e-17,4.669653763590705291e-15,1.191914514505278309e-16,4.229558191950713586e-01,-2.999999999999991007e-01,-2.280296239677327770e-15,4.559197480339824415e-01,-5.053945240385128853e-17,4.554241722428350633e-15,-1.969091029561780397e-16
-6.152795120841036275e-02,-1.481360678557951983e-02,7.408415139714584763e-01,-8.099679265539494466e-02,-2.407957679806523206e-03,-2.134192369057487729e-02,9.964829369399844650e-01,-5.215827046783482190e-01,2.002405038635883261e-01,-1.113945980900356431e-01,8.916488667098383392e-01,-3.750475767413937733e-01,-6.252673465871291802e-02,-3.705459020458400921e-01,2.081368895440070532e-01,-7.643167672641860977e-02,5.526338390784615306e-01,-1.840283321568436936e-01,-5.506347656004700886e-02,-5.206167004117343705e-02,-2.537503874288567378e-14,-2.643761281608474216e-13,3.680930977197920395e-01,3.000000000000031530e-01,1.924978670892932382e-15,4.345201823664247009e-01,6.277520978134421825e-17,5.449176554483672154e-15,1.368626287313002636e-16,4.216586399432377119e-01,-2.999999999999989897e-01,-2.674464949076985776e-15,4.552133206985820579e-01,-5.898480855225650404e-17,5.314730949935647990e-15,-2.309716721555282355e-16
-6.083755876860022505e-02,-1.478448380359004277e-02,7.381770541718408740e-01,-8.089734076791867123e-02,-1.784905247044151671e-03,-2.726288911776995547e-02,9.963479157638112094e-01,-5.288818840885231021e-01,2.075977064131664940e-01,-1.041078170140845166e-01,9.119079634956026581e-01,-3.885481927407997138e-01,-6.343036321132566879e-02,-3.868572036539055237e-01,2.133416111439203899e-01,-6.976472042572064158e-02,5.822523556358359942e-01,-1.977524694194520150e-01,-5.558888989713683254e-02,-5.234444806494957525e-02,-2.882699730590643168e-14,-3.021816152927409799e-13,3.664182719376953279e-01,3.000000000000035416e-01,2.179763666099454647e-15,4.334247191822765410e-01,7.174014213279167751e-17,6.228699345298229399e-15,1.545338052488833217e-16,4.203614605272043003e-01,-2.999999999999989342e-01,-3.068633663293239143e-15,4.545068934574503228e-01,-6.743016470649180223e-17,6.075220177742811887e-15,-2.650342417460361957e-16
-6.018083552004521719e-02,-1.478924683447907680e-02,7.346319426490327542e-01,-8.073551829950338654e-02,-9.707749237935457687e-04,-3.521442663472819368e-02,9.961128338886842126e-01,-5.380477910639502870e-01,2.179587337675939485e-01,-9.460997781962013353e-02,9.373452918967966063e-01,-4.053439901542581492e-01,-6.481796776714418562e-02,-4.068897355815189743e-01,2.212164897004718633e-01,-6.098015271148590766e-02,6.172988606390967803e-01,-2.131941722800879402e-01,-5.631017506002674450e-02,-5.276064085296906792e-02,-3.190043682893847752e-14,-3.399945433660907011e-13,3.640431722709085993e-01,3.000000000000038192e-01,2.392164823311800708e-15,4.323606823770196339e-01,8.066790529050405067e-17,7.007832484313814537e-15,1.684123232325787218e-16,4.182482929532775895e-01,-2.999999999999988787e-01,-3.486738377688812901e-15,4.542689331407101516e-01,-7.590449339157501071e-17,6.837199590771717403e-15,-3.010406643607851066e-16
-5.952411227159563195e-02,-1.479400987535506480e-02,7.310868309254956454e-01,-8.056853108324854573e-02,-1.565824520273231238e-04,-4.316371190158335702e-02,9.958140294532411563e-01,-5.472136983174026303e-01,2.283197619300495751e-01,-8.511213821336578722e-02,9.627826212778968218e-01,-4.221397882324152695e-01,-6.620557247242518650e-02,-4.269222680998265296e-01,2.290913690439716766e-01,-5.219558460924361709e-02,6.523453663577102324e-01,-2.286358752522059945e-01,-5.703146025975432132e-02,-5.317683376440106996e-02,-3.497387664513890268e-14,-3.778074713423176346e-13,3.616680723004365161e-01,3.000000000000040967e-01,2.604565999507852527e-15,4.312966455908316399e-01,8.959566841731807337e-17,7.786965619827120736e-15,1.822908425543420848e-16,4.161351250930151457e-01,-2.999999999999988787e-01,-3.904843071196314665e-15,4.540309729250699422e-01,-8.437882205404508994e-17,7.599179002497978484e-15,-3.370470853105179439e-16
-5.886778197136774415e-02,-1.483599543912448790e-02,7.267935787982651163e-01,-8.039784210516934260e-02,8.323126491001607563e-04,-5.282128010653205918e-02,9.953619475388808535e-01,-5.574158372725577237e-01,2.416924033170448349e-01,-7.407951044545184327e-02,9.918721733702887677e-01,-4.414129941851370198e-01,-6.815024087352132554e-02,-4.491563851057071566e-01,2.398992945109842678e-01,-4.196486806157150029e-02,6.900580729985069661e-01,-2.444930847930003592e-01,-5.789004364539311609e-02,-5.405299921230324878e-02,-3.913998847110883697e-14,-4.152584116153188057e-13,3.581611025958115202e-01,3.000000000000045963e-01,2.887721612120779200e-15,4.303036808769033494e-01,9.840826985305495613e-17,8.553045361144998138e-15,2.011564939118860059e-16,4.129547514743983072e-01,-2.999999999999986011e-01,-4.245095535257925478e-15,4.541698238690990985e-01,-9.276886896962535531e-17,8.356303309431125499e-15,-3.668478013891219677e-16
-5.821145165063224686e-02,-1.487798100986638915e-02,7.225003264278918591e-01,-8.021955713156933565e-02,1.821129150511889084e-03,-6.247385820311731480e-02,9.948158237500290824e-01,-5.676179763783104626e-01,2.550650456046252290e-01,-6.304688237665771744e-02,1.020961726455401841e+00,-4.606862008566853239e-01,-7.009490946308097326e-02,-4.713905026131811060e-01,2.507072209090457360e-01,-3.173415129684727110e-02,7.277707802896421496e-01,-2.603502944196792179e-01,-5.874862703753675613e-02,-5.492916474122699205e-02,-4.330610019558571319e-14,-4.527093518542453256e-13,3.546541325466486816e-01,3.000000000000050959e-01,3.170877216455306447e-15,4.293107160643173659e-01,1.072208712991222313e-16,9.319125103688006502e-15,2.200221447443679296e-16,4.097743775099076946e-01,-2.999999999999983236e-01,-4.585348000064927016e-15,4.543086748682348408e-01,-1.011589158736320328e-16,9.113427615546698648e-15,-3.966485172974591412e-16
-5.749397395362160212e-02,-1.494075636156695468e-02,7.174820971899487088e-01,-8.002248329094727164e-02,2.920734403316794375e-03,-7.345782730736087618e-02,9.940783767318235320e-01,-5.782691511112019178e-01,2.711229546070232366e-01,-5.111712252419775560e-02,1.053011267337528034e+00,-4.821027264516316579e-01,-7.260151800447259274e-02,-4.951202165368373542e-01,2.642912474921266797e-01,-2.085625216683937438e-02,7.674225958938643011e-01,-2.764635851106670428e-01,-5.962660584359957133e-02,-5.604691154209734405e-02,-4.716959095335391668e-14,-4.900586919417758979e-13,3.501198569072790368e-01,3.000000000000055400e-01,3.429349188088030872e-15,4.280235843703901200e-01,1.160642747637474258e-16,1.008885781014275386e-14,2.373222229129383354e-16,4.055627145988665028e-01,-2.999999999999980460e-01,-4.927822991147669482e-15,4.546118365765096647e-01,-1.095144538574930618e-16,9.868114170874468256e-15,-4.259415500088356287e-16
-5.677649623176288934e-02,-1.500353172212595676e-02,7.124638677495692685e-01,-7.981561156908488497e-02,4.019982071693420367e-03,-8.443280263471016067e-02,9.932192153463627049e-01,-5.889203256910778839e-01,2.871808645266511473e-01,-3.918736259631361296e-02,1.085060808725766934e+00,-5.035192525045775191e-01,-7.510812678039840984e-02,-5.188499305592868538e-01,2.778752750760072887e-01,-9.978353092092577190e-03,8.070744114255521406e-01,-2.925768755364848150e-01,-6.050458462647563540e-02,-5.716465847550936119e-02,-5.103308163140345322e-14,-5.274080320025598193e-13,3.455855806907267569e-01,3.000000000000059286e-01,3.687821157517219480e-15,4.267364525327007607e-01,1.249076782307176079e-16,1.085859051681044160e-14,2.546223010298091640e-16,4.013510511173101758e-01,-2.999999999999978240e-01,-5.270297990587149995e-15,4.549149982960448146e-01,-1.178699918386795688e-16,1.062280072550214748e-14,-4.552345834755402699e-16
-5.599727745684626723e-02,-1.508831801197786475e-02,7.069426363297386384e-01,-7.965186425231503276e-02,5.189424860112785455e-03,-9.627509011297381847e-02,9.921490600784192981e-01,-5.991912960644656394e-01,3.055178546224633362e-01,-2.707019296411945775e-02,1.118367909484514477e+00,-5.260737895885254645e-01,-7.819749267730781439e-02,-5.428251204537204444e-01,2.939460321770261397e-01,7.622363696035173997e-04,8.465459980777543247e-01,-3.080312865703718206e-01,-6.132495029810227510e-02,-5.861173730624566480e-02,-5.469849194219483817e-14,-5.646909139192873515e-13,3.396171541719231746e-01,3.000000000000063727e-01,3.940817907465957487e-15,4.250921088277775928e-01,1.337569083209582679e-16,1.162885232500890860e-14,2.717939190909713304e-16,3.957218042934401714e-01,-2.999999999999976574e-01,-5.633537331011907498e-15,4.552461391316892647e-01,-1.262188842834772321e-16,1.137574773646551968e-14,-4.864044129145976517e-16
-5.521805862407544452e-02,-1.517310430711372136e-02,7.014214047221192239e-01,-7.947674431237755632e-02,6.358126700268342847e-03,-1.081036316793042157e-01,9.909372463259787933e-01,-6.094622660088371280e-01,3.238548454507924612e-01,-1.495302350294068494e-02,1.151675010479044525e+00,-5.486283270240009946e-01,-8.128685882256433959e-02,-5.668003101865407567e-01,3.100167901337394505e-01,1.150282542995639638e-02,8.860175844520699062e-01,-3.234856973491390120e-01,-6.214531590110315001e-02,-6.005881620756889361e-02,-5.836390224194117332e-14,-6.019737958129878192e-13,3.336487270099837699e-01,3.000000000000067613e-01,4.193814657045350028e-15,4.234477649224179796e-01,1.426061384162152944e-16,1.239911413360850033e-14,2.889655371624776819e-16,3.900925567785014647e-01,-2.999999999999974909e-01,-5.996776670578612316e-15,4.555772800014698531e-01,-1.345677767260386966e-16,1.212869474731858389e-14,-5.175742422187066692e-16
-5.431562312483806387e-02,-1.526914424131985484e-02,6.955002244094363739e-01,-7.933969227693123127e-02,7.514770643237082132e-03,-1.203188731407306977e-01,9.895312578275263782e-01,-6.188195261209624709e-01,3.437519355561360346e-01,-3.200079031905850996e-03,1.185484276612007282e+00,-5.719315406672447200e-01,-8.490514953818481536e-02,-5.904312990694398078e-01,3.279099883300369833e-01,2.138864204536109620e-02,9.248973338205763728e-01,-3.383967592968421534e-01,-6.281952376334455634e-02,-6.165622966063544902e-02,-6.200578904112938997e-14,-6.392076350366441289e-13,3.263105625406921284e-01,3.000000000000071498e-01,4.446024781967047091e-15,4.213765356278415530e-01,1.514660522976013854e-16,1.317023024723371111e-14,3.061591859917928369e-16,3.829914855805323093e-01,-2.999999999999972689e-01,-6.358188547459307346e-15,4.559811233673298214e-01,-1.429119065288438321e-16,1.288140682240864812e-14,-5.484566612926479421e-16
-5.341318756967974174e-02,-1.536518418838872177e-02,6.895790440218674267e-01,-7.919053739040195217e-02,8.670268207323550760e-03,-1.325157604166521952e-01,9.879743207585048870e-01,-6.281767854870412560e-01,3.636490260573287947e-01,8.552864909632003701e-03,1.219293542257495311e+00,-5.952347542152904847e-01,-8.852344050684717025e-02,-6.140622872847814051e-01,3.458031870670972840e-01,3.127445785792454941e-02,9.637770820905107172e-01,-3.533078206941887012e-01,-6.349373154410856146e-02,-6.325364335192036613e-02,-6.564767579501225199e-14,-6.764414742275301721e-13,3.189723970451167623e-01,3.000000000000075384e-01,4.698234904275393125e-15,4.193053061680378502e-01,1.603259661800059945e-16,1.394134636100615490e-14,3.233528346333398679e-16,3.758904133628455657e-01,-2.999999999999971023e-01,-6.719600427549079862e-15,4.563849667580557323e-01,-1.512560363251755011e-16,1.363411889683865980e-14,-5.793390806431392951e-16
-5.240654018062348984e-02,-1.548519456862775326e-02,6.835183090172954889e-01,-7.915022209753555527e-02,9.760791595379977523e-03,-1.445464031877634059e-01,9.862790206705317475e-01,-6.361437449101426944e-01,3.842838040849373971e-01,1.931906120592315201e-02,1.252194370798092926e+00,-6.183605608613954585e-01,-9.261328940486275585e-02,-6.364492442961656726e-01,3.647041277444884599e-01,3.966413349223581186e-02,1.000609578844859238e+00,-3.671932614936012640e-01,-6.401610154731558755e-02,-6.529499049061864013e-02,-6.920513345081224891e-14,-7.136142440585726510e-13,3.097216935265347804e-01,3.000000000000079270e-01,4.945574899255187037e-15,4.169261663028095977e-01,1.691877781660427070e-16,1.471273684791122165e-14,3.401965667895176152e-16,3.668890396519214336e-01,-2.999999999999969358e-01,-7.086992605860888575e-15,4.568351493076721059e-01,-1.595881024602474918e-16,1.438560092357304364e-14,-6.107368665498032466e-16
-5.139989269387437026e-02,-1.560520496354068053e-02,6.774575740291844950e-01,-7.909812922366878107e-02,1.084986247324213823e-02,-1.565555368472755227e-01,9.844369610696710460e-01,-6.441107033173854024e-01,4.049185819032360412e-01,3.008525665963404649e-02,1.285095198351989154e+00,-6.414863671541402024e-01,-9.670313849234989101e-02,-6.588362002264450679e-01,3.836050683664300465e-01,4.805380795948062389e-02,1.037442074177476803e+00,-3.810787018488044908e-01,-6.453847146497759812e-02,-6.733633774872943567e-02,-7.276259116151719201e-14,-7.507870138780095597e-13,3.004709888835550013e-01,3.000000000000083156e-01,5.192914897671226709e-15,4.145470263773581299e-01,1.780495901562840235e-16,1.548412733504683931e-14,3.570402992010163082e-16,3.578876647025733826e-01,-2.999999999999967693e-01,-7.454384779329706643e-15,4.572853320130350618e-01,-1.679201685960890656e-16,1.513708295060803712e-14,-6.421346520449881795e-16
-5.023141748883928892e-02,-1.574952258836141358e-02,6.714241064020443073e-01,-7.915572968182155167e-02,1.178507771773628331e-02,-1.678427424728655415e-01,9.825600725660048607e-01,-6.503948970570307964e-01,4.252066388753105719e-01,3.945572233458698869e-02,1.316361559815525828e+00,-6.640268340027397631e-01,-1.011068462252592004e-01,-6.794323114704448052e-01,4.024141569624458126e-01,5.451024297891503972e-02,1.071919479427680955e+00,-3.942283118531540453e-01,-6.491913653961872699e-02,-6.957549122117971663e-02,-7.641099860367522369e-14,-7.879405590744397974e-13,2.893577251894166591e-01,3.000000000000087597e-01,5.445947018553671470e-15,4.120681269323640539e-01,1.869183670111706662e-16,1.625589972681918956e-14,3.743069694576173193e-16,3.468348471255719434e-01,-2.999999999999966027e-01,-7.813754564871491776e-15,4.579935081409124975e-01,-1.762535095270305937e-16,1.588906294051964845e-14,-6.728508248309808586e-16
-4.906294219605172868e-02,-1.589384024539046078e-02,6.653906389773274199e-01,-7.920289740118796606e-02,1.271873953024625116e-02,-1.791078252767439039e-01,9.805536811580761736e-01,-6.566790896368820407e-01,4.454946948616985147e-01,4.882618672458084036e-02,1.347627919427501597e+00,-6.865672998989508224e-01,-1.055105540479309850e-01,-7.000284210370805171e-01,4.212232447132795987e-01,6.096667647785655036e-02,1.106396882404165005e+00,-4.073779212430623242e-01,-6.529980159401753415e-02,-7.181464507628423921e-02,-8.005940599792617436e-14,-8.250941042365349714e-13,2.782444598152313819e-01,3.000000000000091482e-01,5.698979135597140413e-15,4.095892276167842350e-01,1.957871438648529402e-16,1.702767211868604849e-14,3.915736394105515511e-16,3.357820278881973319e-01,-2.999999999999964362e-01,-8.173124353332437756e-15,4.587016844737613619e-01,-1.845868504513506944e-16,1.664104292981674346e-14,-7.035669978619472907e-16
-4.776364155187087096e-02,-1.608617551215335215e-02,6.596589533017443996e-01,-7.941714105094853371e-02,1.344353963464931662e-02,-1.890571173315131470e-01,9.786570366250292308e-01,-6.612342088145611863e-01,4.643132447833475118e-01,5.628097602604406613e-02,1.376133888474779354e+00,-7.076879020177672119e-01,-1.100480838003558975e-01,-7.181238403353370492e-01,4.387722970033528513e-01,6.515629042446340058e-02,1.137484520453963421e+00,-4.196114937858675398e-01,-6.565028849295645452e-02,-7.462427715529861005e-02,-8.363639135529620895e-14,-8.621964611879248191e-13,2.646265045872749910e-01,3.000000000000095368e-01,5.946287935279347687e-15,4.073032649879421707e-01,2.046541252071480986e-16,1.779958541483600866e-14,4.083875891773899546e-16,3.222538492715063541e-01,-2.999999999999962697e-01,-8.536846159931454858e-15,4.597154415069800715e-01,-1.929103198496069516e-16,1.739210676900106534e-14,-7.346483888662310718e-16
-4.646434077932020540e-02,-1.627851083176734548e-02,6.539272679914406305e-01,-7.962319242130404262e-02,1.416695274112373705e-02,-1.989869054343458010e-01,9.766594371347331327e-01,-6.657893268229576611e-01,4.831317927080113761e-01,6.373576354825274959e-02,1.404639855029515605e+00,-7.288085027759878542e-01,-1.145856134707565616e-01,-7.362192573726172862e-01,4.563213474197064246e-01,6.934590253952527261e-02,1.168572155773254684e+00,-4.318450659168213690e-01,-6.600077549096830531e-02,-7.743390943761339906e-02,-8.721337682350455812e-14,-8.992988181536942001e-13,2.510085475105450770e-01,3.000000000000098699e-01,6.193596741853492692e-15,4.050173027749410237e-01,2.135211065568679419e-16,1.857149871143581517e-14,4.252015394498347038e-16,3.087256687365294017e-01,-2.999999999999961031e-01,-8.900567957685039318e-15,4.607291988306850827e-01,-2.012337892534289182e-16,1.814317060905282499e-14,-7.657297791432795644e-16
-4.499105863937751665e-02,-1.654247597388547666e-02,6.486906506642649006e-01,-8.002214418980065080e-02,1.461275975465328551e-02,-2.069966708455215076e-01,9.749539999151192182e-01,-6.687597000817178117e-01,4.992437992894206422e-01,6.877910293495220762e-02,1.429767645767944018e+00,-7.480850694348381014e-01,-1.190119745547910668e-01,-7.512503421159104633e-01,4.713309199250777515e-01,7.105319661684722510e-02,1.195959097302077501e+00,-4.435204502146772310e-01,-6.648553738887688636e-02,-8.051907758915911872e-02,-9.094058300105601746e-14,-9.364206638023750143e-13,2.348849222751497878e-01,3.000000000000103140e-01,6.450246286407481013e-15,4.032949354260260133e-01,2.223981507194445600e-16,1.934402169164004143e-14,4.427007449082721307e-16,2.925976089459794149e-01,-2.999999999999958811e-01,-9.252301417507949576e-15,4.621366562538110068e-01,-2.095648019690645588e-16,1.889541009982653253e-14,-7.958255374062426696e-16
-4.351777638409453502e-02,-1.680644120067231739e-02,6.434540339376639828e-01,-8.041570081219300004e-02,1.505758127496932379e-02,-2.149924779527659924e-01,9.731828290371553614e-01,-6.717300723444636912e-01,5.153558026882398835e-01,7.382243995888751464e-02,1.454895433099303581e+00,-7.673616340237234823e-01,-1.234383353119214294e-01,-7.662814238622521756e-01,4.863404893590234646e-01,7.276048865242149000e-02,1.223346035286481559e+00,-4.551958340950333359e-01,-6.697029956088182412e-02,-8.360424622647566473e-02,-9.466778910563950915e-14,-9.735425094093555052e-13,2.187612944977120055e-01,3.000000000000107025e-01,6.706895824982059867e-15,4.015725687641736319e-01,2.312751948799313870e-16,2.011654467201832828e-14,4.601999498963944330e-16,2.764695468813034851e-01,-2.999999999999956590e-01,-9.604034882239595727e-15,4.635441138115984350e-01,-2.178958146798328044e-16,1.964764959007976543e-14,-8.259212960799416865e-16
-4.190119870478693082e-02,-1.717559636577196958e-02,6.389635539073060810e-01,-8.101407077709048277e-02,1.517795300475057937e-02,-2.204728486964363521e-01,9.719043538673897142e-01,-6.734630255283148292e-01,5.275138490045833128e-01,7.593034766655916423e-02,1.475790377653433794e+00,-7.840665346975967953e-01,-1.274585599010508163e-01,-7.775891804226182646e-01,4.975342090976503373e-01,7.193117288583206204e-02,1.246329490825423436e+00,-4.663525284199935839e-01,-6.779559106727851836e-02,-8.729292236243284264e-02,-9.830434194364186699e-14,-1.010612547494701691e-12,1.994795072390605495e-01,3.000000000000110911e-01,6.956116718977288887e-15,4.007037885773155339e-01,2.401496427204948396e-16,2.088928389622112847e-14,4.771148490423857635e-16,2.575161769667837497e-01,-2.999999999999954925e-01,-9.961866819010415881e-15,4.651188708610188294e-01,-2.262207802804229566e-16,2.039924246049955177e-14,-8.565273408744728458e-16
-4.028462087807829078e-02,-1.754475168457732964e-02,6.344730746522019293e-01,-8.160984518137597010e-02,1.529783811704906946e-02,-2.259461524178952019e-01,9.705947380477423225e-01,-6.751959782684372469e-01,5.396718909302473666e-01,7.803825196422556343e-02,1.496685318258690778e+00,-8.007714328093967771e-01,-1.314787839675773951e-01,-7.888969333254047811e-01,5.087279245299997088e-01,7.110185458948656279e-02,1.269312942289088308e+00,-4.775092226081017466e-01,-6.862088314267060507e-02,-9.098159880881032113e-02,-1.019408949512521846e-13,-1.047682585643551558e-12,1.801977173351335670e-01,3.000000000000114797e-01,7.205337623331719408e-15,3.998350092678317758e-01,2.490240905759086974e-16,2.166202312149608530e-14,4.940297489519452451e-16,2.385628049636950854e-01,-2.999999999999953260e-01,-1.031969874239851686e-14,4.666936272984171796e-01,-2.345457458950022505e-16,2.115083533269724442e-14,-8.871333845008640028e-16
-3.849900298321012188e-02,-1.809017729639577146e-02,6.308716593158422148e-01,-8.249257161795078841e-02,1.508126743617626588e-02,-2.282707829187994863e-01,9.699793712579738436e-01,-6.764200614041055992e-01,5.467946850280284155e-01,7.623554930691081588e-02,1.513051676008904778e+00,-8.145381354332755786e-01,-1.348996851460433077e-01,-7.960101599196316435e-01,5.149831845506493977e-01,6.737140244895185870e-02,1.287622850596932933e+00,-4.885089742836230542e-01,-7.009870129739469158e-02,-9.502626641097669524e-02,-1.057719549883989058e-13,-1.084825450049155987e-12,1.578823154037084509e-01,3.000000000000119238e-01,7.466438498565507885e-15,3.999724061449356216e-01,2.579155689359671715e-16,2.243599189629821261e-14,5.118203117677116088e-16,2.172142541887776557e-01,-2.999999999999951039e-01,-1.066218331223150944e-14,4.675665144778822224e-01,-2.428867543718316202e-16,2.190446711006195917e-14,-9.163998006967451220e-16
-3.671338493003061670e-02,-1.863560320681301521e-02,6.272702449281271075e-01,-8.337475336687838467e-02,1.486459676058897450e-02,-2.305939016349543014e-01,9.693575949013483184e-01,-6.776441445166759836e-01,5.539174743618384689e-01,7.443284206175597439e-02,1.529418029310613658e+00,-8.283048350191485332e-01,-1.383205859432078411e-01,-8.031233820672629697e-01,5.212384398060153634e-01,6.364094721436538982e-02,1.305932753896010601e+00,-4.995087257257494473e-01,-7.157652045397269736e-02,-9.907093399408040124e-02,-1.096030149083564900e-13,-1.121968314402320276e-12,1.355669112125152675e-01,3.000000000000123124e-01,7.727539364189058338e-15,4.001098037441780386e-01,2.668070472963241802e-16,2.320996067165792259e-14,5.296108738174346719e-16,1.958657021172460488e-01,-2.999999999999948819e-01,-1.100466789134375295e-14,4.684393995371994301e-01,-2.512277628494049843e-16,2.265809888726727669e-14,-9.456662176355327447e-16
-3.475918285327272289e-02,-1.949900374808344328e-02,6.246790318006936182e-01,-8.476804110762251043e-02,1.429935342255747588e-02,-2.294939059676226467e-01,9.695062943695608171e-01,-6.788436309690603077e-01,5.559671625570201670e-01,6.774459360011038378e-02,1.541047217787493651e+00,-8.388363949456529856e-01,-1.413354430317538823e-01,-8.055014727018356968e-01,5.224191960705898419e-01,5.661566978951745877e-02,1.318908875872887299e+00,-5.102599374405225596e-01,-7.412120299845145754e-02,-1.030953019499206563e-01,-1.133092813856815518e-13,-1.159055335855854582e-12,1.108451044808473479e-01,3.000000000000127010e-01,7.978406392348316708e-15,4.010161988847344428e-01,2.756988435891658892e-16,2.398452320896054372e-14,5.465856847739623216e-16,1.731363996605771449e-01,-2.999999999999946598e-01,-1.135703384405063585e-14,4.670545621475554188e-01,-2.595695636235507492e-16,2.341156092137946329e-14,-9.757237474566204624e-16
-3.280498059430556057e-02,-2.036240479948119020e-02,6.220878197009672705e-01,-8.616103369816754953e-02,1.373405987954498704e-02,-2.283931049220896126e-01,9.696516083085386928e-01,-6.800431184488591185e-01,5.580168460020543675e-01,6.105633838639899780e-02,1.552676401808360751e+00,-8.493679515164102023e-01,-1.443503001795126139e-01,-8.078795584238749328e-01,5.235999475062962372e-01,4.959038783910046239e-02,1.331884991821609576e+00,-5.210111487843528399e-01,-7.666588709096289200e-02,-1.071196689150528680e-01,-1.170155481247975771e-13,-1.196142357481733261e-12,8.612329662986327461e-02,3.000000000000130895e-01,8.229273435279744946e-15,4.019225939225574140e-01,2.845906399199381506e-16,2.475908574928864206e-14,5.635604968100774773e-16,1.504070968985031787e-01,-2.999999999999944378e-01,-1.170939977552329853e-14,4.656697205785231275e-01,-2.679113644284540035e-16,2.416502295912682822e-14,-1.005781275206128086e-15
-3.066968118405064350e-02,-2.173281960495450013e-02,6.205180421680568381e-01,-8.847894220241869778e-02,1.291067429040039169e-02,-2.235217804781481354e-01,9.705888959430697405e-01,-6.822637495054997281e-01,5.553453746577481365e-01,4.765722864790517682e-02,1.559876770318447292e+00,-8.565642426207381588e-01,-1.474240086173639885e-01,-8.053750943363547909e-01,5.199813038005721699e-01,3.806715866308457014e-02,1.338869746242936420e+00,-5.313936813512972757e-01,-8.074915541475510827e-02,-1.101593746333586754e-01,-1.209820079846435640e-13,-1.233400671412400918e-12,6.028900438617427332e-02,3.000000000000135336e-01,8.494822485529507696e-15,4.027268825721236900e-01,2.935201352668016429e-16,2.553665530361615136e-14,5.816083071189228003e-16,1.273742531210587670e-01,-2.999999999999941602e-01,-1.204066108834669043e-14,4.601309996718938589e-01,-2.762837350144325483e-16,2.492209798606125733e-14,-1.033779866970208147e-15
-2.853438155601585591e-02,-2.310323486775532620e-02,6.189482656903027014e-01,-9.079413860854952667e-02,1.208689264024901712e-02,-2.186435981278510854e-01,9.714964273832105146e-01,-6.844843824134082544e-01,5.526738958286844250e-01,3.425811141316625202e-02,1.567077134357671930e+00,-8.637605299315392893e-01,-1.504977164360438990e-01,-8.028706251218147294e-01,5.163626532306317962e-01,2.654392442821136566e-02,1.345854495066275858e+00,-5.417762144730375873e-01,-8.483242500030692412e-02,-1.131990803812513158e-01,-1.249484676270634811e-13,-1.270658985219359231e-12,3.445471024374160973e-02,3.000000000000139777e-01,8.760371523370873370e-15,4.035311683224065971e-01,3.024496306167214289e-16,2.631422485866417782e-14,5.996561166297746740e-16,1.043414077309529758e-01,-2.999999999999939382e-01,-1.237192241976432903e-14,4.545922739022611458e-01,-2.846561056058579311e-16,2.567917301292543995e-14,-1.061778460242254993e-15
-2.619615946031578907e-02,-2.489977780574651606e-02,6.183616605089720109e-01,-9.363940509561843872e-02,1.104522696214014707e-02,-2.091311962163053262e-01,9.733312938274566450e-01,-6.884299859266802546e-01,5.430282853933374732e-01,1.387415863540528149e-02,1.570111647746383454e+00,-8.674220927927706049e-01,-1.529944939693651806e-01,-7.955889119936641052e-01,5.063480774969637555e-01,1.030695874034434981e-02,1.347623162972261479e+00,-5.526756941031516490e-01,-9.009137429825311849e-02,-1.162663544721748571e-01,-1.287123344915491610e-13,-1.307802029318727042e-12,6.851208711087540537e-03,3.000000000000143663e-01,9.014358690871115677e-15,4.016339659557039421e-01,3.113819737651703699e-16,2.709246577557595031e-14,6.169603735527248228e-16,7.980592010873414910e-02,-2.999999999999936606e-01,-1.272050945880369854e-14,4.445223090276372302e-01,-2.930335514915796320e-16,2.643618258925274352e-14,-1.091182143869364242e-15
-2.385793710157093489e-02,-2.669632124164687814e-02,6.177750559558228272e-01,-9.647502413422609502e-02,1.000242323495137593e-02,-1.995972405188660703e-01,9.750658761463163460e-01,-6.923755934004158785e-01,5.333826649863677716e-01,-6.509803920340942116e-03,1.573146158814603845e+00,-8.710836523830632894e-01,-1.554912707840012953e-01,-7.883071948023896436e-01,4.963334934040513069e-01,-5.930014295920702817e-03,1.349391827130191013e+00,-5.635751759231625302e-01,-9.535032463935148861e-02,-1.193336296133428037e-01,-1.324762017317132748e-13,-1.344945073850192517e-12,-2.075229454625052150e-02,3.000000000000147549e-01,9.268345875369791146e-15,3.997367553379274074e-01,3.203143169797690449e-16,2.787070669850116845e-14,6.342646319943074516e-16,5.527043045082716266e-02,-2.999999999999934386e-01,-1.306909646273053784e-14,4.344523371407901235e-01,-3.014109974414932127e-16,2.719319217290238337e-14,-1.120585823542062275e-15
-2.128903304437986671e-02,-2.892951478234235402e-02,6.177393461057538726e-01,-9.974341808012707200e-02,8.936200843355023016e-03,-1.844657905766726447e-01,9.777237682347216241e-01,-6.997943982568040067e-01,5.149922566562468162e-01,-3.546874060189356137e-02,1.574145674969433140e+00,-8.718767054920691928e-01,-1.573577841278621658e-01,-7.774622506058771476e-01,4.789881247139410325e-01,-2.861129271748553277e-02,1.347873568167485603e+00,-5.763951258622870277e-01,-1.015240854248549013e-01,-1.233219348284331635e-01,-1.365695267071579272e-13,-1.382467054051251930e-12,-4.986828940342551142e-02,3.000000000000152545e-01,9.537240129612351695e-15,3.906036220975063200e-01,3.293046713848142516e-16,2.865422121977890772e-14,6.529006816825609266e-16,2.894970867737849465e-02,-2.999999999999931055e-01,-1.338689092181268079e-14,4.182328742138637367e-01,-3.098447375875406409e-16,2.795662320700094538e-14,-1.146521613706884262e-15
-1.872012846141871828e-02,-3.116270889857210985e-02,6.177036359514257446e-01,-1.029870915356379535e-01,7.867763642622939077e-03,-1.692886146259754421e-01,9.801393381710133967e-01,-7.072132075407491225e-01,4.966018364481870062e-01,-6.442768799853984540e-02,1.575145192971802555e+00,-8.726697576436739379e-01,-1.592242973548309293e-01,-7.666173035040312334e-01,4.616427472743530047e-01,-5.129258052362880432e-02,1.346355309882103501e+00,-5.892150811580069147e-01,-1.076978468633045666e-01,-1.273102422588627269e-01,-1.406628512178015943e-13,-1.419989033924663002e-12,-7.898428293262924060e-02,3.000000000000156986e-01,9.806134353342334099e-15,3.814704717737746886e-01,3.382950257945897148e-16,2.943773574158449906e-14,6.715367300316115884e-16,2.628986785070686234e-03,-2.999999999999927724e-01,-1.370468542311232752e-14,4.020134006567842033e-01,-3.182784777281399492e-16,2.872005423956998814e-14,-1.172457407240995269e-15
-1.571575642717691276e-02,-3.387258751068860513e-02,6.174159241083716498e-01,-1.064891535073737988e-01,6.778457124928412986e-03,-1.480915571517426033e-01,9.832003882244253479e-01,-7.182991273742905802e-01,4.683735499904191912e-01,-1.022613786923570051e-01,1.577674930471062886e+00,-8.726698452207368728e-01,-1.609939950493164684e-01,-7.533660230245965428e-01,4.370506417826739431e-01,-8.174661651027714804e-02,1.345398042364513103e+00,-6.064716199243456174e-01,-1.144124090215656725e-01,-1.331333975557839611e-01,-1.443712057481374553e-13,-1.457239640079778372e-12,-1.070003883486792540e-01,3.000000000000160871e-01,1.004975663006479077e-14,3.581881221515612057e-01,3.472892980098041182e-16,3.022168745564418015e-14,6.890635877418803768e-16,-2.379017982394244016e-02,-2.999999999999924949e-01,-1.405744644206137197e-14,3.769895354765191442e-01,-3.267077055032700422e-16,2.948221845123896043e-14,-1.201183803816830158e-15
-1.271138373409573530e-02,-3.658246688504344923e-02,6.171282112751224069e-01,-1.099409387521899928e-01,5.685950617937696183e-03,-1.268245719751409650e-01,9.857972346761680882e-01,-7.293850524611347197e-01,4.401452495088287731e-01,-1.400950819318130258e-01,1.580204672998288373e+00,-8.726699327975491194e-01,-1.627636939984103137e-01,-7.401147402780570150e-01,4.124585277464298816e-01,-1.122006648498993092e-01,1.344440777616076055e+00,-6.237281658340235735e-01,-1.211269713754090788e-01,-1.389565558503433884e-01,-1.480795609277421163e-13,-1.494490247178613723e-12,-1.350164928432026346e-01,3.000000000000164757e-01,1.029337893502459139e-14,3.349057485955627689e-01,3.562835702972695524e-16,3.100563917749982647e-14,7.065904489713618916e-16,-5.020934671858893333e-02,-2.999999999999922728e-01,-1.441020737457973908e-14,3.519656544259511244e-01,-3.351369332817895746e-16,3.024438266797784077e-14,-1.229910190288425165e-15
-9.190049483008388975e-03,-3.989044033415981017e-02,6.160635368775423393e-01,-1.138466897865767213e-01,4.877322862325689928e-03,-9.896433189262732188e-02,9.885449933914902676e-01,-7.445930074448621205e-01,4.009130875873850863e-01,-1.877727824751296293e-01,1.586679633088233787e+00,-8.726698236775020101e-01,-1.655178275248811726e-01,-7.250845626056655613e-01,3.811618787367365702e-01,-1.523475349287111702e-01,1.345656342866093480e+00,-6.465897680366889944e-01,-1.279949983392785484e-01,-1.471318257257623052e-01,-1.522973680918731761e-13,-1.532481348744624901e-12,-1.623095169281429384e-01,3.000000000000170308e-01,1.055915781001693032e-14,2.928436128012023576e-01,3.653345346742652158e-16,3.179570804322603451e-14,7.268786778676151294e-16,-7.685263724611737790e-02,-2.999999999999917732e-01,-1.469515005043018534e-14,3.144890620335908937e-01,-3.435688206334909980e-16,3.101052501353198621e-14,-1.250708235151341669e-15
-5.668714315406229824e-03,-4.319841465528776597e-02,6.149988625423485900e-01,-1.176614035234342104e-01,4.064795977261897661e-03,-7.102494548658815077e-02,9.905022608117490801e-01,-7.598009636444116310e-01,3.616809086580110022e-01,-2.354504937092817829e-01,1.593154593110155615e+00,-8.726697109293011234e-01,-1.682719633698836481e-01,-7.100543790914254361e-01,3.498652216511164981e-01,-1.924944177282745250e-01,1.346871905182962292e+00,-6.694513749761428212e-01,-1.348630239799019637e-01,-1.553070968288795817e-01,-1.565151751775185333e-13,-1.570472450515357627e-12,-1.896025437776789335e-01,3.000000000000175304e-01,1.082493667572562754e-14,2.507814545271139228e-01,3.743854991783274382e-16,3.258577691686547037e-14,7.471669069074505183e-16,-1.034959319547731765e-01,-2.999999999999912736e-01,-1.498009271746797927e-14,2.770124539257941554e-01,-3.520007078028313966e-16,3.177666734643539019e-14,-1.271506278992724322e-15
-1.464188724021965593e-03,-4.715640571034001444e-02,6.139806923591155652e-01,-1.216742428828685024e-01,4.016680114929548420e-03,-3.608049748186827749e-02,9.919059645960376370e-01,-7.759152205768605759e-01,3.097706420658613569e-01,-2.910973903195588353e-01,1.599578846665003828e+00,-8.699650921275939863e-01,-1.727543839732599007e-01,-6.906695523344141829e-01,3.125485900482668500e-01,-2.421236302146309582e-01,1.345901033926821366e+00,-6.958438888215443541e-01,-1.407446727375186446e-01,-1.643975214530688511e-01,-1.606744773047801659e-13,-1.608616156330400772e-12,-2.189563614222594934e-01,3.000000000000180855e-01,1.108379530981431794e-14,1.919624094905080236e-01,3.835311819238241065e-16,3.338174448701746714e-14,7.675621652209625992e-16,-1.332559315074875739e-01,-2.999999999999907740e-01,-1.525846623898508420e-14,2.278212116281199684e-01,-3.602966589918739905e-16,3.253337954126539778e-14,-1.291542848895692116e-15
2.740337864574466081e-03,-5.111439803441144430e-02,6.129625235742736100e-01,-1.255363053252532834e-01,3.963589124519776435e-03,-1.091328394503859184e-03,9.920805083302827176e-01,-7.920294754271122173e-01,2.578603567759670256e-01,-3.467442985259079902e-01,1.606003092721768999e+00,-8.672604642656233098e-01,-1.772368094866627608e-01,-6.712847178628409406e-01,2.752319527983203562e-01,-2.917528587342654300e-01,1.344930152080662022e+00,-7.222364024548469930e-01,-1.466263187030431014e-01,-1.734879435948533943e-01,-1.648337819182703535e-13,-1.646759864571023635e-12,-2.483101948881621945e-01,3.000000000000186406e-01,1.134265412252515862e-14,1.331433480289924420e-01,3.926768647889819515e-16,3.417771206495035243e-14,7.879574376657412110e-16,-1.630159475476608555e-01,-2.999999999999902744e-01,-1.553683937240539660e-14,1.786299540538516806e-01,-3.685926092268187538e-16,3.329009167802611721e-14,-1.311579384143630368e-15
7.652811090947149800e-03,-5.597329980181818543e-02,6.129371086477882757e-01,-1.296253829863608931e-01,5.538088866611783241e-03,4.134100825536556750e-02,9.906853742201783275e-01,-8.066655247217713320e-01,1.926760602880617790e-01,-4.106235573693884922e-01,1.607104256332186454e+00,-8.581237216560354542e-01,-1.852049895188368489e-01,-6.464231169668493981e-01,2.339062958760447231e-01,-3.527645248558261004e-01,1.336441142930523407e+00,-7.484783416101857823e-01,-1.505257863906375171e-01,-1.808160426049606473e-01,-1.707581243103232701e-13,-1.686625554438479419e-12,-2.888959930221312589e-01,3.000000000000195843e-01,1.172832140658996274e-14,6.266381954328573145e-02,4.019074982117205776e-16,3.497920349893767046e-14,8.183848606320673165e-16,-2.044808358867678810e-01,-2.999999999999891087e-01,-1.553969258245823357e-14,1.185934483149245072e-01,-3.762112208523663585e-16,3.400557892381578889e-14,-1.307013420132527141e-15
1.256528631907596373e-02,-6.083220324349587760e-02,6.129116958535211213e-01,-1.334783287301140042e-01,7.102503111197377289e-03,8.369804739721145581e-02,9.874855579049576226e-01,-8.213015643673102772e-01,1.274917461192156265e-01,-4.745028293447727807e-01,1.608205405073358740e+00,-8.489869681953498004e-01,-1.931731777140441864e-01,-6.215615061361292604e-01,1.925806370676829415e-01,-4.137762106824509067e-01,1.327952119866575575e+00,-7.747202784348539151e-01,-1.544252496803232844e-01,-1.881441317099246668e-01,-1.766824743686179462e-13,-1.726491247068623332e-12,-3.294818135423643879e-01,3.000000000000204725e-01,1.211398920658935159e-14,-7.815726036061076271e-03,4.111381322263449922e-16,3.578069495688883467e-14,8.488123173677147889e-16,-2.459457499239237066e-01,-2.999999999999879430e-01,-1.554254490158364007e-14,5.855692675124447855e-02,-3.838298302517315773e-16,3.472106602780980807e-14,-1.302447393259683473e-15
1.883426438538262498e-02,-6.682568710129997702e-02,6.143311942974948314e-01,-1.370784646328221112e-01,1.065463550027874982e-02,1.335259493997282831e-01,9.814615601811238488e-01,-8.293988160340841631e-01,5.032582929198829713e-02,-5.472810198887402278e-01,1.599230314778456341e+00,-8.324968989781015294e-01,-2.066730975872818621e-01,-5.899675629912137786e-01,1.499768599316689266e-01,-4.881411591851900211e-01,1.310034315120447879e+00,-7.993828214410870769e-01,-1.553444420564343842e-01,-1.887599371709822726e-01,-1.878019021718966190e-13,-1.768229093105510497e-12,-3.852378289919664023e-01,3.000000000000221934e-01,1.284928337486287763e-14,-8.987888611842044517e-02,4.207698613825663565e-16,3.659842566737254825e-14,9.021237705799646857e-16,-3.048251110040857137e-01,-2.999999999999855560e-01,-1.494165455332528311e-14,-1.220333974741311805e-02,-3.899398529273709260e-16,3.534046440023905243e-14,-1.255282706174512779e-15
2.510324544825262572e-02,-7.281917315418635905e-02,6.157506943444529535e-01,-1.403297765691999266e-01,1.417965930852360668e-02,1.830140818334238251e-01,9.729400479580443406e-01,-8.374960519000059778e-01,-2.684010360966492328e-02,-6.200592266834241695e-01,1.590255203528412320e+00,-8.160068188859292970e-01,-2.201730287434688627e-01,-5.583736125331144606e-01,1.073730805845778541e-01,-5.625061311425453292e-01,1.292116502795059407e+00,-8.240453639070348668e-01,-1.562636287915392941e-01,-1.893757193242323889e-01,-1.989213068992817210e-13,-1.809966929695213122e-12,-4.409938927254762331e-01,3.000000000000238587e-01,1.358457598323501630e-14,-1.719420640053664351e-01,4.304015919239734827e-16,3.741615641253079438e-14,9.554350549243140257e-16,-3.637045423417962775e-01,-2.999999999999832245e-01,-1.434076646208307199e-14,-8.296363567110991155e-02,-3.960498759074445169e-16,3.595986280075710297e-14,-1.208118247331840608e-15
3.331457798282715793e-02,-8.023549624137611691e-02,6.182092377315537846e-01,-1.417485448265283221e-01,2.033827395971953694e-02,2.398368752029848006e-01,9.601937189675679996e-01,-8.353512855403162352e-01,-1.144253673316532049e-01,-7.033710347034830557e-01,1.567697115697063603e+00,-7.924676888941976083e-01,-2.409864889801795751e-01,-5.220393073409542728e-01,6.333609650927649048e-02,-6.520742217749592173e-01,1.269285866477361191e+00,-8.483576971589117388e-01,-1.535263546392674483e-01,-1.748835431249705363e-01,-1.950830782781002035e-13,-1.845581167163583065e-12,-5.280472489241883061e-01,3.000000000000239697e-01,1.330875138620511649e-14,-2.655460508121285645e-01,4.409311901972146157e-16,3.825636295101538325e-14,8.992873431715996410e-16,-4.681244268510758033e-01,-2.999999999999836131e-01,-1.520286050422071843e-14,-1.727970368873325002e-01,-4.023572310327434665e-16,3.659746817328394886e-14,-1.308898984984608352e-15
4.152591733231776605e-02,-8.765182229051669827e-02,6.206677870521573048e-01,-1.426809395376514855e-01,2.642710779336044508e-02,2.958367450604516558e-01,9.441527300910423914e-01,-8.332066608097434823e-01,-2.020105148856788657e-01,-7.866825745520938939e-01,1.545139246498357988e+00,-7.689282769462939537e-01,-2.617998682343903871e-01,-4.857052245578767358e-01,1.929919068099524015e-02,-7.416420664468966750e-01,1.246455556446995683e+00,-8.726696857888671666e-01,-1.507890417736745814e-01,-1.603914042983458077e-01,-1.912448645484778558e-13,-1.881195407230268879e-12,-6.151005609979658395e-01,3.000000000000240252e-01,1.303292793767103069e-14,-3.591499616898133351e-01,4.514607848529596801e-16,3.909656930505085028e-14,8.431397802113727849e-16,-5.725442605103171489e-01,-2.999999999999840017e-01,-1.606495312584412563e-14,-2.626303986240950405e-01,-4.086645883121596464e-16,3.723507365015803994e-14,-1.409679564276264435e-15
5.397057995486167353e-02,-9.690806761336076547e-02,6.268121389291513301e-01,-1.428854398709657747e-01,3.531605411630708846e-02,3.595745742535297329e-01,9.214351051186012720e-01,-9.190399114214766740e-01,-2.174338729048215235e-01,-7.034100480590358417e-01,1.658392683806542367e+00,-5.702419356334567091e-01,-2.323081376757530625e-01,-5.875283157042792137e-01,2.386815579161018913e-02,-6.784229659311816762e-01,1.426310025373561219e+00,-6.829077249784252235e-01,-1.240035967068964379e-01,-1.691145850201629386e-01,-1.966570631765127869e-13,-1.918423681792497724e-12,-6.747441280577678446e-01,3.000000000000246914e-01,1.347053279917089643e-14,-4.055878727626904268e-01,4.597432454129925070e-16,3.982219864735597288e-14,8.794198703643505192e-16,-6.453768159487769385e-01,-2.999999999999832800e-01,-1.604464368584690496e-14,-3.279397141337326849e-01,-4.163100507828908011e-16,3.793749806912997282e-14,-1.412088604953420416e-15
6.641524998698340732e-02,-1.061643123125111388e-01,6.329564974602128746e-01,-1.424244280284379938e-01,4.404051084186488829e-02,4.216376290499001533e-01,8.944257517953845271e-01,-1.004873270050551826e+00,-2.328570855174793564e-01,-6.201372752882193806e-01,1.771646289079719772e+00,-3.715553123001492652e-01,-2.028163044141957916e-01,-6.893515736166155872e-01,2.843720569787522995e-02,-6.152036320255024338e-01,1.606164722465908135e+00,-4.931453984920446953e-01,-9.721810998257578162e-02,-1.778377799899412137e-01,-2.020692950602267389e-13,-1.955652148229504799e-12,-7.343876007136945772e-01,3.000000000000253575e-01,1.390813972425002252e-14,-4.520256953899630115e-01,4.680257449480692979e-16,4.054783142925077991e-14,9.157001536182208268e-16,-7.182092563955182474e-01,-2.999999999999825584e-01,-1.602433318906171151e-14,-3.932489585407473176e-01,-4.239555479643368441e-16,3.863992576221291961e-14,-1.414497588965517834e-15
8.392230781055599886e-02,-1.146804605954117179e-01,6.430699739928606995e-01,-1.403056059260404942e-01,5.237470199252738934e-02,4.799784280389649549e-01,8.644026470078425284e-01,-1.136073560319017739e+00,-1.550922339946096407e-01,-4.132401001754419934e-01,1.959426165329990477e+00,-1.483980924986267290e-02,-1.091342382849254666e-01,-8.666980685367711157e-01,8.246285411281192856e-02,-4.345092684076384826e-01,1.878907804198544529e+00,-9.053249831468165865e-02,-4.515563698533377190e-02,-1.795967475081746978e-01,-2.285639292669012102e-13,-2.107574446685723383e-12,-7.354336972548325413e-01,3.000000000000277445e-01,1.560682883562187151e-14,-4.444490349960492082e-01,4.993669572399642522e-16,4.331017341303524571e-14,1.071902514798179862e-15,-7.210142434511828124e-01,-2.999999999999783395e-01,-1.520150391957159004e-14,-4.125555717444135961e-01,-4.519798693631949174e-16,4.127229113812115239e-14,-1.366962815645112024e-15
1.034232933575641167e-01,-1.218143488278470854e-01,6.520089021352322156e-01,-1.372008427547001808e-01,5.992206225447172657e-02,5.343762651207276670e-01,8.318817719352872286e-01,-1.208127712728291003e+00,-8.047777585598125949e-02,-2.848404845587860779e-01,2.082893178431587167e+00,2.401139693681198228e-01,-3.261965151766792193e-02,-9.816508086688273682e-01,1.210429877530224407e-01,-3.234668410544991879e-01,2.037705960054580157e+00,2.096611196824321177e-01,-5.592685486821918732e-03,-1.504451640172624061e-01,-2.591063006951726825e-13,-2.259192338258930867e-12,-7.354560075120647467e-01,3.000000000000302980e-01,1.746346608630411849e-14,-4.355835469086687395e-01,5.304255244803568507e-16,4.605232466835562536e-14,1.247418030017158537e-15,-7.224971770047301511e-01,-2.999999999999732880e-01,-1.383274588224579919e-14,-4.190471179064228502e-01,-4.792507852806073930e-16,4.385546685023615581e-14,-1.267470448784480107e-15
1.242913288036476271e-01,-1.273005623474881276e-01,6.585751620511992588e-01,-1.336573186859686679e-01,6.703342295809414098e-02,5.867153167322167739e-01,7.958689455431799953e-01,-1.245755272976817540e+00,-2.378709819266224337e-02,-2.008092968506710319e-01,2.174357147512393063e+00,3.668224830249912638e-01,5.370217470212677001e-03,-1.067422284151901213e+00,1.465151427060342459e-01,-2.449419057363924346e-01,2.139454305951212998e+00,3.629166513508564340e-01,1.185732959442217620e-02,-1.085585541152398886e-01,-2.915246104051547900e-13,-2.408398215237129636e-12,-7.377591885359449098e-01,3.000000000000330180e-01,1.941833024313177630e-14,-4.303159710120369463e-01,5.617358210678811021e-16,4.882066715878639773e-14,1.433024223107729361e-15,-7.265645873971915414e-01,-2.999999999999678479e-01,-1.220413651851949049e-14,-4.178759665531199818e-01,-5.065095879414778172e-16,4.644554942419634563e-14,-1.144083905432504363e-15
1.461570633724607327e-01,-1.308209914210026470e-01,6.622772330964825649e-01,-1.296649517368215765e-01,7.365410315756726334e-02,6.367220713134642551e-01,7.565362365950716317e-01,-1.262032163149721331e+00,1.899507834371298720e-02,-1.359263913507145205e-01,2.239673700668249889e+00,4.106376210564037788e-01,1.439027197985926106e-02,-1.135575294209752562e+00,1.682035980691506394e-01,-1.807261604350078044e-01,2.200536251409881849e+00,4.173307300382453899e-01,1.335804454929074084e-02,-5.967901813916299397e-02,-3.238292540555279216e-13,-2.554206020818695714e-12,-7.424784261784935779e-01,3.000000000000356826e-01,2.133332993820980235e-14,-4.316246546911451931e-01,5.934965768003583807e-16,5.163376100364836307e-14,1.614132279998385837e-15,-7.326968153469601841e-01,-2.999999999999622968e-01,-1.055565330374747708e-14,-4.151379342436532505e-01,-5.341128049151708319e-16,4.906834676918378028e-14,-1.021580268637298871e-15
1.686526321527880568e-01,-1.321632519005137285e-01,6.628317467628934700e-01,-1.252171980300461618e-01,7.975488671841612920e-02,6.841561414466139635e-01,7.140659531744372179e-01,-1.262583351793741926e+00,5.208934859811185231e-02,-7.619835006386639631e-02,2.279440079691885224e+00,4.200974414250294720e-01,8.871026108089524048e-03,-1.190646695301452063e+00,1.921018158827779987e-01,-1.244173187781500850e-01,2.227328296270048025e+00,4.285692510269379918e-01,6.871964945326116368e-03,-6.735166122132530547e-03,-3.544645867279201568e-13,-2.696426124899636331e-12,-7.496168910618303816e-01,3.000000000000381251e-01,2.307320351799702581e-14,-4.411212850364888416e-01,6.257488646022910107e-16,5.449715333071983977e-14,1.777665565505014514e-15,-7.411925900294640268e-01,-2.999999999999569122e-01,-9.075174796763527969e-15,-4.158231931107723156e-01,-5.622319548977812872e-16,5.173538331787729555e-14,-9.188738876137592351e-16
1.913181560923862268e-01,-1.311858813613996644e-01,6.600949511748438470e-01,-1.199537170754078341e-01,8.588779698551071706e-02,7.324234990626632413e-01,6.646730099150813809e-01,-1.252084841147101724e+00,6.489253452706879310e-02,-1.721771412784206187e-02,2.288492827757782511e+00,4.239893890338105598e-01,-1.042357830659186232e-03,-1.232290803174771909e+00,2.078931040849025802e-01,-7.558072814696240038e-02,2.227872815104585236e+00,4.301850890816888984e-01,-2.065783112151848427e-03,3.563579209248180640e-02,-3.817178008028727970e-13,-2.835676824468718689e-12,-7.592633337621477185e-01,3.000000000000401235e-01,2.455423028723128180e-14,-4.546366731341563439e-01,6.585292912761374301e-16,5.741475915161001611e-14,1.914962921875539016e-15,-7.527093004019681510e-01,-2.999999999999521938e-01,-8.015658388791027341e-15,-4.251885001532840769e-01,-5.911087750465642686e-16,5.445981811744743883e-14,-8.588358141054836334e-16
2.135636129214669998e-01,-1.278683111104841341e-01,6.541327587579042202e-01,-1.129859104661608687e-01,9.292462201889452322e-02,7.868826168307903046e-01,5.995122567456866447e-01,-1.238140468256141435e+00,3.752676340218154966e-02,4.130733908182383785e-02,2.257630859561346348e+00,4.272257547640996855e-01,-9.354678028903239129e-03,-1.255230333588571723e+00,1.930005344160743153e-01,-2.583747606400645103e-02,2.211090590374367615e+00,4.306985435356124881e-01,-9.560915978008182811e-03,3.853034546030743163e-02,-4.050272914953999846e-13,-2.972951613629150702e-12,-7.687766084797046373e-01,3.000000000000417333e-01,2.577236880034546088e-14,-4.623444172808139352e-01,6.916320671891958851e-16,6.036889361646038076e-14,2.028465475147473632e-15,-7.664614660755554310e-01,-2.999999999999480860e-01,-7.411266723804427680e-15,-4.433891509713599466e-01,-6.208070986699503928e-16,5.724379612322831754e-14,-8.417319533023563591e-16
2.352806724755123202e-01,-1.225310054028421886e-01,6.449429637326550280e-01,-1.053617037436333226e-01,9.923589358617443401e-02,8.355916223193333714e-01,5.299413076163596026e-01,-1.212472206473601544e+00,1.480371185074915927e-02,1.019701517352348402e-01,2.198738315888199679e+00,4.087562829037844070e-01,-1.168592001161113461e-02,-1.267399207682898821e+00,1.811603104711485279e-01,3.373486972032171960e-02,2.169679170708366023e+00,4.139203010937806959e-01,-1.065142046257164764e-02,3.988429403169675702e-02,-4.244671018726563293e-13,-3.108911870567068213e-12,-7.759052356152402741e-01,3.000000000000427880e-01,2.668832768514706098e-14,-4.701236335758368634e-01,7.248970903253395856e-16,6.334648350842513070e-14,2.114518665176279781e-15,-7.869520693056167859e-01,-2.999999999999446443e-01,-7.190196257559264210e-15,-4.605772910887033778e-01,-6.512339826917653870e-16,6.007862280613419808e-14,-8.590807069040428210e-16
2.561123642331803452e-01,-1.153125458903083017e-01,6.327501014026345461e-01,-9.719750420050722595e-02,1.047818371693164385e-01,8.781553524649645670e-01,4.565266571775947746e-01,-1.171529054828925442e+00,2.497255761139475540e-03,1.707572590267547041e-01,2.109364857515703573e+00,3.194072218607805214e-01,-1.504570214317826618e-05,-1.265878355899669128e+00,1.756655702596666146e-01,1.098627954698439407e-01,2.103470970911790250e+00,3.363190679790542537e-01,5.372938261703351544e-03,3.596761034977559446e-02,-4.400376800269085375e-13,-3.244484772301176894e-12,-7.814459172529995001e-01,3.000000000000434541e-01,2.732676068280417787e-14,-4.774694209691977553e-01,7.582908126576720878e-16,6.634177708149255002e-14,2.174377358953794253e-15,-8.156070987268136951e-01,-2.999999999999418132e-01,-7.358649467865859754e-15,-4.751387797269524538e-01,-6.823265989723856153e-16,6.295704786095757825e-14,-9.110748979113106335e-16
2.757732159448451070e-01,-1.064708468532039876e-01,6.179348626903413688e-01,-8.856221197092516151e-02,1.095820869480997051e-01,9.142584264316507836e-01,3.798421126331807396e-01,-1.109064917811720008e+00,6.821865579175643950e-03,2.563585711756338203e-01,1.983362117891326992e+00,9.178343189476226294e-02,3.645034165645118229e-02,-1.244206477175543446e+00,1.796768466970963263e-01,2.123073627559745602e-01,2.009633030180051350e+00,1.348133415786708644e-01,5.273466290776493426e-02,2.283416267474349184e-02,-4.521918513162840395e-13,-3.380461569483744558e-12,-7.872388286226984500e-01,3.000000000000437872e-01,2.776324055034100739e-14,-4.788477791239407755e-01,7.918334920348016764e-16,6.935170227484529767e-14,2.213146957765608516e-15,-8.545430704329319838e-01,-2.999999999999395373e-01,-7.892733364722875679e-15,-4.853052075116958131e-01,-7.140083660520984039e-16,6.587283328210689814e-14,-9.956399185741015287e-16
2.941369357217802349e-01,-9.643296894815416020e-02,6.009385927326247323e-01,-7.949789541843224616e-02,1.136645925673085561e-01,9.436414392425902520e-01,3.005017124156212915e-01,-1.014907615102571548e+00,3.641855844640769224e-02,3.772519239496238685e-01,1.806137242721370662e+00,-3.095253264170652607e-01,1.019750242961977721e-01,-1.191696233517131720e+00,1.958214707305154234e-01,3.575004633207405913e-01,1.879114411537593510e+00,-2.291521511483442519e-01,1.362836285377739820e-01,-3.914993299994629257e-03,-4.616486233233028494e-13,-3.517260398403150979e-12,-7.982731390624102641e-01,3.000000000000440648e-01,2.813270508219654655e-14,-4.575087044248797863e-01,8.256155465356307629e-16,7.237612733080975450e-14,2.239852517984299696e-15,-9.042551216703926809e-01,-2.999999999999378164e-01,-8.751248531779753652e-15,-4.867311710132030678e-01,-7.461986399408890991e-16,6.882162458434648302e-14,-1.109557504626795708e-15
3.116329533799217510e-01,-8.568871463480860762e-02,5.804719060346337223e-01,-6.993215815046607831e-02,1.168064784231323538e-01,9.661498140785763633e-01,2.191352929373472369e-01,-8.999769469517904241e-01,8.078891595031706396e-02,5.299035395754116973e-01,1.598442797049929753e+00,-7.481879559687322212e-01,1.722123546279108464e-01,-1.119260716790154930e+00,2.061921141231816690e-01,5.348712032878982781e-01,1.735527645987916978e+00,-6.476262750883459152e-01,2.216761646244304607e-01,-3.460149775876672495e-02,-4.690308922539884099e-13,-3.654326857424452524e-12,-8.049758107520461614e-01,3.000000000000447309e-01,2.880968945603940220e-14,-3.596188980898872845e-01,8.591995321112228441e-16,7.535545513423202701e-14,2.295060454394133309e-15,-9.434206760596416386e-01,-2.999999999999361511e-01,-9.546512013788899936e-15,-4.602797663298239805e-01,-7.775816205790613850e-16,7.170069699291346120e-14,-1.207908172714194740e-15
3.275889637736492110e-01,-7.535695046492849047e-02,5.541835633386752447e-01,-6.376388215480886801e-02,1.203834287685500576e-01,9.786309076354950953e-01,1.540244916596134050e-01,-9.538894761171170522e-01,4.672934078730731078e-02,5.236370033629386134e-01,1.627956306885612436e+00,-8.219304741325953456e-01,1.864990418564382302e-01,-1.154466385056833522e+00,1.428132048083824157e-01,5.400351405329030241e-01,1.796591295559705648e+00,-7.702641603285133032e-01,2.285797553327529597e-01,2.711410151098961330e-02,-4.737471024750396224e-13,-3.739559168475324334e-12,-6.968828174004960685e-01,3.000000000000460632e-01,3.013573959604958826e-14,-8.860464361579997727e-02,8.770489828741326755e-16,7.689680815369101825e-14,2.449361729391029467e-15,-8.429113475511997855e-01,-2.999999999999336531e-01,-8.479384726335489526e-15,-3.092911908438543689e-01,-7.918593580308600317e-16,7.307371246641493037e-14,-1.077648063783667422e-15
3.405334676412214989e-01,-6.566510659249084891e-02,5.301493883857266720e-01,-5.953126692636750983e-02,1.229337295883779352e-01,9.856101851233771693e-01,9.957855877996740768e-02,-1.047603660614919496e+00,-6.060593999067068194e-03,4.765730731158255296e-01,1.713913897264257802e+00,-8.079409432908134514e-01,1.858255976891059480e-01,-1.211318875206841561e+00,6.762805206555963511e-02,4.990064839890736015e-01,1.900050612782918646e+00,-8.154046300901781619e-01,2.178072330323611860e-01,9.606559232689924899e-02,-4.760994697777330938e-13,-3.774135854984256691e-12,-5.964610931306149055e-01,3.000000000000461187e-01,3.027594391617621089e-14,1.803842014799865445e-01,8.841162171491294091e-16,7.752788044853742683e-14,2.455687571201126632e-15,-7.248842393238491555e-01,-2.999999999999327649e-01,-8.258468523916870052e-15,-1.305617033124547022e-01,-7.976543796572745032e-16,7.362662733327210425e-14,-1.057684252464219325e-15
3.496717714270752286e-01,-5.780090440168859228e-02,5.134078263855931246e-01,-5.708380117820745919e-02,1.231674148578055378e-01,9.889920121289494936e-01,5.887297771833716747e-02,-1.117418286395721605e+00,-4.610865855327358348e-02,4.407541823790242508e-01,1.772648077363947916e+00,-7.930302324195938057e-01,1.818093071530212101e-01,-1.250911313346949827e+00,9.994600074160378544e-03,4.664249445028382790e-01,1.970775350460657105e+00,-8.466485281554148035e-01,2.071190312902567998e-01,1.341764279251166370e-01,-4.783983531145234422e-13,-3.808884516474226010e-12,-5.472163082776297927e-01,3.000000000000461742e-01,3.043286765323114495e-14,3.792679067378642022e-01,8.910590903165912730e-16,7.814887709688521471e-14,2.464419288233236399e-15,-6.423478763463412733e-01,-2.999999999999318767e-01,-8.034213585643130877e-15,3.452480205395114937e-02,-8.034771191717171695e-16,7.418252052555344173e-14,-1.037041185464582244e-15
3.550039079267706676e-01,-5.176432814491736811e-02,5.039588145025529764e-01,-5.652789884708519369e-02,1.212971984785471691e-01,9.904844874682195988e-01,3.212578992037484760e-02,-1.163333559386538374e+00,-7.341496266375346913e-02,4.161802342613141747e-01,1.804159081751172788e+00,-7.771983494561479633e-01,1.744501990513255829e-01,-1.273243848195845018e+00,-3.008730239745021837e-02,4.422904492908616980e-01,2.008765790645586247e+00,-8.639959742619789385e-01,1.965151493799042193e-01,1.414468740395883051e-01,-4.806437529462473050e-13,-3.843805151463435160e-12,-5.491480218830078197e-01,3.000000000000462297e-01,3.060651066315400031e-14,5.080470762084068337e-01,8.978776034480573211e-16,7.875979818554972356e-14,2.475556859757490463e-15,-5.953019528179162023e-01,-2.999999999999310440e-01,-7.806619940282000264e-15,1.859684428081022356e-01,-8.093275763353608846e-16,7.474139201759664125e-14,-1.015718868637462161e-15
3.592193928190479113e-01,-4.679630137819588281e-02,4.976187647793776092e-01,-5.672511024787556255e-02,1.189096607888775192e-01,9.911774506355393033e-01,1.449192154523741907e-02,-1.197241559982628489e+00,-8.917943238994251176e-02,3.960054687504033222e-01,1.826053356070522327e+00,-7.646933532565741709e-01,1.666510857198222617e-01,-1.290786150427988055e+00,-5.455790579630257625e-02,4.212422047283764237e-01,2.033406257300808928e+00,-8.726697421696720802e-01,1.859741478954254068e-01,1.480337157806443371e-01,-4.828653880672274974e-13,-3.878690609535944743e-12,-5.391723993223256350e-01,3.000000000000463962e-01,3.079163397901520483e-14,6.011047608054779223e-01,9.047066630198517161e-16,7.937093560118519951e-14,2.487962786536368335e-15,-5.564022859607838933e-01,-2.999999999999301559e-01,-7.573596231698659445e-15,3.114781686533439897e-01,-8.151915706601630337e-16,7.530062569612659456e-14,-9.940830309928357031e-16
3.623182356718254171e-01,-4.289681494576391696e-02,4.943876505772334951e-01,-5.770259138493400580e-02,1.160633744304945814e-01,9.915461766687675427e-01,5.990291880997101678e-03,-1.219142391067113751e+00,-9.340216662690271898e-02,3.802298481523323503e-01,1.838330982721993800e+00,-7.555152153147733918e-01,1.584119709286523348e-01,-1.303538261088011740e+00,-6.341734388626285579e-02,4.032801843711502077e-01,2.044696864814247395e+00,-8.726699061980446315e-01,1.754960262980356789e-01,1.539369590056808845e-01,-4.850632586810893907e-13,-3.913540890993163543e-12,-5.172895426224107807e-01,3.000000000000465628e-01,3.098823750244688963e-14,6.584412666050740714e-01,9.115462689416078773e-16,7.998228934193808450e-14,2.501637057702093441e-15,-5.256488059745529906e-01,-2.999999999999293232e-01,-7.335142506420066236e-15,4.110542018018515376e-01,-8.210691020301315798e-16,7.586022155803993548e-14,-9.721336752170744156e-16
3.643077084797317622e-01,-3.956774370609225655e-02,4.918642560855282508e-01,-5.839374511036569959e-02,1.130743807701383996e-01,9.918668817117487491e-01,2.108058074916717688e-03,-1.233923628165609854e+00,-9.155011856927516845e-02,3.663335951766386600e-01,1.850141008891649674e+00,-7.521725238189860274e-01,1.507157996897299235e-01,-1.312793752982870599e+00,-6.447113064973802876e-02,3.868248582377129541e-01,2.053151518741347825e+00,-8.721088480757489547e-01,1.655217496252287535e-01,1.615034867921664452e-01,-4.872344844457874538e-13,-3.948341953476973765e-12,-4.837027444358517059e-01,3.000000000000467293e-01,3.117523308432892093e-14,6.880513512094844630e-01,9.184076223379146257e-16,8.059557974817713893e-14,2.515721095198091635e-15,-4.911574597318122959e-01,-2.999999999999284350e-01,-7.097004638975141793e-15,4.795522617525910247e-01,-8.270330851537805322e-16,7.642677323156975533e-14,-9.497233701567152681e-16
3.651878206950981975e-01,-3.680908279898719576e-02,4.900485752741720047e-01,-5.880162559139166800e-02,1.099489082833733783e-01,9.921922741417714686e-01,2.845615659960371198e-03,-1.241585331940256109e+00,-8.362333997693417731e-02,3.543166938102658148e-01,1.861483438563656501e+00,-7.546652290485866832e-01,1.435625673769320432e-01,-1.318552655905327553e+00,-5.771933259438417896e-02,3.718762134903529359e-01,2.058770243245708453e+00,-8.709865725846499540e-01,1.560513135840195242e-01,1.707332849681692799e-01,-4.893790655883477267e-13,-3.983093797406741440e-12,-4.384121044854879523e-01,3.000000000000468958e-01,3.135262080652527606e-14,6.899352508602741851e-01,9.252907230234736623e-16,8.121080680340112186e-14,2.530214895532969470e-15,-4.529282790808618619e-01,-2.999999999999276024e-01,-6.859182626672637440e-15,5.169726133038562432e-01,-8.330835192945021459e-16,7.700028065744940130e-14,-9.268521197392531471e-16
3.653502951560355094e-01,-3.439767431597474251e-02,4.886096085891384888e-01,-5.896153670015625431e-02,1.067379788122968381e-01,9.925233081738642493e-01,5.293751092586067471e-03,-1.245374061464999293e+00,-7.378422138735377112e-02,3.430012598338714191e-01,1.872527042196109104e+00,-7.602534844308843631e-01,1.368959139761722066e-01,-1.321686625380349867e+00,-4.857962649274529671e-02,3.576042760929625808e-01,2.063072326823365277e+00,-8.706103075200631869e-01,1.471306255763715487e-01,1.786645752138633081e-01,-4.915171422241409366e-13,-4.017915834397881588e-12,-3.880660095200503257e-01,3.000000000000470624e-01,3.152327196732036928e-14,6.780416231240978808e-01,9.321428222227415043e-16,8.182361360928634881e-14,2.544458687911075194e-15,-4.107096359330486557e-01,-2.999999999999267142e-01,-6.628314883219030276e-15,5.350780870426140590e-01,-8.391353076591934331e-16,7.757341084537015079e-14,-9.044643297116073604e-16
3.647951379427279428e-01,-3.233351531495950310e-02,4.875473528387180289e-01,-5.887269645763333614e-02,1.034402176524342326e-01,9.928468059913289068e-01,9.452344504988620041e-03,-1.245289849553604888e+00,-6.203277900283039881e-02,3.323872873042746368e-01,1.883271822320810029e+00,-7.689372637388369736e-01,1.307158353649116589e-01,-1.322195683647680697e+00,-3.705203257636706382e-02,3.440090403121403018e-01,2.066057780629555030e+00,-8.709800465614169207e-01,1.387596809445458268e-01,1.852973685308541285e-01,-4.936487144082763763e-13,-4.052808063855682852e-12,-3.326645023718703409e-01,3.000000000000472289e-01,3.168718662378970070e-14,6.523705847310260486e-01,9.389639201983782649e-16,8.243400018633838179e-14,2.558452474450600917e-15,-3.645015640890850728e-01,-2.999999999999258260e-01,-6.404401349694290614e-15,5.338688466141243705e-01,-8.451884502363808062e-16,7.814616379852816526e-14,-8.825599959776607492e-16
3.639208253726273767e-01,-3.050321170204252016e-02,4.871498618223034649e-01,-5.872101707489692929e-02,1.001250256887643436e-01,9.931457358469627517e-01,1.372474967016999205e-02,-1.242866123403079559e+00,-5.090575643585743687e-02,3.220097298199295910e-01,1.891632939947775593e+00,-7.776547606254594625e-01,1.248574667474728200e-01,-1.320437188598097444e+00,-2.616964478334658090e-02,3.308275701059890106e-01,2.066708037586311608e+00,-8.713819469510246662e-01,1.308589231543235976e-01,1.888461600824858089e-01,-4.958161721928088227e-13,-4.087704858183452506e-12,-2.789239018220054933e-01,3.000000000000473954e-01,3.185369778904870602e-14,6.238601088736190903e-01,9.457836922726541162e-16,8.304396987155514024e-14,2.573006100039386529e-15,-3.188513744998878741e-01,-2.999999999999249378e-01,-6.182202317080902786e-15,5.264412458566359865e-01,-8.512546872859581948e-16,7.871976840447057760e-14,-8.605978720487398205e-16
3.627273601344728760e-01,-2.890676150709824838e-02,4.874171299395534951e-01,-5.850640726436982797e-02,9.679233376495459396e-02,9.934184629809778011e-01,1.811082112608499925e-02,-1.238102902722769461e+00,-4.040314842598119460e-02,3.118685853891466908e-01,1.897610415158280661e+00,-7.864059748066966060e-01,1.193208054135949103e-01,-1.316411159334708536e+00,-1.593245767811496752e-02,3.180598619887214928e-01,2.065023117366609373e+00,-8.718160084179417124e-01,1.234283482445940605e-01,1.893109758500741979e-01,-4.980195152754184032e-13,-4.122606217342733111e-12,-2.268441938780711709e-01,3.000000000000476175e-01,3.202280544122296655e-14,5.925102194728494309e-01,9.526021384567393287e-16,8.365352266844875914e-14,2.588119559961041727e-15,-2.737590624655522054e-01,-2.999999999999241052e-01,-5.961717770934971925e-15,5.127953371570137531e-01,-8.573340186976105995e-16,7.929422465602261583e-14,-8.385779584117005344e-16
3.613600065531427097e-01,-2.745229493225384912e-02,4.885278546116342824e-01,-5.813587160225922035e-02,9.352197594828057237e-02,9.936771851805412670e-01,2.189776471357725643e-02,-1.231134163246068169e+00,-3.172559138629638120e-02,3.018387482591368687e-01,1.900135416301036217e+00,-7.938690748586670898e-01,1.140021746948613884e-01,-1.309650972524319945e+00,-7.702836327022624489e-03,3.056863150354560132e-01,2.060497857046580616e+00,-8.721409738094547670e-01,1.163681278134175157e-01,1.871821386875635318e-01,-5.002111372310637076e-13,-4.157556289807709696e-12,-1.780507666160648372e-01,3.000000000000478395e-01,3.219046233266469329e-14,5.632626115335478412e-01,9.593943243387428741e-16,8.426080461069595596e-14,2.602997945199586808e-15,-2.310865360392002632e-01,-2.999999999999232170e-01,-5.746025717070833232e-15,4.984514371482067774e-01,-8.633993749290335818e-16,7.986723560862453157e-14,-8.169836160803964383e-16
3.598187660852291136e-01,-2.613981078817006337e-02,4.904820287732520323e-01,-5.760984391518529646e-02,9.031472611888918811e-02,9.939291056987118456e-01,2.508563284226833501e-02,-1.221959923447713203e+00,-2.487307002909037307e-02,2.919202174975238373e-01,1.899207972296018454e+00,-8.000440715713813544e-01,1.089015727649181031e-01,-1.300156651069862113e+00,-1.480763913504528489e-03,2.937069259444642366e-01,2.053132280418604072e+00,-8.723568440394174894e-01,1.096782587584845814e-01,1.824596703209337145e-01,-5.023910381579281058e-13,-4.192555075170329377e-12,-1.325435925081445143e-01,3.000000000000480616e-01,3.235666847552632004e-14,5.361172674457542753e-01,9.661602501386362491e-16,8.486581571731872937e-14,2.617641257724146782e-15,-1.908337749512683257e-01,-2.999999999999223843e-01,-5.535126115343718908e-15,4.834095516770055001e-01,-8.694507560972915363e-16,8.043880127438302994e-14,-7.958148414899892605e-16
3.581413416197301025e-01,-2.488281021984672242e-02,4.931867106400649736e-01,-5.688935924425302104e-02,8.714700605053603277e-02,9.941894020359396400e-01,2.750332744645749006e-02,-1.210913518830258440e+00,-1.989343361290580800e-02,2.819096894546888610e-01,1.895141208099045516e+00,-8.047800636320586731e-01,1.039106754507110320e-01,-1.288047603463377877e+00,2.680968819187912969e-03,2.818894615108383239e-01,2.043242282959913059e+00,-8.725160519202761478e-01,1.031949230902625830e-01,1.764448667672039450e-01,-5.045505173966592130e-13,-4.227542063049235363e-12,-8.983005961272150230e-02,3.000000000000482836e-01,3.252076260470429140e-14,5.121421064438128612e-01,9.729112837263302601e-16,8.546950950237766858e-14,2.632128726319313726e-15,-1.523712749540742928e-01,-2.999999999999215516e-01,-5.328429304774933857e-15,4.691251827356955895e-01,-8.754972385221435735e-16,8.100972261111095399e-14,-7.749481090265843418e-16
3.563277342908736656e-01,-2.368129276518091131e-02,4.966418939613620465e-01,-5.597474824194228343e-02,8.401936076526014818e-02,9.944635720819509084e-01,2.915095843801215544e-02,-1.197994964986296873e+00,-1.678666653915184687e-02,2.718071648968444221e-01,1.887935149856395656e+00,-8.080770630256554066e-01,9.902948183854952402e-02,-1.273323851481988678e+00,4.782379030889225002e-03,2.702339203859656092e-01,2.030827885695508428e+00,-8.726185979239512447e-01,9.691811908860858971e-02,1.691377387897731455e-01,-5.066895751173420038e-13,-4.262517253542683625e-12,-4.991014466255424414e-02,3.000000000000484501e-01,3.268274473778881715e-14,4.913371021243990167e-01,9.796474252258567183e-16,8.607188597684425107e-14,2.646460352283056102e-15,-1.156990211371719812e-01,-2.999999999999207190e-01,-5.125935250360927424e-15,4.555983240151919023e-01,-8.815388222443896782e-16,8.157999962417470359e-14,-7.543834161745805780e-16
3.543564979711384955e-01,-2.252712989409718508e-02,5.007193424078267840e-01,-5.482829494354626160e-02,8.098576286860802165e-02,9.947484303047559040e-01,3.017821552705578225e-02,-1.183229033483484738e+00,-1.516825406531481339e-02,2.617894431300715752e-01,1.878044280036897273e+00,-8.102264596856001422e-01,9.431531252893388118e-02,-1.256210809725250455e+00,5.328488320991653544e-03,2.588889154245642144e-01,2.016283963233446386e+00,-8.726696714225156137e-01,9.091229019994409577e-02,1.616105861648484132e-01,-5.088113107137304073e-13,-4.297498635898124996e-12,-1.109746895851047160e-02,3.000000000000486722e-01,3.284427006559116203e-14,4.732868534587219567e-01,9.863632419972920043e-16,8.667242481526588822e-14,2.660694645893810766e-15,-7.935433296897020927e-02,-2.999999999999198863e-01,-4.926621905224668399e-15,4.427628470579718090e-01,-8.875602145710881716e-16,8.214836210266768499e-14,-7.341334349150364584e-16
3.522276339658017563e-01,-2.142032121446683229e-02,5.054190508266734883e-01,-5.345012372843380155e-02,7.804641013880964096e-02,9.950459239522718713e-01,3.058514940015100506e-02,-1.166615739619387249e+00,-1.503818386678875199e-02,2.518565234521444873e-01,1.865468620872648087e+00,-8.112282631148374223e-01,8.976816613878731144e-02,-1.236708497978135535e+00,4.319309568463026126e-03,2.478544440551797567e-01,1.999610533207669683e+00,-8.726692728421973078e-01,8.517743418040767123e-02,1.538634107143860563e-01,-5.109157243292636204e-13,-4.332486210064285589e-12,2.660797666811692483e-02,3.000000000000488942e-01,3.300533859189399613e-14,4.579913376354987076e-01,9.930587342089390006e-16,8.727112603285949231e-14,2.674831607957556509e-15,-4.333720773699876322e-02,-2.999999999999190536e-01,-4.730489243027682290e-15,4.306187461389157645e-01,-8.935614156694378269e-16,8.271481006244359164e-14,-7.141981626419223726e-16
3.500265804188040231e-01,-2.034889866431409053e-02,5.107357705497113098e-01,-5.194854804093812506e-02,7.516197651231762422e-02,9.953468743789823936e-01,3.060433477778084707e-02,-1.148489622129709176e+00,-1.576114896025618967e-02,2.419414013532230900e-01,1.850170645906030531e+00,-8.108458991073155264e-01,8.534489077020875059e-02,-1.215412795163192339e+00,2.479860077437835621e-03,2.369850552875210625e-01,1.980528764424114740e+00,-8.718667299041873431e-01,7.965530622782818204e-02,1.463327517180414150e-01,-5.130354573901263082e-13,-4.367441185576397238e-12,6.280162269503826444e-02,3.000000000000491163e-01,3.317107429024466014e-14,4.450696540305552062e-01,9.997498400036864988e-16,8.786911852807191167e-14,2.689417597741374738e-15,-8.146860422040682476e-03,-2.999999999999182765e-01,-4.534754924129215572e-15,4.195743042058208694e-01,-8.995510460511508480e-16,8.328007242408632072e-14,-6.943269631053759394e-16
3.477533379244631129e-01,-1.931286195231413788e-02,5.166694964972464721e-01,-5.032358193126285767e-02,7.233248808389461382e-02,9.956512172011827699e-01,3.023577277008245717e-02,-1.128850693469134470e+00,-1.733714232289893659e-02,2.320440766867844784e-01,1.832150377549163878e+00,-8.090793790585255607e-01,8.104548540340023033e-02,-1.192323716044943804e+00,-1.898533166803961260e-04,2.262807477625058961e-01,1.959038676710009641e+00,-8.702620492123319673e-01,7.434590459087064840e-02,1.390186073932907496e-01,-5.151705097701973579e-13,-4.402363562702834815e-12,9.748348156850733526e-02,3.000000000000493383e-01,3.334147712221954427e-14,4.345217831007467391e-01,1.006436559417646776e-15,8.846640230673790234e-14,2.704452611548536244e-15,2.621671578255204901e-02,-2.999999999999174438e-01,-4.339418945249810170e-15,4.096295122054799953e-01,-9.055291058114859364e-16,8.384414919735660600e-14,-6.745198357779030291e-16
3.455007050346683428e-01,-1.832018765761187634e-02,5.232808335574211656e-01,-4.866011554142490175e-02,6.955429325909290306e-02,9.959473471762078089e-01,2.971994443799925306e-02,-1.107824912666676376e+00,-1.921821576857110983e-02,2.222453063842937671e-01,1.811031399610072201e+00,-8.055431875828772403e-01,7.686791194409921257e-02,-1.167868815685414230e+00,-3.067073610701334576e-03,2.157831832054155075e-01,1.934626702039985435e+00,-8.670246702599689881e-01,6.925467818446719159e-02,1.320640201504084954e-01,-5.173017926563888263e-13,-4.437246183398997780e-12,1.299712713933623698e-01,3.000000000000495604e-01,3.351276059139896964e-14,4.262039344462187906e-01,1.013097761433777024e-15,8.906133125795473427e-14,2.719550074838406746e-15,5.883541086252539604e-02,-2.999999999999166667e-01,-4.145714103260071941e-15,4.013472829293264210e-01,-9.114814994000729562e-16,8.440581982478583788e-14,-6.548699833139580541e-16
3.432686815807343694e-01,-1.737087542529506048e-02,5.305697761841317028e-01,-4.695816799594015878e-02,6.682742285819912031e-02,9.962352759623309684e-01,2.905685703676343101e-02,-1.085412291073426738e+00,-2.140436680025658775e-02,2.125450896391043176e-01,1.786813737451039774e+00,-8.002373391647576995e-01,7.281216939513723840e-02,-1.142048105263562707e+00,-6.151799106224785374e-03,2.054923599241023635e-01,1.907292864329070747e+00,-8.621546064103889906e-01,6.438162522289957168e-02,1.254689870464958390e-01,-5.194293060795533788e-13,-4.472089047990283153e-12,1.602650101275955863e-01,3.000000000000497824e-01,3.368492469057510153e-14,4.201160898147094924e-01,1.019733446260931913e-15,8.965390540099618525e-14,2.734709987099850918e-15,8.970923909936320828e-02,-2.999999999999158340e-01,-3.953640384809490897e-15,3.947276027696351441e-01,-9.174082270269839887e-16,8.496508432606778371e-14,-6.353774044262793669e-16
3.410986181396578054e-01,-1.646648936445080716e-02,5.385208143251681845e-01,-4.527492907440550801e-02,6.414970014223449202e-02,9.965093317955023844e-01,2.835751070616349817e-02,-1.061766061378078829e+00,-2.361331241298446695e-02,2.030028095904090335e-01,1.759368014416278880e+00,-7.929703158666890905e-01,6.889107260475059447e-02,-1.115157401412324223e+00,-9.145642237695632976e-03,1.954511142232466248e-01,1.876855144565613642e+00,-8.552670544056125701e-01,5.973848977494559953e-02,1.191782039972868606e-01,-5.215454449952781336e-13,-4.506841290327893170e-12,1.881617765256156372e-01,3.000000000000500044e-01,3.385696226775774158e-14,4.159185330337619724e-01,1.026345750268612048e-15,9.024433796500355915e-14,2.749857053040423576e-15,1.184989334153833396e-01,-2.999999999999150568e-01,-3.764001182351917210e-15,3.899288183397702223e-01,-9.233111758869533868e-16,8.552209669274474138e-14,-6.161135316553143882e-16
3.389905142072801025e-01,-1.560702910952216013e-02,5.471339425931671663e-01,-4.361043600653222163e-02,6.152118083618727390e-02,9.967699350508306688e-01,2.762192532398848738e-02,-1.036886233618301345e+00,-2.584505242127894259e-02,1.936184649531026980e-01,1.728694256771996063e+00,-7.837421336464328592e-01,6.510462047734864866e-02,-1.087196712838061519e+00,-1.204860374460890726e-02,1.856594440720760741e-01,1.843313568005398917e+00,-8.463620306616130851e-01,5.532526996980383777e-02,1.131916685271482786e-01,-5.236502094961156348e-13,-4.541502911149207648e-12,2.136615900911970067e-01,3.000000000000502265e-01,3.402887332397637220e-14,4.136112487224110623e-01,1.032934673647063266e-15,9.083262896740252831e-14,2.764991272764653523e-15,1.452045107688448855e-01,-2.999999999999142797e-01,-3.576796476078089563e-15,3.869509148233989948e-01,-9.291903461734650648e-16,8.607685694314196235e-14,-5.970783631401184503e-16
3.369453693269989780e-01,-1.478904676595747120e-02,5.563063961052854278e-01,-4.197153457350517869e-02,5.893000359411552230e-02,9.970159630232720005e-01,2.692237802870198204e-02,-1.010886387621118931e+00,-2.789936470113075009e-02,1.844338941984900448e-01,1.694997076904905864e+00,-7.726452707906533712e-01,6.145951502620061735e-02,-1.058338100973380991e+00,-1.466987011412394966e-02,1.761451547054962707e-01,1.806826875137653721e+00,-8.354318475189506099e-01,5.113850430588508938e-02,1.074751651093634741e-01,-5.257442034412697025e-13,-4.576051242271151906e-12,2.371768336815819334e-01,3.000000000000504485e-01,3.420087750891443604e-14,4.127275450693865255e-01,1.039495427010359425e-15,9.141837256316855097e-14,2.780144639443843795e-15,1.701206425063629402e-01,-2.999999999999135025e-01,-3.391621044807827456e-15,3.854561021560203304e-01,-9.350477031180866181e-16,8.662946462329686204e-14,-5.782106739561782237e-16
3.349631829895457491e-01,-1.401254199824664148e-02,5.660381703372047157e-01,-4.035826238851644016e-02,5.637622417565123223e-02,9.972479143836889826e-01,2.625888920078339739e-02,-9.837665324462309124e-01,-2.977625068773256944e-02,1.754490957106229210e-01,1.658276499271125859e+00,-7.596797424148954425e-01,5.795575510796936031e-02,-1.028581573081481793e+00,-1.700944362484062972e-02,1.669082438798056289e-01,1.767395089785088524e+00,-8.224765213589086965e-01,4.717819095142761210e-02,1.020286915596739369e-01,-5.278274269178620846e-13,-4.610486284610114430e-12,2.587075233497307947e-01,3.000000000000506706e-01,3.437297482181860879e-14,4.132674105595067204e-01,1.046028010586364179e-15,9.200156877290730507e-14,2.795317152923116543e-15,1.932473431025592270e-01,-2.999999999999127254e-01,-3.208474872126556166e-15,3.854443683410813670e-01,-9.408832468972637489e-16,8.717991975062132980e-14,-5.595104627487724235e-16
3.330316718124977093e-01,-1.327724096446518051e-02,5.762157751836648467e-01,-3.879494112754776347e-02,5.387067181397999643e-02,9.974645714926484441e-01,2.563848431962405597e-02,-9.556630737643742046e-01,-3.144498266699268657e-02,1.667251317261692622e-01,1.618701014053140153e+00,-7.449299646958321697e-01,5.461438626132393559e-02,-9.980664552399673983e-01,-1.905682266761961688e-02,1.580041148939851925e-01,1.725213432635616773e+00,-8.076083807106196888e-01,4.345459026423232479e-02,9.681359119051062556e-02,-5.298769856361080669e-13,-4.644756503808920031e-12,2.785399882551595763e-01,3.000000000000508926e-01,3.454216127950693606e-14,4.147405107332201579e-01,1.052526796718090883e-15,9.258184248820020714e-14,2.810223751339068364e-15,2.148062903995357764e-01,-2.999999999999119482e-01,-3.029217785729227705e-15,3.865629944776096116e-01,-9.466897118062897802e-16,8.772758282898326895e-14,-5.411633399215499443e-16
3.311508353883792499e-01,-1.258314333329655851e-02,5.868392070597711063e-01,-3.728161190273639181e-02,5.141340694612928086e-02,9.976666176277052545e-01,2.506118655251174387e-02,-9.265760194846400788e-01,-3.290556231266385245e-02,1.582620001477758331e-01,1.576270644207073746e+00,-7.283959519804957816e-01,5.143540718048835586e-02,-9.667927535486103841e-01,-2.081200959197751846e-02,1.494327650721579415e-01,1.680281925800777287e+00,-7.908274409548997630e-01,3.996770034090815771e-02,9.182986214141694581e-02,-5.318928798667037166e-13,-4.678861901192899460e-12,2.966742420531824909e-01,3.000000000000511147e-01,3.470843690538541316e-14,4.171468380864478687e-01,1.058991785677302317e-15,9.315919373254684293e-14,2.824864436829905165e-15,2.347974970034943099e-01,-2.999999999999112266e-01,-2.853849754343953751e-15,3.888119714764546320e-01,-9.524670980789860426e-16,8.827245388083334531e-14,-5.231693026353500982e-16
3.293108108002397172e-01,-1.192314985515075323e-02,5.977582704410766556e-01,-3.582139440391504670e-02,4.898725432736248525e-02,9.978553088283808048e-01,2.453282004667193053e-02,-8.966560194436106190e-01,-3.409848409010451942e-02,1.500506949104423726e-01,1.531315471434278486e+00,-7.102632753280992972e-01,4.840750778666393778e-02,-9.348740521536038628e-01,-2.223940398463291820e-02,1.411698182795833034e-01,1.632899030330578594e+00,-7.723283205195028422e-01,3.668857446069610784e-02,8.700504955660408324e-02,-5.338985880374757183e-13,-4.712777408752769396e-12,3.134483277569329318e-01,3.000000000000513367e-01,3.487501459063777376e-14,4.200650547060602591e-01,1.065422740881923975e-15,9.373344689209186783e-14,2.839552449347337227e-15,2.535214008906148675e-01,-2.999999999999105049e-01,-2.680273973134719200e-15,3.917388281803076411e-01,-9.582191183465563966e-16,8.881480826099636719e-14,-5.053317858504967212e-16
3.275115977218707730e-01,-1.129726025743384155e-02,6.089729629646037923e-01,-3.441432028281021099e-02,4.659226126732950862e-02,9.980311866802532572e-01,2.405340231806229329e-02,-8.659030802990071995e-01,-3.502375013869950260e-02,1.420912140013251557e-01,1.483835515915461700e+00,-6.905319475167366328e-01,4.553068687227329603e-02,-9.023103562104198838e-01,-2.333900846562599052e-02,1.332152720512010668e-01,1.583064765818928743e+00,-7.521110331378180192e-01,3.361721096294169320e-02,8.233915216585541152e-02,-5.358941102298412827e-13,-4.746503028006314174e-12,3.288622562382115255e-01,3.000000000000515588e-01,3.504189433284966806e-14,4.234951565005352081e-01,1.071819662603987045e-15,9.430460199159819364e-14,2.854287788513080502e-15,2.709780121904266648e-01,-2.999999999999097833e-01,-2.508490427776098344e-15,3.953435591708875929e-01,-9.639457728117507168e-16,8.935464598958802262e-14,-4.876507883159240625e-16
3.257241110715720644e-01,-1.070399982763069191e-02,6.203471817473721339e-01,-3.306625289990187261e-02,4.423936877509534321e-02,9.981945452681169062e-01,2.360404555406180396e-02,-8.343849622823419354e-01,-3.572692706376688621e-02,1.344107453050503165e-01,1.434047678638302070e+00,-6.693707593590944027e-01,4.281001383294307655e-02,-8.691385483943429024e-01,-2.417386541630066332e-02,1.255887571060577135e-01,1.531028997386205903e+00,-7.304101779949300211e-01,3.074643017837886891e-02,7.784468415000811436e-02,-5.378386458970348073e-13,-4.779977203058647327e-12,3.432141754660985589e-01,3.000000000000517808e-01,3.520360647251615703e-14,4.271672435941392121e-01,1.078166590184482171e-15,9.487150325089027339e-14,2.868544931768384133e-15,2.874368048989028313e-01,-2.999999999999091171e-01,-2.341529341499175056e-15,3.993677004844449763e-01,-9.696312118951416099e-16,8.989054450446140193e-14,-4.704110692799911610e-16
3.239483507561766173e-01,-1.014336830650153232e-02,6.318809255219403065e-01,-3.177722167510627777e-02,4.192862082903186377e-02,9.983459648468625547e-01,2.318476680869639012e-02,-8.021016714729850561e-01,-3.620801662981177477e-02,1.270092866048569968e-01,1.381951977938993270e+00,-6.467797222154583192e-01,4.024548742807348284e-02,-8.353586335368410332e-01,-2.474397694008443477e-02,1.182902708379342527e-01,1.476791742523428264e+00,-7.072257668778316742e-01,2.807623051337163750e-02,7.352164414705039674e-02,-5.397321954441458838e-13,-4.813199935907500508e-12,3.565040938782912394e-01,3.000000000000519473e-01,3.536015105069401134e-14,4.310813140642915098e-01,1.084463524020614228e-15,9.543415070376499084e-14,2.882323882912529640e-15,3.028977869437435300e-01,-2.999999999999083955e-01,-2.179390675989359347e-15,4.038112487887513535e-01,-9.752754359241868153e-16,9.042250383691368431e-14,-4.536126252367265176e-16
3.221770034630020429e-01,-9.608187818614952538e-03,6.434291387182958788e-01,-3.054753440567701400e-02,3.964169763501333016e-02,9.984868300140344877e-01,2.279109999260462913e-02,-7.691644160290521670e-01,-3.643755653105923420e-02,1.198574744859920715e-01,1.327825030163270137e+00,-6.229258262587362704e-01,3.781272847564625533e-02,-8.010363261743085328e-01,-2.503515243867762696e-02,1.112767092809551356e-01,1.420591149400914466e+00,-6.827333097969694453e-01,2.556797515253814504e-02,6.929672479348882030e-02,-5.416193778212081386e-13,-4.846145913173664259e-12,3.688819338918854496e-01,3.000000000000521694e-01,3.551748721334634729e-14,4.350230727428311961e-01,1.090715708975997492e-15,9.599268004246861090e-14,2.896195440800437477e-15,3.175037946071617712e-01,-2.999999999999077294e-01,-2.018654816938340596e-15,4.084158146785311638e-01,-9.808839027672660384e-16,9.095099241087455915e-14,-4.369558103849424967e-16
3.204100691571983295e-01,-9.098458162982102013e-03,6.549918212221725877e-01,-2.937721213665114503e-02,3.737863184772929198e-02,9.986175563213597339e-01,2.242305721854351633e-02,-7.355732011149542782e-01,-3.641554875401712549e-02,1.129553069769765050e-01,1.271666851352053484e+00,-5.978090814618255422e-01,3.551173593508327730e-02,-7.661716305900625468e-01,-2.504739411486038569e-02,1.045480701850470678e-01,1.362427233523303638e+00,-6.569328170820869506e-01,2.322166281699124257e-02,6.516992531445675585e-02,-5.435001930785036920e-13,-4.878815137042699202e-12,3.803477027096375251e-01,3.000000000000523914e-01,3.567561495422195970e-14,4.389925194111023443e-01,1.096923145404017587e-15,9.654709129952218311e-14,2.910159604700784676e-15,3.312548346409587285e-01,-2.999999999999070077e-01,-1.859321753268042952e-15,4.131813968822155014e-01,-9.864566127067565760e-16,9.147601025375289132e-14,-4.204406236061819997e-16
3.186141815505535990e-01,-8.612837342360428125e-03,6.664351234851116912e-01,-2.826025725446956391e-02,3.514884123435413343e-02,9.987386674829786815e-01,2.206787017629356640e-02,-7.013374517367421124e-01,-3.618580819592490810e-02,1.063193333615595759e-01,1.213668260706067148e+00,-5.716049096789802553e-01,3.333755131030201324e-02,-7.307541772289493087e-01,-2.483274346722414913e-02,9.811496714530874852e-02,1.302514502087862347e+00,-6.300435513535945775e-01,2.102367155394816930e-02,6.119006635231220154e-02,-5.453176952697685031e-13,-4.911126464384240164e-12,3.911379079697413497e-01,3.000000000000526135e-01,3.582687918106824452e-14,4.429482828199791111e-01,1.103060304501885186e-15,9.709550941495498996e-14,2.923484673159416990e-15,3.443649409851858856e-01,-2.999999999999063416e-01,-1.705330003201706215e-15,4.180451073857456290e-01,-9.919715478132684411e-16,9.199553603007526038e-14,-4.044187778412582650e-16
3.167893408703260083e-01,-8.151325167516579664e-03,6.777590464441439755e-01,-2.719668851693918254e-02,3.295235490829335340e-02,9.988505808689234211e-01,2.172555033882578659e-02,-6.664571729534496392e-01,-3.574833648730390417e-02,9.994955155035116501e-02,1.153829272670939821e+00,-5.443133194455548329e-01,3.129017360597081965e-02,-6.947839704296357999e-01,-2.439120227667595023e-02,9.197739784203966262e-02,1.240852968821269053e+00,-6.020655211574115206e-01,1.897400019921774081e-02,5.735714675370011395e-02,-5.470718848919550538e-13,-4.943079898007462783e-12,4.012525549747822939e-01,3.000000000000527800e-01,3.597127994775780669e-14,4.468903630768630841e-01,1.109127186821216403e-15,9.763793443580795580e-14,2.936170651192677248e-15,3.568341186706142087e-01,-2.999999999999057310e-01,-1.556679524814672682e-15,4.230069454188998268e-01,-9.974287085402838470e-16,9.250956978294959530e-14,-3.888902692178741379e-16
3.149326163778253251e-01,-7.707525373906474152e-03,6.888415216958546639e-01,-2.618392617916780879e-02,3.077125939740629409e-02,9.989543237392980446e-01,2.139604373483743049e-02,-6.309789916577390745e-01,-3.507280096483034182e-02,9.382233698838106373e-02,1.092297117989415201e+00,-5.160302484113350463e-01,2.934145918113486434e-02,-6.582722763155849366e-01,-2.369998934054153711e-02,8.610286720061684218e-02,1.177543188237676786e+00,-5.730837306995644198e-01,1.703566104220128122e-02,5.359563367678162743e-02,-5.488223519735154364e-13,-4.974648921465053546e-12,4.106993979241964632e-01,3.000000000000529465e-01,3.611687334131771926e-14,4.507668528625711213e-01,1.115133598829003218e-15,9.817475485154060153e-14,2.948985244951488890e-15,3.686800433896375018e-01,-2.999999999999050648e-01,-1.409287910116709655e-15,4.279922135906572001e-01,-1.002833837462798569e-15,9.301864691478010257e-14,-3.735075699193633509e-16
3.130440083217828073e-01,-7.281437823352683754e-03,6.996825511238200512e-01,-2.522198304166407834e-02,2.860557607390468507e-02,9.990501655340527920e-01,2.107935803832589397e-02,-5.949029125139537744e-01,-3.415920348568219495e-02,8.793768778333919955e-02,1.029071809870186094e+00,-4.867557043110380954e-01,2.749140726610443605e-02,-6.212190991110352334e-01,-2.275910660655442591e-02,8.049137316902905959e-02,1.112585173195355548e+00,-5.430981878105647365e-01,1.520865321437659019e-02,4.990552656450180508e-02,-5.505690965434900316e-13,-5.005833537755862866e-12,4.194784420276415071e-01,3.000000000000531131e-01,3.626365935244408730e-14,4.545777526887861408e-01,1.121079540996985437e-15,9.870597070587543554e-14,2.961928453432497758e-15,3.799027200043624264e-01,-2.999999999999044542e-01,-1.263155149287198780e-15,4.330009117182350709e-01,-1.008186934986721774e-15,9.352276746423424464e-14,-3.582706788082415296e-16
3.110922976317220812e-01,-6.872543366652218190e-03,7.101625623624291395e-01,-2.429879261741736685e-02,2.646407235845381692e-02,9.991385238107400868e-01,2.077093615698491144e-02,-5.581803740358632915e-01,-3.304440066203704479e-02,8.231866322288954041e-02,9.642424554469811726e-01,-4.566076301177446894e-01,2.573318450908185923e-02,-5.835696709914618419e-01,-2.160825445318706461e-02,7.516350951927883162e-02,1.046086960182800008e+00,-5.122516467452826738e-01,1.348116927862696643e-02,4.634931592622254515e-02,-5.522462339527651330e-13,-5.036524218335284278e-12,4.277606665420390364e-01,3.000000000000532796e-01,3.640254486212764067e-14,4.584167479613706631e-01,1.126930969438719525e-15,9.922905040883175002e-14,2.974135292478634793e-15,3.906473367065709801e-01,-2.999999999999037881e-01,-1.122493390527570062e-15,4.381047283101002221e-01,-1.013461518185098508e-15,9.401945798241985873e-14,-3.435427366148235242e-16
3.090774847968920658e-01,-6.480841870503141131e-03,7.202815582107374714e-01,-2.341436646768033439e-02,2.434676743372819752e-02,9.992196701937604564e-01,2.047078543480976287e-02,-5.208113812356128802e-01,-3.172839405388531292e-02,7.696526124758429344e-02,8.978090671563335734e-01,-4.255860326041306374e-01,2.406679019809494779e-02,-5.453239965797326283e-01,-2.024743450837973233e-02,7.011927405231579979e-02,9.780485611415128400e-01,-4.805441141792312076e-01,1.185320846332121696e-02,4.292700072381427229e-02,-5.538537647410209586e-13,-5.066720967032914409e-12,4.355460753193433621e-01,3.000000000000534461e-01,3.653352993162274078e-14,4.622838384624944341e-01,1.132687884886991788e-15,9.974399402349100292e-14,2.985605767799139197e-15,4.009138972027695424e-01,-2.999999999999031775e-01,-9.873025914199102028e-16,4.433036626287776283e-01,-1.018657587666667683e-15,9.450871852694367023e-14,-3.293237393931135895e-16
3.069997848289597875e-01,-6.100536666253974019e-03,7.299400460408447255e-01,-2.256531651853327380e-02,2.223679687566862406e-02,9.992942673807357901e-01,2.018163856398477729e-02,-4.827455813828337994e-01,-3.018468841598067123e-02,7.186849226451966222e-02,8.297049681844470559e-01,-3.936680431688394100e-01,2.246561244048424916e-02,-5.064014706444480707e-01,-1.865388809005066525e-02,6.534578900872792251e-02,9.083497093492591823e-01,-4.479293022134894220e-01,1.029325555550318454e-02,3.954761955843273669e-02,-5.554504444155666408e-13,-5.096393298185668328e-12,4.427710123247442509e-01,3.000000000000536127e-01,3.666533105327599690e-14,4.661795037085723070e-01,1.138361347259226415e-15,1.002512180102723294e-13,2.997168722532616224e-15,4.106601112864459724e-01,-2.999999999999026223e-01,-8.541424657642072873e-16,4.485926231841234624e-01,-1.023777946185912957e-15,9.499083102773349966e-14,-3.153306511449880387e-16
3.048591982124879141e-01,-5.731627666093164555e-03,7.391380294010914120e-01,-2.175165035925524792e-02,2.013417517028079015e-02,9.993624624656307631e-01,1.990349998095381628e-02,-4.439829798466154998e-01,-2.841328550280656368e-02,6.702835429626809172e-02,7.599301714046052814e-01,-3.608536687188164116e-01,2.092965073373834195e-02,-4.668020984009345065e-01,-1.682761699142113973e-02,6.084305230230899197e-02,8.369904176002824769e-01,-4.144072178388937822e-01,8.801310031153298380e-03,3.621117209925942687e-02,-5.570362730600130547e-13,-5.125541215834328175e-12,4.494354818768303006e-01,3.000000000000537792e-01,3.679794822079949341e-14,4.701037434794280712e-01,1.143951357198452331e-15,1.007507224286575961e-13,3.008824155966487425e-15,4.198859829670119059e-01,-2.999999999999020117e-01,-7.230129979135657935e-16,4.539716092824608862e-01,-1.028822594326208212e-15,9.546579553986697172e-14,-3.015634701297563084e-16
3.026278898816587848e-01,-5.374320732083538027e-03,7.477658954740376007e-01,-2.096066951041471171e-02,1.804761880404672642e-02,9.994245408430614264e-01,1.963468741322316885e-02,-4.043622517265258454e-01,-2.645731964885717630e-02,6.247563164960520665e-02,6.883209445617529676e-01,-3.271181133173656774e-01,1.945395652050400936e-02,-4.263687261499941039e-01,-1.481210487889099252e-02,5.664311100325670340e-02,7.638327951958727713e-01,-3.799741459713522618e-01,7.369566466025143092e-03,3.296706714395226251e-02,-5.585508952242505115e-13,-5.154021258340146470e-12,4.556839929133968403e-01,3.000000000000538902e-01,3.692212485069677523e-14,4.741426075045143684e-01,1.149416536840185381e-15,1.012393686467916692e-13,3.019689515761874817e-15,4.287087650627363078e-01,-2.999999999999014566e-01,-5.971682596039026018e-16,4.595064991244119379e-01,-1.033761251880733373e-15,9.593077731973377531e-14,-2.882974659111556780e-16
3.003058605311578755e-01,-5.028615775384331563e-03,7.558236486252553066e-01,-2.019238128058852000e-02,1.597714131755677280e-02,9.994806652008435544e-01,1.937520537226841699e-02,-3.638834035935170630e-01,-2.431679226739048849e-02,5.821032212369917080e-02,6.148773017027129306e-01,-2.924613840182668234e-01,1.803852933929361510e-02,-3.851013602778340372e-01,-1.260735320153972064e-02,5.274596279296893397e-02,6.888768559064281094e-01,-3.446300935865899140e-01,5.998024399132894507e-03,2.981530398541489685e-02,-5.599943114535301774e-13,-5.181833430817258631e-12,4.615165486195723643e-01,3.000000000000540012e-01,3.703786100759975276e-14,4.782960949061162426e-01,1.154756887140291478e-15,1.017171567478193015e-13,3.029764807968627626e-15,4.371284606602061640e-01,-2.999999999999009015e-01,-4.766082103683387744e-16,4.651972915161713962e-01,-1.038593919661092600e-15,9.638577644377493603e-14,-2.755326346515136262e-16
2.978946377209772955e-01,-4.688158715041252332e-03,7.631793663993431398e-01,-1.944539304778125990e-02,1.390605437206006607e-02,9.995311878427053376e-01,1.912858778815697269e-02,-3.224874891770384555e-01,-2.196433514248668020e-02,5.424306345184885109e-02,5.395030140041037203e-01,-2.568426204993437545e-01,1.665812324061365784e-02,-3.428859442850296091e-01,-1.018954044069826821e-02,4.916082324519072816e-02,6.119148377701212338e-01,-3.082774506492681477e-01,4.657983184233199965e-03,2.661798334390175561e-02,-5.613843515251714703e-13,-5.208968064321214884e-12,4.669348954610568203e-01,3.000000000000541123e-01,3.715113033102493996e-14,4.823773291804587804e-01,1.159978972081844117e-15,1.021842135661390340e-13,3.039625160348069230e-15,4.451795896107296202e-01,-2.999999999999003464e-01,-3.614651075040994418e-16,4.708501314277278027e-01,-1.043316094858324993e-15,9.683031408954419094e-14,-2.633147975648766674e-16
2.953942221298231363e-01,-4.352949511121109033e-03,7.698330541383485714e-01,-1.871970939523485630e-02,1.183436895556807568e-02,9.995761628475987592e-01,1.889483681994241077e-02,-2.801745154553877404e-01,-1.939994988679782581e-02,5.057385336607467252e-02,4.621980961569182034e-01,-2.202618300810720298e-01,1.531273795797571599e-02,-2.997224853856461091e-01,-7.558668217627497778e-03,4.588768998573237307e-02,5.329467560519508540e-01,-2.709162248341268064e-01,3.349442581624387325e-03,2.337510556607663020e-02,-5.627210158453333997e-13,-5.235425164007659928e-12,4.719390365897190853e-01,3.000000000000542233e-01,3.726193283974337674e-14,4.863863108773427979e-01,1.165082792564768124e-15,1.026405391834091911e-13,3.049270574535756384e-15,4.528621547188670937e-01,-2.999999999998998468e-01,-2.517389097916294161e-16,4.764650191478758123e-01,-1.047927778313209744e-15,9.726439033664680663e-14,-2.516439504889631668e-16
2.927851750020003530e-01,-4.021466268066879041e-03,7.756151989062893826e-01,-1.800295605852171923e-02,9.765555955849688011e-03,9.996158397858614375e-01,1.867351973344225785e-02,-2.370079083188451619e-01,-1.664807596669553441e-02,4.724398686116133839e-02,3.832548163238110317e-01,-1.829234947696287694e-01,1.399337174732132039e-02,-2.555560285594046799e-01,-4.744497673094301947e-03,4.296814226566997991e-02,4.520265444007688926e-01,-2.326303156571695452e-01,2.060669638886452205e-03,2.007586014484343678e-02,-5.639664914343025887e-13,-5.261045340616416911e-12,4.767928897596357407e-01,3.000000000000543343e-01,3.736238271620030768e-14,4.901664016645389532e-01,1.170023754117972791e-15,1.030826746726151440e-13,3.057946115892175879e-15,4.604354751463973772e-01,-2.999999999998993472e-01,-1.486844723677666637e-16,4.818530332726536081e-01,-1.052398309111303828e-15,9.768513504139834438e-14,-2.406406321511565727e-16
2.900674971589174977e-01,-3.693708957705008154e-03,7.805258072932678148e-01,-1.729513728555359328e-02,7.699625869461745528e-03,9.996502644013217642e-01,1.846463836937363781e-02,-1.929876742220911212e-01,-1.370871479986027902e-02,4.425346137118962853e-02,3.026731868931246683e-01,-1.448276202931288725e-01,1.270002441190934417e-02,-2.103865813903934845e-01,-1.747030193094207401e-03,4.040217741139489477e-02,3.691542175774489842e-01,-1.934197301103153244e-01,7.916642065478227651e-04,1.672024750642157886e-02,-5.651207789815951673e-13,-5.285828600475812529e-12,4.814964561071971572e-01,3.000000000000543898e-01,3.745248003867631893e-14,4.937176032727874642e-01,1.174801857972902529e-15,1.035106201410543955e-13,3.065651791750942749e-15,4.678995517193654252e-01,-2.999999999998989031e-01,-5.230174478453192590e-17,4.870141755175477205e-01,-1.056727688319921848e-15,9.809254830460418384e-14,-2.303048375039921113e-16
2.873136690227138246e-01,-3.375446916835837981e-03,7.843288961540603177e-01,-1.656891587627865384e-02,5.670297390378652505e-03,9.996800085714385720e-01,1.825374528139370872e-02,-1.506293487474766601e-01,-1.060832217926036165e-02,4.164625209513909965e-02,2.257187802945848643e-01,-1.086687342467104744e-01,1.144393561095198922e-02,-1.656028869711140827e-01,1.359464798789081653e-03,3.821568324212556295e-02,2.872376809659574759e-01,-1.547484217195694012e-01,-4.478343698803582571e-04,1.320507578486532566e-02,-5.661734573977711356e-13,-5.309831372835564989e-12,4.861299456365315574e-01,3.000000000000544453e-01,3.753772768317281345e-14,4.966112942798771579e-01,1.179405662867741278e-15,1.039231266460372401e-13,3.072882049891744199e-15,4.753745001186879260e-01,-2.999999999998984590e-01,3.361776000139924302e-17,4.914658987475804541e-01,-1.060896944996996314e-15,9.848463489074704869e-14,-2.209862462850906561e-16
2.845236908650033425e-01,-3.066680074116963015e-03,7.870244738099797521e-01,-1.582429845585222802e-02,3.677580983379402386e-03,9.997052540098565476e-01,1.804084481334596035e-02,-1.099329194083042138e-01,-7.346899314800478704e-03,3.942235615297561002e-02,1.523915692751684481e-01,-7.444682207687269848e-02,1.022510506450844368e-02,-1.212049424032253936e-01,4.574986483380828924e-03,3.640865690672107080e-02,2.062769273849949792e-01,-1.166163864330900385e-01,-1.657826312096912164e-03,9.530346179016772196e-03,-5.671245274462676107e-13,-5.333053663559843612e-12,4.906933588741589358e-01,3.000000000000545008e-01,3.761812568612769299e-14,4.988474796259929622e-01,1.183835170112078602e-15,1.043201943035638436e-13,3.079636893886615377e-15,4.828603202626798319e-01,-2.999999999998980704e-01,1.090741206051179323e-16,4.952082082929489815e-01,-1.064906080345603018e-15,9.886139491498344024e-14,-2.126848508517267110e-16
2.819480249030175689e-01,-2.635054348163700516e-03,7.887193492601759504e-01,-1.331228759663835061e-02,2.193901878401973825e-03,9.997841706471538581e-01,1.579816181950385173e-02,-7.461323911636348616e-02,-5.650287370484541848e-03,3.377962481489331370e-02,9.686075674462922558e-02,-4.912063806510194586e-02,9.173480565615163562e-03,-7.892617440104587878e-02,6.179456712928550234e-03,3.112229601843337357e-02,1.392935674568041016e-01,-8.686001148455217702e-02,-2.744405886123235661e-03,6.333698118427098442e-03,-5.714845125082233225e-13,-5.354962739811483116e-12,4.943275045970644266e-01,3.000000000000555556e-01,3.802495022311940244e-14,5.002913716059443905e-01,1.187899964814814352e-15,1.046683169408723292e-13,3.113167343611293349e-15,4.890186544729307472e-01,-2.999999999998970712e-01,3.924284722005462583e-16,4.979199622047124074e-01,-1.068313473328993972e-15,9.919641287046317499e-14,-1.859534207761279702e-16
2.795866695368052768e-01,-2.080570656181084631e-03,7.894135299754078128e-01,-9.032596498456576736e-03,1.219212835126208755e-03,9.998920402008053543e-01,1.152534874222883865e-02,-4.467026773144502916e-02,-5.518474664190609405e-03,2.471808360426469217e-02,5.912620984365846155e-02,-3.269011580019173802e-02,8.289060865992618765e-03,-3.876656714382763907e-02,6.172887514763669356e-03,2.235662655229242457e-02,8.628749683292014083e-02,-6.547923434532429421e-02,-3.707574013296415123e-03,3.615128033970582862e-03,-5.792533871343266119e-13,-5.375558611394308094e-12,4.970323897427101345e-01,3.000000000000577205e-01,3.875819885720522632e-14,5.009429761346109178e-01,1.191600049698716337e-15,1.049674949233625760e-13,3.173473199172047969e-15,4.938495126598089202e-01,-2.999999999998955724e-01,8.836792627217757486e-16,4.996011681765010204e-01,-1.071119128439487089e-15,9.948968906881233662e-14,-1.407920936480245264e-16
2.780578347938055250e-01,-1.512332526263537218e-03,7.897726891891408973e-01,-3.814420921253643473e-03,7.181261833182004924e-04,9.999658563581264037e-01,7.295245422834798973e-03,-2.165821461087203553e-02,-5.969313974419227127e-03,1.600277294272588191e-02,3.796023286022802423e-02,-2.403280000827993923e-02,7.549496426269768773e-03,-6.833311688826381250e-03,5.716401897589085818e-03,1.381944163042703871e-02,5.254754830230370238e-02,-5.327031311519959955e-02,-4.505835148518706583e-03,1.730875489792088389e-03,-5.837415503794646437e-13,-5.394299237000700485e-12,4.983241037230395909e-01,3.000000000000590528e-01,3.922325894040134015e-14,5.012093889166061578e-01,1.194851912486181455e-15,1.052409530546200099e-13,3.211534814872674956e-15,4.966633228997395233e-01,-2.999999999998947953e-01,1.135345848621479922e-15,5.005696239206937070e-01,-1.073783470522263423e-15,9.975470845224570445e-14,-1.163881689025662546e-16
2.773615144987423564e-01,-9.303400604354967627e-04,7.897968293864191525e-01,2.342073755790723480e-03,6.906476364911193211e-04,9.999921892289398428e-01,3.107921729512190707e-03,-5.577028344106955970e-03,-7.002800979311120909e-03,7.633690262089234263e-03,3.336270289589162580e-02,-2.314863303110135592e-02,6.954786171973289903e-03,1.687365298345809561e-02,4.810003198689135652e-03,5.510739558038236022e-03,3.807357895723956914e-02,-5.023317976133962609e-02,-5.139190514998461488e-03,6.809342972869296753e-04,-5.849490265785276745e-13,-5.411184630392068321e-12,4.982026570203419436e-01,3.000000000000595524e-01,3.942013246201378105e-14,5.010906128091150435e-01,1.197655556501926114e-15,1.054886915254233075e-13,3.227352355711271942e-15,4.974601001543069168e-01,-2.999999999998947398e-01,1.147430007031097912e-15,5.008253347241615749e-01,-1.076306500625521703e-15,9.999147123036003641e-14,-1.127414925703692882e-16
2.777367347263767217e-01,-5.216641694632191987e-04,7.897931408271453568e-01,7.365966526970552097e-03,6.478546932112929551e-04,9.999719680441737646e-01,1.177262622447122807e-03,4.601764704736924574e-03,-7.193238219559099436e-03,3.730806500652313583e-03,3.382877711432089041e-02,-2.371919243005173733e-02,6.443630224196417178e-03,3.092398331472269793e-02,4.671142238219366631e-03,1.626029894236301300e-03,3.323240391781649011e-02,-4.941362986802839280e-02,-5.668726052213685432e-03,1.093747177384115916e-04,-5.859091246112379098e-13,-5.426283880784007516e-12,4.979922286957373934e-01,3.000000000000599965e-01,3.959523909778803266e-14,5.009875224974054131e-01,1.200146565273783263e-15,1.057085528034383925e-13,3.241633016004117804e-15,4.977848950531132965e-01,-2.999999999998947398e-01,1.141437996220517932e-15,5.009347076703980495e-01,-1.078549688802974376e-15,1.002008015799518377e-13,-1.110880762164817911e-16
2.791834875798689386e-01,-2.863035760705159556e-04,7.897616237164066799e-01,1.125722877088238850e-02,5.897690719705832177e-04,9.999353312962054874e-01,1.503395619805026782e-03,8.878208034016983954e-03,-6.540631908114181818e-03,4.294088744254791201e-03,3.935841819870952024e-02,-2.574446748435979190e-02,6.016027967176196083e-03,3.531775047063125811e-02,5.299813359723216932e-03,2.165280035906573617e-03,3.802395219406245336e-02,-5.081164709253264966e-02,-6.094442525276405967e-03,1.619322565888961746e-05,-5.866218463006767820e-13,-5.439597001339700842e-12,4.976928194049862197e-01,3.000000000000603850e-01,3.974857900813762215e-14,5.009001178658789577e-01,1.202324941105753903e-15,1.059005370941093956e-13,3.254376807077428141e-15,4.976377110744861221e-01,-2.999999999998947953e-01,1.117369949404122930e-15,5.008977438378562352e-01,-1.080513037116948200e-15,1.003826997031874907e-13,-1.114279051513478465e-16
2.809727807331102167e-01,-1.478075665201629917e-04,7.897410378669875719e-01,1.448444159998021896e-02,5.099382255581759059e-04,9.998932939116809138e-01,1.828033093730127784e-03,1.178743139447797905e-02,-5.985400270660537481e-03,4.872547253620269393e-03,4.337384342536674403e-02,-2.621620915332672705e-02,5.733255277819772865e-03,3.814263693135328676e-02,5.830520429019022191e-03,2.715608201190310069e-03,4.172926338025993720e-02,-5.088230304635803225e-02,-6.374732300915764670e-03,-2.435633272855769346e-05,-5.873121749816751949e-13,-5.451306064376802806e-12,4.975722270123728030e-01,3.000000000000607181e-01,3.988277660311102268e-14,5.008678616170547659e-01,1.204257752693563569e-15,1.060708836888298287e-13,3.265597769651041127e-15,4.975925568774147711e-01,-2.999999999998947953e-01,1.106434027828850453e-15,5.008876638825232597e-01,-1.082260232751981615e-15,1.005449176679791779e-13,-1.109494154625856092e-16
2.831046116781361643e-01,-1.061754316024084274e-04,7.897313831988529431e-01,1.704765645593273732e-02,4.083666983119992760e-04,9.998522806200760282e-01,2.151182194252219959e-03,1.332944479644253451e-02,-5.527542594253706879e-03,5.466181917633257219e-03,4.587506388086940584e-02,-2.513442881139903856e-02,5.595311095733991429e-03,3.939865418370309957e-02,6.263264163366471550e-03,3.277014308977965144e-03,4.434834542946987368e-02,-4.962560744799524720e-02,-6.509596443896899579e-03,-1.227434277716432016e-05,-5.879801108181871718e-13,-5.461411081639681099e-12,4.976304502086602577e-01,3.000000000000609957e-01,3.999783202286179389e-14,5.008907533471550488e-01,1.205945001835150904e-15,1.062195927460235982e-13,3.275295914874591763e-15,4.976494317148716928e-01,-2.999999999998947398e-01,1.108630135345716720e-15,5.009044676075642410e-01,-1.083791277290671787e-15,1.006874556184183514e-13,-1.096526131416475065e-16
2.850408289345274238e-01,-1.210083208162846343e-04,7.897238642590673763e-01,1.916475666346564161e-02,3.192044234564530235e-04,9.998135878269017729e-01,2.323748537257283413e-03,1.452527972783766025e-02,-5.254159710550683829e-03,5.785390725438552609e-03,4.744952111568438713e-02,-2.367093070490165069e-02,5.565427728022087454e-03,4.038045677541967499e-02,6.520439300048409999e-03,3.566047017224642859e-03,4.611468988423131354e-02,-4.813640703032521367e-02,-6.537229800000702272e-03,-4.144824963277740969e-06,-5.885968834961878025e-13,-5.470007611031786592e-12,4.976947922764798360e-01,3.000000000000612732e-01,4.009912607912741922e-14,5.009146087483686838e-01,1.207387407187405737e-15,1.063464383436874546e-13,3.283846928385338263e-15,4.977088789388315337e-01,-2.999999999998946842e-01,1.114920523699765421e-15,5.009233968548556515e-01,-1.085095656573973552e-15,1.008091614211814024e-13,-1.081823816500999884e-16
2.867814339251212874e-01,-1.923058234515481421e-04,7.897184810320962978e-01,2.083578798769271379e-02,2.424528000845536382e-04,9.997801301610401703e-01,2.345738848471236836e-03,1.537493870666535936e-02,-5.165250277735217339e-03,5.830175673130410727e-03,4.809722187081913458e-02,-2.182571761033910360e-02,5.643604388680971938e-03,4.108804670106107337e-02,6.602047116100004387e-03,3.582708307095621922e-03,4.702830294711073111e-02,-4.641470348452069600e-02,-6.457633149192882824e-03,3.224946224045014927e-08,-5.891624933878229386e-13,-5.477095663525422926e-12,4.977652531713245843e-01,3.000000000000614953e-01,4.018665887200407975e-14,5.009394278136861667e-01,1.208584970531250982e-15,1.064514206408498745e-13,3.291250818527184695e-15,4.977708985305835943e-01,-2.999999999998946287e-01,1.125305163110382724e-15,5.009444516089370802e-01,-1.086173372250584508e-15,1.009100352277953208e-13,-1.065387222494166422e-16
2.882608871219221602e-01,-2.653185093778586963e-04,7.897109734280061133e-01,2.223610894830590351e-02,1.760640249879747430e-04,9.997499969365524208e-01,2.338393820909995171e-03,1.598778402837460269e-02,-5.117371250756451093e-03,5.821431070594762849e-03,4.876143520417179633e-02,-2.030148372989530603e-02,5.731615749901235526e-03,4.164576745334911539e-02,6.644637243801413198e-03,3.548955620086804291e-03,4.781844858283563343e-02,-4.496155305419407416e-02,-6.368552625183983990e-03,1.883514343226813282e-06,-5.896155710041556554e-13,-5.482849708389607910e-12,4.978367100305157167e-01,3.000000000000616618e-01,4.025687775193418509e-14,5.009602930545640209e-01,1.209558470676468298e-15,1.065368039821392306e-13,3.297194912876385400e-15,4.978374912050305134e-01,-2.999999999998945732e-01,1.133556691012143871e-15,5.009627391141029396e-01,-1.087050692022558559e-15,1.009920539966759326e-13,-1.052192877612084286e-16
2.894791904119500270e-01,-3.400463662017151004e-04,7.897013414621472105e-01,2.336574312096610997e-02,1.200383990565163656e-04,9.997243268726945242e-01,2.301716343456142091e-03,1.636381740412381353e-02,-5.110522333138560296e-03,5.759157304623243288e-03,4.944216099642646800e-02,-1.909822674425179501e-02,5.829461740619700308e-03,4.205362011520233367e-02,6.648209965085052214e-03,3.464789320477440395e-03,4.848512768355190544e-02,-4.377695379884524729e-02,-6.269988296502188897e-03,1.408986485420748344e-06,-5.899561171583171171e-13,-5.487269755263559618e-12,4.979091628468566566e-01,3.000000000000617728e-01,4.030978284402389301e-14,5.009772044995716156e-01,1.210307909242084452e-15,1.066025885091728423e-13,3.301679221981073671e-15,4.979086569291283904e-01,-2.999999999998945177e-01,1.139675122818398563e-15,5.009782593903485681e-01,-1.087727617337908077e-15,1.010552178640652212e-13,-1.042240758427042502e-16
2.904474131106996038e-01,-3.994126433906285112e-04,7.896926002541853062e-01,2.425931299849866038e-02,7.547381325122604653e-05,9.997030932353205834e-01,2.281537261678297668e-03,1.665051797753633323e-02,-5.100903543706773562e-03,5.727234560580851154e-03,4.999515540336909453e-02,-1.815022873367000758e-02,5.906393686418307844e-03,4.235150245529100549e-02,6.654761295033327119e-03,3.415441018656030676e-03,4.904336894369792921e-02,-4.284588112862501574e-02,-6.192451374123495063e-03,8.346611609617434000e-07,-5.902034556249328976e-13,-5.490590106782813966e-12,4.979634319758030614e-01,3.000000000000618838e-01,4.034900131568383558e-14,5.009900648677106938e-01,1.210872264022930765e-15,1.066520957589894944e-13,3.304997178234894514e-15,4.979625230033094541e-01,-2.999999999998945177e-01,1.143487171096825188e-15,5.009902220270268103e-01,-1.088238370314331889e-15,1.011027819510605940e-13,-1.035435242948898648e-16
2.911655570132012927e-01,-4.434174512070610669e-04,7.896847497977268482e-01,2.491683461996069271e-02,4.237028686953682872e-05,9.996869314543019858e-01,2.277857932819961784e-03,1.684788638982582035e-02,-5.088514902342700270e-03,5.725662620613792414e-03,5.042041934183097429e-02,-1.745748786595015256e-02,5.962411737414048153e-03,4.253941526296094872e-02,6.664291212266360009e-03,3.400910464705688904e-03,4.949317314161966186e-02,-4.216833322376835336e-02,-6.135941707117225676e-03,1.605390861768074340e-07,-5.903575870730299479e-13,-5.492810770840773454e-12,4.979995175478738600e-01,3.000000000000619393e-01,4.037453326515393472e-14,5.009988741880592178e-01,1.211251536347503237e-15,1.066853258484243339e-13,3.307148790009704102e-15,4.979990895517472649e-01,-2.999999999998945177e-01,1.144992852402200548e-15,5.009986270496735727e-01,-1.088582952144583148e-15,1.011347463696342552e-13,-1.031776308591936752e-16
2.916454806639088293e-01,-4.715218934237115048e-04,7.896791488100305401e-01,2.536445970806483832e-02,1.973247432729145399e-05,9.996756739874836928e-01,2.278295858214801801e-03,1.698668323669400015e-02,-5.075652031095565300e-03,5.729660804649014220e-03,5.073271808573051600e-02,-1.701310643310709539e-02,5.997300172353974522e-03,4.268404817592329203e-02,6.675035260726019069e-03,3.396335216443687952e-03,4.979168389541731299e-02,-4.171601276117138657e-02,-6.100712891133934328e-03,-3.642452705505393247e-07,-5.904477252748823288e-13,-5.494249034051734634e-12,4.980255128094929762e-01,3.000000000000619393e-01,4.039050406365476688e-14,5.010052405942204690e-01,1.211499419727461741e-15,1.067069805711177462e-13,3.308485397467918887e-15,4.980254593926028428e-01,-2.999999999998945177e-01,1.145106122533439707e-15,5.010046987386463924e-01,-1.088809354686534438e-15,1.011556345208883505e-13,-1.030134346752954781e-16
2.918871857612982401e-01,-4.837260834078971491e-04,7.896757972750582111e-01,2.560219674777185553e-02,7.560315828961711559e-06,9.996696034454892743e-01,2.282851652680859683e-03,1.706690893574770718e-02,-5.062314933346558944e-03,5.739229072972334110e-03,5.093205244049328617e-02,-1.681708266437383081e-02,6.011059141889208736e-03,4.278540150275746828e-02,6.686993431755724505e-03,3.401715202890132246e-03,4.993890228379137264e-02,-4.148891813499487602e-02,-6.086764774444215938e-03,-7.396929739767256686e-07,-5.904738706867527487e-13,-5.494904901994103390e-12,4.980414178326029173e-01,3.000000000000619949e-01,4.039691377935595545e-14,5.010091641036120702e-01,1.211615915099590435e-15,1.067170600096004098e-13,3.309007006420403076e-15,4.980416325985771442e-01,-2.999999999998945177e-01,1.143826991418234291e-15,5.010084371105817391e-01,-1.088917578782787026e-15,1.011654464837950510e-13,-1.030509343051228958e-16
2.919253242606108523e-01,-4.836514344780037402e-04,7.896748308359075041e-01,2.566905672581179521e-02,5.771716152085596366e-06,9.996678839051500454e-01,2.285034374787346580e-03,1.713930398823853424e-02,-5.056872765729136798e-03,5.743005583473832429e-03,5.098255184268785101e-02,-1.680621737339873731e-02,6.009956965048131143e-03,4.286295492818560648e-02,6.692153256740761627e-03,3.404940250636001500e-03,4.997510922383393422e-02,-4.146887842314584544e-02,-6.087835322185180219e-03,-8.586837003034887139e-07,-5.904741333333438046e-13,-5.495165240955307071e-12,4.980446866409677376e-01,3.000000000000619949e-01,4.039926535874056451e-14,5.010102208230258203e-01,1.211666428499522736e-15,1.067212871437269233e-13,3.309183149738680840e-15,4.980450280655507878e-01,-2.999999999998945177e-01,1.142148367396859522e-15,5.010095076149955196e-01,-1.088965304770890615e-15,1.011696199219048831e-13,-1.031587588458716321e-16
2.917598976034858627e-01,-4.712980335915957996e-04,7.896762494756874862e-01,2.556504173012642128e-02,1.436660211034301705e-05,9.996705496923905532e-01,2.284844119747380699e-03,1.720386844962238163e-02,-5.059325472332156827e-03,5.740990377170185344e-03,5.088421734634912541e-02,-1.698050924890716698e-02,5.993993747075961401e-03,4.291670862075634696e-02,6.690514783826367363e-03,3.406010374942366331e-03,4.990030550171748597e-02,-4.165589215928117151e-02,-6.103924427996080572e-03,-7.212192657346484863e-07,-5.904485133979548633e-13,-5.495030053736444995e-12,4.980353193240760756e-01,3.000000000000619949e-01,4.039755883054792648e-14,5.010084107727639235e-01,1.211650960394536260e-15,1.067196620149427259e-13,3.309013829869307642e-15,4.980356458840144440e-01,-2.999999999998945177e-01,1.140070253298485954e-15,5.010079102707813981e-01,-1.088952533079287396e-15,1.011681548751493168e-13,-1.033369077995073707e-16
2.915913322387787554e-01,-4.591803125415419139e-04,7.896776943905727819e-01,2.545366498442964628e-02,2.306920366485453499e-05,9.996733946835646423e-01,2.283499181175302224e-03,1.725531467450053258e-02,-5.062899962825575390e-03,5.736841131971645753e-03,5.078701323543963891e-02,-1.715753330133648960e-02,5.978557168370536058e-03,4.295888875810440627e-02,6.687814314560400555e-03,3.404946803682593840e-03,4.982510024411189453e-02,-4.184567592270522357e-02,-6.119494296140742633e-03,-5.764187937466354935e-07,-5.904337813298302004e-13,-5.494939658515023287e-12,4.980260244633449851e-01,3.000000000000619949e-01,4.039656354540191791e-14,5.010065460129186077e-01,1.211642114404388437e-15,1.067186833662615446e-13,3.308914213140219387e-15,4.980263201182183463e-01,-2.999999999998945177e-01,1.138980517415267786e-15,5.010062348354531458e-01,-1.088945028880473237e-15,1.011672734283459478e-13,-1.034267650531244715e-16
2.914196281885669815e-01,-4.472982696700810779e-04,7.896791655803783172e-01,2.533492647892514674e-02,3.187951990251524238e-05,9.996764164093318028e-01,2.280999561571162969e-03,1.729364275514605476e-02,-5.067596229318818875e-03,5.730557862888942429e-03,5.069093950200832116e-02,-1.733728951146869604e-02,5.963647225227499717e-03,4.298949542163763710e-02,6.684051856412891006e-03,3.401749551864998496e-03,4.974949345384154648e-02,-4.203822969393376796e-02,-6.134544930271459279e-03,-4.242823359407918560e-07,-5.904299370523850285e-13,-5.494894054975978222e-12,4.980168020582648181e-01,3.000000000000619949e-01,4.039627949829968393e-14,5.010046265438746760e-01,1.211639890482499794e-15,1.067183511931360444e-13,3.308884299061127188e-15,4.980170507677655900e-01,-2.999999999998945177e-01,1.138879152794998908e-15,5.010044813095601013e-01,-1.088942792137397117e-15,1.011669755773897584e-13,-1.034283312277626063e-16
2.913337764633432969e-01,-4.413572689864153045e-04,7.896799011727116957e-01,2.527555729861488340e-02,3.628466247222598870e-05,9.996779219467502031e-01,2.279749743993197530e-03,1.731280672852857430e-02,-5.069944354363380493e-03,5.727416239321361270e-03,5.064290280308605952e-02,-1.742716730258941568e-02,5.956192279696293813e-03,4.300479869994951881e-02,6.682170633910294345e-03,3.400150931540221484e-03,4.971169019075411671e-02,-4.213450624325163624e-02,-6.142070221050788259e-03,-3.482143727451767026e-07,-5.904280149203765198e-13,-5.494871253286102116e-12,4.980121908718317392e-01,3.000000000000619949e-01,4.039613747524466262e-14,5.010036668127051396e-01,1.211638778525439428e-15,1.067181851071534289e-13,3.308869342073825966e-15,4.980124161087282064e-01,-2.999999999998945177e-01,1.138828470661898365e-15,5.010036045496761847e-01,-1.088941673769765497e-15,1.011668266524318576e-13,-1.034291143123463478e-16
2.913337764633432969e-01,-4.413572689864153045e-04,7.896799011727116957e-01,2.527555729861488340e-02,3.628466247222598870e-05,9.996779219467502031e-01,2.279749743993197530e-03,1.731280672852857430e-02,-5.069944354363380493e-03,5.727416239321361270e-03,5.064290280308605952e-02,-1.742716730258941568e-02,5.956192279696293813e-03,4.300479869994951881e-02,6.682170633910294345e-03,3.400150931540221484e-03,4.971169019075411671e-02,-4.213450624325163624e-02,-6.142070221050788259e-03,-3.482143727451767026e-07,-5.904280149203765198e-13,-5.494871253286102116e-12,4.980121908718317392e-01,3.000000000000619949e-01,4.039613747524466262e-14,5.010036668127051396e-01,1.211638778525439428e-15,1.067181851071534289e-13,3.308869342073825966e-15,4.980124161087282064e-01,-2.999999999998945177e-01,1.138828470661898365e-15,5.010036045496761847e-01,-1.088941673769765497e-15,1.011668266524318576e-13,-1.034291143123463478e-16
2.913337764633432969e-01,-4.413572689864153045e-04,7.896799011727116957e-01,2.527555729861488340e-02,3.628466247222598870e-05,9.996779219467502031e-01,2.279749743993197530e-03,1.731280672852857430e-02,-5.069944354363380493e-03,5.727416239321361270e-03,5.064290280308605952e-02,-1.742716730258941568e-02,5.956192279696293813e-03,4.300479869994951881e-02,6.682170633910294345e-03,3.400150931540221484e-03,4.971169019075411671e-02,-4.213450624325163624e-02,-6.142070221050788259e-03,-3.482143727451767026e-07,-5.904280149203765198e-13,-5.494871253286102116e-12,4.980121908718317392e-01,3.000000000000619949e-01,4.039613747524466262e-14,5.010036668127051396e-01,1.211638778525439428e-15,1.067181851071534289e-13,3.308869342073825966e-15,4.980124161087282064e-01,-2.999999999998945177e-01,1.138828470661898365e-15,5.010036045496761847e-01,-1.088941673769765497e-15,1.011668266524318576e-13,-1.034291143123463478e-16
2.913337764633432969e-01,-4.413572689864153045e-04,7.896799011727116957e-01,2.527555729861488340e-02,3.628466247222598870e-05,9.996779219467502031e-01,2.279749743993197530e-03,1.731280672852857430e-02,-5.069944354363380493e-03,5.727416239321361270e-03,5.064290280308605952e-02,-1.742716730258941568e-02,5.956192279696293813e-03,4.300479869994951881e-02,6.682170633910294345e-03,3.400150931540221484e-03,4.971169019075411671e-02,-4.213450624325163624e-02,-6.142070221050788259e-03,-3.482143727451767026e-07,-5.904280149203765198e-13,-5.494871253286102116e-12,4.980121908718317392e-01,3.000000000000619949e-01,4.039613747524466262e-14,5.010036668127051396e-01,1.211638778525439428e-15,1.067181851071534289e-13,3.308869342073825966e-15,4.980124161087282064e-01,-2.999999999998945177e-01,1.138828470661898365e-15,5.010036045496761847e-01,-1.088941673769765497e-15,1.011668266524318576e-13,-1.034291143123463478e-16
2.913337764633432969e-01,-4.413572689864153045e-04,7.896799011727116957e-01,2.527555729861488340e-02,3.628466247222598870e-05,9.996779219467502031e-01,2.279749743993197530e-03,1.731280672852857430e-02,-5.069944354363380493e-03,5.727416239321361270e-03,5.064290280308605952e-02,-1.742716730258941568e-02,5.956192279696293813e-03,4.300479869994951881e-02,6.682170633910294345e-03,3.400150931540221484e-03,4.971169019075411671e-02,-4.213450624325163624e-02,-6.142070221050788259e-03,-3.482143727451767026e-07,-5.904280149203765198e-13,-5.494871253286102116e-12,4.980121908718317392e-01,3.000000000000619949e-01,4.039613747524466262e-14,5.010036668127051396e-01,1.211638778525439428e-15,1.067181851071534289e-13,3.308869342073825966e-15,4.980124161087282064e-01,-2.999999999998945177e-01,1.138828470661898365e-15,5.010036045496761847e-01,-1.088941673769765497e-15,1.011668266524318576e-13,-1.034291143123463478e-16
2.913337764633432969e-01,-4.413572689864153045e-04,7.896799011727116957e-01,2.527555729861488340e-02,3.628466247222598870e-05,9.996779219467502031e-01,2.279749743993197530e-03,1.731280672852857430e-02,-5.069944354363380493e-03,5.727416239321361270e-03,5.064290280308605952e-02,-1.742716730258941568e-02,5.956192279696293813e-03,4.300479869994951881e-02,6.682170633910294345e-03,3.400150931540221484e-03,4.971169019075411671e-02,-4.213450624325163624e-02,-6.142070221050788259e-03,-3.482143727451767026e-07,-5.904280149203765198e-13,-5.494871253286102116e-12,4.980121908718317392e-01,3.000000000000619949e-01,4.039613747524466262e-14,5.010036668127051396e-01,1.211638778525439428e-15,1.067181851071534289e-13,3.308869342073825966e-15,4.980124161087282064e-01,-2.999999999998945177e-01,1.138828470661898365e-15,5.010036045496761847e-01,-1.088941673769765497e-15,1.011668266524318576e-13,-1.034291143123463478e-16
2.913337764633432969e-01,-4.413572689864153045e-04,7.896799011727116957e-01,2.527555729861488340e-02,3.628466247222598870e-05,9.996779219467502031e-01,2.279749743993197530e-03,1.731280672852857430e-02,-5.069944354363380493e-03,5.727416239321361270e-03,5.064290280308605952e-02,-1.742716730258941568e-02,5.956192279696293813e-03,4.300479869994951881e-02,6.682170633910294345e-03,3.400150931540221484e-03,4.971169019075411671e-02,-4.213450624325163624e-02,-6.142070221050788259e-03,-3.482143727451767026e-07,-5.904280149203765198e-13,-5.494871253286102116e-12,4.980121908718317392e-01,3.000000000000619949e-01,4.039613747524466262e-14,5.010036668127051396e-01,1.211638778525439428e-15,1.067181851071534289e-13,3.308869342073825966e-15,4.980124161087282064e-01,-2.999999999998945177e-01,1.138828470661898365e-15,5.010036045496761847e-01,-1.088941673769765497e-15,1.011668266524318576e-13,-1.034291143123463478e-16
2.913337764633432969e-01,-4.413572689864153045e-04,7.896799011727116957e-01,2.527555729861488340e-02,3.628466247222598870e-05,9.996779219467502031e-01,2.279749743993197530e-03,1.731280672852857430e-02,-5.069944354363380493e-03,5.727416239321361270e-03,5.064290280308605952e-02,-1.742716730258941568e-02,5.956192279696293813e-03,4.300479869994951881e-02,6.682170633910294345e-03,3.400150931540221484e-03,4.971169019075411671e-02,-4.213450624325163624e-02,-6.142070221050788259e-03,-3.482143727451767026e-07,-5.904280149203765198e-13,-5.494871253286102116e-12,4.980121908718317392e-01,3.000000000000619949e-01,4.039613747524466262e-14,5.010036668127051396e-01,1.211638778525439428e-15,1.067181851071534289e-13,3.308869342073825966e-15,4.980124161087282064e-01,-2.999999999998945177e-01,1.138828470661898365e-15,5.010036045496761847e-01,-1.088941673769765497e-15,1.011668266524318576e-13,-1.034291143123463478e-16
2.913337764633432969e-01,-4.413572689864153045e-04,7.896799011727116957e-01,2.527555729861488340e-02,3.628466247222598870e-05,9.996779219467502031e-01,2.279749743993197530e-03,1.731280672852857430e-02,-5.069944354363380493e-03,5.727416239321361270e-03,5.064290280308605952e-02,-1.742716730258941568e-02,5.956192279696293813e-03,4.300479869994951881e-02,6.682170633910294345e-03,3.400150931540221484e-03,4.971169019075411671e-02,-4.213450624325163624e-02,-6.142070221050788259e-03,-3.482143727451767026e-07,-5.904280149203765198e-13,-5.494871253286102116e-12,4.980121908718317392e-01,3.000000000000619949e-01,4.039613747524466262e-14,5.010036668127051396e-01,1.211638778525439428e-15,1.067181851071534289e-13,3.308869342073825966e-15,4.980124161087282064e-01,-2.999999999998945177e-01,1.138828470661898365e-15,5.010036045496761847e-01,-1.088941673769765497e-15,1.011668266524318576e-13,-1.034291143123463478e-16
2.913337764633432969e-01,-4.413572689864153045e-04,7.896799011727116957e-01,2.527555729861488340e-02,3.628466247222598870e-05,9.996779219467502031e-01,2.279749743993197530e-03,1.731280672852857430e-02,-5.069944354363380493e-03,5.727416239321361270e-03,5.064290280308605952e-02,-1.742716730258941568e-02,5.956192279696293813e-03,4.300479869994951881e-02,6.682170633910294345e-03,3.400150931540221484e-03,4.971169019075411671e-02,-4.213450624325163624e-02,-6.142070221050788259e-03,-3.482143727451767026e-07,-5.904280149203765198e-13,-5.494871253286102116e-12,4.980121908718317392e-01,3.000000000000619949e-01,4.039613747524466262e-14,5.010036668127051396e-01,1.211638778525439428e-15,1.067181851071534289e-13,3.308869342073825966e-15,4.980124161087282064e-01,-2.999999999998945177e-01,1.138828470661898365e-15,5.010036045496761847e-01,-1.088941673769765497e-15,1.011668266524318576e-13,-1.034291143123463478e-16
2.913337764633432969e-01,-4.413572689864153045e-04,7.896799011727116957e-01,2.527555729861488340e-02,3.628466247222598870e-05,9.996779219467502031e-01,2.279749743993197530e-03,1.731280672852857430e-02,-5.069944354363380493e-03,5.727416239321361270e-03,5.064290280308605952e-02,-1.742716730258941568e-02,5.956192279696293813e-03,4.300479869994951881e-02,6.682170633910294345e-03,3.400150931540221484e-03,4.971169019075411671e-02,-4.213450624325163624e-02,-6.142070221050788259e-03,-3.482143727451767026e-07,-5.904280149203765198e-13,-5.494871253286102116e-12,4.980121908718317392e-01,3.000000000000619949e-01,4.039613747524466262e-14,5.010036668127051396e-01,1.211638778525439428e-15,1.067181851071534289e-13,3.308869342073825966e-15,4.980124161087282064e-01,-2.999999999998945177e-01,1.138828470661898365e-15,5.010036045496761847e-01,-1.088941673769765497e-15,1.011668266524318576e-13,-1.034291143123463478e-16
2.913337764633432969e-01,-4.413572689864153045e-04,7.896799011727116957e-01,2.527555729861488340e-02,3.628466247222598870e-05,9.996779219467502031e-01,2.279749743993197530e-03,1.731280672852857430e-02,-5.069944354363380493e-03,5.727416239321361270e-03,5.064290280308605952e-02,-1.742716730258941568e-02,5.956192279696293813e-03,4.300479869994951881e-02,6.682170633910294345e-03,3.400150931540221484e-03,4.971169019075411671e-02,-4.213450624325163624e-02,-6.142070221050788259e-03,-3.482143727451767026e-07,-5.904280149203765198e-13,-5.494871253286102116e-12,4.980121908718317392e-01,3.000000000000619949e-01,4.039613747524466262e-14,5.010036668127051396e-01,1.211638778525439428e-15,1.067181851071534289e-13,3.308869342073825966e-15,4.980124161087282064e-01,-2.999999999998945177e-01,1.138828470661898365e-15,5.010036045496761847e-01,-1.088941673769765497e-15,1.011668266524318576e-13,-1.034291143123463478e-16
2.913337764633432969e-01,-4.413572689864153045e-04,7.896799011727116957e-01,2.527555729861488340e-02,3.628466247222598870e-05,9.996779219467502031e-01,2.279749743993197530e-03,1.731280672852857430e-02,-5.069944354363380493e-03,5.727416239321361270e-03,5.064290280308605952e-02,-1.742716730258941568e-02,5.956192279696293813e-03,4.300479869994951881e-02,6.682170633910294345e-03,3.400150931540221484e-03,4.971169019075411671e-02,-4.213450624325163624e-02,-6.142070221050788259e-03,-3.482143727451767026e-07,-5.904280149203765198e-13,-5.494871253286102116e-12,4.980121908718317392e-01,3.000000000000619949e-01,4.039613747524466262e-14,5.010036668127051396e-01,1.211638778525439428e-15,1.067181851071534289e-13,3.308869342073825966e-15,4.980124161087282064e-01,-2.999999999998945177e-01,1.138828470661898365e-15,5.010036045496761847e-01,-1.088941673769765497e-15,1.011668266524318576e-13,-1.034291143123463478e-16
2.913337764633432969e-01,-4.413572689864153045e-04,7.896799011727116957e-01,2.527555729861488340e-02,3.628466247222598870e-05,9.996779219467502031e-01,2.279749743993197530e-03,1.731280672852857430e-02,-5.069944354363380493e-03,5.727416239321361270e-03,5.064290280308605952e-02,-1.742716730258941568e-02,5.956192279696293813e-03,4.300479869994951881e-02,6.682170633910294345e-03,3.400150931540221484e-03,4.971169019075411671e-02,-4.213450624325163624e-02,-6.142070221050788259e-03,-3.482143727451767026e-07,-5.904280149203765198e-13,-5.494871253286102116e-12,4.980121908718317392e-01,3.000000000000619949e-01,4.039613747524466262e-14,5.010036668127051396e-01,1.211638778525439428e-15,1.067181851071534289e-13,3.308869342073825966e-15,4.980124161087282064e-01,-2.999999999998945177e-01,1.138828470661898365e-15,5.010036045496761847e-01,-1.088941673769765497e-15,1.011668266524318576e-13,-1.034291143123463478e-16
2.913337764633432969e-01,-4.413572689864153045e-04,7.896799011727116957e-01,2.527555729861488340e-02,3.628466247222598870e-05,9.996779219467502031e-01,2.279749743993197530e-03,1.731280672852857430e-02,-5.069944354363380493e-03,5.727416239321361270e-03,5.064290280308605952e-02,-1.742716730258941568e-02,5.956192279696293813e-03,4.300479869994951881e-02,6.682170633910294345e-03,3.400150931540221484e-03,4.971169019075411671e-02,-4.213450624325163624e-02,-6.142070221050788259e-03,-3.482143727451767026e-07,-5.904280149203765198e-13,-5.494871253286102116e-12,4.980121908718317392e-01,3.000000000000619949e-01,4.039613747524466262e-14,5.010036668127051396e-01,1.211638778525439428e-15,1.067181851071534289e-13,3.308869342073825966e-15,4.980124161087282064e-01,-2.999999999998945177e-01,1.138828470661898365e-15,5.010036045496761847e-01,-1.088941673769765497e-15,1.011668266524318576e-13,-1.034291143123463478e-16
2.913337764633432969e-01,-4.413572689864153045e-04,7.896799011727116957e-01,2.527555729861488340e-02,3.628466247222598870e-05,9.996779219467502031e-01,2.279749743993197530e-03,1.731280672852857430e-02,-5.069944354363380493e-03,5.727416239321361270e-03,5.064290280308605952e-02,-1.742716730258941568e-02,5.956192279696293813e-03,4.300479869994951881e-02,6.682170633910294345e-03,3.400150931540221484e-03,4.971169019075411671e-02,-4.213450624325163624e-02,-6.142070221050788259e-03,-3.482143727451767026e-07,-5.904280149203765198e-13,-5.494871253286102116e-12,4.980121908718317392e-01,3.000000000000619949e-01,4.039613747524466262e-14,5.010036668127051396e-01,1.211638778525439428e-15,1.067181851071534289e-13,3.308869342073825966e-15,4.980124161087282064e-01,-2.999999999998945177e-01,1.138828470661898365e-15,5.010036045496761847e-01,-1.088941673769765497e-15,1.011668266524318576e-13,-1.034291143123463478e-16
2.913337764633432969e-01,-4.413572689864153045e-04,7.896799011727116957e-01,2.527555729861488340e-02,3.628466247222598870e-05,9.996779219467502031e-01,2.279749743993197530e-03,1.731280672852857430e-02,-5.069944354363380493e-03,5.727416239321361270e-03,5.064290280308605952e-02,-1.742716730258941568e-02,5.956192279696293813e-03,4.300479869994951881e-02,6.682170633910294345e-03,3.400150931540221484e-03,4.971169019075411671e-02,-4.213450624325163624e-02,-6.142070221050788259e-03,-3.482143727451767026e-07,-5.904280149203765198e-13,-5.494871253286102116e-12,4.980121908718317392e-01,3.000000000000619949e-01,4.039613747524466262e-14,5.010036668127051396e-01,1.211638778525439428e-15,1.067181851071534289e-13,3.308869342073825966e-15,4.980124161087282064e-01,-2.999999999998945177e-01,1.138828470661898365e-15,5.010036045496761847e-01,-1.088941673769765497e-15,1.011668266524318576e-13,-1.034291143123463478e-16
2.913337764633432969e-01,-4.413572689864153045e-04,7.896799011727116957e-01,2.527555729861488340e-02,3.628466247222598870e-05,9.996779219467502031e-01,2.279749743993197530e-03,1.731280672852857430e-02,-5.069944354363380493e-03,5.727416239321361270e-03,5.064290280308605952e-02,-1.742716730258941568e-02,5.956192279696293813e-03,4.300479869994951881e-02,6.682170633910294345e-03,3.400150931540221484e-03,4.971169019075411671e-02,-4.213450624325163624e-02,-6.142070221050788259e-03,-3.482143727451767026e-07,-5.904280149203765198e-13,-5.494871253286102116e-12,4.980121908718317392e-01,3.000000000000619949e-01,4.039613747524466262e-14,5.010036668127051396e-01,1.211638778525439428e-15,1.067181851071534289e-13,3.308869342073825966e-15,4.980124161087282064e-01,-2.999999999998945177e-01,1.138828470661898365e-15,5.010036045496761847e-01,-1.088941673769765497e-15,1.011668266524318576e-13,-1.034291143123463478e-16
2.913337764633432969e-01,-4.413572689864153045e-04,7.896799011727116957e-01,2.527555729861488340e-02,3.628466247222598870e-05,9.996779219467502031e-01,2.279749743993197530e-03,1.731280672852857430e-02,-5.069944354363380493e-03,5.727416239321361270e-03,5.064290280308605952e-02,-1.742716730258941568e-02,5.956192279696293813e-03,4.300479869994951881e-02,6.682170633910294345e-03,3.400150931540221484e-03,4.971169019075411671e-02,-4.213450624325163624e-02,-6.142070221050788259e-03,-3.482143727451767026e-07,-5.904280149203765198e-13,-5.494871253286102116e-12,4.980121908718317392e-01,3.000000000000619949e-01,4.039613747524466262e-14,5.010036668127051396e-01,1.211638778525439428e-15,1.067181851071534289e-13,3.308869342073825966e-15,4.980124161087282064e-01,-2.999999999998945177e-01,1.138828470661898365e-15,5.010036045496761847e-01,-1.088941673769765497e-15,1.011668266524318576e-13,-1.034291143123463478e-16
2.913337764633432969e-01,-4.413572689864153045e-04,7.896799011727116957e-01,2.527555729861488340e-02,3.628466247222598870e-05,9.996779219467502031e-01,2.279749743993197530e-03,1.731280672852857430e-02,-5.069944354363380493e-03,5.727416239321361270e-03,5.064290280308605952e-02,-1.742716730258941568e-02,5.956192279696293813e-03,4.300479869994951881e-02,6.682170633910294345e-03,3.400150931540221484e-03,4.971169019075411671e-02,-4.213450624325163624e-02,-6.142070221050788259e-03,-3.482143727451767026e-07,-5.904280149203765198e-13,-5.494871253286102116e-12,4.980121908718317392e-01,3.000000000000619949e-01,4.039613747524466262e-14,5.010036668127051396e-01,1.211638778525439428e-15,1.067181851071534289e-13,3.308869342073825966e-15,4.980124161087282064e-01,-2.999999999998945177e-01,1.138828470661898365e-15,5.010036045496761847e-01,-1.088941673769765497e-15,1.011668266524318576e-13,-1.034291143123463478e-16
2.913337764633432969e-01,-4.413572689864153045e-04,7.896799011727116957e-01,2.527555729861488340e-02,3.628466247222598870e-05,9.996779219467502031e-01,2.279749743993197530e-03,1.731280672852857430e-02,-5.069944354363380493e-03,5.727416239321361270e-03,5.064290280308605952e-02,-1.742716730258941568e-02,5.956192279696293813e-03,4.300479869994951881e-02,6.682170633910294345e-03,3.400150931540221484e-03,4.971169019075411671e-02,-4.213450624325163624e-02,-6.142070221050788259e-03,-3.482143727451767026e-07,-5.904280149203765198e-13,-5.494871253286102116e-12,4.980121908718317392e-01,3.000000000000619949e-01,4.039613747524466262e-14,5.010036668127051396e-01,1.211638778525439428e-15,1.067181851071534289e-13,3.308869342073825966e-15,4.980124161087282064e-01,-2.999999999998945177e-01,1.138828470661898365e-15,5.010036045496761847e-01,-1.088941673769765497e-15,1.011668266524318576e-13,-1.034291143123463478e-16
2.913337764633432969e-01,-4.413572689864153045e-04,7.896799011727116957e-01,2.527555729861488340e-02,3.628466247222598870e-05,9.996779219467502031e-01,2.279749743993197530e-03,1.731280672852857430e-02,-5.069944354363380493e-03,5.727416239321361270e-03,5.064290280308605952e-02,-1.742716730258941568e-02,5.956192279696293813e-03,4.300479869994951881e-02,6.682170633910294345e-03,3.400150931540221484e-03,4.971169019075411671e-02,-4.213450624325163624e-02,-6.142070221050788259e-03,-3.482143727451767026e-07,-5.904280149203765198e-13,-5.494871253286102116e-12,4.980121908718317392e-01,3.000000000000619949e-01,4.039613747524466262e-14,5.010036668127051396e-01,1.211638778525439428e-15,1.067181851071534289e-13,3.308869342073825966e-15,4.980124161087282064e-01,-2.999999999998945177e-01,1.138828470661898365e-15,5.010036045496761847e-01,-1.088941673769765497e-15,1.011668266524318576e-13,-1.034291143123463478e-16
2.913337764633432969e-01,-4.413572689864153045e-04,7.896799011727116957e-01,2.527555729861488340e-02,3.628466247222598870e-05,9.996779219467502031e-01,2.279749743993197530e-03,1.731280672852857430e-02,-5.069944354363380493e-03,5.727416239321361270e-03,5.064290280308605952e-02,-1.742716730258941568e-02,5.956192279696293813e-03,4.300479869994951881e-02,6.682170633910294345e-03,3.400150931540221484e-03,4.971169019075411671e-02,-4.213450624325163624e-02,-6.142070221050788259e-03,-3.482143727451767026e-07,-5.904280149203765198e-13,-5.494871253286102116e-12,4.980121908718317392e-01,3.000000000000619949e-01,4.039613747524466262e-14,5.010036668127051396e-01,1.211638778525439428e-15,1.067181851071534289e-13,3.308869342073825966e-15,4.980124161087282064e-01,-2.999999999998945177e-01,1.138828470661898365e-15,5.010036045496761847e-01,-1.088941673769765497e-15,1.011668266524318576e-13,-1.034291143123463478e-16
2.913337764633432969e-01,-4.413572689864153045e-04,7.896799011727116957e-01,2.527555729861488340e-02,3.628466247222598870e-05,9.996779219467502031e-01,2.279749743993197530e-03,1.731280672852857430e-02,-5.069944354363380493e-03,5.727416239321361270e-03,5.064290280308605952e-02,-1.742716730258941568e-02,5.956192279696293813e-03,4.300479869994951881e-02,6.682170633910294345e-03,3.400150931540221484e-03,4.971169019075411671e-02,-4.213450624325163624e-02,-6.142070221050788259e-03,-3.482143727451767026e-07,-5.904280149203765198e-13,-5.494871253286102116e-12,4.980121908718317392e-01,3.000000000000619949e-01,4.039613747524466262e-14,5.010036668127051396e-01,1.211638778525439428e-15,1.067181851071534289e-13,3.308869342073825966e-15,4.980124161087282064e-01,-2.999999999998945177e-01,1.138828470661898365e-15,5.010036045496761847e-01,-1.088941673769765497e-15,1.011668266524318576e-13,-1.034291143123463478e-16
2.913337764633432969e-01,-4.413572689864153045e-04,7.896799011727116957e-01,2.527555729861488340e-02,3.628466247222598870e-05,9.996779219467502031e-01,2.279749743993197530e-03,1.731280672852857430e-02,-5.069944354363380493e-03,5.727416239321361270e-03,5.064290280308605952e-02,-1.742716730258941568e-02,5.956192279696293813e-03,4.300479869994951881e-02,6.682170633910294345e-03,3.400150931540221484e-03,4.971169019075411671e-02,-4.213450624325163624e-02,-6.142070221050788259e-03,-3.482143727451767026e-07,-5.904280149203765198e-13,-5.494871253286102116e-12,4.980121908718317392e-01,3.000000000000619949e-01,4.039613747524466262e-14,5.010036668127051396e-01,1.211638778525439428e-15,1.067181851071534289e-13,3.308869342073825966e-15,4.980124161087282064e-01,-2.999999999998945177e-01,1.138828470661898365e-15,5.010036045496761847e-01,-1.088941673769765497e-15,1.011668266524318576e-13,-1.034291143123463478e-16
2.913337764633432969e-01,-4.413572689864153045e-04,7.896799011727116957e-01,2.527555729861488340e-02,3.628466247222598870e-05,9.996779219467502031e-01,2.279749743993197530e-03,1.731280672852857430e-02,-5.069944354363380493e-03,5.727416239321361270e-03,5.064290280308605952e-02,-1.742716730258941568e-02,5.956192279696293813e-03,4.300479869994951881e-02,6.682170633910294345e-03,3.400150931540221484e-03,4.971169019075411671e-02,-4.213450624325163624e-02,-6.142070221050788259e-03,-3.482143727451767026e-07,-5.904280149203765198e-13,-5.494871253286102116e-12,4.980121908718317392e-01,3.000000000000619949e-01,4.039613747524466262e-14,5.010036668127051396e-01,1.211638778525439428e-15,1.067181851071534289e-13,3.308869342073825966e-15,4.980124161087282064e-01,-2.999999999998945177e-01,1.138828470661898365e-15,5.010036045496761847e-01,-1.088941673769765497e-15,1.011668266524318576e-13,-1.034291143123463478e-16
2.913337764633432969e-01,-4.413572689864153045e-04,7.896799011727116957e-01,2.527555729861488340e-02,3.628466247222598870e-05,9.996779219467502031e-01,2.279749743993197530e-03,1.731280672852857430e-02,-5.069944354363380493e-03,5.727416239321361270e-03,5.064290280308605952e-02,-1.742716730258941568e-02,5.956192279696293813e-03,4.300479869994951881e-02,6.682170633910294345e-03,3.400150931540221484e-03,4.971169019075411671e-02,-4.213450624325163624e-02,-6.142070221050788259e-03,-3.482143727451767026e-07,-5.904280149203765198e-13,-5.494871253286102116e-12,4.980121908718317392e-01,3.000000000000619949e-01,4.039613747524466262e-14,5.010036668127051396e-01,1.211638778525439428e-15,1.067181851071534289e-13,3.308869342073825966e-15,4.980124161087282064e-01,-2.999999999998945177e-01,1.138828470661898365e-15,5.010036045496761847e-01,-1.088941673769765497e-15,1.011668266524318576e-13,-1.034291143123463478e-16
2.913337764633432969e-01,-4.413572689864153045e-04,7.896799011727116957e-01,2.527555729861488340e-02,3.628466247222598870e-05,9.996779219467502031e-01,2.279749743993197530e-03,1.731280672852857430e-02,-5.069944354363380493e-03,5.727416239321361270e-03,5.064290280308605952e-02,-1.742716730258941568e-02,5.956192279696293813e-03,4.300479869994951881e-02,6.682170633910294345e-03,3.400150931540221484e-03,4.971169019075411671e-02,-4.213450624325163624e-02,-6.142070221050788259e-03,-3.482143727451767026e-07,-5.904280149203765198e-13,-5.494871253286102116e-12,4.980121908718317392e-01,3.000000000000619949e-01,4.039613747524466262e-14,5.010036668127051396e-01,1.211638778525439428e-15,1.067181851071534289e-13,3.308869342073825966e-15,4.980124161087282064e-01,-2.999999999998945177e-01,1.138828470661898365e-15,5.010036045496761847e-01,-1.088941673769765497e-15,1.011668266524318576e-13,-1.034291143123463478e-16
2.913337764633432969e-01,-4.413572689864153045e-04,7.896799011727116957e-01,2.527555729861488340e-02,3.628466247222598870e-05,9.996779219467502031e-01,2.279749743993197530e-03,1.731280672852857430e-02,-5.069944354363380493e-03,5.727416239321361270e-03,5.064290280308605952e-02,-1.742716730258941568e-02,5.956192279696293813e-03,4.300479869994951881e-02,6.682170633910294345e-03,3.400150931540221484e-03,4.971169019075411671e-02,-4.213450624325163624e-02,-6.142070221050788259e-03,-3.482143727451767026e-07,-5.904280149203765198e-13,-5.494871253286102116e-12,4.980121908718317392e-01,3.000000000000619949e-01,4.039613747524466262e-14,5.010036668127051396e-01,1.211638778525439428e-15,1.067181851071534289e-13,3.308869342073825966e-15,4.980124161087282064e-01,-2.999999999998945177e-01,1.138828470661898365e-15,5.010036045496761847e-01,-1.088941673769765497e-15,1.011668266524318576e-13,-1.034291143123463478e-16
2.913337764633432969e-01,-4.413572689864153045e-04,7.896799011727116957e-01,2.527555729861488340e-02,3.628466247222598870e-05,9.996779219467502031e-01,2.279749743993197530e-03,1.731280672852857430e-02,-5.069944354363380493e-03,5.727416239321361270e-03,5.064290280308605952e-02,-1.742716730258941568e-02,5.956192279696293813e-03,4.300479869994951881e-02,6.682170633910294345e-03,3.400150931540221484e-03,4.971169019075411671e-02,-4.213450624325163624e-02,-6.142070221050788259e-03,-3.482143727451767026e-07,-5.904280149203765198e-13,-5.494871253286102116e-12,4.980121908718317392e-01,3.000000000000619949e-01,4.039613747524466262e-14,5.010036668127051396e-01,1.211638778525439428e-15,1.067181851071534289e-13,3.308869342073825966e-15,4.980124161087282064e-01,-2.999999999998945177e-01,1.138828470661898365e-15,5.010036045496761847e-01,-1.088941673769765497e-15,1.011668266524318576e-13,-1.034291143123463478e-16
2.913337764633432969e-01,-4.413572689864153045e-04,7.896799011727116957e-01,2.527555729861488340e-02,3.628466247222598870e-05,9.996779219467502031e-01,2.279749743993197530e-03,1.731280672852857430e-02,-5.069944354363380493e-03,5.727416239321361270e-03,5.064290280308605952e-02,-1.742716730258941568e-02,5.956192279696293813e-03,4.300479869994951881e-02,6.682170633910294345e-03,3.400150931540221484e-03,4.971169019075411671e-02,-4.213450624325163624e-02,-6.142070221050788259e-03,-3.482143727451767026e-07,-5.904280149203765198e-13,-5.494871253286102116e-12,4.980121908718317392e-01,3.000000000000619949e-01,4.039613747524466262e-14,5.010036668127051396e-01,1.211638778525439428e-15,1.067181851071534289e-13,3.308869342073825966e-15,4.980124161087282064e-01,-2.999999999998945177e-01,1.138828470661898365e-15,5.010036045496761847e-01,-1.088941673769765497e-15,1.011668266524318576e-13,-1.034291143123463478e-16
2.913337764633432969e-01,-4.413572689864153045e-04,7.896799011727116957e-01,2.527555729861488340e-02,3.628466247222598870e-05,9.996779219467502031e-01,2.279749743993197530e-03,1.731280672852857430e-02,-5.069944354363380493e-03,5.727416239321361270e-03,5.064290280308605952e-02,-1.742716730258941568e-02,5.956192279696293813e-03,4.300479869994951881e-02,6.682170633910294345e-03,3.400150931540221484e-03,4.971169019075411671e-02,-4.213450624325163624e-02,-6.142070221050788259e-03,-3.482143727451767026e-07,-5.904280149203765198e-13,-5.494871253286102116e-12,4.980121908718317392e-01,3.000000000000619949e-01,4.039613747524466262e-14,5.010036668127051396e-01,1.211638778525439428e-15,1.067181851071534289e-13,3.308869342073825966e-15,4.980124161087282064e-01,-2.999999999998945177e-01,1.138828470661898365e-15,5.010036045496761847e-01,-1.088941673769765497e-15,1.011668266524318576e-13,-1.034291143123463478e-16
2.913337764633432969e-01,-4.413572689864153045e-04,7.896799011727116957e-01,2.527555729861488340e-02,3.628466247222598870e-05,9.996779219467502031e-01,2.279749743993197530e-03,1.731280672852857430e-02,-5.069944354363380493e-03,5.727416239321361270e-03,5.064290280308605952e-02,-1.742716730258941568e-02,5.956192279696293813e-03,4.300479869994951881e-02,6.682170633910294345e-03,3.400150931540221484e-03,4.971169019075411671e-02,-4.213450624325163624e-02,-6.142070221050788259e-03,-3.482143727451767026e-07,-5.904280149203765198e-13,-5.494871253286102116e-12,4.980121908718317392e-01,3.000000000000619949e-01,4.039613747524466262e-14,5.010036668127051396e-01,1.211638778525439428e-15,1.067181851071534289e-13,3.308869342073825966e-15,4.980124161087282064e-01,-2.999999999998945177e-01,1.138828470661898365e-15,5.010036045496761847e-01,-1.088941673769765497e-15,1.011668266524318576e-13,-1.034291143123463478e-16
2.913337764633432969e-01,-4.413572689864153045e-04,7.896799011727116957e-01,2.527555729861488340e-02,3.628466247222598870e-05,9.996779219467502031e-01,2.279749743993197530e-03,1.731280672852857430e-02,-5.069944354363380493e-03,5.727416239321361270e-03,5.064290280308605952e-02,-1.742716730258941568e-02,5.956192279696293813e-03,4.300479869994951881e-02,6.682170633910294345e-03,3.400150931540221484e-03,4.971169019075411671e-02,-4.213450624325163624e-02,-6.142070221050788259e-03,-3.482143727451767026e-07,-5.904280149203765198e-13,-5.494871253286102116e-12,4.980121908718317392e-01,3.000000000000619949e-01,4.039613747524466262e-14,5.010036668127051396e-01,1.211638778525439428e-15,1.067181851071534289e-13,3.308869342073825966e-15,4.980124161087282064e-01,-2.999999999998945177e-01,1.138828470661898365e-15,5.010036045496761847e-01,-1.088941673769765497e-15,1.011668266524318576e-13,-1.034291143123463478e-16
2.913337764633432969e-01,-4.413572689864153045e-04,7.896799011727116957e-01,2.527555729861488340e-02,3.628466247222598870e-05,9.996779219467502031e-01,2.279749743993197530e-03,1.731280672852857430e-02,-5.069944354363380493e-03,5.727416239321361270e-03,5.064290280308605952e-02,-1.742716730258941568e-02,5.956192279696293813e-03,4.300479869994951881e-02,6.682170633910294345e-03,3.400150931540221484e-03,4.971169019075411671e-02,-4.213450624325163624e-02,-6.142070221050788259e-03,-3.482143727451767026e-07,-5.904280149203765198e-13,-5.494871253286102116e-12,4.980121908718317392e-01,3.000000000000619949e-01,4.039613747524466262e-14,5.010036668127051396e-01,1.211638778525439428e-15,1.067181851071534289e-13,3.308869342073825966e-15,4.980124161087282064e-01,-2.999999999998945177e-01,1.138828470661898365e-15,5.010036045496761847e-01,-1.088941673769765497e-15,1.011668266524318576e-13,-1.034291143123463478e-16
2.913337764633432969e-01,-4.413572689864153045e-04,7.896799011727116957e-01,2.527555729861488340e-02,3.628466247222598870e-05,9.996779219467502031e-01,2.279749743993197530e-03,1.731280672852857430e-02,-5.069944354363380493e-03,5.727416239321361270e-03,5.064290280308605952e-02,-1.742716730258941568e-02,5.956192279696293813e-03,4.300479869994951881e-02,6.682170633910294345e-03,3.400150931540221484e-03,4.971169019075411671e-02,-4.213450624325163624e-02,-6.142070221050788259e-03,-3.482143727451767026e-07,-5.904280149203765198e-13,-5.494871253286102116e-12,4.980121908718317392e-01,3.000000000000619949e-01,4.039613747524466262e-14,5.010036668127051396e-01,1.211638778525439428e-15,1.067181851071534289e-13,3.308869342073825966e-15,4.980124161087282064e-01,-2.999999999998945177e-01,1.138828470661898365e-15,5.010036045496761847e-01,-1.088941673769765497e-15,1.011668266524318576e-13,-1.034291143123463478e-16
2.913337764633432969e-01,-4.413572689864153045e-04,7.896799011727116957e-01,2.527555729861488340e-02,3.628466247222598870e-05,9.996779219467502031e-01,2.279749743993197530e-03,1.731280672852857430e-02,-5.069944354363380493e-03,5.727416239321361270e-03,5.064290280308605952e-02,-1.742716730258941568e-02,5.956192279696293813e-03,4.300479869994951881e-02,6.682170633910294345e-03,3.400150931540221484e-03,4.971169019075411671e-02,-4.213450624325163624e-02,-6.142070221050788259e-03,-3.482143727451767026e-07,-5.904280149203765198e-13,-5.494871253286102116e-12,4.980121908718317392e-01,3.000000000000619949e-01,4.039613747524466262e-14,5.010036668127051396e-01,1.211638778525439428e-15,1.067181851071534289e-13,3.308869342073825966e-15,4.980124161087282064e-01,-2.999999999998945177e-01,1.138828470661898365e-15,5.010036045496761847e-01,-1.088941673769765497e-15,1.011668266524318576e-13,-1.034291143123463478e-16
2.913337764633432969e-01,-4.413572689864153045e-04,7.896799011727116957e-01,2.527555729861488340e-02,3.628466247222598870e-05,9.996779219467502031e-01,2.279749743993197530e-03,1.731280672852857430e-02,-5.069944354363380493e-03,5.727416239321361270e-03,5.064290280308605952e-02,-1.742716730258941568e-02,5.956192279696293813e-03,4.300479869994951881e-02,6.682170633910294345e-03,3.400150931540221484e-03,4.971169019075411671e-02,-4.213450624325163624e-02,-6.142070221050788259e-03,-3.482143727451767026e-07,-5.904280149203765198e-13,-5.494871253286102116e-12,4.980121908718317392e-01,3.000000000000619949e-01,4.039613747524466262e-14,5.010036668127051396e-01,1.211638778525439428e-15,1.067181851071534289e-13,3.308869342073825966e-15,4.980124161087282064e-01,-2.999999999998945177e-01,1.138828470661898365e-15,5.010036045496761847e-01,-1.088941673769765497e-15,1.011668266524318576e-13,-1.034291143123463478e-16
2.913337764633432969e-01,-4.413572689864153045e-04,7.896799011727116957e-01,2.527555729861488340e-02,3.628466247222598870e-05,9.996779219467502031e-01,2.279749743993197530e-03,1.731280672852857430e-02,-5.069944354363380493e-03,5.727416239321361270e-03,5.064290280308605952e-02,-1.742716730258941568e-02,5.956192279696293813e-03,4.300479869994951881e-02,6.682170633910294345e-03,3.400150931540221484e-03,4.971169019075411671e-02,-4.213450624325163624e-02,-6.142070221050788259e-03,-3.482143727451767026e-07,-5.904280149203765198e-13,-5.494871253286102116e-12,4.980121908718317392e-01,3.000000000000619949e-01,4.039613747524466262e-14,5.010036668127051396e-01,1.211638778525439428e-15,1.067181851071534289e-13,3.308869342073825966e-15,4.980124161087282064e-01,-2.999999999998945177e-01,1.138828470661898365e-15,5.010036045496761847e-01,-1.088941673769765497e-15,1.011668266524318576e-13,-1.034291143123463478e-16
2.913337764633432969e-01,-4.413572689864153045e-04,7.896799011727116957e-01,2.527555729861488340e-02,3.628466247222598870e-05,9.996779219467502031e-01,2.279749743993197530e-03,1.731280672852857430e-02,-5.069944354363380493e-03,5.727416239321361270e-03,5.064290280308605952e-02,-1.742716730258941568e-02,5.956192279696293813e-03,4.300479869994951881e-02,6.682170633910294345e-03,3.400150931540221484e-03,4.971169019075411671e-02,-4.213450624325163624e-02,-6.142070221050788259e-03,-3.482143727451767026e-07,-5.904280149203765198e-13,-5.494871253286102116e-12,4.980121908718317392e-01,3.000000000000619949e-01,4.039613747524466262e-14,5.010036668127051396e-01,1.211638778525439428e-15,1.067181851071534289e-13,3.308869342073825966e-15,4.980124161087282064e-01,-2.999999999998945177e-01,1.138828470661898365e-15,5.010036045496761847e-01,-1.088941673769765497e-15,1.011668266524318576e-13,-1.034291143123463478e-16
2.913337764633432969e-01,-4.413572689864153045e-04,7.896799011727116957e-01,2.527555729861488340e-02,3.628466247222598870e-05,9.996779219467502031e-01,2.279749743993197530e-03,1.731280672852857430e-02,-5.069944354363380493e-03,5.727416239321361270e-03,5.064290280308605952e-02,-1.742716730258941568e-02,5.956192279696293813e-03,4.300479869994951881e-02,6.682170633910294345e-03,3.400150931540221484e-03,4.971169019075411671e-02,-4.213450624325163624e-02,-6.142070221050788259e-03,-3.482143727451767026e-07,-5.904280149203765198e-13,-5.494871253286102116e-12,4.980121908718317392e-01,3.000000000000619949e-01,4.039613747524466262e-14,5.010036668127051396e-01,1.211638778525439428e-15,1.067181851071534289e-13,3.308869342073825966e-15,4.980124161087282064e-01,-2.999999999998945177e-01,1.138828470661898365e-15,5.010036045496761847e-01,-1.088941673769765497e-15,1.011668266524318576e-13,-1.034291143123463478e-16
2.913337764633432969e-01,-4.413572689864153045e-04,7.896799011727116957e-01,2.527555729861488340e-02,3.628466247222598870e-05,9.996779219467502031e-01,2.279749743993197530e-03,1.731280672852857430e-02,-5.069944354363380493e-03,5.727416239321361270e-03,5.064290280308605952e-02,-1.742716730258941568e-02,5.956192279696293813e-03,4.300479869994951881e-02,6.682170633910294345e-03,3.400150931540221484e-03,4.971169019075411671e-02,-4.213450624325163624e-02,-6.142070221050788259e-03,-3.482143727451767026e-07,-5.904280149203765198e-13,-5.494871253286102116e-12,4.980121908718317392e-01,3.000000000000619949e-01,4.039613747524466262e-14,5.010036668127051396e-01,1.211638778525439428e-15,1.067181851071534289e-13,3.308869342073825966e-15,4.980124161087282064e-01,-2.999999999998945177e-01,1.138828470661898365e-15,5.010036045496761847e-01,-1.088941673769765497e-15,1.011668266524318576e-13,-1.034291143123463478e-16
2.913337764633432969e-01,-4.413572689864153045e-04,7.896799011727116957e-01,2.527555729861488340e-02,3.628466247222598870e-05,9.996779219467502031e-01,2.279749743993197530e-03,1.731280672852857430e-02,-5.069944354363380493e-03,5.727416239321361270e-03,5.064290280308605952e-02,-1.742716730258941568e-02,5.956192279696293813e-03,4.300479869994951881e-02,6.682170633910294345e-03,3.400150931540221484e-03,4.971169019075411671e-02,-4.213450624325163624e-02,-6.142070221050788259e-03,-3.482143727451767026e-07,-5.904280149203765198e-13,-5.494871253286102116e-12,4.980121908718317392e-01,3.000000000000619949e-01,4.039613747524466262e-14,5.010036668127051396e-01,1.211638778525439428e-15,1.067181851071534289e-13,3.308869342073825966e-15,4.980124161087282064e-01,-2.999999999998945177e-01,1.138828470661898365e-15,5.010036045496761847e-01,-1.088941673769765497e-15,1.011668266524318576e-13,-1.034291143123463478e-16
2.913337764633432969e-01,-4.413572689864153045e-04,7.896799011727116957e-01,2.527555729861488340e-02,3.628466247222598870e-05,9.996779219467502031e-01,2.279749743993197530e-03,1.731280672852857430e-02,-5.069944354363380493e-03,5.727416239321361270e-03,5.064290280308605952e-02,-1.742716730258941568e-02,5.956192279696293813e-03,4.300479869994951881e-02,6.682170633910294345e-03,3.400150931540221484e-03,4.971169019075411671e-02,-4.213450624325163624e-02,-6.142070221050788259e-03,-3.482143727451767026e-07,-5.904280149203765198e-13,-5.494871253286102116e-12,4.980121908718317392e-01,3.000000000000619949e-01,4.039613747524466262e-14,5.010036668127051396e-01,1.211638778525439428e-15,1.067181851071534289e-13,3.308869342073825966e-15,4.980124161087282064e-01,-2.999999999998945177e-01,1.138828470661898365e-15,5.010036045496761847e-01,-1.088941673769765497e-15,1.011668266524318576e-13,-1.034291143123463478e-16
2.913337764633432969e-01,-4.413572689864153045e-04,7.896799011727116957e-01,2.527555729861488340e-02,3.628466247222598870e-05,9.996779219467502031e-01,2.279749743993197530e-03,1.731280672852857430e-02,-5.069944354363380493e-03,5.727416239321361270e-03,5.064290280308605952e-02,-1.742716730258941568e-02,5.956192279696293813e-03,4.300479869994951881e-02,6.682170633910294345e-03,3.400150931540221484e-03,4.971169019075411671e-02,-4.213450624325163624e-02,-6.142070221050788259e-03,-3.482143727451767026e-07,-5.904280149203765198e-13,-5.494871253286102116e-12,4.980121908718317392e-01,3.000000000000619949e-01,4.039613747524466262e-14,5.010036668127051396e-01,1.211638778525439428e-15,1.067181851071534289e-13,3.308869342073825966e-15,4.980124161087282064e-01,-2.999999999998945177e-01,1.138828470661898365e-15,5.010036045496761847e-01,-1.088941673769765497e-15,1.011668266524318576e-13,-1.034291143123463478e-16
2.913337764633432969e-01,-4.413572689864153045e-04,7.896799011727116957e-01,2.527555729861488340e-02,3.628466247222598870e-05,9.996779219467502031e-01,2.279749743993197530e-03,1.731280672852857430e-02,-5.069944354363380493e-03,5.727416239321361270e-03,5.064290280308605952e-02,-1.742716730258941568e-02,5.956192279696293813e-03,4.300479869994951881e-02,6.682170633910294345e-03,3.400150931540221484e-03,4.971169019075411671e-02,-4.213450624325163624e-02,-6.142070221050788259e-03,-3.482143727451767026e-07,-5.904280149203765198e-13,-5.494871253286102116e-12,4.980121908718317392e-01,3.000000000000619949e-01,4.039613747524466262e-14,5.010036668127051396e-01,1.211638778525439428e-15,1.067181851071534289e-13,3.308869342073825966e-15,4.980124161087282064e-01,-2.999999999998945177e-01,1.138828470661898365e-15,5.010036045496761847e-01,-1.088941673769765497e-15,1.011668266524318576e-13,-1.034291143123463478e-16
2.913337764633432969e-01,-4.413572689864153045e-04,7.896799011727116957e-01,2.527555729861488340e-02,3.628466247222598870e-05,9.996779219467502031e-01,2.279749743993197530e-03,1.731280672852857430e-02,-5.069944354363380493e-03,5.727416239321361270e-03,5.064290280308605952e-02,-1.742716730258941568e-02,5.956192279696293813e-03,4.300479869994951881e-02,6.682170633910294345e-03,3.400150931540221484e-03,4.971169019075411671e-02,-4.213450624325163624e-02,-6.142070221050788259e-03,-3.482143727451767026e-07,-5.904280149203765198e-13,-5.494871253286102116e-12,4.980121908718317392e-01,3.000000000000619949e-01,4.039613747524466262e-14,5.010036668127051396e-01,1.211638778525439428e-15,1.067181851071534289e-13,3.308869342073825966e-15,4.980124161087282064e-01,-2.999999999998945177e-01,1.138828470661898365e-15,5.010036045496761847e-01,-1.088941673769765497e-15,1.011668266524318576e-13,-1.034291143123463478e-16
2.913337764633432969e-01,-4.413572689864153045e-04,7.896799011727116957e-01,2.527555729861488340e-02,3.628466247222598870e-05,9.996779219467502031e-01,2.279749743993197530e-03,1.731280672852857430e-02,-5.069944354363380493e-03,5.727416239321361270e-03,5.064290280308605952e-02,-1.742716730258941568e-02,5.956192279696293813e-03,4.300479869994951881e-02,6.682170633910294345e-03,3.400150931540221484e-03,4.971169019075411671e-02,-4.213450624325163624e-02,-6.142070221050788259e-03,-3.482143727451767026e-07,-5.904280149203765198e-13,-5.494871253286102116e-12,4.980121908718317392e-01,3.000000000000619949e-01,4.039613747524466262e-14,5.010036668127051396e-01,1.211638778525439428e-15,1.067181851071534289e-13,3.308869342073825966e-15,4.980124161087282064e-01,-2.999999999998945177e-01,1.138828470661898365e-15,5.010036045496761847e-01,-1.088941673769765497e-15,1.011668266524318576e-13,-1.034291143123463478e-16
2.913337764633432969e-01,-4.413572689864153045e-04,7.896799011727116957e-01,2.527555729861488340e-02,3.628466247222598870e-05,9.996779219467502031e-01,2.279749743993197530e-03,1.731280672852857430e-02,-5.069944354363380493e-03,5.727416239321361270e-03,5.064290280308605952e-02,-1.742716730258941568e-02,5.956192279696293813e-03,4.300479869994951881e-02,6.682170633910294345e-03,3.400150931540221484e-03,4.971169019075411671e-02,-4.213450624325163624e-02,-6.142070221050788259e-03,-3.482143727451767026e-07,-5.904280149203765198e-13,-5.494871253286102116e-12,4.980121908718317392e-01,3.000000000000619949e-01,4.039613747524466262e-14,5.010036668127051396e-01,1.211638778525439428e-15,1.067181851071534289e-13,3.308869342073825966e-15,4.980124161087282064e-01,-2.999999999998945177e-01,1.138828470661898365e-15,5.010036045496761847e-01,-1.088941673769765497e-15,1.011668266524318576e-13,-1.034291143123463478e-16
2.913337764633432969e-01,-4.413572689864153045e-04,7.896799011727116957e-01,2.527555729861488340e-02,3.628466247222598870e-05,9.996779219467502031e-01,2.279749743993197530e-03,1.731280672852857430e-02,-5.069944354363380493e-03,5.727416239321361270e-03,5.064290280308605952e-02,-1.742716730258941568e-02,5.956192279696293813e-03,4.300479869994951881e-02,6.682170633910294345e-03,3.400150931540221484e-03,4.971169019075411671e-02,-4.213450624325163624e-02,-6.142070221050788259e-03,-3.482143727451767026e-07,-5.904280149203765198e-13,-5.494871253286102116e-12,4.980121908718317392e-01,3.000000000000619949e-01,4.039613747524466262e-14,5.010036668127051396e-01,1.211638778525439428e-15,1.067181851071534289e-13,3.308869342073825966e-15,4.980124161087282064e-01,-2.999999999998945177e-01,1.138828470661898365e-15,5.010036045496761847e-01,-1.088941673769765497e-15,1.011668266524318576e-13,-1.034291143123463478e-16
