-2.862223545484419464e-03,1.865383142973980191e-08,7.897331641517341128e-01,1.789508187234237620e-10,-2.499699712581874081e-02,-7.473945418173145904e-08,9.996875262474201884e-01,3.000056409283196474e-02,-1.007649294313739925e-05,2.141451841076415351e-06,4.999965513280262702e-02,-3.000101706436123644e-02,1.029635221688263765e-05,3.000045103647983741e-02,1.008056988483491626e-05,-1.837644190519344476e-06,4.999977901778536460e-02,-3.000102788992618785e-02,-1.024970303497404563e-05,-6.202968715602726703e-10,6.044634173507687970e-15,-1.311628538881730189e-14,4.979999472742425159e-01,2.999999999999993228e-01,3.655207328529418295e-16,5.010000112981148890e-01,1.273449895273231277e-18,1.045914448257287198e-16,2.705754225173851006e-17,4.979999479596501910e-01,-3.000000000000030975e-01,-8.008608748973628868e-16,5.010000099335686352e-01,-1.141320218807361267e-18,-4.705172023572384737e-17,-6.571793951766607376e-17
-2.862223545484419464e-03,1.865383142973980191e-08,7.897331641517341128e-01,1.789508187234237620e-10,-2.499699712581874081e-02,-7.473945418173145904e-08,9.996875262474201884e-01,3.000056409283196474e-02,-1.007649294313739925e-05,2.141451841076415351e-06,4.999965513280262702e-02,-3.000101706436123644e-02,1.029635221688263765e-05,3.000045103647983741e-02,1.008056988483491626e-05,-1.837644190519344476e-06,4.999977901778536460e-02,-3.000102788992618785e-02,-1.024970303497404563e-05,-6.202968715602726703e-10,6.044634173507687970e-15,-1.311628538881730189e-14,4.979999472742425159e-01,2.999999999999993228e-01,3.655207328529418295e-16,5.010000112981148890e-01,1.273449895273231277e-18,1.045914448257287198e-16,2.705754225173851006e-17,4.979999479596501910e-01,-3.000000000000030975e-01,-8.008608748973628868e-16,5.010000099335686352e-01,-1.141320218807361267e-18,-4.705172023572384737e-17,-6.571793951766607376e-17
-2.862223545484419464e-03,1.865383142973980191e-08,7.897331641517341128e-01,1.789508187234237620e-10,-2.499699712581874081e-02,-7.473945418173145904e-08,9.996875262474201884e-01,3.000056409283196474e-02,-1.007649294313739925e-05,2.141451841076415351e-06,4.999965513280262702e-02,-3.000101706436123644e-02,1.029635221688263765e-05,3.000045103647983741e-02,1.008056988483491626e-05,-1.837644190519344476e-06,4.999977901778536460e-02,-3.000102788992618785e-02,-1.024970303497404563e-05,-6.202968715602726703e-10,6.044634173507687970e-15,-1.311628538881730189e-14,4.979999472742425159e-01,2.999999999999993228e-01,3.655207328529418295e-16,5.010000112981148890e-01,1.273449895273231277e-18,1.045914448257287198e-16,2.705754225173851006e-17,4.979999479596501910e-01,-3.000000000000030975e-01,-8.008608748973628868e-16,5.010000099335686352e-01,-1.141320218807361267e-18,-4.705172023572384737e-17,-6.571793951766607376e-17
-2.862223545484419464e-03,1.865383142973980191e-08,7.897331641517341128e-01,1.789508187234237620e-10,-2.499699712581874081e-02,-7.473945418173145904e-08,9.996875262474201884e-01,3.000056409283196474e-02,-1.007649294313739925e-05,2.141451841076415351e-06,4.999965513280262702e-02,-3.000101706436123644e-02,1.029635221688263765e-05,3.000045103647983741e-02,1.008056988483491626e-05,-1.837644190519344476e-06,4.999977901778536460e-02,-3.000102788992618785e-02,-1.024970303497404563e-05,-6.202968715602726703e-10,6.044634173507687970e-15,-1.311628538881730189e-14,4.979999472742425159e-01,2.999999999999993228e-01,3.655207328529418295e-16,5.010000112981148890e-01,1.273449895273231277e-18,1.045914448257287198e-16,2.705754225173851006e-17,4.979999479596501910e-01,-3.000000000000030975e-01,-8.008608748973628868e-16,5.010000099335686352e-01,-1.141320218807361267e-18,-4.705172023572384737e-17,-6.571793951766607376e-17
-2.862223545484419464e-03,1.865383142973980191e-08,7.897331641517341128e-01,1.789508187234237620e-10,-2.499699712581874081e-02,-7.473945418173145904e-08,9.996875262474201884e-01,3.000056409283196474e-02,-1.007649294313739925e-05,2.141451841076415351e-06,4.999965513280262702e-02,-3.000101706436123644e-02,1.029635221688263765e-05,3.000045103647983741e-02,1.008056988483491626e-05,-1.837644190519344476e-06,4.999977901778536460e-02,-3.000102788992618785e-02,-1.024970303497404563e-05,-6.202968715602726703e-10,6.044634173507687970e-15,-1.311628538881730189e-14,4.979999472742425159e-01,2.999999999999993228e-01,3.655207328529418295e-16,5.010000112981148890e-01,1.273449895273231277e-18,1.045914448257287198e-16,2.705754225173851006e-17,4.979999479596501910e-01,-3.000000000000030975e-01,-8.008608748973628868e-16,5.010000099335686352e-01,-1.141320218807361267e-18,-4.705172023572384737e-17,-6.571793951766607376e-17
-2.862223545484419464e-03,1.865383142973980191e-08,7.897331641517341128e-01,1.789508187234237620e-10,-2.499699712581874081e-02,-7.473945418173145904e-08,9.996875262474201884e-01,3.000056409283196474e-02,-1.007649294313739925e-05,2.141451841076415351e-06,4.999965513280262702e-02,-3.000101706436123644e-02,1.029635221688263765e-05,3.000045103647983741e-02,1.008056988483491626e-05,-1.837644190519344476e-06,4.999977901778536460e-02,-3.000102788992618785e-02,-1.024970303497404563e-05,-6.202968715602726703e-10,6.044634173507687970e-15,-1.311628538881730189e-14,4.979999472742425159e-01,2.999999999999993228e-01,3.655207328529418295e-16,5.010000112981148890e-01,1.273449895273231277e-18,1.045914448257287198e-16,2.705754225173851006e-17,4.979999479596501910e-01,-3.000000000000030975e-01,-8.008608748973628868e-16,5.010000099335686352e-01,-1.141320218807361267e-18,-4.705172023572384737e-17,-6.571793951766607376e-17
-2.862223545484419464e-03,1.865383142973980191e-08,7.897331641517341128e-01,1.789508187234237620e-10,-2.499699712581874081e-02,-7.473945418173145904e-08,9.996875262474201884e-01,3.000056409283196474e-02,-1.007649294313739925e-05,2.141451841076415351e-06,4.999965513280262702e-02,-3.000101706436123644e-02,1.029635221688263765e-05,3.000045103647983741e-02,1.008056988483491626e-05,-1.837644190519344476e-06,4.999977901778536460e-02,-3.000102788992618785e-02,-1.024970303497404563e-05,-6.202968715602726703e-10,6.044634173507687970e-15,-1.311628538881730189e-14,4.979999472742425159e-01,2.999999999999993228e-01,3.655207328529418295e-16,5.010000112981148890e-01,1.273449895273231277e-18,1.045914448257287198e-16,2.705754225173851006e-17,4.979999479596501910e-01,-3.000000000000030975e-01,-8.008608748973628868e-16,5.010000099335686352e-01,-1.141320218807361267e-18,-4.705172023572384737e-17,-6.571793951766607376e-17
-2.862223545484419464e-03,1.865383142973980191e-08,7.897331641517341128e-01,1.789508187234237620e-10,-2.499699712581874081e-02,-7.473945418173145904e-08,9.996875262474201884e-01,3.000056409283196474e-02,-1.007649294313739925e-05,2.141451841076415351e-06,4.999965513280262702e-02,-3.000101706436123644e-02,1.029635221688263765e-05,3.000045103647983741e-02,1.008056988483491626e-05,-1.837644190519344476e-06,4.999977901778536460e-02,-3.000102788992618785e-02,-1.024970303497404563e-05,-6.202968715602726703e-10,6.044634173507687970e-15,-1.311628538881730189e-14,4.979999472742425159e-01,2.999999999999993228e-01,3.655207328529418295e-16,5.010000112981148890e-01,1.273449895273231277e-18,1.045914448257287198e-16,2.705754225173851006e-17,4.979999479596501910e-01,-3.000000000000030975e-01,-8.008608748973628868e-16,5.010000099335686352e-01,-1.141320218807361267e-18,-4.705172023572384737e-17,-6.571793951766607376e-17
-2.862223545484419464e-03,1.865383142973980191e-08,7.897331641517341128e-01,1.789508187234237620e-10,-2.499699712581874081e-02,-7.473945418173145904e-08,9.996875262474201884e-01,3.000056409283196474e-02,-1.007649294313739925e-05,2.141451841076415351e-06,4.999965513280262702e-02,-3.000101706436123644e-02,1.029635221688263765e-05,3.000045103647983741e-02,1.008056988483491626e-05,-1.837644190519344476e-06,4.999977901778536460e-02,-3.000102788992618785e-02,-1.024970303497404563e-05,-6.202968715602726703e-10,6.044634173507687970e-15,-1.311628538881730189e-14,4.979999472742425159e-01,2.999999999999993228e-01,3.655207328529418295e-16,5.010000112981148890e-01,1.273449895273231277e-18,1.045914448257287198e-16,2.705754225173851006e-17,4.979999479596501910e-01,-3.000000000000030975e-01,-8.008608748973628868e-16,5.010000099335686352e-01,-1.141320218807361267e-18,-4.705172023572384737e-17,-6.571793951766607376e-17
-2.862223545484419464e-03,1.865383142973980191e-08,7.897331641517341128e-01,1.789508187234237620e-10,-2.499699712581874081e-02,-7.473945418173145904e-08,9.996875262474201884e-01,3.000056409283196474e-02,-1.007649294313739925e-05,2.141451841076415351e-06,4.999965513280262702e-02,-3.000101706436123644e-02,1.029635221688263765e-05,3.000045103647983741e-02,1.008056988483491626e-05,-1.837644190519344476e-06,4.999977901778536460e-02,-3.000102788992618785e-02,-1.024970303497404563e-05,-6.202968715602726703e-10,6.044634173507687970e-15,-1.311628538881730189e-14,4.979999472742425159e-01,2.999999999999993228e-01,3.655207328529418295e-16,5.010000112981148890e-01,1.273449895273231277e-18,1.045914448257287198e-16,2.705754225173851006e-17,4.979999479596501910e-01,-3.000000000000030975e-01,-8.008608748973628868e-16,5.010000099335686352e-01,-1.141320218807361267e-18,-4.705172023572384737e-17,-6.571793951766607376e-17
-2.862223545484419464e-03,1.865383142973980191e-08,7.897331641517341128e-01,1.789508187234237620e-10,-2.499699712581874081e-02,-7.473945418173145904e-08,9.996875262474201884e-01,3.000056409283196474e-02,-1.007649294313739925e-05,2.141451841076415351e-06,4.999965513280262702e-02,-3.000101706436123644e-02,1.029635221688263765e-05,3.000045103647983741e-02,1.008056988483491626e-05,-1.837644190519344476e-06,4.999977901778536460e-02,-3.000102788992618785e-02,-1.024970303497404563e-05,-6.202968715602726703e-10,6.044634173507687970e-15,-1.311628538881730189e-14,4.979999472742425159e-01,2.999999999999993228e-01,3.655207328529418295e-16,5.010000112981148890e-01,1.273449895273231277e-18,1.045914448257287198e-16,2.705754225173851006e-17,4.979999479596501910e-01,-3.000000000000030975e-01,-8.008608748973628868e-16,5.010000099335686352e-01,-1.141320218807361267e-18,-4.705172023572384737e-17,-6.571793951766607376e-17
-2.862223545484419464e-03,1.865383142973980191e-08,7.897331641517341128e-01,1.789508187234237620e-10,-2.499699712581874081e-02,-7.473945418173145904e-08,9.996875262474201884e-01,3.000056409283196474e-02,-1.007649294313739925e-05,2.141451841076415351e-06,4.999965513280262702e-02,-3.000101706436123644e-02,1.029635221688263765e-05,3.000045103647983741e-02,1.008056988483491626e-05,-1.837644190519344476e-06,4.999977901778536460e-02,-3.000102788992618785e-02,-1.024970303497404563e-05,-6.202968715602726703e-10,6.044634173507687970e-15,-1.311628538881730189e-14,4.979999472742425159e-01,2.999999999999993228e-01,3.655207328529418295e-16,5.010000112981148890e-01,1.273449895273231277e-18,1.045914448257287198e-16,2.705754225173851006e-17,4.979999479596501910e-01,-3.000000000000030975e-01,-8.008608748973628868e-16,5.010000099335686352e-01,-1.141320218807361267e-18,-4.705172023572384737e-17,-6.571793951766607376e-17
-2.862223545484419464e-03,1.865383142973980191e-08,7.897331641517341128e-01,1.789508187234237620e-10,-2.499699712581874081e-02,-7.473945418173145904e-08,9.996875262474201884e-01,3.000056409283196474e-02,-1.007649294313739925e-05,2.141451841076415351e-06,4.999965513280262702e-02,-3.000101706436123644e-02,1.029635221688263765e-05,3.000045103647983741e-02,1.008056988483491626e-05,-1.837644190519344476e-06,4.999977901778536460e-02,-3.000102788992618785e-02,-1.024970303497404563e-05,-6.202968715602726703e-10,6.044634173507687970e-15,-1.311628538881730189e-14,4.979999472742425159e-01,2.999999999999993228e-01,3.655207328529418295e-16,5.010000112981148890e-01,1.273449895273231277e-18,1.045914448257287198e-16,2.705754225173851006e-17,4.979999479596501910e-01,-3.000000000000030975e-01,-8.008608748973628868e-16,5.010000099335686352e-01,-1.141320218807361267e-18,-4.705172023572384737e-17,-6.571793951766607376e-17
-2.862223545484419464e-03,1.865383142973980191e-08,7.897331641517341128e-01,1.789508187234237620e-10,-2.499699712581874081e-02,-7.473945418173145904e-08,9.996875262474201884e-01,3.000056409283196474e-02,-1.007649294313739925e-05,2.141451841076415351e-06,4.999965513280262702e-02,-3.000101706436123644e-02,1.029635221688263765e-05,3.000045103647983741e-02,1.008056988483491626e-05,-1.837644190519344476e-06,4.999977901778536460e-02,-3.000102788992618785e-02,-1.024970303497404563e-05,-6.202968715602726703e-10,6.044634173507687970e-15,-1.311628538881730189e-14,4.979999472742425159e-01,2.999999999999993228e-01,3.655207328529418295e-16,5.010000112981148890e-01,1.273449895273231277e-18,1.045914448257287198e-16,2.705754225173851006e-17,4.979999479596501910e-01,-3.000000000000030975e-01,-8.008608748973628868e-16,5.010000099335686352e-01,-1.141320218807361267e-18,-4.705172023572384737e-17,-6.571793951766607376e-17
-2.862223545484419464e-03,1.865383142973980191e-08,7.897331641517341128e-01,1.789508187234237620e-10,-2.499699712581874081e-02,-7.473945418173145904e-08,9.996875262474201884e-01,3.000056409283196474e-02,-1.007649294313739925e-05,2.141451841076415351e-06,4.999965513280262702e-02,-3.000101706436123644e-02,1.029635221688263765e-05,3.000045103647983741e-02,1.008056988483491626e-05,-1.837644190519344476e-06,4.999977901778536460e-02,-3.000102788992618785e-02,-1.024970303497404563e-05,-6.202968715602726703e-10,6.044634173507687970e-15,-1.311628538881730189e-14,4.979999472742425159e-01,2.999999999999993228e-01,3.655207328529418295e-16,5.010000112981148890e-01,1.273449895273231277e-18,1.045914448257287198e-16,2.705754225173851006e-17,4.979999479596501910e-01,-3.000000000000030975e-01,-8.008608748973628868e-16,5.010000099335686352e-01,-1.141320218807361267e-18,-4.705172023572384737e-17,-6.571793951766607376e-17
-2.862223545484419464e-03,1.865383142973980191e-08,7.897331641517341128e-01,1.789508187234237620e-10,-2.499699712581874081e-02,-7.473945418173145904e-08,9.996875262474201884e-01,3.000056409283196474e-02,-1.007649294313739925e-05,2.141451841076415351e-06,4.999965513280262702e-02,-3.000101706436123644e-02,1.029635221688263765e-05,3.000045103647983741e-02,1.008056988483491626e-05,-1.837644190519344476e-06,4.999977901778536460e-02,-3.000102788992618785e-02,-1.024970303497404563e-05,-6.202968715602726703e-10,6.044634173507687970e-15,-1.311628538881730189e-14,4.979999472742425159e-01,2.999999999999993228e-01,3.655207328529418295e-16,5.010000112981148890e-01,1.273449895273231277e-18,1.045914448257287198e-16,2.705754225173851006e-17,4.979999479596501910e-01,-3.000000000000030975e-01,-8.008608748973628868e-16,5.010000099335686352e-01,-1.141320218807361267e-18,-4.705172023572384737e-17,-6.571793951766607376e-17
-2.862223545484419464e-03,1.865383142973980191e-08,7.897331641517341128e-01,1.789508187234237620e-10,-2.499699712581874081e-02,-7.473945418173145904e-08,9.996875262474201884e-01,3.000056409283196474e-02,-1.007649294313739925e-05,2.141451841076415351e-06,4.999965513280262702e-02,-3.000101706436123644e-02,1.029635221688263765e-05,3.000045103647983741e-02,1.008056988483491626e-05,-1.837644190519344476e-06,4.999977901778536460e-02,-3.000102788992618785e-02,-1.024970303497404563e-05,-6.202968715602726703e-10,6.044634173507687970e-15,-1.311628538881730189e-14,4.979999472742425159e-01,2.999999999999993228e-01,3.655207328529418295e-16,5.010000112981148890e-01,1.273449895273231277e-18,1.045914448257287198e-16,2.705754225173851006e-17,4.979999479596501910e-01,-3.000000000000030975e-01,-8.008608748973628868e-16,5.010000099335686352e-01,-1.141320218807361267e-18,-4.705172023572384737e-17,-6.571793951766607376e-17
-2.862223545484419464e-03,1.865383142973980191e-08,7.897331641517341128e-01,1.789508187234237620e-10,-2.499699712581874081e-02,-7.473945418173145904e-08,9.996875262474201884e-01,3.000056409283196474e-02,-1.007649294313739925e-05,2.141451841076415351e-06,4.999965513280262702e-02,-3.000101706436123644e-02,1.029635221688263765e-05,3.000045103647983741e-02,1.008056988483491626e-05,-1.837644190519344476e-06,4.999977901778536460e-02,-3.000102788992618785e-02,-1.024970303497404563e-05,-6.202968715602726703e-10,6.044634173507687970e-15,-1.311628538881730189e-14,4.979999472742425159e-01,2.999999999999993228e-01,3.655207328529418295e-16,5.010000112981148890e-01,1.273449895273231277e-18,1.045914448257287198e-16,2.705754225173851006e-17,4.979999479596501910e-01,-3.000000000000030975e-01,-8.008608748973628868e-16,5.010000099335686352e-01,-1.141320218807361267e-18,-4.705172023572384737e-17,-6.571793951766607376e-17
-2.862223545484419464e-03,1.865383142973980191e-08,7.897331641517341128e-01,1.789508187234237620e-10,-2.499699712581874081e-02,-7.473945418173145904e-08,9.996875262474201884e-01,3.000056409283196474e-02,-1.007649294313739925e-05,2.141451841076415351e-06,4.999965513280262702e-02,-3.000101706436123644e-02,1.029635221688263765e-05,3.000045103647983741e-02,1.008056988483491626e-05,-1.837644190519344476e-06,4.999977901778536460e-02,-3.000102788992618785e-02,-1.024970303497404563e-05,-6.202968715602726703e-10,6.044634173507687970e-15,-1.311628538881730189e-14,4.979999472742425159e-01,2.999999999999993228e-01,3.655207328529418295e-16,5.010000112981148890e-01,1.273449895273231277e-18,1.045914448257287198e-16,2.705754225173851006e-17,4.979999479596501910e-01,-3.000000000000030975e-01,-8.008608748973628868e-16,5.010000099335686352e-01,-1.141320218807361267e-18,-4.705172023572384737e-17,-6.571793951766607376e-17
-2.862223545484419464e-03,1.865383142973980191e-08,7.897331641517341128e-01,1.789508187234237620e-10,-2.499699712581874081e-02,-7.473945418173145904e-08,9.996875262474201884e-01,3.000056409283196474e-02,-1.007649294313739925e-05,2.141451841076415351e-06,4.999965513280262702e-02,-3.000101706436123644e-02,1.029635221688263765e-05,3.000045103647983741e-02,1.008056988483491626e-05,-1.837644190519344476e-06,4.999977901778536460e-02,-3.000102788992618785e-02,-1.024970303497404563e-05,-6.202968715602726703e-10,6.044634173507687970e-15,-1.311628538881730189e-14,4.979999472742425159e-01,2.999999999999993228e-01,3.655207328529418295e-16,5.010000112981148890e-01,1.273449895273231277e-18,1.045914448257287198e-16,2.705754225173851006e-17,4.979999479596501910e-01,-3.000000000000030975e-01,-8.008608748973628868e-16,5.010000099335686352e-01,-1.141320218807361267e-18,-4.705172023572384737e-17,-6.571793951766607376e-17
-2.862223545484419464e-03,1.865383142973980191e-08,7.897331641517341128e-01,1.789508187234237620e-10,-2.499699712581874081e-02,-7.473945418173145904e-08,9.996875262474201884e-01,3.000056409283196474e-02,-1.007649294313739925e-05,2.141451841076415351e-06,4.999965513280262702e-02,-3.000101706436123644e-02,1.029635221688263765e-05,3.000045103647983741e-02,1.008056988483491626e-05,-1.837644190519344476e-06,4.999977901778536460e-02,-3.000102788992618785e-02,-1.024970303497404563e-05,-6.202968715602726703e-10,6.044634173507687970e-15,-1.311628538881730189e-14,4.979999472742425159e-01,2.999999999999993228e-01,3.655207328529418295e-16,5.010000112981148890e-01,1.273449895273231277e-18,1.045914448257287198e-16,2.705754225173851006e-17,4.979999479596501910e-01,-3.000000000000030975e-01,-8.008608748973628868e-16,5.010000099335686352e-01,-1.141320218807361267e-18,-4.705172023572384737e-17,-6.571793951766607376e-17
-2.862223545484419464e-03,1.865383142973980191e-08,7.897331641517341128e-01,1.789508187234237620e-10,-2.499699712581874081e-02,-7.473945418173145904e-08,9.996875262474201884e-01,3.000056409283196474e-02,-1.007649294313739925e-05,2.141451841076415351e-06,4.999965513280262702e-02,-3.000101706436123644e-02,1.029635221688263765e-05,3.000045103647983741e-02,1.008056988483491626e-05,-1.837644190519344476e-06,4.999977901778536460e-02,-3.000102788992618785e-02,-1.024970303497404563e-05,-6.202968715602726703e-10,6.044634173507687970e-15,-1.311628538881730189e-14,4.979999472742425159e-01,2.999999999999993228e-01,3.655207328529418295e-16,5.010000112981148890e-01,1.273449895273231277e-18,1.045914448257287198e-16,2.705754225173851006e-17,4.979999479596501910e-01,-3.000000000000030975e-01,-8.008608748973628868e-16,5.010000099335686352e-01,-1.141320218807361267e-18,-4.705172023572384737e-17,-6.571793951766607376e-17
-2.862223545484419464e-03,1.865383142973980191e-08,7.897331641517341128e-01,1.789508187234237620e-10,-2.499699712581874081e-02,-7.473945418173145904e-08,9.996875262474201884e-01,3.000056409283196474e-02,-1.007649294313739925e-05,2.141451841076415351e-06,4.999965513280262702e-02,-3.000101706436123644e-02,1.029635221688263765e-05,3.000045103647983741e-02,1.008056988483491626e-05,-1.837644190519344476e-06,4.999977901778536460e-02,-3.000102788992618785e-02,-1.024970303497404563e-05,-6.202968715602726703e-10,6.044634173507687970e-15,-1.311628538881730189e-14,4.979999472742425159e-01,2.999999999999993228e-01,3.655207328529418295e-16,5.010000112981148890e-01,1.273449895273231277e-18,1.045914448257287198e-16,2.705754225173851006e-17,4.979999479596501910e-01,-3.000000000000030975e-01,-8.008608748973628868e-16,5.010000099335686352e-01,-1.141320218807361267e-18,-4.705172023572384737e-17,-6.571793951766607376e-17
-2.862223545484419464e-03,1.865383142973980191e-08,7.897331641517341128e-01,1.789508187234237620e-10,-2.499699712581874081e-02,-7.473945418173145904e-08,9.996875262474201884e-01,3.000056409283196474e-02,-1.007649294313739925e-05,2.141451841076415351e-06,4.999965513280262702e-02,-3.000101706436123644e-02,1.029635221688263765e-05,3.000045103647983741e-02,1.008056988483491626e-05,-1.837644190519344476e-06,4.999977901778536460e-02,-3.000102788992618785e-02,-1.024970303497404563e-05,-6.202968715602726703e-10,6.044634173507687970e-15,-1.311628538881730189e-14,4.979999472742425159e-01,2.999999999999993228e-01,3.655207328529418295e-16,5.010000112981148890e-01,1.273449895273231277e-18,1.045914448257287198e-16,2.705754225173851006e-17,4.979999479596501910e-01,-3.000000000000030975e-01,-8.008608748973628868e-16,5.010000099335686352e-01,-1.141320218807361267e-18,-4.705172023572384737e-17,-6.571793951766607376e-17
-2.862223545484419464e-03,1.865383142973980191e-08,7.897331641517341128e-01,1.789508187234237620e-10,-2.499699712581874081e-02,-7.473945418173145904e-08,9.996875262474201884e-01,3.000056409283196474e-02,-1.007649294313739925e-05,2.141451841076415351e-06,4.999965513280262702e-02,-3.000101706436123644e-02,1.029635221688263765e-05,3.000045103647983741e-02,1.008056988483491626e-05,-1.837644190519344476e-06,4.999977901778536460e-02,-3.000102788992618785e-02,-1.024970303497404563e-05,-6.202968715602726703e-10,6.044634173507687970e-15,-1.311628538881730189e-14,4.979999472742425159e-01,2.999999999999993228e-01,3.655207328529418295e-16,5.010000112981148890e-01,1.273449895273231277e-18,1.045914448257287198e-16,2.705754225173851006e-17,4.979999479596501910e-01,-3.000000000000030975e-01,-8.008608748973628868e-16,5.010000099335686352e-01,-1.141320218807361267e-18,-4.705172023572384737e-17,-6.571793951766607376e-17
-2.862223545484419464e-03,1.865383142973980191e-08,7.897331641517341128e-01,1.789508187234237620e-10,-2.499699712581874081e-02,-7.473945418173145904e-08,9.996875262474201884e-01,3.000056409283196474e-02,-1.007649294313739925e-05,2.141451841076415351e-06,4.999965513280262702e-02,-3.000101706436123644e-02,1.029635221688263765e-05,3.000045103647983741e-02,1.008056988483491626e-05,-1.837644190519344476e-06,4.999977901778536460e-02,-3.000102788992618785e-02,-1.024970303497404563e-05,-6.202968715602726703e-10,6.044634173507687970e-15,-1.311628538881730189e-14,4.979999472742425159e-01,2.999999999999993228e-01,3.655207328529418295e-16,5.010000112981148890e-01,1.273449895273231277e-18,1.045914448257287198e-16,2.705754225173851006e-17,4.979999479596501910e-01,-3.000000000000030975e-01,-8.008608748973628868e-16,5.010000099335686352e-01,-1.141320218807361267e-18,-4.705172023572384737e-17,-6.571793951766607376e-17
-2.862223545484419464e-03,1.865383142973980191e-08,7.897331641517341128e-01,1.789508187234237620e-10,-2.499699712581874081e-02,-7.473945418173145904e-08,9.996875262474201884e-01,3.000056409283196474e-02,-1.007649294313739925e-05,2.141451841076415351e-06,4.999965513280262702e-02,-3.000101706436123644e-02,1.029635221688263765e-05,3.000045103647983741e-02,1.008056988483491626e-05,-1.837644190519344476e-06,4.999977901778536460e-02,-3.000102788992618785e-02,-1.024970303497404563e-05,-6.202968715602726703e-10,6.044634173507687970e-15,-1.311628538881730189e-14,4.979999472742425159e-01,2.999999999999993228e-01,3.655207328529418295e-16,5.010000112981148890e-01,1.273449895273231277e-18,1.045914448257287198e-16,2.705754225173851006e-17,4.979999479596501910e-01,-3.000000000000030975e-01,-8.008608748973628868e-16,5.010000099335686352e-01,-1.141320218807361267e-18,-4.705172023572384737e-17,-6.571793951766607376e-17
-2.862223545484419464e-03,1.865383142973980191e-08,7.897331641517341128e-01,1.789508187234237620e-10,-2.499699712581874081e-02,-7.473945418173145904e-08,9.996875262474201884e-01,3.000056409283196474e-02,-1.007649294313739925e-05,2.141451841076415351e-06,4.999965513280262702e-02,-3.000101706436123644e-02,1.029635221688263765e-05,3.000045103647983741e-02,1.008056988483491626e-05,-1.837644190519344476e-06,4.999977901778536460e-02,-3.000102788992618785e-02,-1.024970303497404563e-05,-6.202968715602726703e-10,6.044634173507687970e-15,-1.311628538881730189e-14,4.979999472742425159e-01,2.999999999999993228e-01,3.655207328529418295e-16,5.010000112981148890e-01,1.273449895273231277e-18,1.045914448257287198e-16,2.705754225173851006e-17,4.979999479596501910e-01,-3.000000000000030975e-01,-8.008608748973628868e-16,5.010000099335686352e-01,-1.141320218807361267e-18,-4.705172023572384737e-17,-6.571793951766607376e-17
-2.862223545484419464e-03,1.865383142973980191e-08,7.897331641517341128e-01,1.789508187234237620e-10,-2.499699712581874081e-02,-7.473945418173145904e-08,9.996875262474201884e-01,3.000056409283196474e-02,-1.007649294313739925e-05,2.141451841076415351e-06,4.999965513280262702e-02,-3.000101706436123644e-02,1.029635221688263765e-05,3.000045103647983741e-02,1.008056988483491626e-05,-1.837644190519344476e-06,4.999977901778536460e-02,-3.000102788992618785e-02,-1.024970303497404563e-05,-6.202968715602726703e-10,6.044634173507687970e-15,-1.311628538881730189e-14,4.979999472742425159e-01,2.999999999999993228e-01,3.655207328529418295e-16,5.010000112981148890e-01,1.273449895273231277e-18,1.045914448257287198e-16,2.705754225173851006e-17,4.979999479596501910e-01,-3.000000000000030975e-01,-8.008608748973628868e-16,5.010000099335686352e-01,-1.141320218807361267e-18,-4.705172023572384737e-17,-6.571793951766607376e-17
-2.862223545484419464e-03,1.865383142973980191e-08,7.897331641517341128e-01,1.789508187234237620e-10,-2.499699712581874081e-02,-7.473945418173145904e-08,9.996875262474201884e-01,3.000056409283196474e-02,-1.007649294313739925e-05,2.141451841076415351e-06,4.999965513280262702e-02,-3.000101706436123644e-02,1.029635221688263765e-05,3.000045103647983741e-02,1.008056988483491626e-05,-1.837644190519344476e-06,4.999977901778536460e-02,-3.000102788992618785e-02,-1.024970303497404563e-05,-6.202968715602726703e-10,6.044634173507687970e-15,-1.311628538881730189e-14,4.979999472742425159e-01,2.999999999999993228e-01,3.655207328529418295e-16,5.010000112981148890e-01,1.273449895273231277e-18,1.045914448257287198e-16,2.705754225173851006e-17,4.979999479596501910e-01,-3.000000000000030975e-01,-8.008608748973628868e-16,5.010000099335686352e-01,-1.141320218807361267e-18,-4.705172023572384737e-17,-6.571793951766607376e-17
-2.862223545484419464e-03,1.865383142973980191e-08,7.897331641517341128e-01,1.789508187234237620e-10,-2.499699712581874081e-02,-7.473945418173145904e-08,9.996875262474201884e-01,3.000056409283196474e-02,-1.007649294313739925e-05,2.141451841076415351e-06,4.999965513280262702e-02,-3.000101706436123644e-02,1.029635221688263765e-05,3.000045103647983741e-02,1.008056988483491626e-05,-1.837644190519344476e-06,4.999977901778536460e-02,-3.000102788992618785e-02,-1.024970303497404563e-05,-6.202968715602726703e-10,6.044634173507687970e-15,-1.311628538881730189e-14,4.979999472742425159e-01,2.999999999999993228e-01,3.655207328529418295e-16,5.010000112981148890e-01,1.273449895273231277e-18,1.045914448257287198e-16,2.705754225173851006e-17,4.979999479596501910e-01,-3.000000000000030975e-01,-8.008608748973628868e-16,5.010000099335686352e-01,-1.141320218807361267e-18,-4.705172023572384737e-17,-6.571793951766607376e-17
-2.862223545484419464e-03,1.865383142973980191e-08,7.897331641517341128e-01,1.789508187234237620e-10,-2.499699712581874081e-02,-7.473945418173145904e-08,9.996875262474201884e-01,3.000056409283196474e-02,-1.007649294313739925e-05,2.141451841076415351e-06,4.999965513280262702e-02,-3.000101706436123644e-02,1.029635221688263765e-05,3.000045103647983741e-02,1.008056988483491626e-05,-1.837644190519344476e-06,4.999977901778536460e-02,-3.000102788992618785e-02,-1.024970303497404563e-05,-6.202968715602726703e-10,6.044634173507687970e-15,-1.311628538881730189e-14,4.979999472742425159e-01,2.999999999999993228e-01,3.655207328529418295e-16,5.010000112981148890e-01,1.273449895273231277e-18,1.045914448257287198e-16,2.705754225173851006e-17,4.979999479596501910e-01,-3.000000000000030975e-01,-8.008608748973628868e-16,5.010000099335686352e-01,-1.141320218807361267e-18,-4.705172023572384737e-17,-6.571793951766607376e-17
-2.862223545484419464e-03,1.865383142973980191e-08,7.897331641517341128e-01,1.789508187234237620e-10,-2.499699712581874081e-02,-7.473945418173145904e-08,9.996875262474201884e-01,3.000056409283196474e-02,-1.007649294313739925e-05,2.141451841076415351e-06,4.999965513280262702e-02,-3.000101706436123644e-02,1.029635221688263765e-05,3.000045103647983741e-02,1.008056988483491626e-05,-1.837644190519344476e-06,4.999977901778536460e-02,-3.000102788992618785e-02,-1.024970303497404563e-05,-6.202968715602726703e-10,6.044634173507687970e-15,-1.311628538881730189e-14,4.979999472742425159e-01,2.999999999999993228e-01,3.655207328529418295e-16,5.010000112981148890e-01,1.273449895273231277e-18,1.045914448257287198e-16,2.705754225173851006e-17,4.979999479596501910e-01,-3.000000000000030975e-01,-8.008608748973628868e-16,5.010000099335686352e-01,-1.141320218807361267e-18,-4.705172023572384737e-17,-6.571793951766607376e-17
-2.862223545484419464e-03,1.865383142973980191e-08,7.897331641517341128e-01,1.789508187234237620e-10,-2.499699712581874081e-02,-7.473945418173145904e-08,9.996875262474201884e-01,3.000056409283196474e-02,-1.007649294313739925e-05,2.141451841076415351e-06,4.999965513280262702e-02,-3.000101706436123644e-02,1.029635221688263765e-05,3.000045103647983741e-02,1.008056988483491626e-05,-1.837644190519344476e-06,4.999977901778536460e-02,-3.000102788992618785e-02,-1.024970303497404563e-05,-6.202968715602726703e-10,6.044634173507687970e-15,-1.311628538881730189e-14,4.979999472742425159e-01,2.999999999999993228e-01,3.655207328529418295e-16,5.010000112981148890e-01,1.273449895273231277e-18,1.045914448257287198e-16,2.705754225173851006e-17,4.979999479596501910e-01,-3.000000000000030975e-01,-8.008608748973628868e-16,5.010000099335686352e-01,-1.141320218807361267e-18,-4.705172023572384737e-17,-6.571793951766607376e-17
-2.862223545484419464e-03,1.865383142973980191e-08,7.897331641517341128e-01,1.789508187234237620e-10,-2.499699712581874081e-02,-7.473945418173145904e-08,9.996875262474201884e-01,3.000056409283196474e-02,-1.007649294313739925e-05,2.141451841076415351e-06,4.999965513280262702e-02,-3.000101706436123644e-02,1.029635221688263765e-05,3.000045103647983741e-02,1.008056988483491626e-05,-1.837644190519344476e-06,4.999977901778536460e-02,-3.000102788992618785e-02,-1.024970303497404563e-05,-6.202968715602726703e-10,6.044634173507687970e-15,-1.311628538881730189e-14,4.979999472742425159e-01,2.999999999999993228e-01,3.655207328529418295e-16,5.010000112981148890e-01,1.273449895273231277e-18,1.045914448257287198e-16,2.705754225173851006e-17,4.979999479596501910e-01,-3.000000000000030975e-01,-8.008608748973628868e-16,5.010000099335686352e-01,-1.141320218807361267e-18,-4.705172023572384737e-17,-6.571793951766607376e-17
-2.862223545484419464e-03,1.865383142973980191e-08,7.897331641517341128e-01,1.789508187234237620e-10,-2.499699712581874081e-02,-7.473945418173145904e-08,9.996875262474201884e-01,3.000056409283196474e-02,-1.007649294313739925e-05,2.141451841076415351e-06,4.999965513280262702e-02,-3.000101706436123644e-02,1.029635221688263765e-05,3.000045103647983741e-02,1.008056988483491626e-05,-1.837644190519344476e-06,4.999977901778536460e-02,-3.000102788992618785e-02,-1.024970303497404563e-05,-6.202968715602726703e-10,6.044634173507687970e-15,-1.311628538881730189e-14,4.979999472742425159e-01,2.999999999999993228e-01,3.655207328529418295e-16,5.010000112981148890e-01,1.273449895273231277e-18,1.045914448257287198e-16,2.705754225173851006e-17,4.979999479596501910e-01,-3.000000000000030975e-01,-8.008608748973628868e-16,5.010000099335686352e-01,-1.141320218807361267e-18,-4.705172023572384737e-17,-6.571793951766607376e-17
-2.862223545484419464e-03,1.865383142973980191e-08,7.897331641517341128e-01,1.789508187234237620e-10,-2.499699712581874081e-02,-7.473945418173145904e-08,9.996875262474201884e-01,3.000056409283196474e-02,-1.007649294313739925e-05,2.141451841076415351e-06,4.999965513280262702e-02,-3.000101706436123644e-02,1.029635221688263765e-05,3.000045103647983741e-02,1.008056988483491626e-05,-1.837644190519344476e-06,4.999977901778536460e-02,-3.000102788992618785e-02,-1.024970303497404563e-05,-6.202968715602726703e-10,6.044634173507687970e-15,-1.311628538881730189e-14,4.979999472742425159e-01,2.999999999999993228e-01,3.655207328529418295e-16,5.010000112981148890e-01,1.273449895273231277e-18,1.045914448257287198e-16,2.705754225173851006e-17,4.979999479596501910e-01,-3.000000000000030975e-01,-8.008608748973628868e-16,5.010000099335686352e-01,-1.141320218807361267e-18,-4.705172023572384737e-17,-6.571793951766607376e-17
-2.862223545484419464e-03,1.865383142973980191e-08,7.897331641517341128e-01,1.789508187234237620e-10,-2.499699712581874081e-02,-7.473945418173145904e-08,9.996875262474201884e-01,3.000056409283196474e-02,-1.007649294313739925e-05,2.141451841076415351e-06,4.999965513280262702e-02,-3.000101706436123644e-02,1.029635221688263765e-05,3.000045103647983741e-02,1.008056988483491626e-05,-1.837644190519344476e-06,4.999977901778536460e-02,-3.000102788992618785e-02,-1.024970303497404563e-05,-6.202968715602726703e-10,6.044634173507687970e-15,-1.311628538881730189e-14,4.979999472742425159e-01,2.999999999999993228e-01,3.655207328529418295e-16,5.010000112981148890e-01,1.273449895273231277e-18,1.045914448257287198e-16,2.705754225173851006e-17,4.979999479596501910e-01,-3.000000000000030975e-01,-8.008608748973628868e-16,5.010000099335686352e-01,-1.141320218807361267e-18,-4.705172023572384737e-17,-6.571793951766607376e-17
-2.862223545484419464e-03,1.865383142973980191e-08,7.897331641517341128e-01,1.789508187234237620e-10,-2.499699712581874081e-02,-7.473945418173145904e-08,9.996875262474201884e-01,3.000056409283196474e-02,-1.007649294313739925e-05,2.141451841076415351e-06,4.999965513280262702e-02,-3.000101706436123644e-02,1.029635221688263765e-05,3.000045103647983741e-02,1.008056988483491626e-05,-1.837644190519344476e-06,4.999977901778536460e-02,-3.000102788992618785e-02,-1.024970303497404563e-05,-6.202968715602726703e-10,6.044634173507687970e-15,-1.311628538881730189e-14,4.979999472742425159e-01,2.999999999999993228e-01,3.655207328529418295e-16,5.010000112981148890e-01,1.273449895273231277e-18,1.045914448257287198e-16,2.705754225173851006e-17,4.979999479596501910e-01,-3.000000000000030975e-01,-8.008608748973628868e-16,5.010000099335686352e-01,-1.141320218807361267e-18,-4.705172023572384737e-17,-6.571793951766607376e-17
-2.862223545484419464e-03,1.865383142973980191e-08,7.897331641517341128e-01,1.789508187234237620e-10,-2.499699712581874081e-02,-7.473945418173145904e-08,9.996875262474201884e-01,3.000056409283196474e-02,-1.007649294313739925e-05,2.141451841076415351e-06,4.999965513280262702e-02,-3.000101706436123644e-02,1.029635221688263765e-05,3.000045103647983741e-02,1.008056988483491626e-05,-1.837644190519344476e-06,4.999977901778536460e-02,-3.000102788992618785e-02,-1.024970303497404563e-05,-6.202968715602726703e-10,6.044634173507687970e-15,-1.311628538881730189e-14,4.979999472742425159e-01,2.999999999999993228e-01,3.655207328529418295e-16,5.010000112981148890e-01,1.273449895273231277e-18,1.045914448257287198e-16,2.705754225173851006e-17,4.979999479596501910e-01,-3.000000000000030975e-01,-8.008608748973628868e-16,5.010000099335686352e-01,-1.141320218807361267e-18,-4.705172023572384737e-17,-6.571793951766607376e-17
-2.862223545484419464e-03,1.865383142973980191e-08,7.897331641517341128e-01,1.789508187234237620e-10,-2.499699712581874081e-02,-7.473945418173145904e-08,9.996875262474201884e-01,3.000056409283196474e-02,-1.007649294313739925e-05,2.141451841076415351e-06,4.999965513280262702e-02,-3.000101706436123644e-02,1.029635221688263765e-05,3.000045103647983741e-02,1.008056988483491626e-05,-1.837644190519344476e-06,4.999977901778536460e-02,-3.000102788992618785e-02,-1.024970303497404563e-05,-6.202968715602726703e-10,6.044634173507687970e-15,-1.311628538881730189e-14,4.979999472742425159e-01,2.999999999999993228e-01,3.655207328529418295e-16,5.010000112981148890e-01,1.273449895273231277e-18,1.045914448257287198e-16,2.705754225173851006e-17,4.979999479596501910e-01,-3.000000000000030975e-01,-8.008608748973628868e-16,5.010000099335686352e-01,-1.141320218807361267e-18,-4.705172023572384737e-17,-6.571793951766607376e-17
-2.862223545484419464e-03,1.865383142973980191e-08,7.897331641517341128e-01,1.789508187234237620e-10,-2.499699712581874081e-02,-7.473945418173145904e-08,9.996875262474201884e-01,3.000056409283196474e-02,-1.007649294313739925e-05,2.141451841076415351e-06,4.999965513280262702e-02,-3.000101706436123644e-02,1.029635221688263765e-05,3.000045103647983741e-02,1.008056988483491626e-05,-1.837644190519344476e-06,4.999977901778536460e-02,-3.000102788992618785e-02,-1.024970303497404563e-05,-6.202968715602726703e-10,6.044634173507687970e-15,-1.311628538881730189e-14,4.979999472742425159e-01,2.999999999999993228e-01,3.655207328529418295e-16,5.010000112981148890e-01,1.273449895273231277e-18,1.045914448257287198e-16,2.705754225173851006e-17,4.979999479596501910e-01,-3.000000000000030975e-01,-8.008608748973628868e-16,5.010000099335686352e-01,-1.141320218807361267e-18,-4.705172023572384737e-17,-6.571793951766607376e-17
-2.862223545484419464e-03,1.865383142973980191e-08,7.897331641517341128e-01,1.789508187234237620e-10,-2.499699712581874081e-02,-7.473945418173145904e-08,9.996875262474201884e-01,3.000056409283196474e-02,-1.007649294313739925e-05,2.141451841076415351e-06,4.999965513280262702e-02,-3.000101706436123644e-02,1.029635221688263765e-05,3.000045103647983741e-02,1.008056988483491626e-05,-1.837644190519344476e-06,4.999977901778536460e-02,-3.000102788992618785e-02,-1.024970303497404563e-05,-6.202968715602726703e-10,6.044634173507687970e-15,-1.311628538881730189e-14,4.979999472742425159e-01,2.999999999999993228e-01,3.655207328529418295e-16,5.010000112981148890e-01,1.273449895273231277e-18,1.045914448257287198e-16,2.705754225173851006e-17,4.979999479596501910e-01,-3.000000000000030975e-01,-8.008608748973628868e-16,5.010000099335686352e-01,-1.141320218807361267e-18,-4.705172023572384737e-17,-6.571793951766607376e-17
-2.862223545484419464e-03,1.865383142973980191e-08,7.897331641517341128e-01,1.789508187234237620e-10,-2.499699712581874081e-02,-7.473945418173145904e-08,9.996875262474201884e-01,3.000056409283196474e-02,-1.007649294313739925e-05,2.141451841076415351e-06,4.999965513280262702e-02,-3.000101706436123644e-02,1.029635221688263765e-05,3.000045103647983741e-02,1.008056988483491626e-05,-1.837644190519344476e-06,4.999977901778536460e-02,-3.000102788992618785e-02,-1.024970303497404563e-05,-6.202968715602726703e-10,6.044634173507687970e-15,-1.311628538881730189e-14,4.979999472742425159e-01,2.999999999999993228e-01,3.655207328529418295e-16,5.010000112981148890e-01,1.273449895273231277e-18,1.045914448257287198e-16,2.705754225173851006e-17,4.979999479596501910e-01,-3.000000000000030975e-01,-8.008608748973628868e-16,5.010000099335686352e-01,-1.141320218807361267e-18,-4.705172023572384737e-17,-6.571793951766607376e-17
-2.862223545484419464e-03,1.865383142973980191e-08,7.897331641517341128e-01,1.789508187234237620e-10,-2.499699712581874081e-02,-7.473945418173145904e-08,9.996875262474201884e-01,3.000056409283196474e-02,-1.007649294313739925e-05,2.141451841076415351e-06,4.999965513280262702e-02,-3.000101706436123644e-02,1.029635221688263765e-05,3.000045103647983741e-02,1.008056988483491626e-05,-1.837644190519344476e-06,4.999977901778536460e-02,-3.000102788992618785e-02,-1.024970303497404563e-05,-6.202968715602726703e-10,6.044634173507687970e-15,-1.311628538881730189e-14,4.979999472742425159e-01,2.999999999999993228e-01,3.655207328529418295e-16,5.010000112981148890e-01,1.273449895273231277e-18,1.045914448257287198e-16,2.705754225173851006e-17,4.979999479596501910e-01,-3.000000000000030975e-01,-8.008608748973628868e-16,5.010000099335686352e-01,-1.141320218807361267e-18,-4.705172023572384737e-17,-6.571793951766607376e-17
-2.862223545484419464e-03,1.865383142973980191e-08,7.897331641517341128e-01,1.789508187234237620e-10,-2.499699712581874081e-02,-7.473945418173145904e-08,9.996875262474201884e-01,3.000056409283196474e-02,-1.007649294313739925e-05,2.141451841076415351e-06,4.999965513280262702e-02,-3.000101706436123644e-02,1.029635221688263765e-05,3.000045103647983741e-02,1.008056988483491626e-05,-1.837644190519344476e-06,4.999977901778536460e-02,-3.000102788992618785e-02,-1.024970303497404563e-05,-6.202968715602726703e-10,6.044634173507687970e-15,-1.311628538881730189e-14,4.979999472742425159e-01,2.999999999999993228e-01,3.655207328529418295e-16,5.010000112981148890e-01,1.273449895273231277e-18,1.045914448257287198e-16,2.705754225173851006e-17,4.979999479596501910e-01,-3.000000000000030975e-01,-8.008608748973628868e-16,5.010000099335686352e-01,-1.141320218807361267e-18,-4.705172023572384737e-17,-6.571793951766607376e-17
-2.862223545484419464e-03,1.865383142973980191e-08,7.897331641517341128e-01,1.789508187234237620e-10,-2.499699712581874081e-02,-7.473945418173145904e-08,9.996875262474201884e-01,3.000056409283196474e-02,-1.007649294313739925e-05,2.141451841076415351e-06,4.999965513280262702e-02,-3.000101706436123644e-02,1.029635221688263765e-05,3.000045103647983741e-02,1.008056988483491626e-05,-1.837644190519344476e-06,4.999977901778536460e-02,-3.000102788992618785e-02,-1.024970303497404563e-05,-6.202968715602726703e-10,6.044634173507687970e-15,-1.311628538881730189e-14,4.979999472742425159e-01,2.999999999999993228e-01,3.655207328529418295e-16,5.010000112981148890e-01,1.273449895273231277e-18,1.045914448257287198e-16,2.705754225173851006e-17,4.979999479596501910e-01,-3.000000000000030975e-01,-8.008608748973628868e-16,5.010000099335686352e-01,-1.141320218807361267e-18,-4.705172023572384737e-17,-6.571793951766607376e-17
-2.862223545484419464e-03,1.865383142973980191e-08,7.897331641517341128e-01,1.789508187234237620e-10,-2.499699712581874081e-02,-7.473945418173145904e-08,9.996875262474201884e-01,3.000056409283196474e-02,-1.007649294313739925e-05,2.141451841076415351e-06,4.999965513280262702e-02,-3.000101706436123644e-02,1.029635221688263765e-05,3.000045103647983741e-02,1.008056988483491626e-05,-1.837644190519344476e-06,4.999977901778536460e-02,-3.000102788992618785e-02,-1.024970303497404563e-05,-6.202968715602726703e-10,6.044634173507687970e-15,-1.311628538881730189e-14,4.979999472742425159e-01,2.999999999999993228e-01,3.655207328529418295e-16,5.010000112981148890e-01,1.273449895273231277e-18,1.045914448257287198e-16,2.705754225173851006e-17,4.979999479596501910e-01,-3.000000000000030975e-01,-8.008608748973628868e-16,5.010000099335686352e-01,-1.141320218807361267e-18,-4.705172023572384737e-17,-6.571793951766607376e-17
-2.862223545484419464e-03,1.865383142973980191e-08,7.897331641517341128e-01,1.789508187234237620e-10,-2.499699712581874081e-02,-7.473945418173145904e-08,9.996875262474201884e-01,3.000056409283196474e-02,-1.007649294313739925e-05,2.141451841076415351e-06,4.999965513280262702e-02,-3.000101706436123644e-02,1.029635221688263765e-05,3.000045103647983741e-02,1.008056988483491626e-05,-1.837644190519344476e-06,4.999977901778536460e-02,-3.000102788992618785e-02,-1.024970303497404563e-05,-6.202968715602726703e-10,6.044634173507687970e-15,-1.311628538881730189e-14,4.979999472742425159e-01,2.999999999999993228e-01,3.655207328529418295e-16,5.010000112981148890e-01,1.273449895273231277e-18,1.045914448257287198e-16,2.705754225173851006e-17,4.979999479596501910e-01,-3.000000000000030975e-01,-8.008608748973628868e-16,5.010000099335686352e-01,-1.141320218807361267e-18,-4.705172023572384737e-17,-6.571793951766607376e-17
-2.862223545484419464e-03,1.865383142973980191e-08,7.897331641517341128e-01,1.789508187234237620e-10,-2.499699712581874081e-02,-7.473945418173145904e-08,9.996875262474201884e-01,3.000056409283196474e-02,-1.007649294313739925e-05,2.141451841076415351e-06,4.999965513280262702e-02,-3.000101706436123644e-02,1.029635221688263765e-05,3.000045103647983741e-02,1.008056988483491626e-05,-1.837644190519344476e-06,4.999977901778536460e-02,-3.000102788992618785e-02,-1.024970303497404563e-05,-6.202968715602726703e-10,6.044634173507687970e-15,-1.311628538881730189e-14,4.979999472742425159e-01,2.999999999999993228e-01,3.655207328529418295e-16,5.010000112981148890e-01,1.273449895273231277e-18,1.045914448257287198e-16,2.705754225173851006e-17,4.979999479596501910e-01,-3.000000000000030975e-01,-8.008608748973628868e-16,5.010000099335686352e-01,-1.141320218807361267e-18,-4.705172023572384737e-17,-6.571793951766607376e-17
-2.862223545484419464e-03,1.865383142974382201e-08,7.897331641517341128e-01,1.789508187229894663e-10,-2.499699712581874081e-02,-7.473945418173901616e-08,9.996875262474201884e-01,3.000056409283196474e-02,-1.007649294313740094e-05,2.141451841076431021e-06,4.999965513280262702e-02,-3.000101706436123644e-02,1.029635221688264273e-05,3.000045103647983741e-02,1.008056988483491457e-05,-1.837644190519328594e-06,4.999977901778536460e-02,-3.000102788992618785e-02,-1.024970303497404055e-05,-6.202968715602437189e-10,6.044634173507822077e-15,-1.311628538881759377e-14,4.979999472742425159e-01,2.999999999999993228e-01,3.655207328529499646e-16,5.010000112981148890e-01,1.273449895273259588e-18,1.045914448257310494e-16,2.705754225173911095e-17,4.979999479596501910e-01,-3.000000000000030975e-01,-8.008608748973807348e-16,5.010000099335686352e-01,-1.141320218807386689e-18,-4.705172023572488891e-17,-6.571793951766754054e-17
-2.863337826770966880e-03,1.091876446242330441e-07,7.897331547019661446e-01,-9.600548147763995282e-09,-2.499778389027551909e-02,-2.448825417998298252e-07,9.996875065741869237e-01,3.000033656546487182e-02,-1.012271684324144747e-05,2.497838956913363995e-06,5.000043328809655740e-02,-2.999999367515358492e-02,1.042176902543428277e-05,3.000026543579222688e-02,1.003433735576742867e-05,-1.481292657555050792e-06,5.000020362260779866e-02,-2.999969286974878829e-02,-1.012428464743366699e-05,3.235933122653110112e-11,9.070002632347385571e-15,-1.968310395718135026e-14,4.980000112899746201e-01,2.999999999999989897e-01,5.484749031593061023e-16,5.009999921349140850e-01,1.910743892280087229e-18,1.569673082109020776e-16,4.060049052231154845e-17,4.980000141862105378e-01,-3.000000000000046518e-01,-1.201707645906327409e-15,5.009999958467834524e-01,-1.712668558945432996e-18,-7.057316060553182876e-17,-9.861091985681435851e-17
-2.864452108057513862e-03,1.997214578187222828e-07,7.897331452521982875e-01,-1.938004711424475718e-08,-2.499857065471610545e-02,-4.150256294177619478e-07,9.996874869003056219e-01,3.000010903809777890e-02,-1.016894074334549399e-05,2.854226072750296544e-06,5.000121144339049473e-02,-2.999897028594592993e-02,1.054718583398592111e-05,3.000007983510461634e-02,9.988104826699941083e-06,-1.124941124590772990e-06,5.000062822743023272e-02,-2.999835784957138873e-02,-9.998866259893293435e-06,6.850155340133059212e-10,1.209537109118694907e-14,-2.624992252554510832e-14,4.980000753057066687e-01,2.999999999999986566e-01,7.314290734656622892e-16,5.009999729717131700e-01,2.548037889286915062e-18,2.093431715960731427e-16,5.414343879288398904e-17,4.980000804127708847e-01,-3.000000000000062617e-01,-1.602554416915273984e-15,5.009999817599982697e-01,-2.284016899083479302e-18,-9.409460097533875011e-17,-1.315039001959611888e-16
-2.867224357474529393e-03,-7.589913965803574126e-08,7.897331280798219888e-01,-9.377945566991717178e-09,-2.499985107075698709e-02,1.271545014868079591e-07,9.996874548809862038e-01,2.999773024325862181e-02,-9.991493839388281768e-06,1.713794364357816466e-06,5.000290654635956150e-02,-2.999572495009112175e-02,1.015933508694494051e-05,2.999815538673047260e-02,1.016552997113632222e-05,-2.265467012635530021e-06,5.000220137159705480e-02,-2.999544492436042806e-02,-1.038671332464782907e-05,-5.815863809129949128e-09,1.512255750145213496e-14,-3.281797417813494459e-14,4.980002071492388716e-01,2.999999999999983236e-01,9.144718996447833304e-16,5.009999018132417214e-01,3.184942983277854892e-18,2.617122101754950389e-16,6.769258469162654326e-17,4.980002149623345975e-01,-3.000000000000078160e-01,-2.003621271216110903e-15,5.009999158482491000e-01,-2.855038077357432316e-18,-1.176681892528000989e-16,-1.644156576616336160e-16
-2.869996606924383239e-03,-3.515197443871088650e-07,7.897331109074455791e-01,6.241563720879314632e-10,-2.500113148675928154e-02,6.693346464999130130e-07,9.996874228597325551e-01,2.999535144837685643e-02,-9.814046931000887334e-06,5.733626263182764849e-07,5.000460164934678736e-02,-2.999247961419230710e-02,9.771484329737817968e-06,2.999623093832188767e-02,1.034295512000262469e-05,-3.405992930328507814e-06,5.000377451578662952e-02,-2.999253199911821460e-02,-1.077456039956846600e-05,-1.231674329396122545e-08,1.814974391175332920e-14,-3.938602583074920400e-14,4.980003389927724622e-01,2.999999999999979905e-01,1.097514725825660179e-15,5.009998306547691627e-01,3.821848077261091387e-18,3.140812487547817688e-16,8.124173059049184547e-17,4.980003495118996426e-01,-3.000000000000094258e-01,-2.404688125521306477e-15,5.009998499364990421e-01,-3.426059255624905346e-18,-1.412417775312943378e-16,-1.973274151276779912e-16
-2.865170334020864570e-03,-1.371075729978082746e-06,7.897331631749242575e-01,9.933640976731976013e-08,-2.499685620177103870e-02,2.631301496769350322e-06,9.996875297677242367e-01,2.999438005611230681e-02,-9.285723682199859143e-06,-3.534442032361340439e-06,5.000015470540196405e-02,-2.999561449006781302e-02,8.358334486311602281e-06,2.999517281898844007e-02,1.087130956318809008e-05,-7.513644970162818171e-06,5.000256194123409159e-02,-2.999881460012463266e-02,-1.218770862991159641e-05,-4.232943708728451354e-08,2.117685058416806024e-14,-4.594760819916255542e-14,4.979999920197569208e-01,2.999999999999976574e-01,1.280530658192861861e-15,5.010001578880936002e-01,4.458077380860326196e-18,3.663581343422779923e-16,9.478922493320638248e-17,4.979999876341560938e-01,-3.000000000000109801e-01,-2.805714710078148435e-15,5.010001143025534232e-01,-3.996295833712814765e-18,-1.649077185172700024e-16,-2.302350748456438522e-16
-2.860344060816341887e-03,-2.390631745038918084e-06,7.897332154424056005e-01,1.980486666744683624e-07,-2.499258091600906409e-02,4.593268403223185955e-06,9.996876366535796254e-01,2.999340866390351121e-02,-8.757400419499403147e-06,-7.642246808588895249e-06,4.999570776121383536e-02,-2.999874936619606469e-02,6.945184602269731562e-06,2.999411469968931224e-02,1.139966402027508054e-05,-1.162129712753528954e-05,5.000134936657119750e-02,-3.000509720149531837e-02,-1.360085690087046317e-05,-7.234213181199233137e-08,2.420395725657963584e-14,-5.250919056731964065e-14,4.979996450467223945e-01,2.999999999999973244e-01,1.463546590558998187e-15,5.010004851214338029e-01,5.094306684432790579e-18,4.186350199261237619e-16,1.083367192758554933e-16,4.979996257563928941e-01,-3.000000000000125344e-01,-3.206741294633394528e-15,5.010003786686209049e-01,-4.566532411769643911e-18,-1.885736595069040586e-16,-2.631427345634473558e-16
-2.827995214607007327e-03,4.409302081602092726e-07,7.897335616400238401e-01,1.486640707486421323e-07,-2.497043083516516104e-02,1.140818459975187857e-06,9.996881901786089930e-01,3.000726786572760832e-02,-1.160243617091847657e-05,-4.308256980181434580e-08,4.996764912018169386e-02,-3.002886399672348092e-02,1.113405345379761056e-05,3.000510007005433022e-02,8.554912854322581773e-06,-4.020988217726761098e-06,4.997402689670012860e-02,-3.003307401852751968e-02,-9.412037240686856726e-06,5.436811039786456010e-08,2.723097913000967138e-14,-5.906170466012410557e-14,4.979970375145013617e-01,2.999999999999969913e-01,1.646525020707069109e-15,5.010013024343652477e-01,5.728933878181312545e-18,4.707663385773402626e-16,1.218818077817982883e-16,4.979969314582705642e-01,-3.000000000000140887e-01,-3.607713680934635826e-15,5.010011078624779790e-01,-5.135144342356659402e-18,-2.123851734560238515e-16,-2.960469534982529441e-16
-2.795646366762275219e-03,3.272492390193643733e-06,7.897339078376596211e-01,9.927946594811086236e-08,-2.494828074070264481e-02,-2.311631805572360164e-06,9.996887432009674557e-01,3.002112706843294149e-02,-1.444747212278331113e-05,7.556082364616033021e-06,4.993959047774653576e-02,-3.005897862885404531e-02,1.532292263819871777e-05,3.001608544113497368e-02,5.710161487939378736e-06,3.579321387771482215e-06,4.994670442527760629e-02,-3.006105083684880094e-02,-5.223217247633042581e-06,1.810783619202340784e-07,3.025800100343466452e-14,-6.561421875238972799e-14,4.979944299821460474e-01,2.999999999999966027e-01,1.829503450852911695e-15,5.010021197473258914e-01,6.363561071834636563e-18,5.228976572199070514e-16,1.354268962875981022e-16,4.979942371600095674e-01,-3.000000000000156430e-01,-4.008686067232656205e-15,5.010018370563626977e-01,-5.703756272847137270e-18,-2.361966874137936028e-16,-3.289511724328540694e-16
-2.754667091366328271e-03,9.666399591156662343e-06,7.897340804654117141e-01,-6.131033805072081823e-07,-2.492307760823145313e-02,-1.808549174113716629e-05,9.996893716925639994e-01,3.003094292858433240e-02,-1.607837829957878040e-05,4.005787946279431026e-05,4.994341900249416044e-02,-3.012304577368919017e-02,2.384864111166292312e-05,3.002362643044617294e-02,4.079470234149310616e-06,3.608240333228796253e-05,4.993083985627979476e-02,-3.010314936192907964e-02,3.302852331052151975e-06,1.456762689611479057e-06,3.328429814292931550e-14,-7.213946801016383883e-14,4.979909387071213001e-01,2.999999999999962697e-01,2.012361635572234895e-15,5.009951577136316780e-01,6.994205227574716955e-18,5.746637989329744727e-16,1.489641879546702321e-16,4.979901433506758179e-01,-3.000000000000171974e-01,-4.409414554534519177e-15,5.009954737566609806e-01,-6.268260094908516750e-18,-2.603792814155166593e-16,-3.618355697314764687e-16
-2.713687815286619249e-03,1.606030707435354333e-05,7.897342530931501514e-01,-1.325486278947335033e-06,-2.489787445346357264e-02,-3.385935263688601626e-05,9.996899992995263995e-01,3.004075878841537886e-02,-1.770928438018240313e-05,7.255967853393308217e-05,4.994724752976810456e-02,-3.018711292121428746e-02,3.237435992872262828e-05,3.003116741948448284e-02,2.448779076545567222e-06,6.858548724977605736e-05,4.991497528818975710e-02,-3.014524788812817518e-02,1.182892225336456265e-05,2.732447108332477880e-06,3.631059528236655003e-14,-7.866471726577784656e-14,4.979874474320266087e-01,2.999999999999959366e-01,2.195219820282031811e-15,5.009881956793211799e-01,7.624849382999232955e-18,6.264299406171099273e-16,1.625014796211246347e-16,4.979860495412311017e-01,-3.000000000000188072e-01,-4.810143041817058212e-15,5.009891104563972686e-01,-6.832763916644423314e-18,-2.845618754466392305e-16,-3.947199670285284432e-16
-2.838091748610877766e-03,1.306418194514610243e-05,7.897315399968866112e-01,-1.727442459755725696e-06,-2.501532311687056087e-02,-3.464241600348920246e-05,9.996870672396825919e-01,3.000315856238230591e-02,-1.173226152767367175e-05,7.300326762955601414e-05,5.019183980292327152e-02,-3.015913408734695669e-02,2.737169964776695711e-05,3.000216403752670527e-02,8.423887729096968962e-06,6.902369555063773586e-05,5.014009135705510545e-02,-3.010638968526704526e-02,6.826503058974739752e-06,6.062751622162165996e-06,3.933669550894825556e-14,-8.518763666463242527e-14,4.980161769224860646e-01,2.999999999999956035e-01,2.378096860300740501e-15,5.009728582340869929e-01,8.255537188847466822e-18,6.781926751997018079e-16,1.760360619850726868e-16,4.980114681347628247e-01,-3.000000000000203615e-01,-5.210857449053240793e-15,5.009737289499059942e-01,-7.397272910487194273e-18,-3.087482113348858850e-16,-4.276017355654643415e-16
-2.962495698313655484e-03,1.006805588600855129e-05,7.897288269003372996e-01,-2.129398585976534278e-06,-2.513277144910430402e-02,-3.542547740730876785e-05,9.996841213802429849e-01,2.996555833165344060e-02,-5.755237921723236746e-06,7.344685355033430871e-05,5.043643209992217796e-02,-3.013115524436396631e-02,2.236903802704521931e-05,2.997316065194980186e-02,1.439899713487922157e-05,6.946190067599464690e-05,5.036520744978566222e-02,-3.006753147438846752e-02,1.824082524807953980e-06,9.393056339468580345e-06,4.236279573551046675e-14,-9.171055606325626531e-14,4.980449064161365236e-01,2.999999999999952704e-01,2.560973900321316820e-15,5.009575207880233583e-01,8.886224994700025558e-18,7.299554097819562533e-16,1.895706443487524276e-16,4.980368867312172654e-01,-3.000000000000219158e-01,-5.611571856288028668e-15,5.009583474425216565e-01,-7.961781904330477529e-18,-3.329345472235031069e-16,-4.604835041021399157e-16
-3.607237733689379333e-03,1.946163562667649853e-06,7.897273801612247901e-01,9.324995909802557323e-07,-2.547953462321875598e-02,2.538710005175220155e-05,9.996753436341269117e-01,2.979781043824962158e-02,-2.616574958541863908e-05,-4.660469758803100361e-05,5.030470301969049152e-02,-2.913792690472515740e-02,1.595188847088561826e-05,2.981071288078445888e-02,-6.016088270916265077e-06,-5.060671888359427779e-05,5.031677620190670025e-02,-2.916290350817115837e-02,-4.590065846016115106e-06,1.432514528202537881e-06,4.538781911867182109e-14,-9.827033329187114229e-14,4.981825061398332810e-01,2.999999999999949374e-01,2.743637232797140881e-15,5.010841152973701806e-01,9.523799622839342833e-18,7.823703728609764024e-16,2.030904274244435529e-16,4.981724419966385153e-01,-3.000000000000234701e-01,-6.011893990019992917e-15,5.010730168863890555e-01,-8.533018221162830536e-18,-3.564794744079740134e-16,-4.933298801167429272e-16
-4.251979830902345540e-03,-6.175729369821915171e-06,7.897259334222628269e-01,3.994398063925956614e-06,-2.582629466437615789e-02,8.619968168212546690e-05,9.996664418982806888e-01,2.963006252937898724e-02,-4.657626438502211752e-05,-1.666562630460994947e-04,5.017297389473657915e-02,-2.814469845037561105e-02,9.534738746627558349e-06,2.964826509376052022e-02,-2.643117681293589310e-05,-1.706753527642753255e-04,5.026834492151924239e-02,-2.825827543906532860e-02,-1.100421438461063803e-05,-6.528028624873431234e-06,4.841284250170520326e-14,-1.048301105248662168e-13,4.983201058764682445e-01,2.999999999999946043e-01,2.926300565247567566e-15,5.012107098235842884e-01,1.016137425179709405e-17,8.347853360175075588e-16,2.166102104983759376e-16,4.983079972751484621e-01,-3.000000000000250799e-01,-6.412216123705339430e-15,5.011876863457118692e-01,-9.104254538794663257e-18,-3.800244015162196080e-16,-5.261762561271399296e-16
-5.774314546486255563e-03,-3.800079977104157719e-04,7.897367165280614332e-01,1.433303250677597090e-05,-2.591753435020758764e-02,5.335309434507180988e-04,9.996639418086972206e-01,2.816197129642449351e-02,3.185964853504823354e-04,-1.153887333272943672e-03,4.831277462429652003e-02,-2.463476542864442842e-02,-5.423662829318384032e-04,2.835456539180955526e-02,3.388022273134481477e-04,-1.157744387466971749e-03,4.873295419684357116e-02,-2.524756204492369094e-02,-5.625739043252933830e-04,-1.213232439296838287e-04,5.144355495742134957e-14,-1.114061315613628087e-13,4.982320170535651793e-01,2.999999999999942712e-01,3.108486323351285068e-15,5.015648210227731107e-01,1.080123079447386314e-17,8.874468481576175541e-16,2.300864576565099586e-16,4.983224023592455199e-01,-3.000000000000266343e-01,-6.812997380376565661e-15,5.015551955665665806e-01,-9.678689340768705627e-18,-4.032977384056519387e-16,-5.590625283649216856e-16
-7.296649383745985179e-03,-7.538403167557543088e-04,7.897474996355557941e-01,2.467166496947040220e-05,-2.600876859568900662e-02,9.808621475448674795e-04,9.996612332469897444e-01,2.669387988318094526e-02,6.837692885460531318e-04,-2.141118523731857376e-03,4.645257511420879115e-02,-2.112483205797903441e-02,-1.094267380240153279e-03,2.706086553301360192e-02,7.040356849089422688e-04,-2.144813542376905295e-03,4.719756326600502844e-02,-2.223684835877907245e-02,-1.114143669850302778e-03,-2.361184740468297088e-04,5.447426741392626213e-14,-1.179821526001115670e-13,4.981439281993710333e-01,2.999999999999939382e-01,3.290672081388788346e-15,5.019189322535065889e-01,1.144108733746701321e-17,9.401083603319109631e-16,2.435627048086079119e-16,4.983368074265454584e-01,-3.000000000000281886e-01,-7.213778637111449810e-15,5.019227048224768062e-01,-1.025312414318620800e-17,-4.265710752574290296e-16,-5.919488006082349344e-16
-9.433681229425183029e-03,-1.758143498820747067e-03,7.896823845228109207e-01,-1.769379558365889388e-05,-2.513813522492194114e-02,7.446547566097486788e-05,9.996839842166304058e-01,1.840994413732882987e-02,2.747046516722916141e-03,-7.390810659821476364e-04,5.332361538880008023e-02,-2.145023097702647083e-02,-2.787753871850151555e-03,1.839215910405571364e-02,2.767038511951130236e-03,-7.440076074599229466e-04,5.347616816639231413e-02,-2.158501584740752169e-02,-2.807643993271997929e-03,-7.956385630857810065e-04,5.750332610374540926e-14,-1.245674918317736480e-13,4.966626194203050404e-01,2.999999999999936051e-01,3.473155135695875411e-15,5.001879704828182671e-01,1.208355314435712295e-17,9.929902631666246808e-16,2.570655312894115107e-16,4.975652333965732699e-01,-3.000000000000297429e-01,-7.614540594573029790e-15,5.005876438164982289e-01,-1.082977710741272721e-17,-4.496439773641243487e-16,-6.248335710139163016e-16
-1.157071317250559991e-02,-2.762446780786389101e-03,7.896172693980397783e-01,-6.005923649866943902e-05,-2.426746193647250777e-02,-8.319315285211953967e-04,9.997051538198560294e-01,1.012600731147870678e-02,4.810324013971269824e-03,6.629567703568097284e-04,6.019465704689149627e-02,-2.177563050379776460e-02,-4.481240544348957452e-03,9.723451506498306113e-03,4.830041608011717558e-03,6.567987058254914738e-04,5.975477430493873060e-02,-2.093318370981020124e-02,-4.501144497637192196e-03,-1.355158722593178839e-03,6.053238479330250311e-14,-1.311528310649122241e-13,4.951813104204778049e-01,2.999999999999932720e-01,3.655638190050069699e-15,4.984570083817416730e-01,1.272601895166068054e-17,1.045872166036260087e-15,2.705683577744267885e-16,4.967936592420594821e-01,-3.000000000000312972e-01,-8.015302552031553723e-15,4.992525825407406193e-01,-1.140643007199072400e-17,-4.727168794390599307e-16,-6.577183414193596300e-16
-1.388808616170338246e-02,-3.511690456415647067e-03,7.890096240300377151e-01,-9.228130291490300617e-05,-2.348828091329591833e-02,-2.075462356525006706e-03,9.997219536450652200e-01,-1.251162488242851985e-02,6.737933214031634199e-03,2.632139216517979247e-03,9.763824431453785313e-02,-3.812117926085736158e-02,-5.802224657340314916e-03,-1.369033396130650559e-02,6.758163884295479047e-03,2.619036915452777753e-03,9.690851340195606733e-02,-3.621273461351461054e-02,-5.818259909916158150e-03,-2.639424348503968329e-03,6.354215670313317219e-14,-1.377451742812875703e-13,4.914628040668382880e-01,2.999999999999929390e-01,3.839805650009980238e-15,4.912739692174247219e-01,1.337227681832714829e-17,1.099010552341398118e-15,2.842276042759244673e-16,4.946090408146486816e-01,-3.000000000000328515e-01,-8.414510945507138326e-15,4.929169878741725963e-01,-1.198441498438146268e-17,-4.955933186910065427e-16,-6.904671055113852790e-16
-1.620545918304890087e-02,-4.260934086577777141e-03,7.884019785653237911e-01,-1.245031686740757210e-04,-2.270904929359306157e-02,-3.318988772394425475e-03,9.997365992563596038e-01,-3.514925963503686551e-02,8.665542389907660015e-03,4.601321763778796516e-03,1.350818370320704676e-01,-5.446673087368147231e-02,-7.123208703929070212e-03,-3.710412205758059634e-02,8.686286136535277536e-03,4.581275225161360147e-03,1.340622580027991118e-01,-5.149228835716000707e-02,-7.135375255100418444e-03,-3.923690103608459129e-03,6.655192860952577087e-14,-1.443375174989114625e-13,4.877442973143941707e-01,2.999999999999926059e-01,4.023973110270153326e-15,4.840909290812161481e-01,1.401853468566959280e-17,1.152148938692257147e-15,2.978868508053057166e-16,4.924244221353475393e-01,-3.000000000000344613e-01,-8.813719338705782264e-15,4.865813923162055632e-01,-1.256239989700963616e-17,-5.184697579079315763e-16,-7.232158695791662742e-16
-1.861975695712913062e-02,-4.511832172290986508e-03,7.865338097533546291e-01,-5.047854083103172817e-06,-2.245534021680476930e-02,-4.876413168090307747e-03,9.997359542723672776e-01,-6.651084418026906309e-02,9.976762472811848831e-03,7.215063832665707076e-03,1.934775813740284567e-01,-8.197594116364007033e-02,-7.648226758009336011e-03,-7.030462427591005481e-02,1.001104653324579909e-02,7.174403482412280465e-03,1.939082735211245523e-01,-7.861293375908731673e-02,-7.650431120275336637e-03,-5.624259849660943542e-03,6.956442440744878522e-14,-1.509314978091928632e-13,4.824433566406796103e-01,2.999999999999922728e-01,4.208444426738287543e-15,4.738444494016561537e-01,1.466863725585801310e-17,1.205579951652673820e-15,3.116374116486071695e-16,4.890472781358202736e-01,-3.000000000000360156e-01,-9.213012365176847391e-15,4.775231482519678994e-01,-1.314108538429705948e-17,-5.412670679327009083e-16,-7.559237869005219905e-16
-2.103405475040700731e-02,-4.762730159298110902e-03,7.846656406917166260e-01,1.144075031910351761e-04,-2.220157501124683797e-02,-6.433825414402144331e-03,9.997328057378532806e-01,-9.787243045343266279e-02,1.128798243362935314e-02,9.828806029218947402e-03,2.518733298659279196e-01,-1.094851536647572787e-01,-8.173244654434561746e-03,-1.035051284326700682e-01,1.133580681044991240e-02,9.767531864622033128e-03,2.537542935340526551e-01,-1.057335815063507323e-01,-8.165486826588292182e-03,-7.324829678169742300e-03,7.257692020591131731e-14,-1.575254781197985426e-13,4.771424156535361560e-01,2.999999999999919398e-01,4.392915743266606326e-15,4.635979691153281346e-01,1.531873982680794610e-17,1.259010964671050273e-15,3.253879725099950829e-16,4.856701339000923934e-01,-3.000000000000375699e-01,-9.612305391664675813e-15,4.684649036484619389e-01,-1.371977087172324527e-17,-5.640643779417972505e-16,-7.886317042137872480e-16
-2.359726106790442646e-02,-5.070176465851048732e-03,7.811214101649464059e-01,3.413855982207268463e-04,-2.165492311129171843e-02,-1.097772175081812573e-02,9.997051752322176910e-01,-1.334942684033968152e-01,1.532066105868585756e-02,1.771850930767813331e-02,3.197634805903932786e-01,-1.426974412360098587e-01,-9.119882121899798577e-03,-1.428925340323612958e-01,1.544554493840856121e-02,1.758758584414053805e-02,3.223858920056376642e-01,-1.359224790766744295e-01,-9.043571907037748978e-03,-9.374833088920805566e-03,7.558694810410364187e-14,-1.641123986233430990e-13,4.710242127508131871e-01,2.999999999999916067e-01,4.578255114619468941e-15,4.545480842018481682e-01,1.597162790743938549e-17,1.312620618265920934e-15,3.392604567671977507e-16,4.817176182116817973e-01,-3.000000000000391243e-01,-1.001131474188928687e-14,4.608729478558733494e-01,-1.429791914202606746e-17,-5.868870006647229971e-16,-8.212865640905791659e-16
-2.616046741784518875e-02,-5.377622784724414226e-03,7.775771792730054033e-01,5.683565482247308074e-04,-2.110781643510764582e-02,-1.552138822651542328e-02,9.996565528038605652e-01,-1.691161072815604294e-01,1.935334027667832274e-02,2.560821373563376344e-02,3.876536333834450510e-01,-1.759097300498160821e-01,-1.006651968122511398e-02,-1.822799409800194836e-01,1.955528367314237140e-02,2.540764096247191683e-02,3.910174923913746214e-01,-1.661113773154909712e-01,-9.921657066581983375e-03,-1.142483657580447426e-02,7.859697600175826620e-14,-1.706993191253495155e-13,4.649060096700298184e-01,2.999999999999912736e-01,4.763594486161457803e-15,4.454981995490756019e-01,1.662451598867771777e-17,1.366230271899712809e-15,3.531329410509644221e-16,4.777651023979125333e-01,-3.000000000000406786e-01,-1.041032409205209067e-14,4.532809923827514909e-01,-1.487606741221184549e-17,-6.097096233931636703e-16,-8.539414239558112148e-16
-2.873753233931466630e-02,-5.685044999909944982e-03,7.723576740840776278e-01,9.999898333224580861e-04,-2.022275472797433610e-02,-2.288618646360912612e-02,9.995330223062659503e-01,-2.054760737493898926e-01,2.689726234201687827e-02,3.802158325848312148e-02,4.579848235309875726e-01,-2.112212011832772518e-01,-1.140435409921479980e-02,-2.245703068592576346e-01,2.734789161810888963e-02,3.762674852202414072e-02,4.618686939738743114e-01,-1.960174127317409476e-01,-1.102077549399485892e-02,-1.363775372562404248e-02,8.161486028162297820e-14,-1.772637678798409312e-13,4.579487433007972674e-01,2.999999999999909406e-01,4.948584733150700570e-15,4.380317202667661780e-01,1.727912230401015950e-17,1.419954491627859156e-15,3.670485780989238854e-16,4.730873292916872308e-01,-3.000000000000422329e-01,-1.080949370385486641e-14,4.475459030026349705e-01,-1.545235985580540376e-17,-6.326788727129913239e-16,-8.865698886216737758e-16
-3.131459726407806454e-02,-5.992467215089745947e-03,7.671381684969689196e-01,1.431567942467471596e-03,-1.933657613574995063e-02,-3.024972147797456642e-02,9.993542924244022130e-01,-2.418360403926583246e-01,3.444118524191144837e-02,5.043495385652212171e-02,5.283160142587184360e-01,-2.465326728156743141e-01,-1.274218861018458319e-02,-2.668606734284741933e-01,3.514050043842376764e-02,4.984585712714793837e-02,5.327198960839312214e-01,-2.259234480807597589e-01,-1.211989397394316013e-02,-1.585067091416510893e-02,8.463274456335499337e-14,-1.838282166289912411e-13,4.509914767321352991e-01,2.999999999999906075e-01,5.133574980056963058e-15,4.305652413608022089e-01,1.793372861975099392e-17,1.473678711383235798e-15,3.809642151571399210e-16,4.684095560130819291e-01,-3.000000000000437872e-01,-1.120866331569573310e-14,4.418108140638603576e-01,-1.602865229895786554e-17,-6.556481220676693732e-16,-9.191983532812627233e-16
-3.383957653593223924e-02,-6.279518410706115376e-03,7.603321926415923526e-01,2.023412964253948863e-03,-1.813001667475365800e-02,-4.014764891450571527e-02,9.990272141348236490e-01,-2.777521798348517867e-01,4.634967581602457420e-02,6.616418592335275572e-02,5.992573828599263575e-01,-2.829840032015750184e-01,-1.456372318535826930e-02,-3.106028030466104206e-01,4.758230071620743462e-02,6.513278083509428662e-02,6.034151381639052403e-01,-2.543277067502716093e-01,-1.335639090286054077e-02,-1.807584765518847891e-02,8.764365974368324205e-14,-1.903610449834566565e-13,4.430387844140745712e-01,2.999999999999902744e-01,5.320061587411152196e-15,4.246591443640145291e-01,1.858968712148799442e-17,1.527406308878005676e-15,3.950637767000162195e-16,4.628158771735722543e-01,-3.000000000000453415e-01,-1.160706817165030946e-14,4.380977555526732736e-01,-1.660120419590677905e-17,-6.789119216575877363e-16,-9.517515111082522047e-16
-3.636455579437498226e-02,-6.566569601077194493e-03,7.535262163777189937e-01,2.615055924748580906e-03,-1.692164626882762882e-02,-5.004156697568031692e-02,9.986003509636283137e-01,-3.136683191627651079e-01,5.825816751396085263e-02,8.189341884397743909e-02,6.701987516182477123e-01,-3.194353338809755583e-01,-1.638525788507884731e-02,-3.543449330385579632e-01,6.002410219110142914e-02,8.041970533296576018e-02,6.741103802037216042e-01,-2.827319650330942791e-01,-1.459288786715120384e-02,-2.030102439936853215e-02,9.065457492221702780e-14,-1.968938733297801943e-13,4.350860918397038701e-01,2.999999999999899414e-01,5.506548195150635988e-15,4.187530477690061814e-01,1.924564562357316917e-17,1.581133906373645470e-15,4.091633382902507964e-16,4.572221980982280609e-01,-3.000000000000468958e-01,-1.200547302740797036e-14,4.343846975621344919e-01,-1.717375609189254579e-17,-7.021757213233491590e-16,-9.843046689158508934e-16
-3.881416819082982028e-02,-6.797840639584074376e-03,7.453300887437493971e-01,3.364411145992742512e-03,-1.541579319050054471e-02,-6.203099258453304704e-02,9.979494927184070496e-01,-3.481859116939585719e-01,7.475192370480886195e-02,9.955052657908827762e-02,7.402981192207497285e-01,-3.561587468491868580e-01,-1.872310376893122907e-02,-3.984997909203106259e-01,7.743148723031843816e-02,9.721814360332516058e-02,7.431648232359816530e-01,-3.088640644660581303e-01,-1.578576763014205575e-02,-2.257850720502087294e-02,9.367403094039635210e-14,-2.033729388234887783e-13,4.259139564523110044e-01,2.999999999999896083e-01,5.692601277730536330e-15,4.139020159959964640e-01,1.989966908316708173e-17,1.634643751290921950e-15,4.233020566460069123e-16,4.505276277658674111e-01,-3.000000000000484501e-01,-1.240383141054569215e-14,4.322436194957898770e-01,-1.773940289956414607e-17,-7.260287783936654244e-16,-1.016807097882540721e-15
-4.126378056638582703e-02,-7.029111662623419021e-03,7.371339607242982650e-01,4.113271845705044998e-03,-1.390767392278032324e-02,-7.401130027712099491e-02,9.971519367839942749e-01,-3.827035038373425291e-01,9.124568116712605814e-02,1.172076348487884334e-01,8.103974865897694002e-01,-3.928821598928451397e-01,-2.106094979595392325e-02,-4.426546489165105180e-01,9.483887364646505225e-02,1.140165822928192185e-01,8.122192658132569854e-01,-3.349961632689645863e-01,-1.697864738103808946e-02,-2.485599002517740325e-02,9.669348696094400093e-14,-2.098520043022892291e-13,4.167418207267732377e-01,2.999999999999892752e-01,5.878654360190222159e-15,4.090509845155505531e-01,2.055369254222441789e-17,1.688153596147816847e-15,4.374407750126209590e-16,4.438330571282355641e-01,-3.000000000000500044e-01,-1.280218979367052553e-14,4.301025418653468546e-01,-1.830504970532099913e-17,-7.498818356273797310e-16,-1.049309526835163581e-15
-4.358946651090353508e-02,-7.181621330645538738e-03,7.277342092108218807e-01,4.994045387702913952e-03,-1.215094231817799228e-02,-8.763552545917935310e-02,9.960659761225355568e-01,-4.152313293533268501e-01,1.122186447213554539e-01,1.354907012701372926e-01,8.791591736144491742e-01,-4.295719196548054564e-01,-2.396316436369308467e-02,-4.865698066189282911e-01,1.171560147270281210e-01,1.308271816583363445e-01,8.790506872631626001e-01,-3.586235397092218391e-01,-1.794485732690901877e-02,-2.709900395890136801e-02,9.969209412540839015e-14,-2.162675755120385670e-13,4.062368019965812982e-01,2.999999999999889977e-01,6.067794312423035918e-15,4.049223993572499958e-01,2.120747887539575619e-17,1.741423754320394081e-15,4.519079467809975160e-16,4.358952975945465935e-01,-3.000000000000515588e-01,-1.319844087095384149e-14,4.293041757006627046e-01,-1.886173553440291659e-17,-7.744259945828230143e-16,-1.081637177035946928e-15
-4.591515241860252838e-02,-7.334130975267550215e-03,7.183344573397472121e-01,5.873866800891298749e-03,-1.039189393318616997e-02,-1.012430424824094649e-01,9.947901047850203904e-01,-4.477591542781487743e-01,1.331916096063631982e-01,1.537737678774591665e-01,9.479208602417021901e-01,-4.662616794067673820e-01,-2.686537909910692579e-02,-5.304849642501308082e-01,1.394731572662861185e-01,1.476377810274664415e-01,9.458821080526056413e-01,-3.822509154053226332e-01,-1.891106720543603639e-02,-2.934201788238458355e-02,1.026907012836785678e-13,-2.226831467029236784e-13,3.957317828703879603e-01,2.999999999999886646e-01,6.256934265572963589e-15,4.007938144135892444e-01,2.186126520849663934e-17,1.794693912421760052e-15,4.663751186469579913e-16,4.279575376915045193e-01,-3.000000000000531131e-01,-1.359469194761107484e-14,4.285058099349000060e-01,-1.941842136082251785e-17,-7.989701537435935778e-16,-1.113964827184803111e-15
-4.811245109626784838e-02,-7.396437515675867089e-03,7.080966633391538867e-01,6.826425005594321561e-03,-8.434994309141534766e-03,-1.158791799851667664e-01,9.932040406878201999e-01,-4.775685030628967209e-01,1.579579302575521149e-01,1.713629264255688567e-01,1.013980879476366059e+00,-5.020241763631998477e-01,-3.034239361590546427e-02,-5.732363261337796168e-01,1.659780689963389899e-01,1.629653757878112563e-01,1.009012474886701982e+00,-4.027241955171934062e-01,-1.947149696055200038e-02,-3.173446081740482344e-02,1.056830619478126118e-13,-2.290043083335491623e-13,3.834842032197877670e-01,2.999999999999883316e-01,6.447047609824096784e-15,3.972041036595793662e-01,2.250992019716160550e-17,1.847365025565601031e-15,4.810134847160531303e-16,4.184844723398730149e-01,-3.000000000000546674e-01,-1.398922151742286427e-14,4.287218991417964808e-01,-1.996064388320486744e-17,-8.246891821493861807e-16,-1.146074321502552749e-15
-5.030974973324621458e-02,-7.458744027498084329e-03,6.978588690729781163e-01,7.777471392530456266e-03,-6.476226533705403514e-03,-1.304896541797987697e-01,9.913980126975538987e-01,-5.073778509861374131e-01,1.827242521108864426e-01,1.889520847537734249e-01,1.080040897854849247e+00,-5.377866730257750971e-01,-3.381940831486274224e-02,-6.159876876486120034e-01,1.924829820535300939e-01,1.782929700781798188e-01,1.072142840547904097e+00,-4.231974746295055212e-01,-2.003192658707293045e-02,-3.412690379978033928e-02,1.086754226099670819e-13,-2.353254699342555376e-13,3.712366230169559245e-01,2.999999999999879985e-01,6.637160954383706147e-15,3.936143930763431054e-01,2.315857518420040886e-17,1.900036138519599872e-15,4.956518508394010934e-16,4.090114065016907108e-01,-3.000000000000562217e-01,-1.438375108668909643e-14,4.289379886701820688e-01,-2.050286640100367940e-17,-8.504082109275044661e-16,-1.178183815751167012e-15
-5.232834621267791475e-02,-7.413438534383177091e-03,6.871214345048637373e-01,8.791271835971970275e-03,-4.397116159580851530e-03,-1.455470878487593600e-01,9.893024937438149591e-01,-5.340341460105201277e-01,2.101765156685510283e-01,2.049925632058442471e-01,1.142593662077566297e+00,-5.721293729802475747e-01,-3.780149962609348491e-02,-6.570621163277087229e-01,2.219980986431063785e-01,1.911438231777412566e-01,1.130894883508893223e+00,-4.404443249793848492e-01,-1.999415762623634948e-02,-3.656737401244836844e-02,1.116099437334460973e-13,-2.415469525245103687e-13,3.569401401226144910e-01,2.999999999999877209e-01,6.834569310847495624e-15,3.907846610995776571e-01,2.380863860872255280e-17,1.952364825725047142e-15,5.109745918575557805e-16,3.976355324332062624e-01,-3.000000000000577760e-01,-1.477267250762140119e-14,4.302268210152475070e-01,-2.102946312620112178e-17,-8.772394299474322183e-16,-1.209839373242551089e-15
-5.434694263193793479e-02,-7.368133005033700687e-03,6.763839997685129335e-01,9.802993446634263724e-03,-2.316965968146081790e-03,-1.605701044488285489e-01,9.869730363821902497e-01,-5.606904399732228761e-01,2.376287801306122827e-01,2.210330411364514469e-01,1.205146425119338227e+00,-6.064720724566531329e-01,-4.178359110739106319e-02,-6.981365444421571143e-01,2.515132162462631604e-01,2.039946754433469844e-01,1.189646924995635624e+00,-4.576911742428774188e-01,-1.995638846397737240e-02,-3.900784424128789230e-02,1.145444648374496516e-13,-2.477684350812018314e-13,3.426436565383770283e-01,2.999999999999874434e-01,7.031977669767624411e-15,3.879549293787084019e-01,2.445870203371894080e-17,2.004693512815194502e-15,5.262973331061497542e-16,3.862596577240178797e-01,-3.000000000000593303e-01,-1.516159392666535912e-14,4.315156537215214527e-01,-2.155605984613712694e-17,-9.040706493418509775e-16,-1.241494930581087845e-15
-5.620036530862505125e-02,-7.228609925914073267e-03,6.656317143688612603e-01,1.078500316331511277e-02,-1.957526586551791093e-04,-1.753253990321260725e-01,9.844514461576506781e-01,-5.839352375700134212e-01,2.663274292692915379e-01,2.346950425482758618e-01,1.262835664418887394e+00,-6.384314380688701496e-01,-4.616780162041296542e-02,-7.368486156492675132e-01,2.824123073955286389e-01,2.135311170399041003e-01,1.242640594248123564e+00,-4.713595100031508500e-01,-1.925522093199222989e-02,-4.179009027554835692e-02,1.174325852663322333e-13,-2.538488235080739968e-13,3.256590115149112230e-01,2.999999999999871658e-01,7.234444507644907090e-15,3.863967646470637396e-01,2.510457449323292523e-17,2.056256179548892165e-15,5.421274892756994258e-16,3.725691495705873990e-01,-3.000000000000608291e-01,-1.554443657393434953e-14,4.339598760020456636e-01,-2.205922418969565115e-17,-9.326526721919789955e-16,-1.272524119392892317e-15
-5.805378792642414826e-02,-7.089086813203844192e-03,6.548794289639150445e-01,1.176453726956777808e-02,1.925505598548173363e-03,-1.900404491620210357e-01,9.817038839555032315e-01,-6.071800339505315502e-01,2.950260788523339506e-01,2.483570431121218114e-01,1.320524901984484911e+00,-6.703908028313767531e-01,-5.055201227679903542e-02,-7.755606860141465164e-01,3.133113990382107028e-01,2.230675574548018625e-01,1.295634261447626834e+00,-4.850278444876066075e-01,-1.855405316349117290e-02,-4.457233643165931652e-02,1.203207056786719600e-13,-2.599292118846430393e-13,3.086743655330575486e-01,2.999999999999868328e-01,7.436911347325646495e-15,3.848386003687602197e-01,2.575044695125274240e-17,2.107818846009486972e-15,5.579576456261534412e-16,3.588786405919398570e-01,-3.000000000000623279e-01,-1.592727921903613077e-14,4.364040986944913159e-01,-2.256238852490002436e-17,-9.612346956663066153e-16,-1.303553307981382889e-15
-5.969586124197701765e-02,-6.851684063418154655e-03,6.445718529397718166e-01,1.271446574163029482e-02,3.981663025706729149e-03,-2.038217763803209237e-01,9.789173469673653205e-01,-6.268931668558104242e-01,3.231835143902046514e-01,2.593985454476204211e-01,1.372238935912599267e+00,-6.992664226050153697e-01,-5.507134704623850574e-02,-8.113306401981232874e-01,3.436521214151413983e-01,2.291805179444743323e-01,1.342130282759821602e+00,-4.953494295987732055e-01,-1.714311722506911898e-02,-4.758267648364418456e-02,1.230839131398411456e-13,-2.658807132159924540e-13,2.885494538241891171e-01,2.999999999999866107e-01,7.654978265290622583e-15,3.855424970282005925e-01,2.640830508375178206e-17,2.159502521453733018e-15,5.750812336054045998e-16,3.423486663619912385e-01,-3.000000000000638267e-01,-1.629802015340982177e-14,4.404911724885585134e-01,-2.304393380468469269e-17,-9.911777937719509109e-16,-1.333644049906052951e-15
-6.133793447799312792e-02,-6.614281276797570608e-03,6.342642770829852727e-01,1.366181545675981823e-02,6.037012867997629956e-03,-2.175617641491310039e-01,9.759322661201313975e-01,-6.466062984320237739e-01,3.513409497244011082e-01,2.704400467969509392e-01,1.423952967592074348e+00,-7.281420412181528468e-01,-5.959068186652903554e-02,-8.471005932748979506e-01,3.739928435819417363e-01,2.352934771457938501e-01,1.388626301626767257e+00,-5.056710134504627252e-01,-1.573218101954109924e-02,-5.059301662146727108e-02,1.258471205540020215e-13,-2.718322144988380555e-13,2.684245409335493382e-01,2.999999999999863332e-01,7.873045189126353593e-15,3.862463945389188469e-01,2.706616322076137429e-17,2.211186196943518031e-15,5.922048220714109415e-16,3.258186910634710554e-01,-3.000000000000653255e-01,-1.666876108322929886e-14,4.445782469008773274e-01,-2.352547907633349338e-17,-1.021120892389806536e-15,-1.363734791477559057e-15
-6.279355376237669151e-02,-6.308274248091575928e-03,6.249196464811436202e-01,1.449614224149979071e-02,7.918101085045642709e-03,-2.296248186884365106e-01,9.731390487374473874e-01,-6.629915050750134764e-01,3.771158886243653474e-01,2.785565546200343134e-01,1.468414512010160156e+00,-7.529493613145212816e-01,-6.392559675449190071e-02,-8.791179544994228712e-01,4.016922733137774926e-01,2.380762975912003310e-01,1.427620418470615826e+00,-5.128174868282736609e-01,-1.378206969575242538e-02,-5.412275965631844349e-02,1.285058687483005668e-13,-2.775960740113534740e-13,2.444400220148004454e-01,2.999999999999861111e-01,8.102797054590097206e-15,3.903163768370069842e-01,2.772708698112599706e-17,2.262415029934608063e-15,6.102612897949129721e-16,3.060462921393870550e-01,-3.000000000000667688e-01,-1.702659318862734481e-14,4.507954613963435775e-01,-2.397546163859928918e-17,-1.053210756536185002e-15,-1.392646270675490885e-15
-6.424917297289926832e-02,-6.002267192209022502e-03,6.155750162607585008e-01,1.532818505832482178e-02,9.797941705577548760e-03,-2.416516942873601359e-01,9.701925096233221524e-01,-6.793767103996948276e-01,4.028908265805388189e-01,2.866730612844247128e-01,1.512876053555280320e+00,-7.777566797992933045e-01,-6.826051156939953735e-02,-9.111353142374137848e-01,4.293917019993042095e-01,2.408591167174214953e-01,1.466614532342696675e+00,-5.199639589483113777e-01,-1.183195815837748827e-02,-5.765250289692339797e-02,1.311646169012191293e-13,-2.833599334495373946e-13,2.204555015671255946e-01,2.999999999999858891e-01,8.332548924682658886e-15,3.943863604685198809e-01,2.838801074270502188e-17,2.313643862745519109e-15,6.283177578879614297e-16,2.862738919308648322e-01,-3.000000000000682676e-01,-1.738442528891175141e-14,4.570126767356333941e-01,-2.442544418836198475e-17,-1.085300621532972878e-15,-1.421557749406275259e-15
-6.549099554628880215e-02,-5.646555615315732544e-03,6.076606579505106076e-01,1.604139184185408851e-02,1.138365212483789801e-02,-2.512956579544324831e-01,9.677104827918967533e-01,-6.926867108070730028e-01,4.242972386580249888e-01,2.919344474887387020e-01,1.548974454788496269e+00,-7.977145766992899123e-01,-7.193399495155866630e-02,-9.383686121399171798e-01,4.523103713130895986e-01,2.410209038534342763e-01,1.497627117714656064e+00,-5.246004984093576295e-01,-9.599114174111439413e-03,-6.159765943240231439e-02,1.336554796894172210e-13,-2.889695594762138861e-13,1.922035296785265523e-01,2.999999999999857225e-01,8.585560614127617373e-15,4.032234594402444028e-01,2.907633432980906445e-17,2.365996065184147062e-15,6.479943021126154741e-16,2.627970295036099468e-01,-3.000000000000697109e-01,-1.772504515089928057e-14,4.659906632116050385e-01,-2.485129123584858846e-17,-1.118769379818623471e-15,-1.449414203793291356e-15
-6.673281803075133134e-02,-5.290844017748244123e-03,5.997463002351729466e-01,1.675295931314914333e-02,1.296819913126841251e-02,-2.609139408372292968e-01,9.651295662460717129e-01,-7.059967099353442466e-01,4.457036489184577066e-01,2.971958325054881445e-01,1.585072852543130795e+00,-8.176724715822084599e-01,-7.560747805860067172e-02,-9.656019080525282128e-01,4.752290386383563603e-01,2.411826898992497359e-01,1.528639699766762394e+00,-5.292370368264173175e-01,-7.366270072245091269e-03,-6.554281614066906347e-02,1.361463424077847143e-13,-2.945791854387382397e-13,1.639515560149152062e-01,2.999999999999855005e-01,8.838572313247312730e-15,4.120605603948124251e-01,2.976465792830984214e-17,2.418348268090031135e-15,6.676708470111273226e-16,2.393201655355136070e-01,-3.000000000000711542e-01,-1.806566500572751836e-14,4.749686508358973436e-01,-2.527713827329622225e-17,-1.152238138677813807e-15,-1.477270657741478529e-15
-6.779093761647683736e-02,-4.918503859027797964e-03,5.936353617344303224e-01,1.730693666272247605e-02,1.413129024607851295e-02,-2.674199609485728435e-01,9.633209958604647127e-01,-7.168244859435437544e-01,4.608900918643137334e-01,2.994807441743611576e-01,1.612014127620455151e+00,-8.320285151266438861e-01,-7.810949326456789743e-02,-9.869488222581288550e-01,4.913545336472573410e-01,2.394765339810221161e-01,1.551495934593219106e+00,-5.321324916219354328e-01,-5.271742179371801534e-03,-7.011473551728293618e-02,1.386259014002639446e-13,-2.998896358791763345e-13,1.308203471534460649e-01,2.999999999999852784e-01,9.096969404642192507e-15,4.264707675931205810e-01,3.041590117092416516e-17,2.467694986262800609e-15,6.875822019993995392e-16,2.118687149119693469e-01,-3.000000000000725975e-01,-1.840032685787950119e-14,4.869716202522654247e-01,-2.566819575434215278e-17,-1.188443888475880824e-15,-1.505071168720295843e-15
-6.884905712215404205e-02,-4.546163693061476899e-03,5.875244240195254264e-01,1.786009603777716226e-02,1.529371334874655985e-02,-2.739133417451553587e-01,9.614669003743860909e-01,-7.276522608701176953e-01,4.760765320998266437e-01,3.017656545462395479e-01,1.638955398707574451e+00,-8.463845562300792436e-01,-8.061150796006941177e-02,-1.008295733898745938e+00,5.074800256960417810e-01,2.377703772488410361e-01,1.574352165865557263e+00,-5.350279456587784255e-01,-3.177214346769631492e-03,-7.468665516700788432e-02,1.411054603878175778e-13,-3.052000861892490683e-13,9.768913616585614412e-02,2.999999999999850564e-01,9.355366498383752040e-15,4.408809772199029364e-01,3.106714439738076178e-17,2.517041703125933580e-15,7.074935570899899735e-16,1.844172625565037860e-01,-3.000000000000740408e-01,-1.873498870743528914e-14,4.989745909867656093e-01,-2.605925322022857719e-17,-1.224649639466588385e-15,-1.532871679674736173e-15
-6.971537212184082677e-02,-4.234995596800864882e-03,5.833115751420903106e-01,1.812394588462288431e-02,1.596107161071712646e-02,-2.767626648126558231e-01,9.606347870780063136e-01,-7.368776869886496383e-01,4.839739287243250421e-01,3.006098308753901160e-01,1.657027768272679058e+00,-8.550973714960309335e-01,-8.169568911928171140e-02,-1.023154010784051549e+00,5.155399690883948338e-01,2.345111755828698241e-01,1.589742551479136567e+00,-5.372274887429394630e-01,-1.791625301006378275e-03,-7.944530229623744666e-02,1.439707249887596090e-13,-3.100814144633324043e-13,6.003424183828314636e-02,2.999999999999847788e-01,9.592671304451135328e-15,4.608443040885280562e-01,3.151692736134819595e-17,2.552401748314732685e-15,7.260644074235917254e-16,1.531266215604710768e-01,-3.000000000000756506e-01,-1.910657567059389841e-14,5.132790714151994615e-01,-2.644047850018902089e-17,-1.263938247798776635e-15,-1.565598610364818481e-15
-7.058168703415000633e-02,-3.923827528407528194e-03,5.790987271293400740e-01,1.838762657547969928e-02,1.662828079395614264e-02,-2.796094051273255165e-01,9.597937153529925158e-01,-7.461031123772227103e-01,4.918713220282591725e-01,2.994540056370951775e-01,1.675100133797506441e+00,-8.638101841911797196e-01,-8.277986963259206799e-02,-1.038012284713423661e+00,5.235999088064423601e-01,2.312519732094003300e-01,1.605132933691608477e+00,-5.394270315100743174e-01,-4.060365782041284836e-04,-8.420394951053175592e-02,1.468359897654119376e-13,-3.149627425419267689e-13,2.237934544992106756e-02,2.999999999999844458e-01,9.829976100909810982e-15,4.808076334869065271e-01,3.196671023353928740e-17,2.587761787131825344e-15,7.446352571465190928e-16,1.218359788154746853e-01,-3.000000000000772604e-01,-1.947816265057394727e-14,5.275835528920987949e-01,-2.682170377567035859e-17,-1.303226857535377504e-15,-1.598325543299158789e-15
-7.124182786028927794e-02,-3.740045229551195761e-03,5.765628434571438143e-01,1.829546027725940938e-02,1.669111086639642541e-02,-2.782928336299289596e-01,9.601769533276215407e-01,-7.547515968053837287e-01,4.915851724104610687e-01,2.941865540295576231e-01,1.685604240910881124e+00,-8.674368789158743986e-01,-8.230359830345590488e-02,-1.046466052260478063e+00,5.225763569928455476e-01,2.262677753545219161e-01,1.614818363112871635e+00,-5.423147910720976794e-01,-1.797895783238725380e-04,-8.926072791346381652e-02,1.474971591742973305e-13,-3.223919336388910524e-13,-1.920379908260241852e-02,2.999999999999846123e-01,1.025321669238279262e-14,5.033410170409970963e-01,3.314299126768980368e-17,2.671905924868675572e-15,7.732514284566646671e-16,8.737727518363110069e-02,-3.000000000000784262e-01,-1.972329675148066493e-14,5.424926420746136735e-01,-2.757638845322210226e-17,-1.309397228415553982e-15,-1.618830169817309170e-15
-7.190196858842116956e-02,-3.556262991249259896e-03,5.740269605821131105e-01,1.820325918248451302e-02,1.675390906065396535e-02,-2.769757334349833289e-01,9.605583745793254691e-01,-7.634000809592889070e-01,4.912990189025149279e-01,2.889191004675077945e-01,1.696108344426590975e+00,-8.710635712228201877e-01,-8.182732623253970161e-02,-1.054919816763071561e+00,5.215528008612991817e-01,2.212835766796456272e-01,1.624503789822214994e+00,-5.452025509612734577e-01,4.645687044899923313e-05,-9.431750645811620704e-02,1.481583275354387980e-13,-3.298211259470134514e-13,-6.078694548246708906e-02,2.999999999999847788e-01,1.067645737224264519e-14,5.258744018167945677e-01,3.431927264719017050e-17,2.756050085795648532e-15,8.018676045419777828e-16,5.291857004581072832e-02,-3.000000000000795919e-01,-1.996843079227644352e-14,5.574017315445363163e-01,-2.833107330830238275e-17,-1.315567583552567283e-15,-1.639334790525435480e-15
-7.213995494093210226e-02,-3.676124197088825093e-03,5.722889895121271442e-01,1.770919777410369725e-02,1.597653552048062045e-02,-2.706170254698285760e-01,9.623915835837421051e-01,-7.728928694733567806e-01,4.816922280441606752e-01,2.778962506944456234e-01,1.702817812992464708e+00,-8.718667634215988560e-01,-8.000750253614057061e-02,-1.058171623246090931e+00,5.101754260603323932e-01,2.129843621710679757e-01,1.633023826039521342e+00,-5.518605293338171291e-01,-1.473243585686108718e-03,-9.964402860507959314e-02,1.503579501539401402e-13,-3.352804387274010884e-13,-1.019834660000373538e-01,2.999999999999847233e-01,1.103922995706986070e-14,5.437654460240481935e-01,3.524723666365945289e-17,2.819442535594608497e-15,8.268640126027156626e-16,1.989930247360769539e-02,-3.000000000000810352e-01,-2.034560005556001936e-14,5.697555578764001982e-01,-2.871978242101444865e-17,-1.358711011741252242e-15,-1.669395620904611323e-15
-7.237794108440523400e-02,-3.795985553283243857e-03,5.705510188372423519e-01,1.721434558826391917e-02,1.519844833575760383e-02,-2.642462340547633848e-01,9.641818299791945490e-01,-7.823856584054980079e-01,4.720854325705147736e-01,2.668733980714890208e-01,1.709527279679352363e+00,-8.726699542222673411e-01,-7.818767817445619606e-02,-1.061423427153261434e+00,4.987980461324744708e-01,2.046851460209969109e-01,1.641543861679762406e+00,-5.585185095732566607e-01,-2.992944906360186109e-03,-1.049705508856116631e-01,1.525575735342365320e-13,-3.407397505323652706e-13,-1.431799863261624117e-01,2.999999999999846678e-01,1.140200251195514268e-14,5.616564879325581794e-01,3.617520055716964542e-17,2.882834975117962157e-15,8.518604188710561542e-16,-1.311996438583033081e-02,-3.000000000000825340e-01,-2.072276938422335835e-14,5.821093829429768718e-01,-2.910849135250662638e-17,-1.401854458237860532e-15,-1.699456456015726905e-15
-7.202559699654056957e-02,-4.300298875509880013e-03,5.688156476807201267e-01,1.642626173062197714e-02,1.337589942052162979e-02,-2.520271055528102155e-01,9.674882951782527440e-01,-7.935301725461050282e-01,4.518089740292323131e-01,2.493505921479279297e-01,1.715715046221508500e+00,-8.724304090104901821e-01,-7.511917353270748665e-02,-1.060287162841996089e+00,4.758437539047098430e-01,1.921139343402885891e-01,1.652700670723201259e+00,-5.715900840144237938e-01,-6.297953163316541078e-03,-1.117762472683953290e-01,1.581156080218696425e-13,-3.437987684896968083e-13,-1.811476022614380010e-01,2.999999999999839462e-01,1.148957518155227721e-14,5.658207710623144315e-01,3.618398636541040011e-17,2.882912589265505483e-15,8.583052736199098364e-16,-4.134826053653473804e-02,-3.000000000000846434e-01,-2.138627878884217023e-14,5.873516572521827461e-01,-2.923480832024312289e-17,-1.482056879561750529e-15,-1.750802613259175570e-15
-7.167325260467005688e-02,-4.804612395720006014e-03,5.670802765255364974e-01,1.563548081562435646e-02,1.155115387752591975e-02,-2.397665955738101096e-01,9.706359164128983696e-01,-8.046746875373107510e-01,4.315325099933307040e-01,2.318277828770476390e-01,1.721902812495001767e+00,-8.721908632617292323e-01,-7.205066824791855895e-02,-1.059150896270981246e+00,4.528894557151146305e-01,1.795427204596055926e-01,1.663857481124514592e+00,-5.846616617584373676e-01,-9.602962339662911989e-03,-1.185819444129179862e-01,1.636736442390034716e-13,-3.468577852109348548e-13,-2.191152165339056990e-01,2.999999999999832245e-01,1.157714770942810938e-14,5.699850471231209248e-01,3.619277170029661076e-17,2.882990170807440851e-15,8.647501188151618616e-16,-6.957655422000476320e-02,-3.000000000000868083e-01,-2.204978834091921386e-14,5.925939278991115833e-01,-2.936112515285408804e-17,-1.562259319970118730e-15,-1.802148781464051815e-15
-7.056020995020123587e-02,-5.916382594251115741e-03,5.646470124691242987e-01,1.421143445245105948e-02,8.562735070597441225e-03,-2.209575838244238477e-01,9.751422772341414857e-01,-8.179551197280545694e-01,4.001625142519224521e-01,2.063393173278658677e-01,1.730845328145873108e+00,-8.724304221931100667e-01,-6.858293170005742845e-02,-1.053539870321536620e+00,4.178253448368242084e-01,1.608217869513163534e-01,1.679981186836191576e+00,-6.062322874716705723e-01,-1.491315425004807391e-02,-1.279812623542606609e-01,1.590246664038858969e-13,-3.605867440287012709e-13,-2.504119347231244519e-01,2.999999999999851674e-01,1.241577567263054106e-14,5.526407793826095816e-01,3.695409554267201429e-17,2.932935461896709862e-15,9.504459114191154475e-16,-8.832126761069952758e-02,-3.000000000000870304e-01,-2.207892128106526910e-14,5.847173912653550465e-01,-3.083262803507228027e-17,-1.505340230191117411e-15,-1.798665514932259052e-15
-6.944716688892417500e-02,-7.028153117639523648e-03,5.622137480394909792e-01,1.278191571239496033e-02,5.571018605433082638e-03,-2.020634900150509450e-01,9.792731653554879179e-01,-8.312355530610497922e-01,3.687925125778858115e-01,1.808508475187892428e-01,1.739787845269936684e+00,-8.726699813807078376e-01,-6.511519493869433184e-02,-1.047928841979067993e+00,3.827612274824159222e-01,1.421008501542636859e-01,1.696104895204078256e+00,-6.278029177300473718e-01,-2.022334723277019117e-02,-1.373805816826267900e-01,1.543756831102341814e-13,-3.743157085525677106e-13,-2.817086493448636708e-01,2.999999999999871658e-01,1.325440403748439617e-14,5.352965001397018696e-01,3.771541978749196999e-17,2.982880779654365252e-15,1.036141746405101484e-15,-1.070659759297399732e-01,-3.000000000000872524e-01,-2.210805388195771618e-14,5.768408476158879417e-01,-3.230413163667265072e-17,-1.448421067081899560e-15,-1.795182219078635419e-15
-6.748136008783268969e-02,-8.737742059187340524e-03,5.592226560959511206e-01,1.064123618015457885e-02,1.443324062674625641e-03,-1.760565669066009309e-01,9.843214750056356044e-01,-8.453637739568135023e-01,3.250825215051350026e-01,1.480155870189288625e-01,1.751266711497753370e+00,-8.726698386158646681e-01,-6.164912502459862081e-02,-1.035236954321028913e+00,3.349802255578818166e-01,1.171822481343353789e-01,1.715601622208022148e+00,-6.582789518482106139e-01,-2.665340024147253711e-02,-1.498733221505770818e-01,1.519183027276966072e-13,-3.849747085339868483e-13,-3.069739877512679405e-01,2.999999999999889422e-01,1.404110337053279459e-14,4.942116816000758917e-01,3.810915245718937212e-17,2.993496003445093387e-15,1.120696453638243156e-15,-1.167436030679604858e-01,-3.000000000000878075e-01,-2.230028567104726740e-14,5.526139339989942778e-01,-3.320205065793548162e-17,-1.448937070534742546e-15,-1.799089241793802992e-15
-6.551555281380742890e-02,-1.044733133227893768e-02,5.562315638430459508e-01,8.492857684050727010e-03,-2.685415304526758001e-03,-1.499222689622901616e-01,9.886576622786067414e-01,-8.594919953227512233e-01,2.813725235887564180e-01,1.151803224446159984e-01,1.762745579132202423e+00,-8.726696957180852809e-01,-5.818305511142732311e-02,-1.022545062736019972e+00,2.871992165806979136e-01,9.226364267724740387e-02,1.735098351082606571e+00,-6.887549909052167463e-01,-3.308345387123742126e-02,-1.623660643341060805e-01,1.494609235605988834e-13,-3.956337068128361458e-13,-3.322393228127346609e-01,2.999999999999907185e-01,1.482780267478190242e-14,4.531268498941975476e-01,3.850288492302436560e-17,3.004111205423767005e-15,1.205251160238527477e-15,-1.264212251776735407e-01,-3.000000000000883627e-01,-2.249251755058990717e-14,5.283870113143581682e-01,-3.409996936109436181e-17,-1.449453105840522369e-15,-1.802996268607563268e-15
-6.299631434530897356e-02,-1.279167699529852077e-02,5.544499512724728740e-01,5.357977140362282439e-03,-7.345700888956309751e-03,-1.157257882152016026e-01,9.932395857502779313e-01,-8.723530669109894609e-01,2.235460655186245760e-01,7.496433410088471083e-02,1.770041109262424639e+00,-8.667615976613117779e-01,-5.547829262344916579e-02,-9.978304381906420994e-01,2.262004563948458724e-01,5.969732155604640794e-02,1.748693280979794595e+00,-7.239582868260586723e-01,-3.914252368458637221e-02,-1.772523384162048299e-01,1.463525464132656853e-13,-4.061602543986187868e-13,-3.579235159817421019e-01,2.999999999999924949e-01,1.573787212922064397e-14,3.959897404166220491e-01,3.933886085157910406e-17,3.040958632699234183e-15,1.292405686686246016e-15,-1.338585573809305540e-01,-3.000000000000886957e-01,-2.261013631916484094e-14,4.893921393025183475e-01,-3.480243463424860914e-17,-1.461291681131825303e-15,-1.800268848308292694e-15
-6.047707555892171960e-02,-1.513602302291977043e-02,5.526683393966204116e-01,2.216548911294728957e-03,-1.199701077927532722e-02,-8.138789302093220324e-02,9.966078313523826226e-01,-8.852141377713816928e-01,1.657195993400514267e-01,3.474834151769362611e-02,1.777336636989753860e+00,-8.608534962110310218e-01,-5.277353057276312071e-02,-9.731158067394518607e-01,1.652016886167675391e-01,2.713099604202645621e-02,1.762288207487011649e+00,-7.591615854622190129e-01,-4.520159328484362610e-02,-1.921386138731392412e-01,1.432441688920016896e-13,-4.166868019083222684e-13,-3.836077093913400904e-01,2.999999999999943268e-01,1.664794165452273540e-14,3.388526217186789147e-01,4.017483703415680999e-17,3.077806075042392329e-15,1.379560214627291462e-15,-1.412958882973735231e-01,-3.000000000000890843e-01,-2.272775504488228071e-14,4.503972588080242812e-01,-3.550489979513514299e-17,-1.473130262926752144e-15,-1.797541424198220469e-15
-5.766981300624714202e-02,-1.812037152397188294e-02,5.546463939790996500e-01,-1.832050032691543481e-03,-1.643114450039028299e-02,-3.823030340304296726e-02,9.991321759330925589e-01,-8.920083358429100606e-01,9.247500644069049647e-02,-1.330807509069921457e-02,1.770137904246264826e+00,-8.420799472606590452e-01,-5.218676513332801831e-02,-9.308024947824220519e-01,9.246361759890397991e-02,-1.687983858027686940e-02,1.757960464698057779e+00,-7.917419584060511051e-01,-4.824838630833277325e-02,-2.085445679049856005e-01,1.388015702957605705e-13,-4.281556703849713916e-13,-4.167208003440653896e-01,2.999999999999963807e-01,1.770572286015873575e-14,2.761280192156423396e-01,4.144918730951285017e-17,3.140237550183763541e-15,1.473638910038814144e-15,-1.553170948415315833e-01,-3.000000000000890288e-01,-2.267243778707909505e-14,4.010981896041261319e-01,-3.588575160743142483e-17,-1.499815280216565043e-15,-1.779672094405007975e-15
-5.486255028242797982e-02,-2.110472040531538584e-02,5.566244507955840914e-01,-5.877159453229550967e-03,-2.083397672424724609e-02,5.000120226721814325e-03,9.997531711419239686e-01,-8.988025303094845375e-01,1.923040437983247752e-02,-6.136449635789550938e-02,1.762939162890242883e+00,-8.233063906655997410e-01,-5.160000095241285695e-02,-8.884891723682034614e-01,1.972553960551126639e-02,-6.089068000294178828e-02,1.753632711259399901e+00,-8.243223297913329084e-01,-5.129517754191816048e-02,-2.249505228398294976e-01,1.343589709067213099e-13,-4.396245394215505018e-13,-4.498338957110638581e-01,2.999999999999984901e-01,1.876350415356546408e-14,2.134034133925062082e-01,4.272353784535208629e-17,3.202669040527243676e-15,1.567717609564697874e-15,-1.693383052978482406e-01,-3.000000000000889733e-01,-2.261712042651682423e-14,3.517991142774481994e-01,-3.626660322862409393e-17,-1.526500306328174537e-15,-1.761802755614430003e-15
-5.179590759124230726e-02,-2.497349798775512497e-02,5.640632284896213156e-01,-1.081778953887497022e-02,-2.427954158189621001e-02,5.756571587935716688e-02,9.979878093671097350e-01,-8.933148951287734896e-01,-6.824418090138034687e-02,-1.225171242452379738e-01,1.733478739975348626e+00,-7.880625824780471689e-01,-5.601320150704529321e-02,-8.245557414135220586e-01,-5.936690317768244379e-02,-1.257879687743086172e-01,1.722816876851615442e+00,-8.459835260730658169e-01,-4.920522697652935512e-02,-2.413070998738401363e-01,1.317805965120521265e-13,-4.449966540614752424e-13,-4.969057027877660238e-01,3.000000000000004885e-01,1.976995735053676657e-14,1.499770841636720031e-01,4.422167300057208930e-17,3.257964105957173690e-15,1.658420340677440983e-15,-1.979214167360261734e-01,-3.000000000000889733e-01,-2.260148086681924305e-14,2.927527857571471381e-01,-3.489589866501975209e-17,-1.684502902395319074e-15,-1.751807733507424853e-15
-4.872926474079479486e-02,-2.884227611324273119e-02,5.715020095365945796e-01,-1.572810288806908430e-02,-2.765706147863447942e-02,1.099699870162490767e-01,9.934255461208734150e-01,-8.878272524068990812e-01,-1.557187749199419324e-01,-1.836697601737793395e-01,1.704018303391564348e+00,-7.528187641775990757e-01,-6.042640513170496191e-02,-7.606222971838827451e-01,-1.384593498625182606e-01,-1.906852703701583107e-01,1.692001026179890122e+00,-8.676447156503185321e-01,-4.711527325713087133e-02,-2.576636768775322217e-01,1.292022232620353131e-13,-4.503687649579331831e-13,-5.439775184352536597e-01,3.000000000000025424e-01,2.077641051599211665e-14,8.655075450397278769e-02,4.571980829319803566e-17,3.313259167005268915e-15,1.749123069717306321e-15,-2.265045371153536768e-01,-3.000000000000889178e-01,-2.258584133148422046e-14,2.337064512519373416e-01,-3.352519302594279376e-17,-1.842505579092735454e-15,-1.741812716235327090e-15
-4.462867147924240441e-02,-3.394823965747956196e-02,5.856550929052901644e-01,-2.148717314167988141e-02,-2.968651429868428976e-02,1.716323637945597058e-01,9.844792247464978496e-01,-8.575483363728008124e-01,-2.510635757811866542e-01,-2.704055590002994447e-01,1.644800410036202143e+00,-7.017254174527388644e-01,-7.309116187140539400e-02,-6.682860194913169405e-01,-2.115135325717135417e-01,-2.903258499995106656e-01,1.627339766930139042e+00,-8.701572222165542270e-01,-3.934408526511139204e-02,-2.691554708835896537e-01,1.259975256470715291e-13,-4.576119783972222283e-13,-6.086701528517768356e-01,3.000000000000041522e-01,2.169235064086195344e-14,1.847665649930516074e-02,4.622397476470348244e-17,3.306106438736020640e-15,1.830797206903700238e-15,-2.758176871495692795e-01,-3.000000000000888067e-01,-2.242248326686662876e-14,1.605198862953918226e-01,-3.230591726953290290e-17,-1.988081574379022368e-15,-1.726071981056492124e-15
-4.052807756235511649e-02,-3.905420398586499642e-02,5.998081805296217039e-01,-2.716202345164224485e-02,-3.159960790136472075e-02,2.326220213268958004e-01,9.716741657861867054e-01,-8.272694046255831823e-01,-3.464083816306987029e-01,-3.571413740418518112e-01,1.585582497820071435e+00,-6.506320606821851538e-01,-8.575592384107681709e-02,-5.759497237965649497e-01,-2.845677114537571439e-01,-3.899664516497278743e-01,1.562678486228607611e+00,-8.726697166460376520e-01,-3.157289367223156673e-02,-2.806472618062670343e-01,1.227928276351330204e-13,-4.648551930224469436e-13,-6.733627984366665764e-01,3.000000000000058176e-01,2.260829070836312415e-14,-4.959744445119498857e-02,4.672814060621503305e-17,3.298953670886329623e-15,1.912471338367622996e-15,-3.251308503228209079e-01,-3.000000000000886402e-01,-2.225912510862258827e-14,8.733331237653416124e-02,-3.108664160910177705e-17,-2.133657561789073118e-15,-1.710331242235925952e-15
-3.441313472999540241e-02,-4.555091250865583169e-02,6.226314484805837157e-01,-3.195101286294929621e-02,-3.096668696101346346e-02,3.018216688439019912e-01,9.523255101549954471e-01,-7.531052520098862058e-01,-4.322875811550077607e-01,-4.889919913104088800e-01,1.478862899072235226e+00,-5.803866005832180042e-01,-1.076401721905482500e-01,-4.516720024238967124e-01,-3.299525040225587680e-01,-5.347874249606651142e-01,1.450236866557922610e+00,-8.434088682585316743e-01,-1.933853806499030020e-02,-2.786519132601241733e-01,1.185623570386656956e-13,-4.728908114087552873e-13,-7.659775569039309895e-01,3.000000000000072053e-01,2.349551382494609236e-14,-1.271360963216536799e-01,4.665611223710420259e-17,3.257171033568857069e-15,1.995547986384288997e-15,-4.191249249402566046e-01,-3.000000000000883627e-01,-2.195253115234666946e-14,-8.859971706736233243e-03,-2.972100043896977121e-17,-2.290754072352963876e-15,-1.685689150154089127e-15
-2.829819058101021995e-02,-5.204762194046952395e-02,6.454547220985777933e-01,-3.657429431537208980e-02,-3.017316199547387737e-02,3.694559854389704578e-01,9.280378096359258588e-01,-6.789410707097845998e-01,-5.181667744923755814e-01,-6.208426380670535316e-01,1.372143269276187905e+00,-5.101411279659892051e-01,-1.295244265660911442e-01,-3.273942601735670976e-01,-3.753372785060036798e-01,-6.796084278025477099e-01,1.337795215656892633e+00,-8.141479991032273267e-01,-7.104179540520866309e-03,-2.766565558984721562e-01,1.143318857717294830e-13,-4.809264303129971371e-13,-8.585923336217400337e-01,3.000000000000086486e-01,2.438273692275898938e-14,-2.046747543783637435e-01,4.658408349137938621e-17,3.215388373616493643e-15,2.078624635317672901e-15,-5.131190287621787416e-01,-3.000000000000880851e-01,-2.164593710244849545e-14,-1.050532708277293337e-01,-2.835535917316984854e-17,-2.447850590446937449e-15,-1.661047052254120122e-15
-1.767741046843277625e-02,-6.084314129026235918e-02,6.804518826773193751e-01,-4.180565346390746617e-02,-2.738911194012078748e-02,4.460498691225796564e-01,8.936115700578841636e-01,-6.832036798517479026e-01,-5.208833602422027198e-01,-6.066887458854917092e-01,1.394769348944877585e+00,-3.757189921245163156e-01,-1.328464768025170439e-01,-3.029076738754171161e-01,-3.556036690958110369e-01,-6.849604789982107755e-01,1.332542545214063567e+00,-6.694480925584477271e-01,9.357764391222092235e-04,-2.598321203459461048e-01,1.077944778648993049e-13,-4.869370688774571701e-13,-9.067631325774863083e-01,3.000000000000100364e-01,2.527483829614901360e-14,-2.609927228748813999e-01,4.675810787775082949e-17,3.201464576773421364e-15,2.171814672857060563e-15,-6.080855222500023416e-01,-3.000000000000878631e-01,-2.127383037314467443e-14,-1.891357456256574920e-01,-2.826148499451312092e-17,-2.509020751142279817e-15,-1.628451301218990102e-15
-7.056627321489674504e-03,-6.963866218814303288e-02,7.154490514543230262e-01,-4.674074033703362607e-02,-2.441095653923499448e-02,5.194826458150368920e-01,8.528523841149736606e-01,-6.874663418086741640e-01,-5.235998899878249180e-01,-5.925347553800754952e-01,1.417395515718864019e+00,-2.412968130645453679e-01,-1.361685145385955753e-01,-2.784211547796374142e-01,-3.358700158329372965e-01,-6.903124362712808049e-01,1.327289946955522604e+00,-5.247481082735432345e-01,8.975729594128269151e-03,-2.430076748070721659e-01,1.012570684045084978e-13,-4.929477060782343337e-13,-9.549339016033191463e-01,3.000000000000114242e-01,2.616693967282421120e-14,-3.173106770807474497e-01,4.693213242982185879e-17,3.187540798691346789e-15,2.265004717207108827e-15,-7.030520163926623489e-01,-3.000000000000875855e-01,-2.090172359972264608e-14,-2.732182122677917491e-01,-2.816761167230266075e-17,-2.570190847237923353e-15,-1.595855544827630614e-15
8.410772495742693811e-03,-7.757786227308346994e-02,7.558619869185387863e-01,-5.218665013024634952e-02,-2.087110530619662105e-02,6.012236569318385460e-01,7.971016653206716152e-01,-7.971838296513459321e-01,-4.637113736427950772e-01,-4.055271653789982444e-01,1.595808748044767134e+00,-5.537329430379625550e-02,-1.086434495201994421e-01,-3.649727385153984094e-01,-2.599054300775865411e-01,-5.164814654744728228e-01,1.454253483798915170e+00,-2.801783840446790963e-01,1.112173758030691843e-02,-2.428966076697139931e-01,8.951357121609896230e-14,-5.010856482146332897e-13,-9.335572300803295365e-01,3.000000000000140887e-01,2.787177726783970043e-14,-3.365837049900318179e-01,4.806861829002051848e-17,3.227051299244524093e-15,2.444872831215757037e-15,-7.486507101969803735e-01,-3.000000000000872524e-01,-2.023407307612687093e-14,-3.172185505558846597e-01,-2.899003559423656050e-17,-2.600777495901118265e-15,-1.531086521007534955e-15
2.574212350684451991e-02,-8.258604248033614426e-02,7.921491897288810424e-01,-5.651590278446474991e-02,-1.664211563269879512e-02,6.826912961260939161e-01,7.283279391272854397e-01,-9.025583855276190226e-01,-4.072151657665150637e-01,-2.428283297399460861e-01,1.771182235391770776e+00,1.057967652940102476e-01,-7.362497889419161723e-02,-4.397453399904820981e-01,-1.713211433476586332e-01,-3.405109807826190993e-01,1.588878962317555876e+00,-5.703170421757983166e-02,1.276757411215591505e-02,-2.655803208862056453e-01,7.949256809786029270e-14,-5.064073899720587112e-13,-9.046559363339436999e-01,3.000000000000166422e-01,2.946983591984699016e-14,-3.367633425550545234e-01,4.975513791913045846e-17,3.316484121288295303e-15,2.613236109548638392e-15,-7.702891796585564776e-01,-3.000000000000870304e-01,-1.966490674849774386e-14,-3.381438795235446326e-01,-3.031627875995240188e-17,-2.584634633021192421e-15,-1.473860083200517000e-15
4.446069071857960270e-02,-8.451714286865930070e-02,8.246861082739564974e-01,-6.014198859574325373e-02,-1.235622245091420358e-02,7.563222635583122244e-01,6.513116754830392541e-01,-9.886877119401499270e-01,-3.457199344321252310e-01,-1.258549284055723028e-01,1.923109106037187432e+00,2.261949406872783841e-01,-4.190992150752453904e-02,-4.886988478591503537e-01,-9.926364864550195344e-02,-2.078182512549130445e-01,1.731811728647119519e+00,1.163310468544285492e-01,1.458211970702278509e-02,-2.902232650574155803e-01,7.143174966307859794e-14,-5.097477285160298690e-13,-8.790362515255889519e-01,3.000000000000189737e-01,3.092802019908779001e-14,-3.241383129412205300e-01,5.174489587655193193e-17,3.436730971318715857e-15,2.767258789429482921e-15,-7.858015277233266760e-01,-3.000000000000870304e-01,-1.921683591107773786e-14,-3.414804005412483412e-01,-3.199602750685010708e-17,-2.538208998431548551e-15,-1.427459565626599915e-15
6.385699627395836908e-02,-8.345710364588379560e-02,8.540506161631888915e-01,-6.287050529248003339e-02,-8.633690953373145474e-03,8.151249670101211597e-01,5.757986167937004796e-01,-1.047450112469729966e+00,-2.770030492537751687e-01,-5.321658120576981676e-02,2.048229680028462507e+00,3.055830169850941580e-01,-1.870173482344791166e-02,-5.222058139374036179e-01,-5.217189812718421582e-02,-1.337077788074829965e-01,1.861123859106131206e+00,2.346581164570193390e-01,1.560077184915878781e-02,-2.851591165739926770e-01,6.500159817343171703e-14,-5.111039492734381253e-13,-8.568009291715168452e-01,3.000000000000210831e-01,3.223180646581448398e-14,-3.087496267497099600e-01,5.387661067227597180e-17,3.574836153594272179e-15,2.907275311643423113e-15,-8.031331180213452381e-01,-3.000000000000871969e-01,-1.886722212546974157e-14,-3.330651794160215395e-01,-3.393243334716850219e-17,-2.469038692278560651e-15,-1.391243369113966899e-15
8.317203604330275502e-02,-7.936041247515988883e-02,8.806159125021675305e-01,-6.480708626278024187e-02,-5.841486407555573392e-03,8.597341170409367184e-01,5.065798718884514384e-01,-1.078919909789697984e+00,-2.062223016435342782e-01,-1.597812979854208032e-02,2.148485491983718187e+00,3.511029086962447199e-01,-4.886096794703623583e-03,-5.530715216986361593e-01,-1.957728009355354931e-02,-1.015607328389118713e-01,1.952034275618060200e+00,3.044545277996789645e-01,1.499976901230820441e-02,-2.425308434041023586e-01,6.121626883902428603e-14,-5.112840805960710659e-13,-8.378866515878833354e-01,3.000000000000228040e-01,3.331963529085961035e-14,-2.979076958311740464e-01,5.600707188403577956e-17,3.719484524774049153e-15,3.027379514493061010e-15,-8.215087782374076442e-01,-3.000000000000876965e-01,-1.872746564966860563e-14,-3.187912683512521550e-01,-3.612565577827906410e-17,-2.382618555135530164e-15,-1.374252729725200991e-15
1.014349349614152296e-01,-7.211346274382220145e-02,9.041573971104396312e-01,-6.628729428979214522e-02,-3.541080807024905939e-03,8.973654514784930036e-01,4.362667783080176886e-01,-1.094444662427737081e+00,-1.488580795275097068e-01,-3.736819153723350620e-03,2.222405596629742686e+00,3.726022454603363232e-01,1.333063754376330283e-03,-5.811260285478464516e-01,2.485851390336673433e-03,-9.169836439192713406e-02,2.006222217800084362e+00,3.386554610035553137e-01,1.317379236261538925e-02,-1.918899523549379427e-01,6.029541005957668040e-14,-5.111408446476330993e-13,-8.238339947347016468e-01,3.000000000000241918e-01,3.416952863915688829e-14,-2.912972238652877799e-01,5.797447375993559606e-17,3.856984064414557793e-15,3.125581785025954975e-15,-8.352803704384731409e-01,-3.000000000000885292e-01,-1.882627603380379601e-14,-3.036676145774858115e-01,-3.847721150742715031e-17,-2.288802547286267182e-15,-1.378226166681362370e-15
1.179821096240880746e-01,-6.196787755505361872e-02,9.244575660279980012e-01,-6.733601325781538027e-02,-1.565067031644127270e-03,9.292915644207163650e-01,3.631536867226150544e-01,-1.100074815212303880e+00,-1.052152895332868349e-01,-3.447509146212530441e-03,2.273146082942944179e+00,3.793721379623806178e-01,2.454431975378769046e-03,-6.070106045854852805e-01,1.799612882309252829e-02,-9.580223462194206729e-02,2.026986508214947413e+00,3.507083681969167532e-01,1.081935115937115305e-02,-1.399937857987473833e-01,6.201856755142121610e-14,-5.112969787544997183e-13,-8.131727875949913420e-01,3.000000000000251910e-01,3.480056988539170554e-14,-2.909204271364365102e-01,5.970461818291780586e-17,3.980623272648498516e-15,3.204261109921522859e-15,-8.445533288484148304e-01,-3.000000000000898059e-01,-1.914437747797144591e-14,-2.933357251390523723e-01,-4.092885598944184655e-17,-2.193502262250810114e-15,-1.400620051221337981e-15
1.321340854989049296e-01,-4.951167923375091734e-02,9.412454066822927290e-01,-6.787035657910781006e-02,1.567112235232907217e-04,9.553024946200330270e-01,2.877337900076369359e-01,-1.099206497728450360e+00,-7.165123243731762182e-02,-6.359770554231774023e-03,2.302982427300718005e+00,3.784288652046695067e-01,7.850911507505115971e-04,-6.317402351929495286e-01,4.773457279840583045e-02,-7.760551732652427870e-02,2.022515777652616809e+00,3.514576003396991943e-01,8.182290651475538495e-03,-9.284347242303851722e-02,6.652618431299047290e-14,-5.127211525386410468e-13,-8.049261716173334857e-01,3.000000000000258016e-01,3.519517641885381504e-14,-2.990248959168387843e-01,6.112907696067040563e-17,4.083020361082667974e-15,3.260996446898517015e-15,-8.517575179828936749e-01,-3.000000000000915823e-01,-1.972382287095520147e-14,-2.905975664813943427e-01,-4.346600631323799763e-17,-2.102501986768140393e-15,-1.444822008835447155e-15
1.439502857460528695e-01,-3.476456346584665819e-02,9.544437535277764395e-01,-6.798689026618928710e-02,1.453354882495952417e-03,9.752534502090444146e-01,2.103719999592951750e-01,-1.090511843111446666e+00,-4.177218116844075291e-02,2.496471968653065851e-03,2.322077396410618277e+00,3.744353353205305268e-01,-2.117128273479030459e-03,-6.535156589174789810e-01,5.049790622398162010e-02,-1.171619737747137818e-01,1.989539917825375648e+00,3.488088684341054679e-01,6.167986481815736048e-03,-3.304778645567212070e-02,7.361645686075612326e-14,-5.138276561528005253e-13,-7.979248331590278465e-01,3.000000000000260236e-01,3.538078291066435585e-14,-3.177026522199762892e-01,6.250047818054299881e-17,4.187648851846349782e-15,3.300242357512181323e-15,-8.607946359386420276e-01,-3.000000000000936917e-01,-2.050270242245698657e-14,-2.994621043791271253e-01,-4.623493306927588931e-17,-1.996220485109584055e-15,-1.505759071864072409e-15
1.525169910937918816e-01,-1.927898487390974219e-02,9.638481391538027410e-01,-6.759625133928384710e-02,2.606356760303877359e-03,9.889687601713973431e-01,1.317753585248902792e-01,-1.079051348727105619e+00,-2.183040531240321852e-02,1.140041869531667126e-02,2.321042513623707837e+00,3.699298568840011514e-01,-4.947114961746473111e-03,-6.749959230844989611e-01,1.157984733848562153e-01,-5.253653343725511737e-02,1.945897282007480023e+00,3.463261032399286288e-01,4.150474744449956024e-03,1.175597887767880489e-02,8.075508595877218775e-14,-5.196701389304173462e-13,-7.955577236733495372e-01,3.000000000000263012e-01,3.558480981157513605e-14,-3.440065076527902277e-01,6.313902224342055492e-17,4.229555861646514424e-15,3.340799762594266330e-15,-8.651435453791045394e-01,-3.000000000000957456e-01,-2.121955462244736661e-14,-3.148164181550776597e-01,-4.837947158381373925e-17,-1.951432791748244873e-15,-1.557814731146529948e-15
1.585856226592368412e-01,-3.122090278425554422e-03,9.687746769770685384e-01,-6.717215442942869874e-02,3.474993788242359410e-03,9.963639752094695101e-01,5.229392882796563002e-02,-1.054397655743373186e+00,-6.527705068498833307e-03,2.617177194364531112e-02,2.316592381822280000e+00,3.667906328980443109e-01,-7.306364399584952887e-03,-6.968747551251593952e-01,1.772534223893599270e-01,-4.478339994021154902e-03,1.938080282219214023e+00,3.450884351544456496e-01,2.482247583639908464e-03,5.753561505188478642e-02,9.299097794664409007e-14,-5.241679016584120842e-13,-7.934931728419805097e-01,3.000000000000260236e-01,3.540728183427538886e-14,-3.677814211449717541e-01,6.419115065503179039e-17,4.310923777395430134e-15,3.342359652329042606e-15,-8.749757502084116734e-01,-3.000000000000986322e-01,-2.246863413135984717e-14,-3.303079907372253876e-01,-5.113542227825758020e-17,-1.866662517276533243e-15,-1.658615751794841078e-15
1.620324230426721523e-01,1.340517581640643559e-02,9.692453882845555313e-01,-6.682777039971206368e-02,4.509101198416215484e-03,9.969116432318609888e-01,-4.099869142468383354e-02,-1.023025962574183323e+00,-1.813268022346319758e-02,4.237980028335164295e-02,2.308258414365590649e+00,3.659532764364686885e-01,-8.616485023768764850e-03,-7.061562452179394045e-01,1.787384984308628133e-01,-4.714175776095019810e-02,1.973831299825685281e+00,3.462077540846564272e-01,1.668972501548827980e-03,8.160972095179951091e-02,1.016953148471675043e-13,-5.335166254905935341e-13,-7.947726915994400843e-01,3.000000000000262457e-01,3.555930445244449001e-14,-3.808663498995700780e-01,6.416374302011282759e-17,4.299841075458927598e-15,3.380167432170195723e-15,-8.784460334664538905e-01,-3.000000000001006306e-01,-2.317766356494192305e-14,-3.451336391844404550e-01,-5.256612979307013371e-17,-1.872501693135855858e-15,-1.714184198196631246e-15
1.626333134995568974e-01,2.868230757906540737e-02,9.657597852941979255e-01,-6.608379081630938456e-02,6.345428909944350084e-03,9.868877183769647621e-01,-1.471234156754241962e-01,-9.972198461069028408e-01,-5.908234937274980947e-02,4.301763508414813142e-02,2.286455174201325491e+00,3.679980327396599193e-01,-8.748009771591912925e-03,-7.061334003504513568e-01,1.969150657222723533e-01,-3.574687375904477687e-02,2.014234133843556318e+00,3.490177926310780721e-01,1.022539536680547919e-03,6.194951052409611303e-02,1.134593438492214384e-13,-5.435765972008063157e-13,-7.982615569563711322e-01,3.000000000000260791e-01,3.545429043038220194e-14,-3.796796102077154011e-01,6.428394550002814841e-17,4.303449959268356116e-15,3.389358137362142866e-15,-8.710259502916519736e-01,-3.000000000001031841e-01,-2.424094585522783915e-14,-3.546135931904074168e-01,-5.419593698442197419e-17,-1.871688700385644205e-15,-1.800904491427917634e-15
1.608153777869059942e-01,4.317535132986981966e-02,9.583352677871822545e-01,-6.493181489440112697e-02,8.396415349045845133e-03,9.655919865324263940e-01,-2.516852700659460429e-01,-9.690616977319831404e-01,-9.211555787251513028e-02,4.338558580826232247e-02,2.270250401942243812e+00,3.731099892331740109e-01,-8.582425739191700334e-03,-7.069611788163487898e-01,1.950996406962644258e-01,-6.256239759788119470e-02,2.033635459175586746e+00,3.538525743967209092e-01,6.651327142221479232e-04,5.163266843760159347e-02,1.241928195121773233e-13,-5.556425558612979192e-13,-7.984140492158059432e-01,3.000000000000260791e-01,3.542524646133024763e-14,-3.696179120564597742e-01,6.408018579312499590e-17,4.275597906199643536e-15,3.407525501113703567e-15,-8.689969417974134913e-01,-3.000000000001056266e-01,-2.519360982552911465e-14,-3.579328522245402433e-01,-5.552656391255339498e-17,-1.892131572080658064e-15,-1.878272146547854410e-15
1.567798728431475941e-01,5.597037509929086996e-02,9.470143739936559557e-01,-6.329154476171455768e-02,1.055765836481712371e-02,9.332797034659016111e-01,-3.533719164140334823e-01,-9.424533299089651317e-01,-1.147078594479729319e-01,4.159145838564826114e-02,2.250748014549512011e+00,3.799692786848223314e-01,-8.255283390998789314e-03,-7.081824192041973332e-01,2.051957327393670871e-01,-6.849384203580580199e-02,2.034556758363726292e+00,3.613878067130615879e-01,1.616591590527918570e-04,3.965470498744309846e-02,1.347693028214113784e-13,-5.692914384605946999e-13,-8.010931672039742768e-01,3.000000000000260236e-01,3.537322732370531556e-14,-3.580059649517607356e-01,6.370204405073955709e-17,4.230157842348452805e-15,3.422987422713337673e-15,-8.664472157379379258e-01,-3.000000000001080136e-01,-2.615875513605463759e-14,-3.567649883898267316e-01,-5.667474018138699248e-17,-1.926671374112058516e-15,-1.956949659843164237e-15
1.507221065966777018e-01,6.676199755858736040e-02,9.317605802086001976e-01,-6.111493783047391992e-02,1.273089850427240599e-02,8.903194121704068875e-01,-4.510368420758913977e-01,-9.167990763897116979e-01,-1.253066671194763282e-01,3.827771684183359918e-02,2.226581984469609754e+00,3.865361767007386984e-01,-7.849123157194186004e-03,-7.117076079089421636e-01,2.147742652272897623e-01,-7.582480965151627839e-02,2.017644112950100155e+00,3.703489524773120878e-01,-2.044491353923372549e-04,2.838874753928778694e-02,1.445367457024606252e-13,-5.843363811585381220e-13,-8.043485744073685106e-01,3.000000000000260236e-01,3.535238068753662193e-14,-3.468368518901904785e-01,6.321280453468027148e-17,4.170979678583842270e-15,3.440562399518917123e-15,-8.681154742651860934e-01,-3.000000000001104006e-01,-2.707901235475915305e-14,-3.527202960450258606e-01,-5.764194048719214460e-17,-1.973700577404270150e-15,-2.032000241186492793e-15
1.430408077175163162e-01,7.506904783980064555e-02,9.125715483818145346e-01,-5.837635236359850488e-02,1.490765630149557333e-02,8.372088317979671235e-01,-5.435543535174753860e-01,-8.926562867755294395e-01,-1.240700063644687157e-01,3.323072772293645533e-02,2.194790013953045626e+00,3.890597652029550990e-01,-7.297030244109771815e-03,-7.184971300369354941e-01,2.256140232467266360e-01,-7.959856473186324721e-02,1.985072074441176282e+00,3.784646646576783624e-01,-1.026469596794664618e-04,1.543680292834568105e-02,1.532545029314297682e-13,-6.004833146108643285e-13,-8.068904165475631052e-01,3.000000000000261346e-01,3.537699986661610423e-14,-3.381203274546538684e-01,6.266341015103236937e-17,4.102892105016924530e-15,3.460961350804291310e-15,-8.763650238229879763e-01,-3.000000000001126210e-01,-2.793767371404615866e-14,-3.466389018866986027e-01,-5.844493104878881718e-17,-2.031272362751129865e-15,-2.102315919912788820e-15
1.342116729326552071e-01,8.054159428876218885e-02,8.894961650014657772e-01,-5.505193988643460046e-02,1.705990989929970919e-02,7.745661465194916273e-01,-6.298615149815980363e-01,-8.702795257847624200e-01,-1.110321385083669066e-01,2.710828512833613965e-02,2.152263551940699404e+00,3.814497937207974032e-01,-6.420108479600595240e-03,-7.293684139044811499e-01,2.363643021887169571e-01,-7.988235156511655499e-02,1.936722349729053327e+00,3.814922100597929466e-01,1.216121254634097140e-03,-6.435455659609696372e-04,1.607695979102176727e-13,-6.173901841525155400e-13,-8.063824587110693942e-01,3.000000000000263567e-01,3.545484876392902673e-14,-3.325933425920380437e-01,6.209067338476232254e-17,4.029941263557334267e-15,3.484493940450875449e-15,-8.942478423462449921e-01,-3.000000000001147304e-01,-2.872544337506947833e-14,-3.382997991408934202e-01,-5.910131500819356424e-17,-2.097912384337316380e-15,-2.167422913114626275e-15
1.247802514518052547e-01,8.292916559361196427e-02,8.626344840280766313e-01,-5.111868028693365706e-02,1.916287214600979200e-02,7.031236095581787637e-01,-7.089688671152745147e-01,-8.498375642413547038e-01,-8.606270286805804692e-02,2.168875267207980712e-02,2.094643198886170232e+00,3.547585285372054642e-01,-4.910739742004600027e-03,-7.443742890186578753e-01,2.461240536605387164e-01,-7.513958123867711669e-02,1.871106289022957281e+00,3.727447937427892377e-01,4.869771281019696398e-03,-2.141486273349365449e-02,1.670459560676282514e-13,-6.347060658624873498e-13,-8.001964390725806453e-01,3.000000000000266898e-01,3.558367047309679196e-14,-3.301736629506439868e-01,6.151155841238975922e-17,3.954991978735155845e-15,3.510803543396321832e-15,-9.249798670531744760e-01,-3.000000000001166733e-01,-2.944364594982590811e-14,-3.266229337344876416e-01,-5.962378378616842657e-17,-2.173026885402196295e-15,-2.227658549461641341e-15
1.153324967353555885e-01,8.209395590454190983e-02,8.321566361944325863e-01,-4.655838845351852051e-02,2.118935505404936914e-02,6.237201589258044576e-01,-7.799721091465862122e-01,-8.308763915797096056e-01,-4.863792825741625886e-02,2.052595864453186578e-02,2.015623897397230024e+00,2.974112458375822166e-01,-2.329924121433867880e-03,-7.625325293105630342e-01,2.548242014415024181e-01,-6.195597437561381482e-02,1.784919543180993218e+00,3.427184384497026781e-01,1.222271577990260635e-02,-4.862188037591849699e-02,1.721528986726872901e-13,-6.521005130520558285e-13,-7.854746056690247169e-01,3.000000000000271339e-01,3.575354183751146455e-14,-3.294117599793014994e-01,6.092575968547505348e-17,3.879777121716614018e-15,3.539178816541635240e-15,-9.718702260342771959e-01,-3.000000000001185052e-01,-3.010335266083822927e-14,-3.097536835013946499e-01,-6.002256230955699092e-17,-2.256497204876120039e-15,-2.283993433403862662e-15
1.064793099683417066e-01,7.801570705028845754e-02,7.983156274149219023e-01,-4.136285130663678450e-02,2.310649672852899822e-02,5.372920381703053527e-01,-8.420644096858143079e-01,-8.115475832924690103e-01,2.703942522959294770e-03,3.030904978770220318e-02,1.906068230694654364e+00,1.969955091248764001e-01,1.847744387174474895e-03,-7.815433973820241631e-01,2.640744740166418580e-01,-3.374217929313919756e-02,1.673161200265528725e+00,2.796481801106097120e-01,2.447978932393134188e-02,-8.434790928218810491e-02,1.762455259909794616e-13,-6.692853673075432435e-13,-7.594247994972308513e-01,3.000000000000276335e-01,3.595195794799066096e-14,-3.266348239775352380e-01,6.033174042332219333e-17,3.805868260607937995e-15,3.569113100059201213e-15,-1.037617408408365360e+00,-3.000000000001202816e-01,-3.072418103145423712e-14,-2.854792682739971665e-01,-6.032079707112088296e-17,-2.347194083898202154e-15,-2.337823676926723658e-15
9.886284343708243161e-02,7.081720882422018470e-02,7.613960544074478420e-01,-3.554201255089471656e-02,2.486986188031068551e-02,4.448535728919131294e-01,-8.945521527553246255e-01,-7.878474992536829147e-01,7.083206049542396798e-02,6.246994951353988801e-02,1.754810817663046141e+00,4.501050384944815796e-02,8.085348768581598553e-03,-7.979144547395985443e-01,2.771449666833056824e-01,2.060935574568179690e-02,1.531581070170830783e+00,1.720508838901513571e-01,4.184680301625453430e-02,-1.307090323722945868e-01,1.795487004945881551e-13,-6.860303476413717852e-13,-7.201192199269595973e-01,3.000000000000281886e-01,3.617318308091923127e-14,-3.151833724586380892e-01,5.977793521489148814e-17,3.738272234270528776e-15,3.601078521817826619e-15,-1.122051292127685729e+00,-3.000000000001219469e-01,-3.133288751908725783e-14,-2.523010775828619101e-01,-6.058447580264815831e-17,-2.440318186595445260e-15,-2.390733225027377723e-15
9.315593780790656919e-02,6.088463660955942269e-02,7.213851220526744656e-01,-2.911851377983028233e-02,2.640436872658823500e-02,3.474569063671096303e-01,-9.368717199730184353e-01,-7.555348482276567079e-01,1.570768275455411422e-01,1.309443440848450102e-01,1.557914774920462264e+00,-1.532358543896414904e-01,1.655021408492053994e-02,-8.094858229272136052e-01,2.943721405751427156e-01,1.134908788462173357e-01,1.368153334316175807e+00,1.496221062076907860e-02,6.221388711678185746e-02,-1.870894391528740985e-01,1.823634176955445186e-13,-7.021782581130013242e-13,-6.681220469779408644e-01,3.000000000000287992e-01,3.642661916139779724e-14,-2.858442765854721790e-01,5.947321038684329630e-17,3.694307094774454020e-15,3.636625639982469228e-15,-1.215885312444472177e+00,-3.000000000001236677e-01,-3.195724138378193638e-14,-2.108723098585089106e-01,-6.094311258511909444e-17,-2.524684146038393267e-15,-2.443953631384743497e-15
8.967617064665969751e-02,4.924011023386258568e-02,6.768505919277183480e-01,-2.197199122892436879e-02,2.738185407953706851e-02,2.462973806504459018e-01,-9.685582408680091238e-01,-7.303460419916805169e-01,2.450347547217855415e-01,2.267179412559146567e-01,1.358789151517713956e+00,-3.610316177652149183e-01,2.719459282722956617e-02,-8.279739341956073861e-01,2.969381916848692349e-01,2.315919545091458809e-01,1.241661161762247501e+00,-1.776453916421081303e-01,7.982422408170319894e-02,-2.380893962365550065e-01,1.849466509221714758e-13,-7.175532355444969257e-13,-6.073659804701115883e-01,3.000000000000293543e-01,3.669117760272701208e-14,-2.286870811423380723e-01,5.988934391350255810e-17,3.714827159055969540e-15,3.672663518697775399e-15,-1.281574259374188340e+00,-3.000000000001253886e-01,-3.256679595651893641e-14,-1.604160813845142419e-01,-6.154443730036494276e-17,-2.578376182706534629e-15,-2.493933077773446521e-15
8.691499311854261611e-02,3.993894726804130685e-02,6.227445043590613682e-01,-1.861525110874846442e-02,2.784323673415230183e-02,1.507722877384566618e-01,-9.880009837264518424e-01,-8.256225966169496999e-01,2.229782644013258430e-01,2.226215392645370661e-01,1.387572663197067735e+00,-4.868337689546259339e-01,4.115207801201633403e-02,-9.216764789416260761e-01,2.252989378223505534e-01,2.412499692827539122e-01,1.345957867714472789e+00,-3.535230255251200493e-01,8.550456805604771116e-02,-1.891034240186987847e-01,1.872169049543055206e-13,-7.303885669374880038e-13,-5.275913469582501625e-01,3.000000000000290767e-01,3.643659767116896811e-14,-1.308157080816122753e-01,6.115103051145013315e-17,3.829843810899321185e-15,3.657549877710465786e-15,-1.182416599709288585e+00,-3.000000000001264433e-01,-3.282051293551026282e-14,-5.782176430618372887e-02,-6.305761209185012874e-17,-2.487369903367376670e-15,-2.516462740277917050e-15
8.788601869490807184e-02,3.240546644470392729e-02,5.728764755019934984e-01,-1.759633931757834460e-02,2.649582491836691145e-02,7.854174510227782124e-02,-9.964032990615820928e-01,-9.907262092635857886e-01,1.088330303316789455e-01,1.540710725109758761e-01,1.577806613857007934e+00,-5.247631284868743418e-01,4.643922389286535973e-02,-1.037426250279337880e+00,1.071531928390051930e-01,1.772250211736022540e-01,1.578697857474453903e+00,-4.814086028724650079e-01,8.272565518410057717e-02,-1.000791834963559029e-01,1.874785520917510947e-13,-7.358530708103516017e-13,-4.793427056431951994e-01,3.000000000000291323e-01,3.644787755499811282e-14,-1.622960879017119884e-02,6.152161149528660297e-17,3.861905895760361356e-15,3.662709339110698989e-15,-1.015773293501611718e+00,-3.000000000001268319e-01,-3.286027557468903732e-14,6.310244818858194715e-02,-6.365276883981910200e-17,-2.451548959437161114e-15,-2.522594940069806433e-15
8.885704499530734657e-02,2.487198596429036554e-02,5.230084474670940731e-01,-1.648433099894753770e-02,2.500823124584037466e-02,5.895666157413432043e-03,-9.995339395548468175e-01,-1.155829835456412491e+00,-5.312221602845168533e-03,8.552059325356436981e-02,1.768040595837737428e+00,-5.626924709721238260e-01,5.172636809169990635e-02,-1.153176025894128598e+00,-1.099256116642743919e-02,1.132000587702279293e-01,1.811437872151956174e+00,-6.092941709095259784e-01,7.994674067108883952e-02,-1.105493520673853092e-02,1.877401988395342682e-13,-7.413175732533015375e-13,-4.310940704440689997e-01,3.000000000000291878e-01,3.645915749040311605e-14,9.835649374386434829e-02,6.189219230625178588e-17,3.893967964528512054e-15,3.667868804443843199e-15,-8.491299742019711161e-01,-3.000000000001272205e-01,-3.290003817236146615e-14,1.840266642392786034e-01,-6.424792540969588500e-17,-2.415728026212705882e-15,-2.528727136680648137e-15
9.429809204395052380e-02,1.934354922517013409e-02,4.927444090100749352e-01,-1.363920542754689692e-02,2.289650410885215107e-02,-3.416797536793173690e-02,-9.990606946698258328e-01,-1.249732994070414493e+00,-7.742992322720526621e-02,6.950295208442459904e-02,1.871896952111989032e+00,-5.772329726856746390e-01,4.419642879295242188e-02,-1.201194605696762174e+00,-8.457672286673519058e-02,9.638621728629651053e-02,1.936670832572331191e+00,-6.904551370281906131e-01,7.860330757593282647e-02,1.276213949386434052e-02,1.884144350615829679e-13,-7.463723262610234229e-13,-4.347149142779440645e-01,3.000000000000292988e-01,3.647663216034128653e-14,1.997759031757189996e-01,6.239060546793546765e-17,3.935323047859923370e-15,3.673076090365230800e-15,-7.761993431793828835e-01,-3.000000000001276645e-01,-3.299142669366897348e-14,2.641375978036337169e-01,-6.490470428309024294e-17,-2.374698757572850061e-15,-2.539797715169329772e-15
9.973914004477067718e-02,1.381511291315228214e-02,4.624803747289799594e-01,-1.077201299818809216e-02,2.074773322377560653e-02,-7.417633049535346523e-02,-9.969710965199973796e-01,-1.343636137517720375e+00,-1.495476158991089766e-01,5.348532210551459887e-02,1.975753289986597494e+00,-5.917734694170750931e-01,3.666648676398675394e-02,-1.249213171071702932e+00,-1.581608750748001169e-01,7.957238585899459316e-02,2.061903770092199384e+00,-7.716160931938609302e-01,7.725987478655443885e-02,3.657920030442657344e-02,1.890886713715189767e-13,-7.514270791814630115e-13,-4.383357691607441264e-01,3.000000000000294098e-01,3.649410683159901935e-14,3.011953098028837261e-01,6.288901865684923504e-17,3.976678133170876210e-15,3.678283376296804961e-15,-7.032687321189088347e-01,-3.000000000001281086e-01,-3.308281522597352368e-14,3.442485226741883730e-01,-6.556148316961102447e-17,-2.333669487823545786e-15,-2.550868294709955847e-15
1.035835903498007748e-01,1.121351627621072940e-02,4.450093464665100806e-01,-8.865231484364712727e-03,1.844667619918612111e-02,-8.644625356589316634e-02,-9.960462705378462234e-01,-1.397363527280457429e+00,-1.719713973505189730e-01,5.172225666831414131e-02,2.035088483112549085e+00,-6.026636401428694390e-01,2.943730457101746342e-02,-1.279508665152488511e+00,-1.801775833591118814e-01,7.677898877846781045e-02,2.127833572531343531e+00,-8.116432281042296193e-01,7.562690487636776482e-02,4.192946306407790286e-02,1.892714869367597111e-13,-7.560413453927217738e-13,-4.556447849483696855e-01,3.000000000000295763e-01,3.654544021882865835e-14,3.906440576030272283e-01,6.325404492970903343e-17,4.005355862189405368e-15,3.686658224735282104e-15,-6.673087473639185419e-01,-3.000000000001284417e-01,-3.313916960125171649e-14,4.169157501007449418e-01,-6.619933896520938182e-17,-2.292534473296658582e-15,-2.558910232510439745e-15
1.074280402843697385e-01,8.611920318388543300e-03,4.275383211724221866e-01,-6.957028772617952772e-03,1.614266146198120588e-02,-9.870230969440606239e-02,-9.949617421250781524e-01,-1.451090907721149348e+00,-1.943951672713699896e-01,4.995919453862347065e-02,2.094423665908187182e+00,-6.135538100216727520e-01,2.220812244783396810e-02,-1.309804155120960933e+00,-2.021942796781458218e-01,7.398559495112519424e-02,2.193763361210285368e+00,-8.516703534702509959e-01,7.399393489899931675e-02,4.727972153884806711e-02,1.894543023879752591e-13,-7.606556115017736473e-13,-4.729538039120814719e-01,3.000000000000297429e-01,3.659677361391458834e-14,4.800928026255992798e-01,6.361907117161884796e-17,4.034033588266387385e-15,3.695033073908733852e-15,-6.313487711872827202e-01,-3.000000000001288303e-01,-3.319552396840088699e-14,4.895829758001283283e-01,-6.683719475641700100e-17,-2.251399458745235437e-15,-2.566952169608182683e-15
1.096061673639580486e-01,8.162947189252990274e-03,4.175380681260057458e-01,-6.476292770560320225e-03,1.356326220913138710e-02,-9.316593636239271781e-02,-9.955371433813582360e-01,-1.478705386004404598e+00,-1.824009986613987500e-01,5.063144183016630301e-02,2.131281703933705529e+00,-6.280401211789928828e-01,2.032719205291952727e-02,-1.338548972968720330e+00,-1.891876183811760648e-01,7.641873147678095168e-02,2.227487721453169200e+00,-8.621701585265262313e-01,7.198668155357650089e-02,4.419459640559231933e-02,1.901399326222394191e-13,-7.653627800873002819e-13,-4.903941213922756170e-01,3.000000000000299094e-01,3.662829278294688036e-14,5.484454570945755947e-01,6.417777834085015002e-17,4.078601178492816786e-15,3.703182733172523108e-15,-6.109036787651307421e-01,-3.000000000001292744e-01,-3.330520345194812936e-14,5.548787107955253095e-01,-6.767557098571615815e-17,-2.195224478388358930e-15,-2.578264739703957606e-15
1.117842940252172651e-01,7.713974600531795477e-03,4.075378169551211460e-01,-5.995311889443365877e-03,1.098334928786427050e-02,-8.762603065389311385e-02,-9.960748471001624749e-01,-1.506319857732035139e+00,-1.704068214108296342e-01,5.130368973309176045e-02,2.168139736316353261e+00,-6.425264332391216193e-01,1.844626300067970029e-02,-1.367293790427184685e+00,-1.761809482916184277e-01,7.885186931455326342e-02,2.261212073610904483e+00,-8.726699561699895469e-01,6.997942811419012588e-02,4.110946915463979667e-02,1.908255629827348545e-13,-7.700699486961500373e-13,-5.078344389054321173e-01,3.000000000000301315e-01,3.665981194700482377e-14,6.167981062673939530e-01,6.473648555870491543e-17,4.123168772708384833e-15,3.711332392379778647e-15,-5.904585902379788642e-01,-3.000000000001297185e-01,-3.341488294888260003e-14,6.201744439403149567e-01,-6.851394726535583302e-17,-2.139049494255710536e-15,-2.589577310620822347e-15
1.141676676010627833e-01,8.027201416741231235e-03,4.023583006280072594e-01,-5.749645778437405090e-03,9.232116437628810207e-03,-7.444225714340151068e-02,-9.971660142377999358e-01,-1.512452597130713672e+00,-1.439944198870296010e-01,4.833014936206992546e-02,2.193632406386682110e+00,-6.647985418301367577e-01,1.860503180161856424e-02,-1.386645004843611195e+00,-1.484845043653393870e-01,7.832288948278699758e-02,2.277066111552662253e+00,-8.726699673666250545e-01,6.732892741946155946e-02,3.701693108623355793e-02,1.910888090157862076e-13,-7.747032340422643468e-13,-5.035113304049066985e-01,3.000000000000302980e-01,3.668883600314440660e-14,6.545968003744712105e-01,6.510016356230433578e-17,4.151683534283501899e-15,3.718889016846740881e-15,-5.673937296826510046e-01,-3.000000000001300515e-01,-3.351498085138334489e-14,6.565566286051549572e-01,-6.932380505027589579e-17,-2.084633466676819584e-15,-2.599282183425514793e-15
1.165510412323387118e-01,8.340428438795488217e-03,3.971787856028142216e-01,-5.502955548179446627e-03,7.479239296891892520e-03,-6.124522119021268834e-02,-9.980795566191789092e-01,-1.518585330727887373e+00,-1.175820144693446312e-01,4.535660800644140261e-02,2.219125073387602676e+00,-6.870706525238378104e-01,1.876380115341227603e-02,-1.405996216723136572e+00,-1.207880564718388228e-01,7.779390885105083586e-02,2.292920144668239679e+00,-8.726699757276159541e-01,6.467842655101321836e-02,3.292439274575902075e-02,1.913520549347655474e-13,-7.793365193684252464e-13,-4.991882160268006352e-01,3.000000000000305200e-01,3.671786005861014445e-14,6.923954862299368518e-01,6.546384151323283236e-17,4.180198291523280031e-15,3.726445641153543052e-15,-5.443288684198095417e-01,-3.000000000001304401e-01,-3.361507875129642403e-14,6.929388054614029624e-01,-7.013366282749405069e-17,-2.030217439572964497e-15,-2.608987055796021353e-15
1.194765844119144299e-01,8.624999562123879943e-03,3.953311037114798365e-01,-5.100845267413798255e-03,6.782931007128184184e-03,-4.741199015614947637e-02,-9.988393646697869555e-01,-1.509950138939651687e+00,-9.062137908587174218e-02,3.972609211606097784e-02,2.235773109535716063e+00,-7.132496996620386609e-01,1.808963424786222754e-02,-1.412950408466418839e+00,-9.276279909406416613e-02,7.391733555705293224e-02,2.298419121865107329e+00,-8.724006927303102898e-01,6.167576404631219811e-02,2.897250507651436685e-02,1.924307285640944295e-13,-7.841961741952168212e-13,-4.754473951887819294e-01,3.000000000000305755e-01,3.672420134772458082e-14,6.976739754137687433e-01,6.610377320210109831e-17,4.231887406669612960e-15,3.732493415952462186e-15,-5.146580313502407966e-01,-3.000000000001309397e-01,-3.376174464700862621e-14,6.950606131602681259e-01,-7.080539128954218520e-17,-1.986338453528352894e-15,-2.623165062312195180e-15
1.224021277482229553e-01,8.909570677168295733e-03,3.934834227833268194e-01,-4.697752610357069925e-03,6.085316751899347808e-03,-3.356962823930883383e-02,-9.994068141154109908e-01,-1.501314942882237213e+00,-6.366074354391407231e-02,3.409557545759035052e-02,2.252421143126983161e+00,-7.394287479296742793e-01,1.741546710152320349e-02,-1.419904596625914506e+00,-6.473754162123576683e-02,7.004076129531781880e-02,2.303918096068488186e+00,-8.721314096551565642e-01,5.867310143980669634e-02,2.502061744792965017e-02,1.935094024291508535e-13,-7.890558290874482577e-13,-4.517065687374049454e-01,3.000000000000306866e-01,3.673054263028177815e-14,7.029524551965153911e-01,6.674370497083004312e-17,4.283576528515293483e-15,3.738541190315196460e-15,-4.849871923709868637e-01,-3.000000000001314393e-01,-3.390841055618291645e-14,6.971824109549910053e-01,-7.147711971165926537e-17,-1.942459470529836563e-15,-2.637343070121483214e-15
1.255343313039051500e-01,9.173956246961365024e-03,3.950608184347978447e-01,-4.625926842840576668e-03,5.759967632088581514e-03,-2.142828954035387937e-02,-9.997430929899424612e-01,-1.481634923274490534e+00,-4.018252409373476719e-02,2.982508681058958916e-02,2.257274982386437756e+00,-7.644032694082947277e-01,1.630268548219776861e-02,-1.415658346780691135e+00,-4.084658595574684747e-02,6.668092354986702996e-02,2.299416341899302552e+00,-8.724006575634321026e-01,5.625969943098533405e-02,2.183434739069130617e-02,1.896928353332528362e-13,-7.925379142926550598e-13,-4.161961521032330746e-01,3.000000000000317968e-01,3.703456116207604230e-14,6.871254165420030979e-01,6.711098988796378183e-17,4.304680891509965961e-15,3.774035120843281440e-15,-4.488089085330622674e-01,-3.000000000001307732e-01,-3.373549957468843790e-14,6.786708019257569058e-01,-7.260638222336486694e-17,-1.854295895037500600e-15,-2.617721105074599483e-15
1.286665349232598288e-01,9.438341810535223406e-03,3.966382151415423496e-01,-4.553418223437358074e-03,5.433768247638423934e-03,-9.283787776330420030e-03,-9.999317735873970436e-01,-1.461954900263810142e+00,-1.670430571649535179e-02,2.555459858261638351e-02,2.262128818012075993e+00,-7.893777905157979280e-01,1.518990372773427674e-02,-1.411412093484588848e+00,-1.695563156404521210e-02,6.332108596362387432e-02,2.294914584648870992e+00,-8.726699056376301389e-01,5.384629760371642537e-02,1.864807756934138555e-02,1.858762667291205470e-13,-7.960199990734297542e-13,-3.806857318428251702e-01,3.000000000000329070e-01,3.733857978558530109e-14,6.712983713848352796e-01,6.747827472109444678e-17,4.325785245081407781e-15,3.809529060443790633e-15,-4.126306226901799157e-01,-3.000000000001301070e-01,-3.356258849473162914e-14,6.601591865393257041e-01,-7.373564487603769359e-17,-1.766132305900986187e-15,-2.598099129613871433e-15
1.317606024377630525e-01,9.458122352282303386e-03,4.011677154181266802e-01,-4.370211520345785271e-03,5.062458493302036087e-03,5.342587088923385135e-04,-9.999774934131783199e-01,-1.435980094661558404e+00,2.204361534780766713e-03,2.215158109966915839e-02,2.255777801391188220e+00,-8.096653504527520084e-01,1.297970389951852085e-02,-1.398506702603543816e+00,1.831384127924603339e-03,5.997586360858533222e-02,2.281327029000772555e+00,-8.726698700599104797e-01,5.099416005754663084e-02,1.671966854311232251e-02,1.913544710131212399e-13,-8.000754587277228543e-13,-3.426768228828684926e-01,3.000000000000318523e-01,3.702520200070769052e-14,6.455261531461315982e-01,6.746961452476655950e-17,4.333384865098164404e-15,3.779179838841588563e-15,-3.740253929383892117e-01,-3.000000000001316613e-01,-3.408906613729673527e-14,6.330096754939671388e-01,-7.369801347059391769e-17,-1.789463062204220482e-15,-2.647095768312809474e-15
1.348546699397911997e-01,9.477902814014243019e-03,4.056972166604024821e-01,-4.186582760614333126e-03,4.690659855224376361e-03,1.035225284061526245e-02,-9.999266478577492068e-01,-1.410005287000158702e+00,2.111302729126631958e-02,1.874856390048877663e-02,2.249426781104971518e+00,-8.299529088565084090e-01,1.076950371231560379e-02,-1.385601308889923500e+00,2.061839815029509887e-02,5.663064125832772966e-02,2.267739470380529809e+00,-8.726698343941027280e-01,4.814202236785769529e-02,1.479125992835440828e-02,1.968326783376260459e-13,-8.041309185695783505e-13,-3.046679131056067025e-01,3.000000000000307976e-01,3.671182401386749502e-14,6.197539316541650356e-01,6.746095420545962048e-17,4.340984480697254993e-15,3.748830595700785877e-15,-3.354201623926971187e-01,-3.000000000001332157e-01,-3.461554400864572234e-14,6.058601616229821740e-01,-7.366038168343600372e-17,-1.812793854979461331e-15,-2.696092429458253669e-15
1.380285085591742567e-01,9.416128513200472741e-03,4.129456524728475908e-01,-4.262403672186807629e-03,4.518079207828758041e-03,1.761490924398756083e-02,-9.998255517076631849e-01,-1.378520438791338343e+00,3.508767249096623325e-02,1.810420016064214627e-02,2.232117457915271608e+00,-8.443837584663179685e-01,8.678222129789806699e-03,-1.364105110566113943e+00,3.399171834723389157e-02,5.538861084411254160e-02,2.245961261774668039e+00,-8.726697814759982741e-01,4.561733826861500557e-02,1.307100519756885376e-02,1.991288682868264501e-13,-8.071337951583961456e-13,-2.630321361051455309e-01,3.000000000000304645e-01,3.660891637401422831e-14,5.908816817116203657e-01,6.745085664245183924e-17,4.342630560377762631e-15,3.740056032483334327e-15,-2.938036277547109720e-01,-3.000000000001339928e-01,-3.490281925807167878e-14,5.762654346686412188e-01,-7.375905272062320685e-17,-1.818249174390489050e-15,-2.721457895759590847e-15
1.412023472061690876e-01,9.354354184157549074e-03,4.201940892264177108e-01,-4.337999653206727792e-03,4.345260111443426630e-03,2.487663483824372607e-02,-9.996716728569923216e-01,-1.347035588675286943e+00,4.906231598281701745e-02,1.745983737566869642e-02,2.214808130932492958e+00,-8.588146060489013633e-01,6.586940588426190048e-03,-1.342608909268705242e+00,4.736503667029068332e-02,5.414658115789077603e-02,2.224183050333716327e+00,-8.726697285578878249e-01,4.309265428271624732e-02,1.135075053883314623e-02,2.014250571346115844e-13,-8.101366713828755150e-13,-2.213963578492898487e-01,3.000000000000301315e-01,3.650600880701261961e-14,5.620094306960398134e-01,6.744075907894658259e-17,4.344276637997528138e-15,3.731281476733686602e-15,-2.521870920743998212e-01,-3.000000000001347700e-01,-3.519009442470065001e-14,5.466707068679205195e-01,-7.385772380498991276e-17,-1.823704487614146608e-15,-2.746823353881287675e-15
1.443530663228001498e-01,9.104239874581617278e-03,4.297410440527307252e-01,-4.347072912367189179e-03,4.142202135481705058e-03,2.951868957773870136e-02,-9.995461930717242094e-01,-1.313177531011627153e+00,5.787076974816569158e-02,1.803544742414527405e-02,2.187611190075559264e+00,-8.657421671034436494e-01,4.442234880731955882e-03,-1.314868407511119219e+00,5.532158347557562805e-02,5.369460668737776471e-02,2.194603281285233187e+00,-8.711413811843118360e-01,4.036027696714513530e-02,1.045480093356542656e-02,2.037626549949306561e-13,-8.130931631972129181e-13,-1.800280944851384290e-01,3.000000000000297984e-01,3.641236432966000875e-14,5.346936928169853109e-01,6.760490015594276015e-17,4.359345890312377162e-15,3.724148922189349116e-15,-2.099233141581842987e-01,-3.000000000001354361e-01,-3.545531390323228098e-14,5.190663612044403852e-01,-7.404827696354039695e-17,-1.819789744795796630e-15,-2.769976806191572703e-15
1.475037854309890206e-01,8.854125496232391132e-03,4.392879997183592455e-01,-4.356052225640436038e-03,3.939054653263947270e-03,3.416010558832716787e-02,-9.993991173918659321e-01,-1.279319472481378783e+00,6.667922162705408606e-02,1.861105791810109544e-02,2.160414245608113681e+00,-8.726697254181229324e-01,2.297529153529617382e-03,-1.287127903473395341e+00,6.327812830289908375e-02,5.324263250535739983e-02,2.165023509387972389e+00,-8.696130332526713635e-01,3.762789957573375171e-02,9.558851629296861302e-03,2.061002528703704370e-13,-8.160496549946128086e-13,-1.386598312186713977e-01,3.000000000000294653e-01,3.631871985568986305e-14,5.073779555062996049e-01,6.776904129656305956e-17,4.374415147528766877e-15,3.717016368244597193e-15,-1.676595360056249984e-01,-3.000000000001361578e-01,-3.572053337371015960e-14,4.914620162677584281e-01,-7.423883015564207221e-17,-1.815874998555923798e-15,-2.793130257694133189e-15
1.506515303378734849e-01,8.514122434330063938e-03,4.505887879517581074e-01,-4.415519487651006075e-03,3.839739259528291218e-03,3.679115340823790881e-02,-9.993058443844730077e-01,-1.243951669593116982e+00,7.140755441977598983e-02,2.029390080014406919e-02,2.125019799105965390e+00,-8.726697079212907271e-01,5.396567869940976144e-04,-1.254976383951059038e+00,6.708953074306861497e-02,5.370567358998730445e-02,2.128790858490923643e+00,-8.656103061949933508e-01,3.507212375776475738e-02,8.834628702530090277e-03,2.071323959520722644e-13,-8.188870737549685609e-13,-9.808621314997023610e-02,3.000000000000294653e-01,3.631974273936464737e-14,4.833828728150287857e-01,6.791480020279311551e-17,4.384526269785913558e-15,3.717976586396681727e-15,-1.263153554601550987e-01,-3.000000000001365463e-01,-3.588229366934470239e-14,4.674588261977548620e-01,-7.444417395972418936e-17,-1.806745868485837085e-15,-2.807565061639832069e-15
1.537992752436153632e-01,8.174119337894962534e-03,4.618895768589314499e-01,-4.474956105469775694e-03,3.740397240602714307e-03,3.942194495953146860e-02,-9.992056317154864864e-01,-1.208583866124852468e+00,7.613588564502757339e-02,2.197674410755548480e-02,2.089625349454561132e+00,-8.726696877630730764e-01,-1.218215430930610996e-03,-1.222824862734130935e+00,7.090093159078765528e-02,5.416871502614108158e-02,2.092558205038020702e+00,-8.616075781867265082e-01,3.251634800764126310e-02,8.110405841735904287e-03,2.081645385322540170e-13,-8.217244924695797713e-13,-5.751259538655005554e-02,3.000000000000294653e-01,3.632076565940804619e-14,4.593877913994628415e-01,6.806055910196120235e-17,4.394637390138280642e-15,3.718936807657788572e-15,-8.497117526796947595e-02,-3.000000000001369904e-01,-3.604405392523305645e-14,4.434556375112166937e-01,-7.464951776948844696e-17,-1.797616736412526455e-15,-2.821999862236064623e-15
1.569268944245485464e-01,7.783230915906096115e-03,4.747318015941284219e-01,-4.488352441724143514e-03,3.669295832821231618e-03,4.061571721599455814e-02,-9.991580227749164989e-01,-1.172133568570350448e+00,7.788560576583077044e-02,2.401409616460982444e-02,2.046607875252521858e+00,-8.660847505342738062e-01,-2.600959488847624616e-03,-1.187537041006359928e+00,7.176526411263139948e-02,5.491398548995308354e-02,2.049497998093653184e+00,-8.538673472593458769e-01,3.016955003358911397e-02,7.694490484394465521e-03,2.095102558496481978e-13,-8.244563522848295801e-13,-1.854808492752812316e-02,3.000000000000294098e-01,3.630381063763783729e-14,4.406487551996419172e-01,6.831722870172680304e-17,4.414958647328108100e-15,3.718468502085163025e-15,-4.469831773432850902e-02,-3.000000000001374345e-01,-3.622523042074340780e-14,4.251003845668260839e-01,-7.496473697206891469e-17,-1.780093868046682770e-15,-2.838142509736755091e-15
1.600545135973672484e-01,7.392342473400759228e-03,4.875740269508173630e-01,-4.501742329443915273e-03,3.598189179827504785e-03,4.180943070736727052e-02,-9.991089824711574252e-01,-1.135683270579397108e+00,7.963532468568680633e-02,2.605144836459865818e-02,2.003590397976953152e+00,-8.594998106504997404e-01,-3.983703395516594199e-03,-1.152249218014062881e+00,7.262959544624573993e-02,5.565925606755710298e-02,2.006437788396482347e+00,-8.461271148250402163e-01,2.782275214379478084e-02,7.278575251359628226e-03,2.108559732934726741e-13,-8.271882120575189673e-13,2.041642488271731837e-02,3.000000000000292988e-01,3.628685560861910109e-14,4.219097211190075414e-01,6.857389834621051256e-17,4.435279908634562805e-15,3.718000195936569620e-15,-4.425460632634464764e-03,-3.000000000001378786e-01,-3.640640692408219389e-14,4.067451338996284638e-01,-7.527995621895007289e-17,-1.762570996296566046e-15,-2.854285157926032778e-15
1.630401418828387183e-01,7.003270616578694159e-03,5.015136702340283748e-01,-4.467460404223601127e-03,3.557456719259465428e-03,4.218931705160500201e-02,-9.990933128721993794e-01,-1.098722961549774224e+00,7.963619589018354483e-02,2.816845653008855782e-02,1.954131935068255554e+00,-8.469536099334266099e-01,-5.007038427308018944e-03,-1.115369080281053416e+00,7.184448265790832622e-02,5.649408566707612989e-02,1.957244778062582791e+00,-8.338119132996507643e-01,2.579132530741955545e-02,6.939214190700202997e-03,2.113219263879920060e-13,-8.298577575991805287e-13,5.538861145292588162e-02,3.000000000000294098e-01,3.633805738660700584e-14,4.087680348266632402e-01,6.881422067739358472e-17,4.451529601677984504e-15,3.722916268469486030e-15,3.177688097173424903e-02,-3.000000000001381562e-01,-3.651457780385897168e-14,3.940448348107229437e-01,-7.555911205777266352e-17,-1.745256806624961826e-15,-2.864600647039091772e-15
1.660257701083605042e-01,6.614198760523604982e-03,5.154533139805780317e-01,-4.433177800403666040e-03,3.516723747171596540e-03,4.256919683382988373e-02,-9.990774960280103256e-01,-1.061762652304820698e+00,7.963706635630285469e-02,3.028546472920983987e-02,1.904673469440122613e+00,-8.344074066994616734e-01,-6.030373307354156345e-03,-1.078488941875755946e+00,7.105936917316248158e-02,5.732891530440768074e-02,1.908051765139366029e+00,-8.214967098426728676e-01,2.375989860419649990e-02,6.599853162362559304e-03,2.117878791110678377e-13,-8.325273031145323545e-13,9.036079633754380558e-02,3.000000000000295208e-01,3.638925919337126268e-14,3.956263508975637055e-01,6.905454300167469094e-17,4.467779293002356806e-15,3.727832343275730754e-15,6.797922085749893983e-02,-3.000000000001384337e-01,-3.662274865281219604e-14,3.813445381093829578e-01,-7.583826788136899376e-17,-1.727942617041464888e-15,-2.874916133691877802e-15
1.688989624325947236e-01,6.272629988270857562e-03,5.303133845411927005e-01,-4.403019527711183982e-03,3.492725187578612275e-03,4.247568449389744344e-02,-9.990816936149804484e-01,-1.023876063264465452e+00,7.848382000793460711e-02,3.253041999778730209e-02,1.848902885425062426e+00,-8.164752272597048943e-01,-6.677524834952171424e-03,-1.040183648653897341e+00,6.922758736831595427e-02,5.832326218567418508e-02,1.852715653866157330e+00,-8.044614855094956996e-01,2.212629979089252366e-02,6.340676500385530705e-03,2.132394730162388932e-13,-8.349681779730840032e-13,1.213372341671346832e-01,3.000000000000294098e-01,3.635739302557409270e-14,3.883369849915658811e-01,6.928046424122132302e-17,4.485900164334973446e-15,3.725775369157547448e-15,1.003911208951934614e-01,-3.000000000001389333e-01,-3.682238891481231833e-14,3.747674867558633549e-01,-7.618366448632309524e-17,-1.708739121995200012e-15,-2.892990218802013010e-15
1.717721547072193489e-01,5.931061236977686231e-03,5.451734555079231770e-01,-4.372861211717930970e-03,3.468726599577112886e-03,4.238217150981701820e-02,-9.990858809725583489e-01,-9.859894738154117988e-01,7.733057315034047585e-02,3.477537532281828325e-02,1.793132298624934062e+00,-7.985430454435173964e-01,-7.324676196568458142e-03,-1.001878354803223958e+00,6.739580510165257832e-02,5.931760913732378460e-02,1.797379539882456356e+00,-7.874262590937245454e-01,2.049270115312039689e-02,6.081499873787897699e-03,2.146910673563000800e-13,-8.374090527307402159e-13,1.523136702336996551e-01,3.000000000000292988e-01,3.632552682112520812e-14,3.810476216677606276e-01,6.950638547441382842e-17,4.504021036493201655e-15,3.723718391962677239e-15,1.328030192604488513e-01,-3.000000000001394884e-01,-3.702202921717109465e-14,3.681904381040764229e-01,-7.652906112050432070e-17,-1.689535626115324913e-15,-2.911064307335440488e-15
1.744706724815801024e-01,5.628429251615823560e-03,5.604563747250075334e-01,-4.266640387694115022e-03,3.474406224614030262e-03,4.213687788158855529e-02,-9.990966959226621480e-01,-9.475549674057197613e-01,7.575827266001548821e-02,3.686867556804843821e-02,1.732349100502259542e+00,-7.761153700930855104e-01,-7.781821279727920912e-03,-9.628682383904629827e-01,6.524998394636373489e-02,6.022575501474931176e-02,1.736911309360483990e+00,-7.659298905301515914e-01,1.913384417251514855e-02,5.836376532589034397e-03,2.155637500617089775e-13,-8.398229762697069435e-13,1.785414076051783649e-01,3.000000000000292988e-01,3.634471249485491666e-14,3.784284028257802746e-01,6.974616975779195509e-17,4.520860678081008026e-15,3.725748597165676905e-15,1.603562494463968702e-01,-3.000000000001398770e-01,-3.716484550659239506e-14,3.662473392430871666e-01,-7.679704942207471917e-17,-1.674192790963564591e-15,-2.924494989173965412e-15
1.771691901755481080e-01,5.325797284174344816e-03,5.757392941367049932e-01,-4.160419223167020723e-03,3.480085614538937049e-03,4.189158116645847613e-02,-9.991074393394221431e-01,-9.091204607438525542e-01,7.418597197682388900e-02,3.896197574348037040e-02,1.671565900072564448e+00,-7.536876926736331139e-01,-8.238966275438274964e-03,-9.238581216533121587e-01,6.310416264654060414e-02,6.113390085250137301e-02,1.676443076476489713e+00,-7.444335199133681469e-01,1.777498731835789811e-02,5.591253197858100585e-03,2.164364325006777187e-13,-8.422368997962695970e-13,2.047691427911005335e-01,3.000000000000292988e-01,3.636389819208090406e-14,3.758091861332023553e-01,6.998595404755046272e-17,4.537700319079136137e-15,3.727778804249774563e-15,1.879094773961755838e-01,-3.000000000001402656e-01,-3.730766176986082339e-14,3.643042425148420582e-01,-7.706503768801845818e-17,-1.658849957588647193e-15,-2.937925668875393569e-15
1.798160934989213033e-01,5.073507911213810673e-03,5.911338632962264139e-01,-4.056502136659130217e-03,3.558345614771011526e-03,4.157840863226700684e-02,-9.991206728431303308e-01,-8.696656327286529375e-01,7.226052866180894541e-02,4.108270677871965482e-02,1.606236489749540697e+00,-7.276111018749082948e-01,-8.504285151242156268e-03,-8.838588446039146174e-01,6.069359697047839453e-02,6.213454000305774355e-02,1.611435234534353222e+00,-7.192632855540770365e-01,1.670687593567429796e-02,5.411108364876886928e-03,2.174879035845072530e-13,-8.445425900468863125e-13,2.277695111805384531e-01,3.000000000000292988e-01,3.637155611248245654e-14,3.768501712715587315e-01,7.026328051258874619e-17,4.558247619615254293e-15,3.728989839327675056e-15,2.121791181967664919e-01,-3.000000000001406542e-01,-3.746570744880358043e-14,3.660888874834668516e-01,-7.737567409230406674e-17,-1.640638764190010044e-15,-2.952593057537674383e-15
1.824629967975577305e-01,4.821218562380514064e-03,6.065284325092571427e-01,-3.952584584045707936e-03,3.636605239953784926e-03,4.126523127673001334e-02,-9.991337912737777716e-01,-8.302108042244532582e-01,7.033508517754653855e-02,4.320343782710547170e-02,1.540907077247696266e+00,-7.015345093274018007e-01,-8.769603935111277421e-03,-8.438595670804511784e-01,5.828303116753455471e-02,6.313517919794255084e-02,1.546427390416559522e+00,-6.940930494340464829e-01,1.563876469233363431e-02,5.230963563037328498e-03,2.185393747540232122e-13,-8.468482802456309679e-13,2.507698780232256452e-01,3.000000000000292988e-01,3.637921402735919957e-14,3.778911581641067330e-01,7.054060699561951711e-17,4.578794921928308459e-15,3.730200874012979197e-15,2.364487574236624479e-01,-3.000000000001410982e-01,-3.762375313504520673e-14,3.678735342386524887e-01,-7.768631051702924625e-17,-1.622427569416680217e-15,-2.967260446792661104e-15
1.849991886459610435e-01,4.597281092152154768e-03,6.215950156647006564e-01,-3.767159475755545162e-03,3.757592905676814931e-03,4.097334886201544485e-02,-9.991460722477324419e-01,-7.902049863780478134e-01,6.838010245803885501e-02,4.512116845978300650e-02,1.472071467525274846e+00,-6.724352776677635646e-01,-8.977365314842767480e-03,-8.033316134730873470e-01,5.591431442698843735e-02,6.400907475229440646e-02,1.477723942982779537e+00,-6.656855959798434474e-01,1.473641339345368138e-02,4.956533672844448506e-03,2.192884521475744372e-13,-8.491589984985097865e-13,2.701419479244419608e-01,3.000000000000292988e-01,3.641177917942236246e-14,3.812690506137015878e-01,7.080522857636650780e-17,4.596884317020798825e-15,3.733363760523763112e-15,2.569423001175105137e-01,-3.000000000001414313e-01,-3.775412717566518578e-14,3.719456914769446176e-01,-7.794560478028858516e-17,-1.607222333060828716e-15,-2.979687390197140072e-15
1.875353804391992341e-01,4.373343636050929829e-03,6.366615986567156771e-01,-3.581733820671499213e-03,3.878580087795306577e-03,4.068146095246197302e-02,-9.991582189694051541e-01,-7.501991682570962050e-01,6.642511972381238972e-02,4.703889899130977992e-02,1.403235856055790487e+00,-6.433360445020089857e-01,-9.185126665894639830e-03,-7.628036596022955695e-01,5.354559770729480639e-02,6.488297024349261310e-02,1.409020493707559663e+00,-6.372781409126044849e-01,1.383406217716835578e-02,4.682103735671330237e-03,2.200375293904493670e-13,-8.514697167538939769e-13,2.895140160177556710e-01,3.000000000000293543e-01,3.644434434389627008e-14,3.846469442277263284e-01,7.106985015078290206e-17,4.614973710888566859e-15,3.736526648007113127e-15,2.774358409298106065e-01,-3.000000000001418199e-01,-3.788450120249698692e-14,3.760178498550541537e-01,-7.820489901796521421e-17,-1.592017098202781895e-15,-2.992114332485252669e-15
1.900902411721317464e-01,4.179961010101686247e-03,6.510760633669180342e-01,-3.402132316924334418e-03,4.080610784654297406e-03,4.039088425489612694e-02,-9.991698306996813495e-01,-7.093479449952541094e-01,6.428922054977537215e-02,4.890720843601682050e-02,1.331405495921766491e+00,-6.119424326840895434e-01,-9.310679443446004400e-03,-7.215188738869979801e-01,5.105434424291313555e-02,6.577306979710775825e-02,1.337330705856563773e+00,-6.064952252806755650e-01,1.311506532162558074e-02,4.490000114562879216e-03,2.208951276294665969e-13,-8.536524220316355016e-13,3.067832092796788368e-01,3.000000000000293543e-01,3.646784590491437732e-14,3.896541693082480329e-01,7.135544093974460247e-17,4.635426972989068341e-15,3.739039452708778952e-15,2.956981672909220205e-01,-3.000000000001421530e-01,-3.802580747271762165e-14,3.816987652732323766e-01,-7.850467731957185904e-17,-1.574032087429136506e-15,-3.005447605035193840e-15
1.926451019147216726e-01,3.986578399958340055e-03,6.654905277397821228e-01,-3.222530279868694985e-03,4.282640880158306365e-03,4.010030119068086485e-02,-9.991812849178589584e-01,-6.684967212960870597e-01,6.215332128215094593e-02,5.077551785515851956e-02,1.259575134238570371e+00,-5.805488196792966127e-01,-9.436232178471186741e-03,-6.802340877801941188e-01,4.856309071514367665e-02,6.666316935910519825e-02,1.265640916460746501e+00,-5.757123084199299301e-01,1.239606856093132189e-02,4.297896536041519167e-03,2.217527259246213145e-13,-8.558351272431564322e-13,3.240524014537928266e-01,3.000000000000294098e-01,3.649134746124391185e-14,3.946613952316167517e-01,7.164103173955359640e-17,4.655880236312391001e-15,3.741552257074159684e-15,3.139604924978346423e-01,-3.000000000001425415e-01,-3.816711374859346138e-14,3.873796815236145719e-01,-7.880445564212075177e-17,-1.556047075217523509e-15,-3.018780878053976346e-15
1.951523851918308405e-01,3.801294877881688985e-03,6.789387244635847196e-01,-2.967783777101013192e-03,4.520783251021923306e-03,3.982921760656499971e-02,-9.991918675625310886e-01,-6.271843639106892132e-01,6.005386948591639323e-02,5.239724230628165641e-02,1.185370274270530322e+00,-5.471832026316337805e-01,-9.573479761435287408e-03,-6.384744972120612871e-01,4.614982106803701412e-02,6.737124775169872626e-02,1.191373743937820251e+00,-5.427646196399076306e-01,1.175976443019865168e-02,3.938457693929263252e-03,2.224167916954094423e-13,-8.580580889542026895e-13,3.388183632653341548e-01,3.000000000000294653e-01,3.652967248109490637e-14,4.005175231277641190e-01,7.191200699015368968e-17,4.674208034439433309e-15,3.745222281718176255e-15,3.296081497434656393e-01,-3.000000000001428746e-01,-3.829136435012935649e-14,3.938857565939468675e-01,-7.906492556810590689e-17,-1.540586230295737190e-15,-3.030714541078401915e-15
1.976596684434235585e-01,3.616011360148690956e-03,6.923869206691646294e-01,-2.713036654703727263e-03,4.758924758769917003e-03,3.955812625801269355e-02,-9.992022551586871026e-01,-5.858720062779789739e-01,5.795441770922912794e-02,5.401896662515785069e-02,1.111165413029013838e+00,-5.138175845263577290e-01,-9.710727350671495908e-03,-5.967149063892843719e-01,4.373655146275418071e-02,6.807932604667178700e-02,1.117106570032607937e+00,-5.098169296988882548e-01,1.112346034381518634e-02,3.579018762072786169e-03,2.230808573624033669e-13,-8.602810506868390475e-13,3.535843237343583301e-01,3.000000000000295763e-01,3.656799750889593380e-14,4.063736514791894128e-01,7.218298223291526657e-17,4.692535831426558987e-15,3.748892306982825987e-15,3.452558055868139020e-01,-3.000000000001432077e-01,-3.841561494251806231e-14,4.003918321068232755e-01,-7.932539547300941992e-17,-1.525125386727696730e-15,-3.042648203352197145e-15
2.002252665210786930e-01,3.443643560898218201e-03,7.045788829641330686e-01,-2.476017660714815386e-03,5.057598660638656582e-03,3.928857208602763718e-02,-9.992120386263232401e-01,-5.439693069443608531e-01,5.571865669030560270e-02,5.554411377677899442e-02,1.035098966436816870e+00,-4.790741433566672591e-01,-9.819126169433917486e-03,-5.544358191234264321e-01,4.122407070714929900e-02,6.874231467649355443e-02,1.041002752789130126e+00,-4.754438987495501756e-01,1.060246845521957935e-02,3.344063300504878777e-03,2.237985952635118767e-13,-8.623394309926487975e-13,3.670296062122699876e-01,3.000000000000295763e-01,3.660138735694288574e-14,4.129286915064919183e-01,7.247291166503477535e-17,4.712915848500593173e-15,3.752248417020028697e-15,3.594423609858386492e-01,-3.000000000001435962e-01,-3.854594926199452836e-14,4.075612894863362423e-01,-7.962180466686412155e-17,-1.507060346685078498e-15,-3.055112795286649914e-15
2.027908646311178953e-01,3.271275768820251090e-03,7.167708445614752177e-01,-2.238998136454479516e-03,5.356271492862529557e-03,3.901900934451967701e-02,-9.992216041263378701e-01,-5.020666072829074178e-01,5.348289559568526752e-02,5.706926087476779652e-02,9.590325188108227428e-01,-4.443307014218281781e-01,-9.927524972175708062e-03,-5.121567315690757072e-01,3.871158989644933601e-02,6.940530328127560156e-02,9.648989345257062977e-01,-4.410708670086753713e-01,1.008147663066046897e-02,3.109107908066565361e-03,2.245163331944262525e-13,-8.643978112070613503e-13,3.804748879567675379e-01,3.000000000000296319e-01,3.663477720224918343e-14,4.194837319219220095e-01,7.276284110768014147e-17,4.733295866714289188e-15,3.755604526882904190e-15,3.736289155734682788e-01,-3.000000000001439848e-01,-3.867628358484947741e-14,4.147307472342460222e-01,-7.991821388067704106e-17,-1.488995305196267799e-15,-3.067577387515944574e-15
2.053460256525088401e-01,3.088896747008784954e-03,7.275258774174219178e-01,-1.937405412731777691e-03,5.669144968382673622e-03,3.875400715250592459e-02,-9.992308212746531249e-01,-4.597578695216804068e-01,5.132217640514016854e-02,5.834033029287697542e-02,8.812227778359349450e-01,-4.082305535323955681e-01,-1.008601212682579303e-02,-4.693941192385516770e-01,3.629418709700780316e-02,6.985927032995289943e-02,8.867883587175905413e-01,-4.051513729933970409e-01,9.587804964780217640e-03,2.662883838908958363e-03,2.251062965677039372e-13,-8.665391404025750208e-13,3.921593936322950169e-01,3.000000000000296874e-01,3.667670441452375103e-14,4.264302174206848761e-01,7.303800703626750146e-17,4.751868949793006680e-15,3.759628382171100037e-15,3.860148969925649154e-01,-3.000000000001442624e-01,-3.879565021806891266e-14,4.222979440836867604e-01,-8.018237964595582991e-17,-1.473158542443020701e-15,-3.079110737555489974e-15
2.079011866679052190e-01,2.906517719447377929e-03,7.382809094480697887e-01,-1.635812149825523242e-03,5.982016982849024979e-03,3.848899491966222691e-02,-9.992397794631184826e-01,-4.174491315272457204e-01,4.916145725769532210e-02,5.961139956505685095e-02,8.034130358597881827e-01,-3.721304048637400497e-01,-1.024449931024408282e-02,-4.266315066303155712e-01,3.387678435217424122e-02,7.031323725857885343e-02,8.086777817568951976e-01,-3.692318780899094266e-01,9.094133314591275677e-03,2.216659648409363258e-03,2.256962598675944094e-13,-8.686804696457304373e-13,4.038438982965221746e-01,3.000000000000297984e-01,3.671863163170175179e-14,4.333767031442738449e-01,7.331317295637544489e-17,4.770442031833912965e-15,3.763652237842814812e-15,3.984008773775039036e-01,-3.000000000001445954e-01,-3.891501684498906007e-14,4.298651411615686535e-01,-8.044654539271561597e-17,-1.457321780969583474e-15,-3.090644087060177031e-15
2.105202882367762651e-01,2.725180630532565620e-03,7.473529392948560224e-01,-1.367807414091110757e-03,6.325951325073729883e-03,3.823163151223825384e-02,-9.992479441032756649e-01,-3.747296225139102877e-01,4.689633515775682576e-02,6.079148391409251034e-02,7.243859261702657593e-01,-3.351724534545158507e-01,-1.040066249061506222e-02,-3.835050850207868400e-01,3.137763921440983594e-02,7.070937680692830629e-02,7.293536632821481236e-01,-3.324098857647174721e-01,8.675756130360314303e-03,1.935865883476396362e-03,2.263019005049420563e-13,-8.705968632771958132e-13,4.146665566776345235e-01,3.000000000000298539e-01,3.675901562215178210e-14,4.408337445723702341e-01,7.360924358429096868e-17,4.791166881290486393e-15,3.767656736125909583e-15,4.098095361803095749e-01,-3.000000000001449285e-01,-3.903618283936393463e-14,4.379033711985790833e-01,-8.074501813763210636e-17,-1.438886095796078894e-15,-3.102393763685818496e-15
2.131393898435874901e-01,2.543843542236005287e-03,7.564249681430045280e-01,-1.099802347554152760e-03,6.669884063630556609e-03,3.797425830600553026e-02,-9.992558525160024629e-01,-3.320101132568369362e-01,4.463121299586908508e-02,6.197156820914073716e-02,6.453588157583978191e-01,-2.982145015362999696e-01,-1.055682566960705615e-02,-3.403786631953858999e-01,2.887849402814220146e-02,7.110551632096490104e-02,6.500295440873258279e-01,-2.955878929040135494e-01,8.257378990806592267e-03,1.655072216704354601e-03,2.269075411515921025e-13,-8.725132567751918814e-13,4.254892145473558873e-01,3.000000000000299649e-01,3.679939961168610897e-14,4.482907863034134022e-01,7.390531422461065227e-17,4.811891732023847762e-15,3.771661234397519327e-15,4.212181944032050152e-01,-3.000000000001453171e-01,-3.915734883480649140e-14,4.459416015150848289e-01,-8.104349090290522637e-17,-1.420450409080459121e-15,-3.114143440439821041e-15
2.157595983794605987e-01,2.336927123224557222e-03,7.637151464442426541e-01,-7.717946301548440132e-04,7.004538064995012234e-03,3.771290846492759974e-02,-9.992637676382852829e-01,-2.888772729507796955e-01,4.249099800458260023e-02,6.291385199713740717e-02,5.648456178461955801e-01,-2.602057194959878639e-01,-1.079287995570234193e-02,-2.966010294051578677e-01,2.650174437523650228e-02,7.129026316095930793e-02,5.686613733667906789e-01,-2.573916716883350997e-01,7.825109290606232018e-03,1.163220424230316206e-03,2.274266741943936557e-13,-8.745682852007168882e-13,4.351213444047209999e-01,3.000000000000300759e-01,3.684529568653788687e-14,4.559269936868561857e-01,7.418723650732217057e-17,4.830990048302480220e-15,3.776123928650102399e-15,4.314885949510010033e-01,-3.000000000001455946e-01,-3.927164422584848549e-14,4.541324501576660122e-01,-8.130705915434835301e-17,-1.404687788276825015e-15,-3.125238122679743751e-15
2.183798069160115540e-01,2.130010688548724870e-03,7.710053236543031874e-01,-4.437866537737072590e-04,7.339190043730283060e-03,3.745154776203504093e-02,-9.992713950239624499e-01,-2.457444323916049833e-01,4.035078308978733153e-02,6.385613563950873206e-02,4.843324190239363669e-01,-2.221969368121637367e-01,-1.102893429072169910e-02,-2.528233952161377807e-01,2.412499479728392668e-02,7.147500987150011420e-02,4.872932013945102669e-01,-2.191954496311006029e-01,7.392839581898283038e-03,6.713685025075584456e-04,2.279458071842193242e-13,-8.766233137111397871e-13,4.447534735330253008e-01,3.000000000000301870e-01,3.689119176476518165e-14,4.635632011800172037e-01,7.446915878136945698e-17,4.850088363585048779e-15,3.780586623183278561e-15,4.417589948017456858e-01,-3.000000000001459277e-01,-3.938593961268302999e-14,4.623232988937083232e-01,-8.157062738441651689e-17,-1.388925169110135072e-15,-3.136332804518558301e-15
2.210314079076502458e-01,1.918686644048012580e-03,7.762468018126807978e-01,-1.764346611983888449e-04,7.691961972871375237e-03,3.720250566459040037e-02,-9.992781275321171996e-01,-2.028382050973708273e-01,3.812495581030214686e-02,6.471798310994593406e-02,4.040720790164883391e-01,-1.841862682179005173e-01,-1.127251465898282574e-02,-2.091525933580817564e-01,2.166697920913767533e-02,7.160526219287031979e-02,4.058474854680741428e-01,-1.807856279447021541e-01,7.019468033907259874e-03,4.342203561262078688e-04,2.284815030224982273e-13,-8.783570301998871524e-13,4.541362618957219266e-01,3.000000000000302425e-01,3.693479331261995555e-14,4.711219741504693581e-01,7.476999136329494026e-17,4.871374026309825611e-15,3.785027902178005002e-15,4.517192961814667229e-01,-3.000000000001462608e-01,-3.949932253029677204e-14,4.702665693218784360e-01,-8.187350647192509552e-17,-1.370211897293876253e-15,-3.147539823070951388e-15
2.236830089191102211e-01,1.707362596764326352e-03,7.814882786775053658e-01,9.091733859733448016e-05,8.044731928986989175e-03,3.695345397696656042e-02,-9.992846022337182887e-01,-1.599319779462208269e-01,3.589912847676113988e-02,6.557983052959556747e-02,3.238117391686959889e-01,-1.461755996224465282e-01,-1.151609503199590642e-02,-1.654817915674798856e-01,1.920896356967989257e-02,7.173551447983265994e-02,3.244017694926765172e-01,-1.423758061234364214e-01,6.646096523104661792e-03,1.970723705653634012e-04,2.290171988712349269e-13,-8.800907464857572644e-13,4.635190501009842645e-01,3.000000000000302980e-01,3.697839485902595800e-14,4.786807470720291779e-01,7.507082395716043731e-17,4.892659690415697517e-15,3.789469181159210367e-15,4.616795973653909368e-01,-3.000000000001465938e-01,-3.961270544733438058e-14,4.782098395937270929e-01,-8.217638558425464020e-17,-1.351498623614568974e-15,-3.158746841694274510e-15
2.262447745447548897e-01,1.462710245202275680e-03,7.845516316713809779e-01,3.901599273895700343e-04,8.469526251407602860e-03,3.661557670107053880e-02,-9.992934576205109165e-01,-1.196698986489086042e-01,3.395340677000902724e-02,6.599996492506482459e-02,2.488577159970435937e-01,-1.106824854990666185e-01,-1.185129131489639186e-02,-1.231149326993819793e-01,1.695677867419457738e-02,7.149817156066300139e-02,2.455207501915523949e-01,-1.050773457615563761e-01,6.242390724728387116e-03,-8.628651229710169275e-05,2.295221080656771658e-13,-8.820273257602093758e-13,4.725831045974379085e-01,3.000000000000303535e-01,3.702577627720243200e-14,4.851127761992125587e-01,7.535461191771667220e-17,4.912163716460359672e-15,3.794202645558585624e-15,4.714275423374453822e-01,-3.000000000001469269e-01,-3.972673623584457639e-14,4.847299242018436316e-01,-8.243969158073212448e-17,-1.336317645956487358e-15,-3.169674296423343808e-15
2.288065401119688258e-01,1.218057871962836391e-03,7.876149832485617175e-01,6.894023870106464951e-04,8.894317366379883572e-03,3.627768529838903272e-02,-9.993019290446336633e-01,-7.940782107140247070e-02,3.200768524544315985e-02,6.642009903323520259e-02,1.739036962767245842e-01,-7.518937301315396782e-02,-1.218648765738567646e-02,-8.074807467939436323e-02,1.470459391258565479e-02,7.126082840240215155e-02,1.666397325585576850e-01,-6.777888612252780387e-02,5.838684906622091872e-03,-3.696454252160487211e-04,2.300270172400951615e-13,-8.839639051666075991e-13,4.816471588865808839e-01,3.000000000000304645e-01,3.707315769783740678e-14,4.915448045935394972e-01,7.563839986718672432e-17,4.931667741346208824e-15,3.798936110148003784e-15,4.811754871713791459e-01,-3.000000000001472600e-01,-3.984076702477615645e-14,4.912500078842920170e-01,-8.270299755147048257e-17,-1.321136670595880891e-15,-3.180601750970579485e-15
2.315125550515841624e-01,1.121809058238283424e-03,7.886086786689674444e-01,5.663161203272524787e-04,1.133729110242710086e-02,2.577372039588216729e-02,-9.996033515617410714e-01,-4.890811960130507507e-02,2.450034400541174426e-02,4.695382047161558714e-02,1.210956361190112518e-01,-4.855946351257704047e-02,-1.113660579728765511e-02,-4.310817832695346824e-02,7.238950095025719136e-03,5.126226628243415323e-02,1.157024173653887766e-01,-4.981316222238502123e-02,6.489367819352154058e-03,-5.108925077915903385e-05,2.300716188734121501e-13,-8.858211975224372948e-13,4.884654212771954995e-01,3.000000000000307421e-01,3.717895599393806237e-14,4.955520439289533008e-01,7.597488019790237483e-17,4.951946483845528269e-15,3.809139504327438784e-15,4.880625255482569647e-01,-3.000000000001475375e-01,-3.994647505345295613e-14,4.953332232346397968e-01,-8.301511539964738255e-17,-1.302239695540832674e-15,-3.191420232138600787e-15
2.342185700877654209e-01,1.025560343860629870e-03,7.896023727038679052e-01,4.431636474716851523e-04,1.377894644356467656e-02,1.526674843333568864e-02,-9.997884129320364632e-01,-1.840842466650777914e-02,1.699299904222385110e-02,2.748752859728672421e-02,6.828759078663244886e-02,-2.192955994536006231e-02,-1.008672300996642408e-02,-5.468285138917713950e-03,-2.266972126189134573e-04,3.126369093356626966e-02,6.476512087878055768e-02,-3.184745126429940759e-02,7.140051437929511788e-03,2.674673266022277039e-04,2.301162201985819947e-13,-8.876784898251891977e-13,4.952836821643928911e-01,3.000000000000310196e-01,3.728475432914517205e-14,4.995592816411225656e-01,7.631136056389227351e-17,4.972225226863472484e-15,3.819342902168648566e-15,4.949495620099368387e-01,-3.000000000001478151e-01,-4.005218307655819532e-14,4.994164369536566728e-01,-8.332723328050077476e-17,-1.283342717998155177e-15,-3.202238713233670993e-15
2.361777869510640337e-01,1.321074000478002610e-03,7.896918229374416676e-01,1.323079794872893101e-04,1.740026425067469490e-02,5.920715703959570329e-03,-9.998310649425523611e-01,-2.161333739722763603e-03,1.123498803826853895e-02,9.679889411600143406e-03,5.051148470766295140e-02,-1.337734266796619317e-02,-8.650867765780348440e-03,1.585840845000820176e-02,-5.670637711799078086e-03,1.315679882863045672e-02,5.134344722956499241e-02,-3.242503885097830496e-02,8.488650930963650282e-03,1.832775216600462964e-04,2.300040315167095393e-13,-8.881400190206312426e-13,4.970564686835752255e-01,3.000000000000310751e-01,3.730673448317618934e-14,5.005151523015791692e-01,7.636020670814713956e-17,4.975423103299463719e-15,3.821138767189784619e-15,4.968683621975664155e-01,-3.000000000001478151e-01,-4.005650430348470469e-14,5.004413234947874267e-01,-8.335641894951263977e-17,-1.280510130302860614e-15,-3.202546322794547858e-15
2.381370033002256359e-01,1.616587926806178086e-03,7.897812725484841812e-01,-1.785611226757765875e-04,2.101983308800760633e-02,-3.425911616375326013e-03,-9.997731732060400889e-01,1.408574737478432773e-02,5.476978238651114897e-03,-8.127748632178539295e-03,3.273540274661070754e-02,-4.825137836247654632e-03,-7.215012255869564933e-03,3.718509080802864797e-02,-1.111457681912488005e-02,-4.950091973966376513e-03,3.792179940817132222e-02,-3.300263920388565864e-02,9.837250904481531846e-03,9.908743944506378837e-05,2.298918427268942044e-13,-8.886015472551529583e-13,4.988292517291749717e-01,3.000000000000311307e-01,3.732871457950215762e-14,5.014710208613065712e-01,7.640905265437875154e-17,4.978620967976045857e-15,3.822934626422711367e-15,4.987871589647883686e-01,-3.000000000001478706e-01,-4.006082546061095840e-14,5.014662079303970899e-01,-8.338560442373837843e-17,-1.277677553667177231e-15,-3.202853925119161436e-15
2.388820036270775382e-01,1.711024767846743228e-03,7.897290449523615141e-01,-1.595168642492824729e-04,2.265297060822538816e-02,-1.432654740029981741e-03,-9.997423492967520975e-01,1.629159681978472815e-02,6.259205617652158042e-03,-4.226891184652860692e-03,4.018645208053067686e-02,-1.119024260894499294e-02,-7.241743386865463414e-03,3.907822039876262393e-02,-1.041806361643457697e-02,-1.011547735486453652e-03,4.281129600141645591e-02,-3.655887982800468811e-02,9.810233456803669344e-03,5.630979997699031017e-05,2.297283818364490380e-13,-8.888048053170377667e-13,4.985505035799072115e-01,3.000000000000311862e-01,3.735024530049209449e-14,5.013013516149030790e-01,7.643276440586123627e-17,4.979411169204948090e-15,3.824748815979814049e-15,4.985267938656308684e-01,-3.000000000001478706e-01,-4.005710292685875380e-14,5.012998595049046324e-01,-8.338485784150277839e-17,-1.277334195033036336e-15,-3.202528543195299105e-15
2.396270030949047003e-01,1.805461466630745937e-03,7.896768172560059140e-01,-1.404713129817015949e-04,2.428595627298544418e-02,5.606196740069368991e-04,-9.997048856043957432e-01,1.849743633099616702e-02,7.041437623692824166e-03,-3.260183789580680183e-04,4.763751926195865932e-02,-1.755535793523237131e-02,-7.268475552601566005e-03,4.097133624078735936e-02,-9.721546069541550650e-03,2.927012099538130879e-03,4.770080554929734262e-02,-4.011512255943049110e-02,9.783215035913955457e-03,1.353218980709292691e-05,2.295649209097303054e-13,-8.890080631962034064e-13,4.982717539792370087e-01,3.000000000000312972e-01,3.737177602116410778e-14,5.011316815722122175e-01,7.645647613956197036e-17,4.980201368730494525e-15,3.826563005549884815e-15,4.982664272247757098e-01,-3.000000000001478706e-01,-4.005338038741585810e-14,5.011335102366474281e-01,-8.338411123809105784e-17,-1.276990838159949315e-15,-3.202203160823617398e-15
2.397618944479976977e-01,1.524748280347399624e-03,7.896618527087546635e-01,-9.132631727060253036e-05,2.452331556859059861e-02,1.447284177588849512e-03,-9.996982064711013027e-01,1.851681411753108505e-02,7.990495419270028654e-03,1.285917095078533941e-03,4.993489637907080891e-02,-1.938243635251287594e-02,-7.813320431476079159e-03,4.075789178933814788e-02,-8.808962886487428645e-03,4.569881452519184047e-03,4.905890829689422972e-02,-4.079744691211012464e-02,9.241210638492879798e-03,5.803271163474256806e-06,2.295899906487714752e-13,-8.896050100277728619e-13,4.981368693719533391e-01,3.000000000000312972e-01,3.737349837871192333e-14,5.010604333651229592e-01,7.654944814834879847e-17,4.988641333632876736e-15,3.826669783589297749e-15,4.981333617207522324e-01,-3.000000000001478706e-01,-4.005904527595057824e-14,5.010606491270677143e-01,-8.347709463491873088e-17,-1.268608091991502496e-15,-3.202667728219422656e-15
2.398967853578529708e-01,1.244034821521247929e-03,7.896468881885747582e-01,-4.218122252481885156e-05,2.476065312885312314e-02,2.333946654315641536e-03,-9.996906826465833396e-01,1.853619031562246319e-02,8.939553336044575235e-03,2.897850906224044582e-03,5.223226975207640593e-02,-2.120951147295294797e-02,-8.358165686754525509e-03,4.054444580749302224e-02,-7.896379546463685312e-03,6.212749137703048666e-03,5.041700847895784487e-02,-4.147976917691552357e-02,8.699205866939414139e-03,-1.925622017605062281e-06,2.296150605247784367e-13,-8.902019571453535447e-13,4.980019848691862316e-01,3.000000000000312972e-01,3.737522072186915523e-14,5.009891852295363934e-01,7.664242020745255243e-17,4.997081304092739849e-15,3.826776560388293175e-15,4.980002963092117763e-01,-3.000000000001478706e-01,-4.006471017130517761e-14,5.009877880854062271e-01,-8.357007809984034725e-17,-1.260225339982516298e-15,-3.203132296189119094e-15
2.396818073659252035e-01,1.146149521383576673e-03,7.896511014855407407e-01,-3.721095549129039550e-05,2.486899178444041542e-02,2.268696200899653417e-03,-9.996881438131185460e-01,1.879445348377092179e-02,9.074009722430321362e-03,2.737085532596441554e-03,5.144950621404689034e-02,-2.046902897153616424e-02,-8.510143923020359324e-03,4.066411031709022544e-02,-7.757047205929632275e-03,6.055226826429293413e-03,5.003464648216209010e-02,-4.099839912055056740e-02,8.546547091320071121e-03,-1.350262721986831281e-06,2.295998077218124910e-13,-8.904308880514584345e-13,4.979915355204723726e-01,3.000000000000312972e-01,3.737745730493070984e-14,5.009902910649542962e-01,7.667708756313139427e-17,5.000167693030982449e-15,3.826966587852440338e-15,4.979907494860463246e-01,-3.000000000001478706e-01,-4.006427603050467870e-14,5.009895047585124495e-01,-8.360164533516947584e-17,-1.257180913171627973e-15,-3.203081840305211900e-15
2.394668291131673565e-01,1.048264357545770475e-03,7.896553147968039532e-01,-3.224072079412381266e-05,2.497732994531278242e-02,2.203445001467195779e-03,-9.996855889625820835e-01,1.905271683001153946e-02,9.208465501524064345e-03,2.576318837407314682e-03,5.066674037975050365e-02,-1.972854455598449172e-02,-8.662121866400668280e-03,4.078377507502398136e-02,-7.617715441860427317e-03,5.897703172950291908e-03,4.965228318783776462e-02,-4.051702819664360772e-02,8.393888605961305829e-03,-7.748972354814823387e-07,2.295845548887856184e-13,-8.906598186832044182e-13,4.979810862645258629e-01,3.000000000000312972e-01,3.737969388837563193e-14,5.009913969543128287e-01,7.671175487534361812e-17,5.003254077978088218e-15,3.827156615378651922e-15,4.979812027549649356e-01,-3.000000000001478706e-01,-4.006384188515729914e-14,5.009912214872169756e-01,-8.363321252471231630e-17,-1.254136490340503866e-15,-3.203031384037350327e-15
2.394235683071642973e-01,1.052845085502278387e-03,7.896560182413596696e-01,-3.674343275312108180e-05,2.500738132915401174e-02,2.086994924161609654e-03,-9.996850874056114611e-01,1.911389209174826909e-02,9.138564444445919366e-03,2.352847247905113896e-03,5.044603858364458265e-02,-1.951105986071230078e-02,-8.642678829941709967e-03,4.086482235543509312e-02,-7.682288124717727255e-03,5.672486264970320012e-03,4.957802075216349164e-02,-4.046208092572014386e-02,8.412769067288000321e-03,-3.929594160171655912e-07,2.295802557865064424e-13,-8.906887327108461871e-13,4.979894920525992363e-01,3.000000000000312972e-01,3.738020025751443124e-14,5.009956318392876362e-01,7.671995188948068925e-17,5.003956489079125593e-15,3.827195640533280566e-15,4.979896711847076052e-01,-3.000000000001478706e-01,-4.006368286777134459e-14,5.009956180430874539e-01,-8.364091874394200089e-17,-1.253464434752201287e-15,-3.203009782603350240e-15
2.393803076324436396e-01,1.057425891796600183e-03,7.896567216832319769e-01,-4.124615142222988907e-05,2.503743229093041700e-02,1.970544777484657673e-03,-9.996845713705460046e-01,1.917506720280608146e-02,9.068663231131708635e-03,2.129375610463405712e-03,5.022533721725109396e-02,-1.929357556528686971e-02,-8.623235662426998599e-03,4.094586960632214112e-02,-7.746860963465229850e-03,5.447269305237111871e-03,4.950375855204025566e-02,-4.040713398080854335e-02,8.431649659760637877e-03,-1.102174443328316269e-08,2.295759566926016118e-13,-8.907176465855701095e-13,4.979978978550878010e-01,3.000000000000312972e-01,3.738070662533043703e-14,5.009998667266546413e-01,7.672814888338051994e-17,5.004658898357553489e-15,3.827234665572464939e-15,4.979981396282232575e-01,-3.000000000001478706e-01,-4.006352385059572561e-14,5.010000146010067379e-01,-8.364862494492936334e-17,-1.252792380977634488e-15,-3.202988181191410255e-15
2.393926942713746064e-01,1.062245265059773248e-03,7.896561663389225494e-01,-4.115855765862534032e-05,2.503362093433819310e-02,1.970108473493002547e-03,-9.996846676835109413e-01,1.914065678544995749e-02,9.061244953654713774e-03,2.129807942865409066e-03,5.032046612555998027e-02,-1.936194398964191654e-02,-8.615568222171118840e-03,4.093588818035012039e-02,-7.754351332591022036e-03,5.447801808686820145e-03,4.954774054094265856e-02,-4.044879363813192602e-02,8.439332172484898670e-03,3.219490790546291602e-09,2.295758105567785336e-13,-8.907197023898084909e-13,4.979995740320471986e-01,3.000000000000312972e-01,3.738080289395805574e-14,5.010001794891749682e-01,7.672925226480143212e-17,5.004731056275260885e-15,3.827241316124642709e-15,4.979997139722179833e-01,-3.000000000001478706e-01,-4.006356600431215692e-14,5.010002675064666455e-01,-8.364959241787294875e-17,-1.252721105856785349e-15,-3.202989665876830008e-15
2.394050809539076674e-01,1.067064638509874043e-03,7.896556109936267998e-01,-4.107096029770566459e-05,2.502980955084466511e-02,1.969672260374209175e-03,-9.996847639822322718e-01,1.910624629319842421e-02,9.053826725135808232e-03,2.130240450705885198e-03,5.041559528133558732e-02,-1.943031263797496966e-02,-8.607900791142032021e-03,4.092590668305317453e-02,-7.761841656990222868e-03,5.448334489021025920e-03,4.959172262249451207e-02,-4.049045337115076554e-02,8.447014676434976693e-03,1.746043790826789303e-08,2.295756644242095002e-13,-8.907217581730023354e-13,4.980012502037337030e-01,3.000000000000312972e-01,3.738089916226433668e-14,5.010004922486221979e-01,7.673035564066419059e-17,5.004803213699138988e-15,3.827247966651453868e-15,4.980012883108109190e-01,-3.000000000001478706e-01,-4.006360815818620895e-14,5.010005204086799280e-01,-8.365055988553645394e-17,-1.252649831206672390e-15,-3.202991150580338736e-15
2.394146325977844214e-01,1.065199273206678598e-03,7.896556158936538505e-01,-4.062440773527708988e-05,2.502155151069373681e-02,1.982330143636881932e-03,-9.996849457088252677e-01,1.909714798011306891e-02,9.063453623830168907e-03,2.154171221309998403e-03,5.043635037921405384e-02,-1.945825310200847980e-02,-8.612169574516402581e-03,4.091677064976607242e-02,-7.752825223501224987e-03,5.472357505901172259e-03,4.959206862367299129e-02,-4.049835043168931170e-02,8.442808602368441148e-03,5.673158122351338007e-09,2.295760662105473605e-13,-8.907172180003422003e-13,4.980007927874346429e-01,3.000000000000312972e-01,3.738085997597871582e-14,5.010002826392357944e-01,7.672963931610291242e-17,5.004729364993087695e-15,3.827244442154134816e-15,4.980008066868438221e-01,-3.000000000001478706e-01,-4.006362504855023524e-14,5.010002906519653854e-01,-8.364987492081316738e-17,-1.252722050093491256e-15,-3.202992511532800865e-15
2.394241842393859121e-01,1.063333902538571730e-03,7.896556207941305416e-01,-4.017785487547628092e-05,2.501329346125292022e-02,1.994988036955107433e-03,-9.996851272069089411e-01,1.908804968734228655e-02,9.073080536204283092e-03,2.178102010772902438e-03,5.045710541740279498e-02,-1.948619353359589898e-02,-8.616438367470316897e-03,4.090763461715749699e-02,-7.743808776764545508e-03,5.496380541633749499e-03,4.959241458983084522e-02,-4.050624746513124125e-02,8.438602518760596888e-03,-6.114142552807225311e-09,2.295764679973250138e-13,-8.907126778223882911e-13,4.980003353694232304e-01,3.000000000000312972e-01,3.738082078958438362e-14,5.010000730294301707e-01,7.672892299008120619e-17,5.004655516169858214e-15,3.827240917648650264e-15,4.980003250612266563e-01,-3.000000000001478706e-01,-4.006364193889397834e-14,5.010000608948633749e-01,-8.364918995476369470e-17,-1.252794269095472572e-15,-3.202993872485163598e-15
2.394265811407045863e-01,1.062910692156629998e-03,7.896557248614841651e-01,-4.033471709916740391e-05,2.501014069160778855e-02,1.995281877749666144e-03,-9.996852054951723687e-01,1.909049356363263020e-02,9.073491206257892211e-03,2.178684388263601567e-03,5.044461160844630754e-02,-1.948244424593603003e-02,-8.617071964252097024e-03,4.090722449724172594e-02,-7.743426173181992486e-03,5.496847814790688930e-03,4.958550394637004782e-02,-4.050523614912832776e-02,8.437972599095410614e-03,-3.738673798411919771e-09,2.295764983900420930e-13,-8.907128339535542736e-13,4.980001392229630452e-01,3.000000000000312972e-01,3.738082707131406415e-14,5.010000269134210482e-01,7.672893352549756824e-17,5.004653442672842927e-15,3.827241339595565213e-15,4.980001325426798298e-01,-3.000000000001478706e-01,-4.006365091651211219e-14,5.010000195755065500e-01,-8.364919900090077039e-17,-1.252796376546722561e-15,-3.202994512841936082e-15
2.394289780361450459e-01,1.062487482959536492e-03,7.896558289289193899e-01,-4.049157981820586101e-05,2.500698792590553068e-02,1.995575708366116498e-03,-9.996852837732972397e-01,1.909293744940577728e-02,9.073901868739631116e-03,2.179266746571742810e-03,5.043211777217327524e-02,-1.947869493224056031e-02,-8.617705558047278336e-03,4.090681438449497026e-02,-7.743043576692820035e-03,5.497315068594715859e-03,4.957859329694738054e-02,-4.050422482580649797e-02,8.437342682368325492e-03,-1.363193408186881118e-09,2.295765287824540281e-13,-8.907129900885785810e-13,4.979999430767175217e-01,3.000000000000312972e-01,3.738083335308109252e-14,5.009999807975461517e-01,7.672894406151108566e-17,5.004651369234797359e-15,3.827241761545723170e-15,4.979999400243705354e-01,-3.000000000001478706e-01,-4.006365989412373952e-14,5.009999782563046011e-01,-8.364920804760803228e-17,-1.252798483940370518e-15,-3.202995153198116132e-15
2.394288155892747572e-01,1.062752576747502111e-03,7.896558462440241843e-01,-4.057747338476063207e-05,2.500681735097369171e-02,1.994541098878973868e-03,-9.996852901014642301e-01,1.909359672926867410e-02,9.072822119944937147e-03,2.177383358351313650e-03,5.042849237483987973e-02,-1.947608991762767028e-02,-8.617156871988182129e-03,4.090691317757112061e-02,-7.744077690306341855e-03,5.495395289739930106e-03,4.957783124871510683e-02,-4.050389067702530460e-02,8.437887067159562451e-03,3.314044710685870408e-10,2.295765213676707824e-13,-8.907131854840187468e-13,4.979999269145199414e-01,3.000000000000312972e-01,3.738083423013913974e-14,5.009999800220528154e-01,7.672892512028246651e-17,5.004649810052378604e-15,3.827241878174608111e-15,4.979999255139405667e-01,-3.000000000001478706e-01,-4.006366001194484888e-14,5.009999798128637050e-01,-8.364919052667128490e-17,-1.252800132572229821e-15,-3.202995202307453901e-15
2.394286531402530782e-01,1.063017671114052437e-03,7.896558635590561481e-01,-4.066336689161407478e-05,2.500664677852098075e-02,1.993506488272940667e-03,-9.996852964284641541e-01,1.909425600763144104e-02,9.071742369897406802e-03,2.175499968058187440e-03,5.042486698496126407e-02,-1.947348490397667747e-02,-8.616608184935266312e-03,4.090701197107504683e-02,-7.745111805110744402e-03,5.493475508878613127e-03,4.957706920565131681e-02,-4.050355652881334340e-02,8.438431452937912580e-03,2.026001777976660700e-09,2.295765139528557298e-13,-8.907133808794919311e-13,4.979999107524735735e-01,3.000000000000312972e-01,3.738083510719264313e-14,5.009999792465975599e-01,7.672890617902907220e-17,5.004648250870392145e-15,3.827241994803236673e-15,4.979999110036602561e-01,-3.000000000001478706e-01,-4.006366012975851140e-14,5.009999813694587800e-01,-8.364917300571221523e-17,-1.252801781203703370e-15,-3.202995251416294688e-15
2.394286531401134399e-01,1.063017671341931134e-03,7.896558635590710251e-01,-4.066336696544926594e-05,2.500664677837435498e-02,1.993506487383575696e-03,-9.996852964284695942e-01,1.909425600819816479e-02,9.071742368969239537e-03,2.175499966439199944e-03,5.042486698184483335e-02,-1.947348490173737151e-02,-8.616608184463607142e-03,4.090701197115997195e-02,-7.745111805999683498e-03,5.493475507228343796e-03,4.957706920499625747e-02,-4.050355652852610788e-02,8.438431453405873320e-03,2.026003234675029555e-09,2.295765139528493684e-13,-8.907133808796598512e-13,4.979999107524596957e-01,3.000000000000312972e-01,3.738083510719339412e-14,5.009999792465968937e-01,7.672890617901278962e-17,5.004648250869051870e-15,3.827241994803336858e-15,4.979999110036477661e-01,-3.000000000001478706e-01,-4.006366012975861237e-14,5.009999813694601123e-01,-8.364917300569715291e-17,-1.252801781205120559e-15,-3.202995251416336892e-15
2.394286531401134399e-01,1.063017671341931134e-03,7.896558635590710251e-01,-4.066336696544926594e-05,2.500664677837435498e-02,1.993506487383575696e-03,-9.996852964284695942e-01,1.909425600819816479e-02,9.071742368969239537e-03,2.175499966439199944e-03,5.042486698184483335e-02,-1.947348490173737151e-02,-8.616608184463607142e-03,4.090701197115997195e-02,-7.745111805999683498e-03,5.493475507228343796e-03,4.957706920499625747e-02,-4.050355652852610788e-02,8.438431453405873320e-03,2.026003234675029555e-09,2.295765139528493684e-13,-8.907133808796598512e-13,4.979999107524596957e-01,3.000000000000312972e-01,3.738083510719339412e-14,5.009999792465968937e-01,7.672890617901278962e-17,5.004648250869051870e-15,3.827241994803336858e-15,4.979999110036477661e-01,-3.000000000001478706e-01,-4.006366012975861237e-14,5.009999813694601123e-01,-8.364917300569715291e-17,-1.252801781205120559e-15,-3.202995251416336892e-15
2.394286531401134399e-01,1.063017671341931134e-03,7.896558635590710251e-01,-4.066336696544926594e-05,2.500664677837435498e-02,1.993506487383575696e-03,-9.996852964284695942e-01,1.909425600819816479e-02,9.071742368969239537e-03,2.175499966439199944e-03,5.042486698184483335e-02,-1.947348490173737151e-02,-8.616608184463607142e-03,4.090701197115997195e-02,-7.745111805999683498e-03,5.493475507228343796e-03,4.957706920499625747e-02,-4.050355652852610788e-02,8.438431453405873320e-03,2.026003234675029555e-09,2.295765139528493684e-13,-8.907133808796598512e-13,4.979999107524596957e-01,3.000000000000312972e-01,3.738083510719339412e-14,5.009999792465968937e-01,7.672890617901278962e-17,5.004648250869051870e-15,3.827241994803336858e-15,4.979999110036477661e-01,-3.000000000001478706e-01,-4.006366012975861237e-14,5.009999813694601123e-01,-8.364917300569715291e-17,-1.252801781205120559e-15,-3.202995251416336892e-15
2.394286531401134399e-01,1.063017671341931134e-03,7.896558635590710251e-01,-4.066336696544926594e-05,2.500664677837435498e-02,1.993506487383575696e-03,-9.996852964284695942e-01,1.909425600819816479e-02,9.071742368969239537e-03,2.175499966439199944e-03,5.042486698184483335e-02,-1.947348490173737151e-02,-8.616608184463607142e-03,4.090701197115997195e-02,-7.745111805999683498e-03,5.493475507228343796e-03,4.957706920499625747e-02,-4.050355652852610788e-02,8.438431453405873320e-03,2.026003234675029555e-09,2.295765139528493684e-13,-8.907133808796598512e-13,4.979999107524596957e-01,3.000000000000312972e-01,3.738083510719339412e-14,5.009999792465968937e-01,7.672890617901278962e-17,5.004648250869051870e-15,3.827241994803336858e-15,4.979999110036477661e-01,-3.000000000001478706e-01,-4.006366012975861237e-14,5.009999813694601123e-01,-8.364917300569715291e-17,-1.252801781205120559e-15,-3.202995251416336892e-15
2.394286531401134399e-01,1.063017671341931134e-03,7.896558635590710251e-01,-4.066336696544926594e-05,2.500664677837435498e-02,1.993506487383575696e-03,-9.996852964284695942e-01,1.909425600819816479e-02,9.071742368969239537e-03,2.175499966439199944e-03,5.042486698184483335e-02,-1.947348490173737151e-02,-8.616608184463607142e-03,4.090701197115997195e-02,-7.745111805999683498e-03,5.493475507228343796e-03,4.957706920499625747e-02,-4.050355652852610788e-02,8.438431453405873320e-03,2.026003234675029555e-09,2.295765139528493684e-13,-8.907133808796598512e-13,4.979999107524596957e-01,3.000000000000312972e-01,3.738083510719339412e-14,5.009999792465968937e-01,7.672890617901278962e-17,5.004648250869051870e-15,3.827241994803336858e-15,4.979999110036477661e-01,-3.000000000001478706e-01,-4.006366012975861237e-14,5.009999813694601123e-01,-8.364917300569715291e-17,-1.252801781205120559e-15,-3.202995251416336892e-15
2.394286531401134399e-01,1.063017671341931134e-03,7.896558635590710251e-01,-4.066336696544926594e-05,2.500664677837435498e-02,1.993506487383575696e-03,-9.996852964284695942e-01,1.909425600819816479e-02,9.071742368969239537e-03,2.175499966439199944e-03,5.042486698184483335e-02,-1.947348490173737151e-02,-8.616608184463607142e-03,4.090701197115997195e-02,-7.745111805999683498e-03,5.493475507228343796e-03,4.957706920499625747e-02,-4.050355652852610788e-02,8.438431453405873320e-03,2.026003234675029555e-09,2.295765139528493684e-13,-8.907133808796598512e-13,4.979999107524596957e-01,3.000000000000312972e-01,3.738083510719339412e-14,5.009999792465968937e-01,7.672890617901278962e-17,5.004648250869051870e-15,3.827241994803336858e-15,4.979999110036477661e-01,-3.000000000001478706e-01,-4.006366012975861237e-14,5.009999813694601123e-01,-8.364917300569715291e-17,-1.252801781205120559e-15,-3.202995251416336892e-15
2.394286531401134399e-01,1.063017671341931134e-03,7.896558635590710251e-01,-4.066336696544926594e-05,2.500664677837435498e-02,1.993506487383575696e-03,-9.996852964284695942e-01,1.909425600819816479e-02,9.071742368969239537e-03,2.175499966439199944e-03,5.042486698184483335e-02,-1.947348490173737151e-02,-8.616608184463607142e-03,4.090701197115997195e-02,-7.745111805999683498e-03,5.493475507228343796e-03,4.957706920499625747e-02,-4.050355652852610788e-02,8.438431453405873320e-03,2.026003234675029555e-09,2.295765139528493684e-13,-8.907133808796598512e-13,4.979999107524596957e-01,3.000000000000312972e-01,3.738083510719339412e-14,5.009999792465968937e-01,7.672890617901278962e-17,5.004648250869051870e-15,3.827241994803336858e-15,4.979999110036477661e-01,-3.000000000001478706e-01,-4.006366012975861237e-14,5.009999813694601123e-01,-8.364917300569715291e-17,-1.252801781205120559e-15,-3.202995251416336892e-15
2.394286531401134399e-01,1.063017671341931134e-03,7.896558635590710251e-01,-4.066336696544926594e-05,2.500664677837435498e-02,1.993506487383575696e-03,-9.996852964284695942e-01,1.909425600819816479e-02,9.071742368969239537e-03,2.175499966439199944e-03,5.042486698184483335e-02,-1.947348490173737151e-02,-8.616608184463607142e-03,4.090701197115997195e-02,-7.745111805999683498e-03,5.493475507228343796e-03,4.957706920499625747e-02,-4.050355652852610788e-02,8.438431453405873320e-03,2.026003234675029555e-09,2.295765139528493684e-13,-8.907133808796598512e-13,4.979999107524596957e-01,3.000000000000312972e-01,3.738083510719339412e-14,5.009999792465968937e-01,7.672890617901278962e-17,5.004648250869051870e-15,3.827241994803336858e-15,4.979999110036477661e-01,-3.000000000001478706e-01,-4.006366012975861237e-14,5.009999813694601123e-01,-8.364917300569715291e-17,-1.252801781205120559e-15,-3.202995251416336892e-15
2.394286531401134399e-01,1.063017671341931134e-03,7.896558635590710251e-01,-4.066336696544926594e-05,2.500664677837435498e-02,1.993506487383575696e-03,-9.996852964284695942e-01,1.909425600819816479e-02,9.071742368969239537e-03,2.175499966439199944e-03,5.042486698184483335e-02,-1.947348490173737151e-02,-8.616608184463607142e-03,4.090701197115997195e-02,-7.745111805999683498e-03,5.493475507228343796e-03,4.957706920499625747e-02,-4.050355652852610788e-02,8.438431453405873320e-03,2.026003234675029555e-09,2.295765139528493684e-13,-8.907133808796598512e-13,4.979999107524596957e-01,3.000000000000312972e-01,3.738083510719339412e-14,5.009999792465968937e-01,7.672890617901278962e-17,5.004648250869051870e-15,3.827241994803336858e-15,4.979999110036477661e-01,-3.000000000001478706e-01,-4.006366012975861237e-14,5.009999813694601123e-01,-8.364917300569715291e-17,-1.252801781205120559e-15,-3.202995251416336892e-15
2.394286531401134399e-01,1.063017671341931134e-03,7.896558635590710251e-01,-4.066336696544926594e-05,2.500664677837435498e-02,1.993506487383575696e-03,-9.996852964284695942e-01,1.909425600819816479e-02,9.071742368969239537e-03,2.175499966439199944e-03,5.042486698184483335e-02,-1.947348490173737151e-02,-8.616608184463607142e-03,4.090701197115997195e-02,-7.745111805999683498e-03,5.493475507228343796e-03,4.957706920499625747e-02,-4.050355652852610788e-02,8.438431453405873320e-03,2.026003234675029555e-09,2.295765139528493684e-13,-8.907133808796598512e-13,4.979999107524596957e-01,3.000000000000312972e-01,3.738083510719339412e-14,5.009999792465968937e-01,7.672890617901278962e-17,5.004648250869051870e-15,3.827241994803336858e-15,4.979999110036477661e-01,-3.000000000001478706e-01,-4.006366012975861237e-14,5.009999813694601123e-01,-8.364917300569715291e-17,-1.252801781205120559e-15,-3.202995251416336892e-15
2.394286531401134399e-01,1.063017671341931134e-03,7.896558635590710251e-01,-4.066336696544926594e-05,2.500664677837435498e-02,1.993506487383575696e-03,-9.996852964284695942e-01,1.909425600819816479e-02,9.071742368969239537e-03,2.175499966439199944e-03,5.042486698184483335e-02,-1.947348490173737151e-02,-8.616608184463607142e-03,4.090701197115997195e-02,-7.745111805999683498e-03,5.493475507228343796e-03,4.957706920499625747e-02,-4.050355652852610788e-02,8.438431453405873320e-03,2.026003234675029555e-09,2.295765139528493684e-13,-8.907133808796598512e-13,4.979999107524596957e-01,3.000000000000312972e-01,3.738083510719339412e-14,5.009999792465968937e-01,7.672890617901278962e-17,5.004648250869051870e-15,3.827241994803336858e-15,4.979999110036477661e-01,-3.000000000001478706e-01,-4.006366012975861237e-14,5.009999813694601123e-01,-8.364917300569715291e-17,-1.252801781205120559e-15,-3.202995251416336892e-15
2.394286531401134399e-01,1.063017671341931134e-03,7.896558635590710251e-01,-4.066336696544926594e-05,2.500664677837435498e-02,1.993506487383575696e-03,-9.996852964284695942e-01,1.909425600819816479e-02,9.071742368969239537e-03,2.175499966439199944e-03,5.042486698184483335e-02,-1.947348490173737151e-02,-8.616608184463607142e-03,4.090701197115997195e-02,-7.745111805999683498e-03,5.493475507228343796e-03,4.957706920499625747e-02,-4.050355652852610788e-02,8.438431453405873320e-03,2.026003234675029555e-09,2.295765139528493684e-13,-8.907133808796598512e-13,4.979999107524596957e-01,3.000000000000312972e-01,3.738083510719339412e-14,5.009999792465968937e-01,7.672890617901278962e-17,5.004648250869051870e-15,3.827241994803336858e-15,4.979999110036477661e-01,-3.000000000001478706e-01,-4.006366012975861237e-14,5.009999813694601123e-01,-8.364917300569715291e-17,-1.252801781205120559e-15,-3.202995251416336892e-15
2.394286531401134399e-01,1.063017671341931134e-03,7.896558635590710251e-01,-4.066336696544926594e-05,2.500664677837435498e-02,1.993506487383575696e-03,-9.996852964284695942e-01,1.909425600819816479e-02,9.071742368969239537e-03,2.175499966439199944e-03,5.042486698184483335e-02,-1.947348490173737151e-02,-8.616608184463607142e-03,4.090701197115997195e-02,-7.745111805999683498e-03,5.493475507228343796e-03,4.957706920499625747e-02,-4.050355652852610788e-02,8.438431453405873320e-03,2.026003234675029555e-09,2.295765139528493684e-13,-8.907133808796598512e-13,4.979999107524596957e-01,3.000000000000312972e-01,3.738083510719339412e-14,5.009999792465968937e-01,7.672890617901278962e-17,5.004648250869051870e-15,3.827241994803336858e-15,4.979999110036477661e-01,-3.000000000001478706e-01,-4.006366012975861237e-14,5.009999813694601123e-01,-8.364917300569715291e-17,-1.252801781205120559e-15,-3.202995251416336892e-15
2.394286531401134399e-01,1.063017671341931134e-03,7.896558635590710251e-01,-4.066336696544926594e-05,2.500664677837435498e-02,1.993506487383575696e-03,-9.996852964284695942e-01,1.909425600819816479e-02,9.071742368969239537e-03,2.175499966439199944e-03,5.042486698184483335e-02,-1.947348490173737151e-02,-8.616608184463607142e-03,4.090701197115997195e-02,-7.745111805999683498e-03,5.493475507228343796e-03,4.957706920499625747e-02,-4.050355652852610788e-02,8.438431453405873320e-03,2.026003234675029555e-09,2.295765139528493684e-13,-8.907133808796598512e-13,4.979999107524596957e-01,3.000000000000312972e-01,3.738083510719339412e-14,5.009999792465968937e-01,7.672890617901278962e-17,5.004648250869051870e-15,3.827241994803336858e-15,4.979999110036477661e-01,-3.000000000001478706e-01,-4.006366012975861237e-14,5.009999813694601123e-01,-8.364917300569715291e-17,-1.252801781205120559e-15,-3.202995251416336892e-15
2.394286531401134399e-01,1.063017671341931134e-03,7.896558635590710251e-01,-4.066336696544926594e-05,2.500664677837435498e-02,1.993506487383575696e-03,-9.996852964284695942e-01,1.909425600819816479e-02,9.071742368969239537e-03,2.175499966439199944e-03,5.042486698184483335e-02,-1.947348490173737151e-02,-8.616608184463607142e-03,4.090701197115997195e-02,-7.745111805999683498e-03,5.493475507228343796e-03,4.957706920499625747e-02,-4.050355652852610788e-02,8.438431453405873320e-03,2.026003234675029555e-09,2.295765139528493684e-13,-8.907133808796598512e-13,4.979999107524596957e-01,3.000000000000312972e-01,3.738083510719339412e-14,5.009999792465968937e-01,7.672890617901278962e-17,5.004648250869051870e-15,3.827241994803336858e-15,4.979999110036477661e-01,-3.000000000001478706e-01,-4.006366012975861237e-14,5.009999813694601123e-01,-8.364917300569715291e-17,-1.252801781205120559e-15,-3.202995251416336892e-15
2.394286531401134399e-01,1.063017671341931134e-03,7.896558635590710251e-01,-4.066336696544926594e-05,2.500664677837435498e-02,1.993506487383575696e-03,-9.996852964284695942e-01,1.909425600819816479e-02,9.071742368969239537e-03,2.175499966439199944e-03,5.042486698184483335e-02,-1.947348490173737151e-02,-8.616608184463607142e-03,4.090701197115997195e-02,-7.745111805999683498e-03,5.493475507228343796e-03,4.957706920499625747e-02,-4.050355652852610788e-02,8.438431453405873320e-03,2.026003234675029555e-09,2.295765139528493684e-13,-8.907133808796598512e-13,4.979999107524596957e-01,3.000000000000312972e-01,3.738083510719339412e-14,5.009999792465968937e-01,7.672890617901278962e-17,5.004648250869051870e-15,3.827241994803336858e-15,4.979999110036477661e-01,-3.000000000001478706e-01,-4.006366012975861237e-14,5.009999813694601123e-01,-8.364917300569715291e-17,-1.252801781205120559e-15,-3.202995251416336892e-15
2.394286531401134399e-01,1.063017671341931134e-03,7.896558635590710251e-01,-4.066336696544926594e-05,2.500664677837435498e-02,1.993506487383575696e-03,-9.996852964284695942e-01,1.909425600819816479e-02,9.071742368969239537e-03,2.175499966439199944e-03,5.042486698184483335e-02,-1.947348490173737151e-02,-8.616608184463607142e-03,4.090701197115997195e-02,-7.745111805999683498e-03,5.493475507228343796e-03,4.957706920499625747e-02,-4.050355652852610788e-02,8.438431453405873320e-03,2.026003234675029555e-09,2.295765139528493684e-13,-8.907133808796598512e-13,4.979999107524596957e-01,3.000000000000312972e-01,3.738083510719339412e-14,5.009999792465968937e-01,7.672890617901278962e-17,5.004648250869051870e-15,3.827241994803336858e-15,4.979999110036477661e-01,-3.000000000001478706e-01,-4.006366012975861237e-14,5.009999813694601123e-01,-8.364917300569715291e-17,-1.252801781205120559e-15,-3.202995251416336892e-15
2.394286531401134399e-01,1.063017671341931134e-03,7.896558635590710251e-01,-4.066336696544926594e-05,2.500664677837435498e-02,1.993506487383575696e-03,-9.996852964284695942e-01,1.909425600819816479e-02,9.071742368969239537e-03,2.175499966439199944e-03,5.042486698184483335e-02,-1.947348490173737151e-02,-8.616608184463607142e-03,4.090701197115997195e-02,-7.745111805999683498e-03,5.493475507228343796e-03,4.957706920499625747e-02,-4.050355652852610788e-02,8.438431453405873320e-03,2.026003234675029555e-09,2.295765139528493684e-13,-8.907133808796598512e-13,4.979999107524596957e-01,3.000000000000312972e-01,3.738083510719339412e-14,5.009999792465968937e-01,7.672890617901278962e-17,5.004648250869051870e-15,3.827241994803336858e-15,4.979999110036477661e-01,-3.000000000001478706e-01,-4.006366012975861237e-14,5.009999813694601123e-01,-8.364917300569715291e-17,-1.252801781205120559e-15,-3.202995251416336892e-15
2.394286531401134399e-01,1.063017671341931134e-03,7.896558635590710251e-01,-4.066336696544926594e-05,2.500664677837435498e-02,1.993506487383575696e-03,-9.996852964284695942e-01,1.909425600819816479e-02,9.071742368969239537e-03,2.175499966439199944e-03,5.042486698184483335e-02,-1.947348490173737151e-02,-8.616608184463607142e-03,4.090701197115997195e-02,-7.745111805999683498e-03,5.493475507228343796e-03,4.957706920499625747e-02,-4.050355652852610788e-02,8.438431453405873320e-03,2.026003234675029555e-09,2.295765139528493684e-13,-8.907133808796598512e-13,4.979999107524596957e-01,3.000000000000312972e-01,3.738083510719339412e-14,5.009999792465968937e-01,7.672890617901278962e-17,5.004648250869051870e-15,3.827241994803336858e-15,4.979999110036477661e-01,-3.000000000001478706e-01,-4.006366012975861237e-14,5.009999813694601123e-01,-8.364917300569715291e-17,-1.252801781205120559e-15,-3.202995251416336892e-15
2.394286531401134399e-01,1.063017671341931134e-03,7.896558635590710251e-01,-4.066336696544926594e-05,2.500664677837435498e-02,1.993506487383575696e-03,-9.996852964284695942e-01,1.909425600819816479e-02,9.071742368969239537e-03,2.175499966439199944e-03,5.042486698184483335e-02,-1.947348490173737151e-02,-8.616608184463607142e-03,4.090701197115997195e-02,-7.745111805999683498e-03,5.493475507228343796e-03,4.957706920499625747e-02,-4.050355652852610788e-02,8.438431453405873320e-03,2.026003234675029555e-09,2.295765139528493684e-13,-8.907133808796598512e-13,4.979999107524596957e-01,3.000000000000312972e-01,3.738083510719339412e-14,5.009999792465968937e-01,7.672890617901278962e-17,5.004648250869051870e-15,3.827241994803336858e-15,4.979999110036477661e-01,-3.000000000001478706e-01,-4.006366012975861237e-14,5.009999813694601123e-01,-8.364917300569715291e-17,-1.252801781205120559e-15,-3.202995251416336892e-15
2.394286531401134399e-01,1.063017671341931134e-03,7.896558635590710251e-01,-4.066336696544926594e-05,2.500664677837435498e-02,1.993506487383575696e-03,-9.996852964284695942e-01,1.909425600819816479e-02,9.071742368969239537e-03,2.175499966439199944e-03,5.042486698184483335e-02,-1.947348490173737151e-02,-8.616608184463607142e-03,4.090701197115997195e-02,-7.745111805999683498e-03,5.493475507228343796e-03,4.957706920499625747e-02,-4.050355652852610788e-02,8.438431453405873320e-03,2.026003234675029555e-09,2.295765139528493684e-13,-8.907133808796598512e-13,4.979999107524596957e-01,3.000000000000312972e-01,3.738083510719339412e-14,5.009999792465968937e-01,7.672890617901278962e-17,5.004648250869051870e-15,3.827241994803336858e-15,4.979999110036477661e-01,-3.000000000001478706e-01,-4.006366012975861237e-14,5.009999813694601123e-01,-8.364917300569715291e-17,-1.252801781205120559e-15,-3.202995251416336892e-15
2.394286531401134399e-01,1.063017671341931134e-03,7.896558635590710251e-01,-4.066336696544926594e-05,2.500664677837435498e-02,1.993506487383575696e-03,-9.996852964284695942e-01,1.909425600819816479e-02,9.071742368969239537e-03,2.175499966439199944e-03,5.042486698184483335e-02,-1.947348490173737151e-02,-8.616608184463607142e-03,4.090701197115997195e-02,-7.745111805999683498e-03,5.493475507228343796e-03,4.957706920499625747e-02,-4.050355652852610788e-02,8.438431453405873320e-03,2.026003234675029555e-09,2.295765139528493684e-13,-8.907133808796598512e-13,4.979999107524596957e-01,3.000000000000312972e-01,3.738083510719339412e-14,5.009999792465968937e-01,7.672890617901278962e-17,5.004648250869051870e-15,3.827241994803336858e-15,4.979999110036477661e-01,-3.000000000001478706e-01,-4.006366012975861237e-14,5.009999813694601123e-01,-8.364917300569715291e-17,-1.252801781205120559e-15,-3.202995251416336892e-15
2.394286531401134399e-01,1.063017671341931134e-03,7.896558635590710251e-01,-4.066336696544926594e-05,2.500664677837435498e-02,1.993506487383575696e-03,-9.996852964284695942e-01,1.909425600819816479e-02,9.071742368969239537e-03,2.175499966439199944e-03,5.042486698184483335e-02,-1.947348490173737151e-02,-8.616608184463607142e-03,4.090701197115997195e-02,-7.745111805999683498e-03,5.493475507228343796e-03,4.957706920499625747e-02,-4.050355652852610788e-02,8.438431453405873320e-03,2.026003234675029555e-09,2.295765139528493684e-13,-8.907133808796598512e-13,4.979999107524596957e-01,3.000000000000312972e-01,3.738083510719339412e-14,5.009999792465968937e-01,7.672890617901278962e-17,5.004648250869051870e-15,3.827241994803336858e-15,4.979999110036477661e-01,-3.000000000001478706e-01,-4.006366012975861237e-14,5.009999813694601123e-01,-8.364917300569715291e-17,-1.252801781205120559e-15,-3.202995251416336892e-15
2.394286531401134399e-01,1.063017671341931134e-03,7.896558635590710251e-01,-4.066336696544926594e-05,2.500664677837435498e-02,1.993506487383575696e-03,-9.996852964284695942e-01,1.909425600819816479e-02,9.071742368969239537e-03,2.175499966439199944e-03,5.042486698184483335e-02,-1.947348490173737151e-02,-8.616608184463607142e-03,4.090701197115997195e-02,-7.745111805999683498e-03,5.493475507228343796e-03,4.957706920499625747e-02,-4.050355652852610788e-02,8.438431453405873320e-03,2.026003234675029555e-09,2.295765139528493684e-13,-8.907133808796598512e-13,4.979999107524596957e-01,3.000000000000312972e-01,3.738083510719339412e-14,5.009999792465968937e-01,7.672890617901278962e-17,5.004648250869051870e-15,3.827241994803336858e-15,4.979999110036477661e-01,-3.000000000001478706e-01,-4.006366012975861237e-14,5.009999813694601123e-01,-8.364917300569715291e-17,-1.252801781205120559e-15,-3.202995251416336892e-15
2.394286531401134399e-01,1.063017671341931134e-03,7.896558635590710251e-01,-4.066336696544926594e-05,2.500664677837435498e-02,1.993506487383575696e-03,-9.996852964284695942e-01,1.909425600819816479e-02,9.071742368969239537e-03,2.175499966439199944e-03,5.042486698184483335e-02,-1.947348490173737151e-02,-8.616608184463607142e-03,4.090701197115997195e-02,-7.745111805999683498e-03,5.493475507228343796e-03,4.957706920499625747e-02,-4.050355652852610788e-02,8.438431453405873320e-03,2.026003234675029555e-09,2.295765139528493684e-13,-8.907133808796598512e-13,4.979999107524596957e-01,3.000000000000312972e-01,3.738083510719339412e-14,5.009999792465968937e-01,7.672890617901278962e-17,5.004648250869051870e-15,3.827241994803336858e-15,4.979999110036477661e-01,-3.000000000001478706e-01,-4.006366012975861237e-14,5.009999813694601123e-01,-8.364917300569715291e-17,-1.252801781205120559e-15,-3.202995251416336892e-15
2.394286531401134399e-01,1.063017671341931134e-03,7.896558635590710251e-01,-4.066336696544926594e-05,2.500664677837435498e-02,1.993506487383575696e-03,-9.996852964284695942e-01,1.909425600819816479e-02,9.071742368969239537e-03,2.175499966439199944e-03,5.042486698184483335e-02,-1.947348490173737151e-02,-8.616608184463607142e-03,4.090701197115997195e-02,-7.745111805999683498e-03,5.493475507228343796e-03,4.957706920499625747e-02,-4.050355652852610788e-02,8.438431453405873320e-03,2.026003234675029555e-09,2.295765139528493684e-13,-8.907133808796598512e-13,4.979999107524596957e-01,3.000000000000312972e-01,3.738083510719339412e-14,5.009999792465968937e-01,7.672890617901278962e-17,5.004648250869051870e-15,3.827241994803336858e-15,4.979999110036477661e-01,-3.000000000001478706e-01,-4.006366012975861237e-14,5.009999813694601123e-01,-8.364917300569715291e-17,-1.252801781205120559e-15,-3.202995251416336892e-15
2.394286531401134399e-01,1.063017671341931134e-03,7.896558635590710251e-01,-4.066336696544926594e-05,2.500664677837435498e-02,1.993506487383575696e-03,-9.996852964284695942e-01,1.909425600819816479e-02,9.071742368969239537e-03,2.175499966439199944e-03,5.042486698184483335e-02,-1.947348490173737151e-02,-8.616608184463607142e-03,4.090701197115997195e-02,-7.745111805999683498e-03,5.493475507228343796e-03,4.957706920499625747e-02,-4.050355652852610788e-02,8.438431453405873320e-03,2.026003234675029555e-09,2.295765139528493684e-13,-8.907133808796598512e-13,4.979999107524596957e-01,3.000000000000312972e-01,3.738083510719339412e-14,5.009999792465968937e-01,7.672890617901278962e-17,5.004648250869051870e-15,3.827241994803336858e-15,4.979999110036477661e-01,-3.000000000001478706e-01,-4.006366012975861237e-14,5.009999813694601123e-01,-8.364917300569715291e-17,-1.252801781205120559e-15,-3.202995251416336892e-15
2.394286531401134399e-01,1.063017671341931134e-03,7.896558635590710251e-01,-4.066336696544926594e-05,2.500664677837435498e-02,1.993506487383575696e-03,-9.996852964284695942e-01,1.909425600819816479e-02,9.071742368969239537e-03,2.175499966439199944e-03,5.042486698184483335e-02,-1.947348490173737151e-02,-8.616608184463607142e-03,4.090701197115997195e-02,-7.745111805999683498e-03,5.493475507228343796e-03,4.957706920499625747e-02,-4.050355652852610788e-02,8.438431453405873320e-03,2.026003234675029555e-09,2.295765139528493684e-13,-8.907133808796598512e-13,4.979999107524596957e-01,3.000000000000312972e-01,3.738083510719339412e-14,5.009999792465968937e-01,7.672890617901278962e-17,5.004648250869051870e-15,3.827241994803336858e-15,4.979999110036477661e-01,-3.000000000001478706e-01,-4.006366012975861237e-14,5.009999813694601123e-01,-8.364917300569715291e-17,-1.252801781205120559e-15,-3.202995251416336892e-15
2.394286531401134399e-01,1.063017671341931134e-03,7.896558635590710251e-01,-4.066336696544926594e-05,2.500664677837435498e-02,1.993506487383575696e-03,-9.996852964284695942e-01,1.909425600819816479e-02,9.071742368969239537e-03,2.175499966439199944e-03,5.042486698184483335e-02,-1.947348490173737151e-02,-8.616608184463607142e-03,4.090701197115997195e-02,-7.745111805999683498e-03,5.493475507228343796e-03,4.957706920499625747e-02,-4.050355652852610788e-02,8.438431453405873320e-03,2.026003234675029555e-09,2.295765139528493684e-13,-8.907133808796598512e-13,4.979999107524596957e-01,3.000000000000312972e-01,3.738083510719339412e-14,5.009999792465968937e-01,7.672890617901278962e-17,5.004648250869051870e-15,3.827241994803336858e-15,4.979999110036477661e-01,-3.000000000001478706e-01,-4.006366012975861237e-14,5.009999813694601123e-01,-8.364917300569715291e-17,-1.252801781205120559e-15,-3.202995251416336892e-15
2.394286531401134399e-01,1.063017671341931134e-03,7.896558635590710251e-01,-4.066336696544926594e-05,2.500664677837435498e-02,1.993506487383575696e-03,-9.996852964284695942e-01,1.909425600819816479e-02,9.071742368969239537e-03,2.175499966439199944e-03,5.042486698184483335e-02,-1.947348490173737151e-02,-8.616608184463607142e-03,4.090701197115997195e-02,-7.745111805999683498e-03,5.493475507228343796e-03,4.957706920499625747e-02,-4.050355652852610788e-02,8.438431453405873320e-03,2.026003234675029555e-09,2.295765139528493684e-13,-8.907133808796598512e-13,4.979999107524596957e-01,3.000000000000312972e-01,3.738083510719339412e-14,5.009999792465968937e-01,7.672890617901278962e-17,5.004648250869051870e-15,3.827241994803336858e-15,4.979999110036477661e-01,-3.000000000001478706e-01,-4.006366012975861237e-14,5.009999813694601123e-01,-8.364917300569715291e-17,-1.252801781205120559e-15,-3.202995251416336892e-15
2.394286531401134399e-01,1.063017671341931134e-03,7.896558635590710251e-01,-4.066336696544926594e-05,2.500664677837435498e-02,1.993506487383575696e-03,-9.996852964284695942e-01,1.909425600819816479e-02,9.071742368969239537e-03,2.175499966439199944e-03,5.042486698184483335e-02,-1.947348490173737151e-02,-8.616608184463607142e-03,4.090701197115997195e-02,-7.745111805999683498e-03,5.493475507228343796e-03,4.957706920499625747e-02,-4.050355652852610788e-02,8.438431453405873320e-03,2.026003234675029555e-09,2.295765139528493684e-13,-8.907133808796598512e-13,4.979999107524596957e-01,3.000000000000312972e-01,3.738083510719339412e-14,5.009999792465968937e-01,7.672890617901278962e-17,5.004648250869051870e-15,3.827241994803336858e-15,4.979999110036477661e-01,-3.000000000001478706e-01,-4.006366012975861237e-14,5.009999813694601123e-01,-8.364917300569715291e-17,-1.252801781205120559e-15,-3.202995251416336892e-15
2.394286531401134399e-01,1.063017671341931134e-03,7.896558635590710251e-01,-4.066336696544926594e-05,2.500664677837435498e-02,1.993506487383575696e-03,-9.996852964284695942e-01,1.909425600819816479e-02,9.071742368969239537e-03,2.175499966439199944e-03,5.042486698184483335e-02,-1.947348490173737151e-02,-8.616608184463607142e-03,4.090701197115997195e-02,-7.745111805999683498e-03,5.493475507228343796e-03,4.957706920499625747e-02,-4.050355652852610788e-02,8.438431453405873320e-03,2.026003234675029555e-09,2.295765139528493684e-13,-8.907133808796598512e-13,4.979999107524596957e-01,3.000000000000312972e-01,3.738083510719339412e-14,5.009999792465968937e-01,7.672890617901278962e-17,5.004648250869051870e-15,3.827241994803336858e-15,4.979999110036477661e-01,-3.000000000001478706e-01,-4.006366012975861237e-14,5.009999813694601123e-01,-8.364917300569715291e-17,-1.252801781205120559e-15,-3.202995251416336892e-15
2.394286531401134399e-01,1.063017671341931134e-03,7.896558635590710251e-01,-4.066336696544926594e-05,2.500664677837435498e-02,1.993506487383575696e-03,-9.996852964284695942e-01,1.909425600819816479e-02,9.071742368969239537e-03,2.175499966439199944e-03,5.042486698184483335e-02,-1.947348490173737151e-02,-8.616608184463607142e-03,4.090701197115997195e-02,-7.745111805999683498e-03,5.493475507228343796e-03,4.957706920499625747e-02,-4.050355652852610788e-02,8.438431453405873320e-03,2.026003234675029555e-09,2.295765139528493684e-13,-8.907133808796598512e-13,4.979999107524596957e-01,3.000000000000312972e-01,3.738083510719339412e-14,5.009999792465968937e-01,7.672890617901278962e-17,5.004648250869051870e-15,3.827241994803336858e-15,4.979999110036477661e-01,-3.000000000001478706e-01,-4.006366012975861237e-14,5.009999813694601123e-01,-8.364917300569715291e-17,-1.252801781205120559e-15,-3.202995251416336892e-15
2.394286531401134399e-01,1.063017671341931134e-03,7.896558635590710251e-01,-4.066336696544926594e-05,2.500664677837435498e-02,1.993506487383575696e-03,-9.996852964284695942e-01,1.909425600819816479e-02,9.071742368969239537e-03,2.175499966439199944e-03,5.042486698184483335e-02,-1.947348490173737151e-02,-8.616608184463607142e-03,4.090701197115997195e-02,-7.745111805999683498e-03,5.493475507228343796e-03,4.957706920499625747e-02,-4.050355652852610788e-02,8.438431453405873320e-03,2.026003234675029555e-09,2.295765139528493684e-13,-8.907133808796598512e-13,4.979999107524596957e-01,3.000000000000312972e-01,3.738083510719339412e-14,5.009999792465968937e-01,7.672890617901278962e-17,5.004648250869051870e-15,3.827241994803336858e-15,4.979999110036477661e-01,-3.000000000001478706e-01,-4.006366012975861237e-14,5.009999813694601123e-01,-8.364917300569715291e-17,-1.252801781205120559e-15,-3.202995251416336892e-15
2.394286531401134399e-01,1.063017671341931134e-03,7.896558635590710251e-01,-4.066336696544926594e-05,2.500664677837435498e-02,1.993506487383575696e-03,-9.996852964284695942e-01,1.909425600819816479e-02,9.071742368969239537e-03,2.175499966439199944e-03,5.042486698184483335e-02,-1.947348490173737151e-02,-8.616608184463607142e-03,4.090701197115997195e-02,-7.745111805999683498e-03,5.493475507228343796e-03,4.957706920499625747e-02,-4.050355652852610788e-02,8.438431453405873320e-03,2.026003234675029555e-09,2.295765139528493684e-13,-8.907133808796598512e-13,4.979999107524596957e-01,3.000000000000312972e-01,3.738083510719339412e-14,5.009999792465968937e-01,7.672890617901278962e-17,5.004648250869051870e-15,3.827241994803336858e-15,4.979999110036477661e-01,-3.000000000001478706e-01,-4.006366012975861237e-14,5.009999813694601123e-01,-8.364917300569715291e-17,-1.252801781205120559e-15,-3.202995251416336892e-15
2.394286531401134399e-01,1.063017671341931134e-03,7.896558635590710251e-01,-4.066336696544926594e-05,2.500664677837435498e-02,1.993506487383575696e-03,-9.996852964284695942e-01,1.909425600819816479e-02,9.071742368969239537e-03,2.175499966439199944e-03,5.042486698184483335e-02,-1.947348490173737151e-02,-8.616608184463607142e-03,4.090701197115997195e-02,-7.745111805999683498e-03,5.493475507228343796e-03,4.957706920499625747e-02,-4.050355652852610788e-02,8.438431453405873320e-03,2.026003234675029555e-09,2.295765139528493684e-13,-8.907133808796598512e-13,4.979999107524596957e-01,3.000000000000312972e-01,3.738083510719339412e-14,5.009999792465968937e-01,7.672890617901278962e-17,5.004648250869051870e-15,3.827241994803336858e-15,4.979999110036477661e-01,-3.000000000001478706e-01,-4.006366012975861237e-14,5.009999813694601123e-01,-8.364917300569715291e-17,-1.252801781205120559e-15,-3.202995251416336892e-15
2.394286531401134399e-01,1.063017671341931134e-03,7.896558635590710251e-01,-4.066336696544926594e-05,2.500664677837435498e-02,1.993506487383575696e-03,-9.996852964284695942e-01,1.909425600819816479e-02,9.071742368969239537e-03,2.175499966439199944e-03,5.042486698184483335e-02,-1.947348490173737151e-02,-8.616608184463607142e-03,4.090701197115997195e-02,-7.745111805999683498e-03,5.493475507228343796e-03,4.957706920499625747e-02,-4.050355652852610788e-02,8.438431453405873320e-03,2.026003234675029555e-09,2.295765139528493684e-13,-8.907133808796598512e-13,4.979999107524596957e-01,3.000000000000312972e-01,3.738083510719339412e-14,5.009999792465968937e-01,7.672890617901278962e-17,5.004648250869051870e-15,3.827241994803336858e-15,4.979999110036477661e-01,-3.000000000001478706e-01,-4.006366012975861237e-14,5.009999813694601123e-01,-8.364917300569715291e-17,-1.252801781205120559e-15,-3.202995251416336892e-15
2.394286531401134399e-01,1.063017671341931134e-03,7.896558635590710251e-01,-4.066336696544926594e-05,2.500664677837435498e-02,1.993506487383575696e-03,-9.996852964284695942e-01,1.909425600819816479e-02,9.071742368969239537e-03,2.175499966439199944e-03,5.042486698184483335e-02,-1.947348490173737151e-02,-8.616608184463607142e-03,4.090701197115997195e-02,-7.745111805999683498e-03,5.493475507228343796e-03,4.957706920499625747e-02,-4.050355652852610788e-02,8.438431453405873320e-03,2.026003234675029555e-09,2.295765139528493684e-13,-8.907133808796598512e-13,4.979999107524596957e-01,3.000000000000312972e-01,3.738083510719339412e-14,5.009999792465968937e-01,7.672890617901278962e-17,5.004648250869051870e-15,3.827241994803336858e-15,4.979999110036477661e-01,-3.000000000001478706e-01,-4.006366012975861237e-14,5.009999813694601123e-01,-8.364917300569715291e-17,-1.252801781205120559e-15,-3.202995251416336892e-15
2.394286531401134399e-01,1.063017671341931134e-03,7.896558635590710251e-01,-4.066336696544926594e-05,2.500664677837435498e-02,1.993506487383575696e-03,-9.996852964284695942e-01,1.909425600819816479e-02,9.071742368969239537e-03,2.175499966439199944e-03,5.042486698184483335e-02,-1.947348490173737151e-02,-8.616608184463607142e-03,4.090701197115997195e-02,-7.745111805999683498e-03,5.493475507228343796e-03,4.957706920499625747e-02,-4.050355652852610788e-02,8.438431453405873320e-03,2.026003234675029555e-09,2.295765139528493684e-13,-8.907133808796598512e-13,4.979999107524596957e-01,3.000000000000312972e-01,3.738083510719339412e-14,5.009999792465968937e-01,7.672890617901278962e-17,5.004648250869051870e-15,3.827241994803336858e-15,4.979999110036477661e-01,-3.000000000001478706e-01,-4.006366012975861237e-14,5.009999813694601123e-01,-8.364917300569715291e-17,-1.252801781205120559e-15,-3.202995251416336892e-15
2.394286531401134399e-01,1.063017671341931134e-03,7.896558635590710251e-01,-4.066336696544926594e-05,2.500664677837435498e-02,1.993506487383575696e-03,-9.996852964284695942e-01,1.909425600819816479e-02,9.071742368969239537e-03,2.175499966439199944e-03,5.042486698184483335e-02,-1.947348490173737151e-02,-8.616608184463607142e-03,4.090701197115997195e-02,-7.745111805999683498e-03,5.493475507228343796e-03,4.957706920499625747e-02,-4.050355652852610788e-02,8.438431453405873320e-03,2.026003234675029555e-09,2.295765139528493684e-13,-8.907133808796598512e-13,4.979999107524596957e-01,3.000000000000312972e-01,3.738083510719339412e-14,5.009999792465968937e-01,7.672890617901278962e-17,5.004648250869051870e-15,3.827241994803336858e-15,4.979999110036477661e-01,-3.000000000001478706e-01,-4.006366012975861237e-14,5.009999813694601123e-01,-8.364917300569715291e-17,-1.252801781205120559e-15,-3.202995251416336892e-15
2.394286531401134399e-01,1.063017671341931134e-03,7.896558635590710251e-01,-4.066336696544926594e-05,2.500664677837435498e-02,1.993506487383575696e-03,-9.996852964284695942e-01,1.909425600819816479e-02,9.071742368969239537e-03,2.175499966439199944e-03,5.042486698184483335e-02,-1.947348490173737151e-02,-8.616608184463607142e-03,4.090701197115997195e-02,-7.745111805999683498e-03,5.493475507228343796e-03,4.957706920499625747e-02,-4.050355652852610788e-02,8.438431453405873320e-03,2.026003234675029555e-09,2.295765139528493684e-13,-8.907133808796598512e-13,4.979999107524596957e-01,3.000000000000312972e-01,3.738083510719339412e-14,5.009999792465968937e-01,7.672890617901278962e-17,5.004648250869051870e-15,3.827241994803336858e-15,4.979999110036477661e-01,-3.000000000001478706e-01,-4.006366012975861237e-14,5.009999813694601123e-01,-8.364917300569715291e-17,-1.252801781205120559e-15,-3.202995251416336892e-15
2.394286531401134399e-01,1.063017671341931134e-03,7.896558635590710251e-01,-4.066336696544926594e-05,2.500664677837435498e-02,1.993506487383575696e-03,-9.996852964284695942e-01,1.909425600819816479e-02,9.071742368969239537e-03,2.175499966439199944e-03,5.042486698184483335e-02,-1.947348490173737151e-02,-8.616608184463607142e-03,4.090701197115997195e-02,-7.745111805999683498e-03,5.493475507228343796e-03,4.957706920499625747e-02,-4.050355652852610788e-02,8.438431453405873320e-03,2.026003234675029555e-09,2.295765139528493684e-13,-8.907133808796598512e-13,4.979999107524596957e-01,3.000000000000312972e-01,3.738083510719339412e-14,5.009999792465968937e-01,7.672890617901278962e-17,5.004648250869051870e-15,3.827241994803336858e-15,4.979999110036477661e-01,-3.000000000001478706e-01,-4.006366012975861237e-14,5.009999813694601123e-01,-8.364917300569715291e-17,-1.252801781205120559e-15,-3.202995251416336892e-15
2.394286531401134399e-01,1.063017671341931134e-03,7.896558635590710251e-01,-4.066336696544926594e-05,2.500664677837435498e-02,1.993506487383575696e-03,-9.996852964284695942e-01,1.909425600819816479e-02,9.071742368969239537e-03,2.175499966439199944e-03,5.042486698184483335e-02,-1.947348490173737151e-02,-8.616608184463607142e-03,4.090701197115997195e-02,-7.745111805999683498e-03,5.493475507228343796e-03,4.957706920499625747e-02,-4.050355652852610788e-02,8.438431453405873320e-03,2.026003234675029555e-09,2.295765139528493684e-13,-8.907133808796598512e-13,4.979999107524596957e-01,3.000000000000312972e-01,3.738083510719339412e-14,5.009999792465968937e-01,7.672890617901278962e-17,5.004648250869051870e-15,3.827241994803336858e-15,4.979999110036477661e-01,-3.000000000001478706e-01,-4.006366012975861237e-14,5.009999813694601123e-01,-8.364917300569715291e-17,-1.252801781205120559e-15,-3.202995251416336892e-15
2.394286531401134399e-01,1.063017671341931134e-03,7.896558635590710251e-01,-4.066336696544926594e-05,2.500664677837435498e-02,1.993506487383575696e-03,-9.996852964284695942e-01,1.909425600819816479e-02,9.071742368969239537e-03,2.175499966439199944e-03,5.042486698184483335e-02,-1.947348490173737151e-02,-8.616608184463607142e-03,4.090701197115997195e-02,-7.745111805999683498e-03,5.493475507228343796e-03,4.957706920499625747e-02,-4.050355652852610788e-02,8.438431453405873320e-03,2.026003234675029555e-09,2.295765139528493684e-13,-8.907133808796598512e-13,4.979999107524596957e-01,3.000000000000312972e-01,3.738083510719339412e-14,5.009999792465968937e-01,7.672890617901278962e-17,5.004648250869051870e-15,3.827241994803336858e-15,4.979999110036477661e-01,-3.000000000001478706e-01,-4.006366012975861237e-14,5.009999813694601123e-01,-8.364917300569715291e-17,-1.252801781205120559e-15,-3.202995251416336892e-15
2.394286531401134399e-01,1.063017671341931134e-03,7.896558635590710251e-01,-4.066336696544926594e-05,2.500664677837435498e-02,1.993506487383575696e-03,-9.996852964284695942e-01,1.909425600819816479e-02,9.071742368969239537e-03,2.175499966439199944e-03,5.042486698184483335e-02,-1.947348490173737151e-02,-8.616608184463607142e-03,4.090701197115997195e-02,-7.745111805999683498e-03,5.493475507228343796e-03,4.957706920499625747e-02,-4.050355652852610788e-02,8.438431453405873320e-03,2.026003234675029555e-09,2.295765139528493684e-13,-8.907133808796598512e-13,4.979999107524596957e-01,3.000000000000312972e-01,3.738083510719339412e-14,5.009999792465968937e-01,7.672890617901278962e-17,5.004648250869051870e-15,3.827241994803336858e-15,4.979999110036477661e-01,-3.000000000001478706e-01,-4.006366012975861237e-14,5.009999813694601123e-01,-8.364917300569715291e-17,-1.252801781205120559e-15,-3.202995251416336892e-15
2.394286531401134399e-01,1.063017671341931134e-03,7.896558635590710251e-01,-4.066336696544926594e-05,2.500664677837435498e-02,1.993506487383575696e-03,-9.996852964284695942e-01,1.909425600819816479e-02,9.071742368969239537e-03,2.175499966439199944e-03,5.042486698184483335e-02,-1.947348490173737151e-02,-8.616608184463607142e-03,4.090701197115997195e-02,-7.745111805999683498e-03,5.493475507228343796e-03,4.957706920499625747e-02,-4.050355652852610788e-02,8.438431453405873320e-03,2.026003234675029555e-09,2.295765139528493684e-13,-8.907133808796598512e-13,4.979999107524596957e-01,3.000000000000312972e-01,3.738083510719339412e-14,5.009999792465968937e-01,7.672890617901278962e-17,5.004648250869051870e-15,3.827241994803336858e-15,4.979999110036477661e-01,-3.000000000001478706e-01,-4.006366012975861237e-14,5.009999813694601123e-01,-8.364917300569715291e-17,-1.252801781205120559e-15,-3.202995251416336892e-15
2.394286531401134399e-01,1.063017671341931134e-03,7.896558635590710251e-01,-4.066336696544926594e-05,2.500664677837435498e-02,1.993506487383575696e-03,-9.996852964284695942e-01,1.909425600819816479e-02,9.071742368969239537e-03,2.175499966439199944e-03,5.042486698184483335e-02,-1.947348490173737151e-02,-8.616608184463607142e-03,4.090701197115997195e-02,-7.745111805999683498e-03,5.493475507228343796e-03,4.957706920499625747e-02,-4.050355652852610788e-02,8.438431453405873320e-03,2.026003234675029555e-09,2.295765139528493684e-13,-8.907133808796598512e-13,4.979999107524596957e-01,3.000000000000312972e-01,3.738083510719339412e-14,5.009999792465968937e-01,7.672890617901278962e-17,5.004648250869051870e-15,3.827241994803336858e-15,4.979999110036477661e-01,-3.000000000001478706e-01,-4.006366012975861237e-14,5.009999813694601123e-01,-8.364917300569715291e-17,-1.252801781205120559e-15,-3.202995251416336892e-15
2.394286531401134399e-01,1.063017671341931134e-03,7.896558635590710251e-01,-4.066336696544926594e-05,2.500664677837435498e-02,1.993506487383575696e-03,-9.996852964284695942e-01,1.909425600819816479e-02,9.071742368969239537e-03,2.175499966439199944e-03,5.042486698184483335e-02,-1.947348490173737151e-02,-8.616608184463607142e-03,4.090701197115997195e-02,-7.745111805999683498e-03,5.493475507228343796e-03,4.957706920499625747e-02,-4.050355652852610788e-02,8.438431453405873320e-03,2.026003234675029555e-09,2.295765139528493684e-13,-8.907133808796598512e-13,4.979999107524596957e-01,3.000000000000312972e-01,3.738083510719339412e-14,5.009999792465968937e-01,7.672890617901278962e-17,5.004648250869051870e-15,3.827241994803336858e-15,4.979999110036477661e-01,-3.000000000001478706e-01,-4.006366012975861237e-14,5.009999813694601123e-01,-8.364917300569715291e-17,-1.252801781205120559e-15,-3.202995251416336892e-15
2.394286531401134399e-01,1.063017671341931134e-03,7.896558635590710251e-01,-4.066336696544926594e-05,2.500664677837435498e-02,1.993506487383575696e-03,-9.996852964284695942e-01,1.909425600819816479e-02,9.071742368969239537e-03,2.175499966439199944e-03,5.042486698184483335e-02,-1.947348490173737151e-02,-8.616608184463607142e-03,4.090701197115997195e-02,-7.745111805999683498e-03,5.493475507228343796e-03,4.957706920499625747e-02,-4.050355652852610788e-02,8.438431453405873320e-03,2.026003234675029555e-09,2.295765139528493684e-13,-8.907133808796598512e-13,4.979999107524596957e-01,3.000000000000312972e-01,3.738083510719339412e-14,5.009999792465968937e-01,7.672890617901278962e-17,5.004648250869051870e-15,3.827241994803336858e-15,4.979999110036477661e-01,-3.000000000001478706e-01,-4.006366012975861237e-14,5.009999813694601123e-01,-8.364917300569715291e-17,-1.252801781205120559e-15,-3.202995251416336892e-15
2.394286531401134399e-01,1.063017671341931134e-03,7.896558635590710251e-01,-4.066336696544926594e-05,2.500664677837435498e-02,1.993506487383575696e-03,-9.996852964284695942e-01,1.909425600819816479e-02,9.071742368969239537e-03,2.175499966439199944e-03,5.042486698184483335e-02,-1.947348490173737151e-02,-8.616608184463607142e-03,4.090701197115997195e-02,-7.745111805999683498e-03,5.493475507228343796e-03,4.957706920499625747e-02,-4.050355652852610788e-02,8.438431453405873320e-03,2.026003234675029555e-09,2.295765139528493684e-13,-8.907133808796598512e-13,4.979999107524596957e-01,3.000000000000312972e-01,3.738083510719339412e-14,5.009999792465968937e-01,7.672890617901278962e-17,5.004648250869051870e-15,3.827241994803336858e-15,4.979999110036477661e-01,-3.000000000001478706e-01,-4.006366012975861237e-14,5.009999813694601123e-01,-8.364917300569715291e-17,-1.252801781205120559e-15,-3.202995251416336892e-15
