2.484601063227976150e-03,-4.238117392072567377e-05,7.898046255936111981e-01,8.630750969602900618e-07,2.432633045126582697e-02,-3.711167828699198670e-05,9.997040703471974377e-01,-3.332976337336056305e-02,7.065992172999864377e-05,6.382670350163018220e-05,-4.087383024770101236e-02,2.554613733822076044e-02,-5.954046384078894803e-05,-3.334245892114139076e-02,9.097081048408803738e-05,6.055682447651761040e-05,-4.090454092323420054e-02,2.558954482463942845e-02,-8.011193748422503500e-05,2.849759518397067055e-14,-8.381222373615249686e-14,7.341097670992840008e-13,5.027726118804508593e-01,2.999999999999834466e-01,-1.518409829987069176e-15,4.324143392789216445e-01,-2.279694965018116256e-16,-1.659691758261159931e-14,-1.285147549165720857e-15,5.027759023872925281e-01,-2.999999999999368727e-01,3.332852383032478741e-14,4.323868572047740444e-01,1.962260222914908117e-16,-1.511218807818143766e-14,4.350252395389292996e-15
2.484601063227976150e-03,-4.238117392072567377e-05,7.898046255936111981e-01,8.630750969602900618e-07,2.432633045126582697e-02,-3.711167828699198670e-05,9.997040703471974377e-01,-3.332976337336056305e-02,7.065992172999864377e-05,6.382670350163018220e-05,-4.087383024770101236e-02,2.554613733822076044e-02,-5.954046384078894803e-05,-3.334245892114139076e-02,9.097081048408803738e-05,6.055682447651761040e-05,-4.090454092323420054e-02,2.558954482463942845e-02,-8.011193748422503500e-05,2.849759518397067055e-14,-8.381222373615249686e-14,7.341097670992840008e-13,5.027726118804508593e-01,2.999999999999834466e-01,-1.518409829987069176e-15,4.324143392789216445e-01,-2.279694965018116256e-16,-1.659691758261159931e-14,-1.285147549165720857e-15,5.027759023872925281e-01,-2.999999999999368727e-01,3.332852383032478741e-14,4.323868572047740444e-01,1.962260222914908117e-16,-1.511218807818143766e-14,4.350252395389292996e-15
2.484601063227976150e-03,-4.238117392072567377e-05,7.898046255936111981e-01,8.630750969602900618e-07,2.432633045126582697e-02,-3.711167828699198670e-05,9.997040703471974377e-01,-3.332976337336056305e-02,7.065992172999864377e-05,6.382670350163018220e-05,-4.087383024770101236e-02,2.554613733822076044e-02,-5.954046384078894803e-05,-3.334245892114139076e-02,9.097081048408803738e-05,6.055682447651761040e-05,-4.090454092323420054e-02,2.558954482463942845e-02,-8.011193748422503500e-05,2.849759518397067055e-14,-8.381222373615249686e-14,7.341097670992840008e-13,5.027726118804508593e-01,2.999999999999834466e-01,-1.518409829987069176e-15,4.324143392789216445e-01,-2.279694965018116256e-16,-1.659691758261159931e-14,-1.285147549165720857e-15,5.027759023872925281e-01,-2.999999999999368727e-01,3.332852383032478741e-14,4.323868572047740444e-01,1.962260222914908117e-16,-1.511218807818143766e-14,4.350252395389292996e-15
2.484601063227976150e-03,-4.238117392072567377e-05,7.898046255936111981e-01,8.630750969602900618e-07,2.432633045126582697e-02,-3.711167828699198670e-05,9.997040703471974377e-01,-3.332976337336056305e-02,7.065992172999864377e-05,6.382670350163018220e-05,-4.087383024770101236e-02,2.554613733822076044e-02,-5.954046384078894803e-05,-3.334245892114139076e-02,9.097081048408803738e-05,6.055682447651761040e-05,-4.090454092323420054e-02,2.558954482463942845e-02,-8.011193748422503500e-05,2.849759518397067055e-14,-8.381222373615249686e-14,7.341097670992840008e-13,5.027726118804508593e-01,2.999999999999834466e-01,-1.518409829987069176e-15,4.324143392789216445e-01,-2.279694965018116256e-16,-1.659691758261159931e-14,-1.285147549165720857e-15,5.027759023872925281e-01,-2.999999999999368727e-01,3.332852383032478741e-14,4.323868572047740444e-01,1.962260222914908117e-16,-1.511218807818143766e-14,4.350252395389292996e-15
2.484601063227976150e-03,-4.238117392072567377e-05,7.898046255936111981e-01,8.630750969602900618e-07,2.432633045126582697e-02,-3.711167828699198670e-05,9.997040703471974377e-01,-3.332976337336056305e-02,7.065992172999864377e-05,6.382670350163018220e-05,-4.087383024770101236e-02,2.554613733822076044e-02,-5.954046384078894803e-05,-3.334245892114139076e-02,9.097081048408803738e-05,6.055682447651761040e-05,-4.090454092323420054e-02,2.558954482463942845e-02,-8.011193748422503500e-05,2.849759518397067055e-14,-8.381222373615249686e-14,7.341097670992840008e-13,5.027726118804508593e-01,2.999999999999834466e-01,-1.518409829987069176e-15,4.324143392789216445e-01,-2.279694965018116256e-16,-1.659691758261159931e-14,-1.285147549165720857e-15,5.027759023872925281e-01,-2.999999999999368727e-01,3.332852383032478741e-14,4.323868572047740444e-01,1.962260222914908117e-16,-1.511218807818143766e-14,4.350252395389292996e-15
2.484601063227976150e-03,-4.238117392072567377e-05,7.898046255936111981e-01,8.630750969602900618e-07,2.432633045126582697e-02,-3.711167828699198670e-05,9.997040703471974377e-01,-3.332976337336056305e-02,7.065992172999864377e-05,6.382670350163018220e-05,-4.087383024770101236e-02,2.554613733822076044e-02,-5.954046384078894803e-05,-3.334245892114139076e-02,9.097081048408803738e-05,6.055682447651761040e-05,-4.090454092323420054e-02,2.558954482463942845e-02,-8.011193748422503500e-05,2.849759518397067055e-14,-8.381222373615249686e-14,7.341097670992840008e-13,5.027726118804508593e-01,2.999999999999834466e-01,-1.518409829987069176e-15,4.324143392789216445e-01,-2.279694965018116256e-16,-1.659691758261159931e-14,-1.285147549165720857e-15,5.027759023872925281e-01,-2.999999999999368727e-01,3.332852383032478741e-14,4.323868572047740444e-01,1.962260222914908117e-16,-1.511218807818143766e-14,4.350252395389292996e-15
2.484601063227976150e-03,-4.238117392072567377e-05,7.898046255936111981e-01,8.630750969602900618e-07,2.432633045126582697e-02,-3.711167828699198670e-05,9.997040703471974377e-01,-3.332976337336056305e-02,7.065992172999864377e-05,6.382670350163018220e-05,-4.087383024770101236e-02,2.554613733822076044e-02,-5.954046384078894803e-05,-3.334245892114139076e-02,9.097081048408803738e-05,6.055682447651761040e-05,-4.090454092323420054e-02,2.558954482463942845e-02,-8.011193748422503500e-05,2.849759518397067055e-14,-8.381222373615249686e-14,7.341097670992840008e-13,5.027726118804508593e-01,2.999999999999834466e-01,-1.518409829987069176e-15,4.324143392789216445e-01,-2.279694965018116256e-16,-1.659691758261159931e-14,-1.285147549165720857e-15,5.027759023872925281e-01,-2.999999999999368727e-01,3.332852383032478741e-14,4.323868572047740444e-01,1.962260222914908117e-16,-1.511218807818143766e-14,4.350252395389292996e-15
2.484601063227976150e-03,-4.238117392072567377e-05,7.898046255936111981e-01,8.630750969602900618e-07,2.432633045126582697e-02,-3.711167828699198670e-05,9.997040703471974377e-01,-3.332976337336056305e-02,7.065992172999864377e-05,6.382670350163018220e-05,-4.087383024770101236e-02,2.554613733822076044e-02,-5.954046384078894803e-05,-3.334245892114139076e-02,9.097081048408803738e-05,6.055682447651761040e-05,-4.090454092323420054e-02,2.558954482463942845e-02,-8.011193748422503500e-05,2.849759518397067055e-14,-8.381222373615249686e-14,7.341097670992840008e-13,5.027726118804508593e-01,2.999999999999834466e-01,-1.518409829987069176e-15,4.324143392789216445e-01,-2.279694965018116256e-16,-1.659691758261159931e-14,-1.285147549165720857e-15,5.027759023872925281e-01,-2.999999999999368727e-01,3.332852383032478741e-14,4.323868572047740444e-01,1.962260222914908117e-16,-1.511218807818143766e-14,4.350252395389292996e-15
2.484601063227976150e-03,-4.238117392072567377e-05,7.898046255936111981e-01,8.630750969602900618e-07,2.432633045126582697e-02,-3.711167828699198670e-05,9.997040703471974377e-01,-3.332976337336056305e-02,7.065992172999864377e-05,6.382670350163018220e-05,-4.087383024770101236e-02,2.554613733822076044e-02,-5.954046384078894803e-05,-3.334245892114139076e-02,9.097081048408803738e-05,6.055682447651761040e-05,-4.090454092323420054e-02,2.558954482463942845e-02,-8.011193748422503500e-05,2.849759518397067055e-14,-8.381222373615249686e-14,7.341097670992840008e-13,5.027726118804508593e-01,2.999999999999834466e-01,-1.518409829987069176e-15,4.324143392789216445e-01,-2.279694965018116256e-16,-1.659691758261159931e-14,-1.285147549165720857e-15,5.027759023872925281e-01,-2.999999999999368727e-01,3.332852383032478741e-14,4.323868572047740444e-01,1.962260222914908117e-16,-1.511218807818143766e-14,4.350252395389292996e-15
2.484601063227976150e-03,-4.238117392072567377e-05,7.898046255936111981e-01,8.630750969602900618e-07,2.432633045126582697e-02,-3.711167828699198670e-05,9.997040703471974377e-01,-3.332976337336056305e-02,7.065992172999864377e-05,6.382670350163018220e-05,-4.087383024770101236e-02,2.554613733822076044e-02,-5.954046384078894803e-05,-3.334245892114139076e-02,9.097081048408803738e-05,6.055682447651761040e-05,-4.090454092323420054e-02,2.558954482463942845e-02,-8.011193748422503500e-05,2.849759518397067055e-14,-8.381222373615249686e-14,7.341097670992840008e-13,5.027726118804508593e-01,2.999999999999834466e-01,-1.518409829987069176e-15,4.324143392789216445e-01,-2.279694965018116256e-16,-1.659691758261159931e-14,-1.285147549165720857e-15,5.027759023872925281e-01,-2.999999999999368727e-01,3.332852383032478741e-14,4.323868572047740444e-01,1.962260222914908117e-16,-1.511218807818143766e-14,4.350252395389292996e-15
2.484601063227976150e-03,-4.238117392072567377e-05,7.898046255936111981e-01,8.630750969602900618e-07,2.432633045126582697e-02,-3.711167828699198670e-05,9.997040703471974377e-01,-3.332976337336056305e-02,7.065992172999864377e-05,6.382670350163018220e-05,-4.087383024770101236e-02,2.554613733822076044e-02,-5.954046384078894803e-05,-3.334245892114139076e-02,9.097081048408803738e-05,6.055682447651761040e-05,-4.090454092323420054e-02,2.558954482463942845e-02,-8.011193748422503500e-05,2.849759518397067055e-14,-8.381222373615249686e-14,7.341097670992840008e-13,5.027726118804508593e-01,2.999999999999834466e-01,-1.518409829987069176e-15,4.324143392789216445e-01,-2.279694965018116256e-16,-1.659691758261159931e-14,-1.285147549165720857e-15,5.027759023872925281e-01,-2.999999999999368727e-01,3.332852383032478741e-14,4.323868572047740444e-01,1.962260222914908117e-16,-1.511218807818143766e-14,4.350252395389292996e-15
2.484601063227976150e-03,-4.238117392072567377e-05,7.898046255936111981e-01,8.630750969602900618e-07,2.432633045126582697e-02,-3.711167828699198670e-05,9.997040703471974377e-01,-3.332976337336056305e-02,7.065992172999864377e-05,6.382670350163018220e-05,-4.087383024770101236e-02,2.554613733822076044e-02,-5.954046384078894803e-05,-3.334245892114139076e-02,9.097081048408803738e-05,6.055682447651761040e-05,-4.090454092323420054e-02,2.558954482463942845e-02,-8.011193748422503500e-05,2.849759518397067055e-14,-8.381222373615249686e-14,7.341097670992840008e-13,5.027726118804508593e-01,2.999999999999834466e-01,-1.518409829987069176e-15,4.324143392789216445e-01,-2.279694965018116256e-16,-1.659691758261159931e-14,-1.285147549165720857e-15,5.027759023872925281e-01,-2.999999999999368727e-01,3.332852383032478741e-14,4.323868572047740444e-01,1.962260222914908117e-16,-1.511218807818143766e-14,4.350252395389292996e-15
2.484601063227976150e-03,-4.238117392072567377e-05,7.898046255936111981e-01,8.630750969602900618e-07,2.432633045126582697e-02,-3.711167828699198670e-05,9.997040703471974377e-01,-3.332976337336056305e-02,7.065992172999864377e-05,6.382670350163018220e-05,-4.087383024770101236e-02,2.554613733822076044e-02,-5.954046384078894803e-05,-3.334245892114139076e-02,9.097081048408803738e-05,6.055682447651761040e-05,-4.090454092323420054e-02,2.558954482463942845e-02,-8.011193748422503500e-05,2.849759518397067055e-14,-8.381222373615249686e-14,7.341097670992840008e-13,5.027726118804508593e-01,2.999999999999834466e-01,-1.518409829987069176e-15,4.324143392789216445e-01,-2.279694965018116256e-16,-1.659691758261159931e-14,-1.285147549165720857e-15,5.027759023872925281e-01,-2.999999999999368727e-01,3.332852383032478741e-14,4.323868572047740444e-01,1.962260222914908117e-16,-1.511218807818143766e-14,4.350252395389292996e-15
2.484601063227976150e-03,-4.238117392072567377e-05,7.898046255936111981e-01,8.630750969602900618e-07,2.432633045126582697e-02,-3.711167828699198670e-05,9.997040703471974377e-01,-3.332976337336056305e-02,7.065992172999864377e-05,6.382670350163018220e-05,-4.087383024770101236e-02,2.554613733822076044e-02,-5.954046384078894803e-05,-3.334245892114139076e-02,9.097081048408803738e-05,6.055682447651761040e-05,-4.090454092323420054e-02,2.558954482463942845e-02,-8.011193748422503500e-05,2.849759518397067055e-14,-8.381222373615249686e-14,7.341097670992840008e-13,5.027726118804508593e-01,2.999999999999834466e-01,-1.518409829987069176e-15,4.324143392789216445e-01,-2.279694965018116256e-16,-1.659691758261159931e-14,-1.285147549165720857e-15,5.027759023872925281e-01,-2.999999999999368727e-01,3.332852383032478741e-14,4.323868572047740444e-01,1.962260222914908117e-16,-1.511218807818143766e-14,4.350252395389292996e-15
2.484601063227976150e-03,-4.238117392072567377e-05,7.898046255936111981e-01,8.630750969602900618e-07,2.432633045126582697e-02,-3.711167828699198670e-05,9.997040703471974377e-01,-3.332976337336056305e-02,7.065992172999864377e-05,6.382670350163018220e-05,-4.087383024770101236e-02,2.554613733822076044e-02,-5.954046384078894803e-05,-3.334245892114139076e-02,9.097081048408803738e-05,6.055682447651761040e-05,-4.090454092323420054e-02,2.558954482463942845e-02,-8.011193748422503500e-05,2.849759518397067055e-14,-8.381222373615249686e-14,7.341097670992840008e-13,5.027726118804508593e-01,2.999999999999834466e-01,-1.518409829987069176e-15,4.324143392789216445e-01,-2.279694965018116256e-16,-1.659691758261159931e-14,-1.285147549165720857e-15,5.027759023872925281e-01,-2.999999999999368727e-01,3.332852383032478741e-14,4.323868572047740444e-01,1.962260222914908117e-16,-1.511218807818143766e-14,4.350252395389292996e-15
2.484601063227976150e-03,-4.238117392072567377e-05,7.898046255936111981e-01,8.630750969602900618e-07,2.432633045126582697e-02,-3.711167828699198670e-05,9.997040703471974377e-01,-3.332976337336056305e-02,7.065992172999864377e-05,6.382670350163018220e-05,-4.087383024770101236e-02,2.554613733822076044e-02,-5.954046384078894803e-05,-3.334245892114139076e-02,9.097081048408803738e-05,6.055682447651761040e-05,-4.090454092323420054e-02,2.558954482463942845e-02,-8.011193748422503500e-05,2.849759518397067055e-14,-8.381222373615249686e-14,7.341097670992840008e-13,5.027726118804508593e-01,2.999999999999834466e-01,-1.518409829987069176e-15,4.324143392789216445e-01,-2.279694965018116256e-16,-1.659691758261159931e-14,-1.285147549165720857e-15,5.027759023872925281e-01,-2.999999999999368727e-01,3.332852383032478741e-14,4.323868572047740444e-01,1.962260222914908117e-16,-1.511218807818143766e-14,4.350252395389292996e-15
2.484601063227976150e-03,-4.238117392072567377e-05,7.898046255936111981e-01,8.630750969602900618e-07,2.432633045126582697e-02,-3.711167828699198670e-05,9.997040703471974377e-01,-3.332976337336056305e-02,7.065992172999864377e-05,6.382670350163018220e-05,-4.087383024770101236e-02,2.554613733822076044e-02,-5.954046384078894803e-05,-3.334245892114139076e-02,9.097081048408803738e-05,6.055682447651761040e-05,-4.090454092323420054e-02,2.558954482463942845e-02,-8.011193748422503500e-05,2.849759518397067055e-14,-8.381222373615249686e-14,7.341097670992840008e-13,5.027726118804508593e-01,2.999999999999834466e-01,-1.518409829987069176e-15,4.324143392789216445e-01,-2.279694965018116256e-16,-1.659691758261159931e-14,-1.285147549165720857e-15,5.027759023872925281e-01,-2.999999999999368727e-01,3.332852383032478741e-14,4.323868572047740444e-01,1.962260222914908117e-16,-1.511218807818143766e-14,4.350252395389292996e-15
2.484601063227976150e-03,-4.238117392072567377e-05,7.898046255936111981e-01,8.630750969602900618e-07,2.432633045126582697e-02,-3.711167828699198670e-05,9.997040703471974377e-01,-3.332976337336056305e-02,7.065992172999864377e-05,6.382670350163018220e-05,-4.087383024770101236e-02,2.554613733822076044e-02,-5.954046384078894803e-05,-3.334245892114139076e-02,9.097081048408803738e-05,6.055682447651761040e-05,-4.090454092323420054e-02,2.558954482463942845e-02,-8.011193748422503500e-05,2.849759518397067055e-14,-8.381222373615249686e-14,7.341097670992840008e-13,5.027726118804508593e-01,2.999999999999834466e-01,-1.518409829987069176e-15,4.324143392789216445e-01,-2.279694965018116256e-16,-1.659691758261159931e-14,-1.285147549165720857e-15,5.027759023872925281e-01,-2.999999999999368727e-01,3.332852383032478741e-14,4.323868572047740444e-01,1.962260222914908117e-16,-1.511218807818143766e-14,4.350252395389292996e-15
2.484601063227976150e-03,-4.238117392072567377e-05,7.898046255936111981e-01,8.630750969602900618e-07,2.432633045126582697e-02,-3.711167828699198670e-05,9.997040703471974377e-01,-3.332976337336056305e-02,7.065992172999864377e-05,6.382670350163018220e-05,-4.087383024770101236e-02,2.554613733822076044e-02,-5.954046384078894803e-05,-3.334245892114139076e-02,9.097081048408803738e-05,6.055682447651761040e-05,-4.090454092323420054e-02,2.558954482463942845e-02,-8.011193748422503500e-05,2.849759518397067055e-14,-8.381222373615249686e-14,7.341097670992840008e-13,5.027726118804508593e-01,2.999999999999834466e-01,-1.518409829987069176e-15,4.324143392789216445e-01,-2.279694965018116256e-16,-1.659691758261159931e-14,-1.285147549165720857e-15,5.027759023872925281e-01,-2.999999999999368727e-01,3.332852383032478741e-14,4.323868572047740444e-01,1.962260222914908117e-16,-1.511218807818143766e-14,4.350252395389292996e-15
2.484601063227976150e-03,-4.238117392072567377e-05,7.898046255936111981e-01,8.630750969602900618e-07,2.432633045126582697e-02,-3.711167828699198670e-05,9.997040703471974377e-01,-3.332976337336056305e-02,7.065992172999864377e-05,6.382670350163018220e-05,-4.087383024770101236e-02,2.554613733822076044e-02,-5.954046384078894803e-05,-3.334245892114139076e-02,9.097081048408803738e-05,6.055682447651761040e-05,-4.090454092323420054e-02,2.558954482463942845e-02,-8.011193748422503500e-05,2.849759518397067055e-14,-8.381222373615249686e-14,7.341097670992840008e-13,5.027726118804508593e-01,2.999999999999834466e-01,-1.518409829987069176e-15,4.324143392789216445e-01,-2.279694965018116256e-16,-1.659691758261159931e-14,-1.285147549165720857e-15,5.027759023872925281e-01,-2.999999999999368727e-01,3.332852383032478741e-14,4.323868572047740444e-01,1.962260222914908117e-16,-1.511218807818143766e-14,4.350252395389292996e-15
2.484601063227976150e-03,-4.238117392072567377e-05,7.898046255936111981e-01,8.630750969602900618e-07,2.432633045126582697e-02,-3.711167828699198670e-05,9.997040703471974377e-01,-3.332976337336056305e-02,7.065992172999864377e-05,6.382670350163018220e-05,-4.087383024770101236e-02,2.554613733822076044e-02,-5.954046384078894803e-05,-3.334245892114139076e-02,9.097081048408803738e-05,6.055682447651761040e-05,-4.090454092323420054e-02,2.558954482463942845e-02,-8.011193748422503500e-05,2.849759518397067055e-14,-8.381222373615249686e-14,7.341097670992840008e-13,5.027726118804508593e-01,2.999999999999834466e-01,-1.518409829987069176e-15,4.324143392789216445e-01,-2.279694965018116256e-16,-1.659691758261159931e-14,-1.285147549165720857e-15,5.027759023872925281e-01,-2.999999999999368727e-01,3.332852383032478741e-14,4.323868572047740444e-01,1.962260222914908117e-16,-1.511218807818143766e-14,4.350252395389292996e-15
2.484601063227976150e-03,-4.238117392072567377e-05,7.898046255936111981e-01,8.630750969602900618e-07,2.432633045126582697e-02,-3.711167828699198670e-05,9.997040703471974377e-01,-3.332976337336056305e-02,7.065992172999864377e-05,6.382670350163018220e-05,-4.087383024770101236e-02,2.554613733822076044e-02,-5.954046384078894803e-05,-3.334245892114139076e-02,9.097081048408803738e-05,6.055682447651761040e-05,-4.090454092323420054e-02,2.558954482463942845e-02,-8.011193748422503500e-05,2.849759518397067055e-14,-8.381222373615249686e-14,7.341097670992840008e-13,5.027726118804508593e-01,2.999999999999834466e-01,-1.518409829987069176e-15,4.324143392789216445e-01,-2.279694965018116256e-16,-1.659691758261159931e-14,-1.285147549165720857e-15,5.027759023872925281e-01,-2.999999999999368727e-01,3.332852383032478741e-14,4.323868572047740444e-01,1.962260222914908117e-16,-1.511218807818143766e-14,4.350252395389292996e-15
2.484601063227976150e-03,-4.238117392072567377e-05,7.898046255936111981e-01,8.630750969602900618e-07,2.432633045126582697e-02,-3.711167828699198670e-05,9.997040703471974377e-01,-3.332976337336056305e-02,7.065992172999864377e-05,6.382670350163018220e-05,-4.087383024770101236e-02,2.554613733822076044e-02,-5.954046384078894803e-05,-3.334245892114139076e-02,9.097081048408803738e-05,6.055682447651761040e-05,-4.090454092323420054e-02,2.558954482463942845e-02,-8.011193748422503500e-05,2.849759518397067055e-14,-8.381222373615249686e-14,7.341097670992840008e-13,5.027726118804508593e-01,2.999999999999834466e-01,-1.518409829987069176e-15,4.324143392789216445e-01,-2.279694965018116256e-16,-1.659691758261159931e-14,-1.285147549165720857e-15,5.027759023872925281e-01,-2.999999999999368727e-01,3.332852383032478741e-14,4.323868572047740444e-01,1.962260222914908117e-16,-1.511218807818143766e-14,4.350252395389292996e-15
2.484601063227976150e-03,-4.238117392072567377e-05,7.898046255936111981e-01,8.630750969602900618e-07,2.432633045126582697e-02,-3.711167828699198670e-05,9.997040703471974377e-01,-3.332976337336056305e-02,7.065992172999864377e-05,6.382670350163018220e-05,-4.087383024770101236e-02,2.554613733822076044e-02,-5.954046384078894803e-05,-3.334245892114139076e-02,9.097081048408803738e-05,6.055682447651761040e-05,-4.090454092323420054e-02,2.558954482463942845e-02,-8.011193748422503500e-05,2.849759518397067055e-14,-8.381222373615249686e-14,7.341097670992840008e-13,5.027726118804508593e-01,2.999999999999834466e-01,-1.518409829987069176e-15,4.324143392789216445e-01,-2.279694965018116256e-16,-1.659691758261159931e-14,-1.285147549165720857e-15,5.027759023872925281e-01,-2.999999999999368727e-01,3.332852383032478741e-14,4.323868572047740444e-01,1.962260222914908117e-16,-1.511218807818143766e-14,4.350252395389292996e-15
2.484601063227976150e-03,-4.238117392072567377e-05,7.898046255936111981e-01,8.630750969602900618e-07,2.432633045126582697e-02,-3.711167828699198670e-05,9.997040703471974377e-01,-3.332976337336056305e-02,7.065992172999864377e-05,6.382670350163018220e-05,-4.087383024770101236e-02,2.554613733822076044e-02,-5.954046384078894803e-05,-3.334245892114139076e-02,9.097081048408803738e-05,6.055682447651761040e-05,-4.090454092323420054e-02,2.558954482463942845e-02,-8.011193748422503500e-05,2.849759518397067055e-14,-8.381222373615249686e-14,7.341097670992840008e-13,5.027726118804508593e-01,2.999999999999834466e-01,-1.518409829987069176e-15,4.324143392789216445e-01,-2.279694965018116256e-16,-1.659691758261159931e-14,-1.285147549165720857e-15,5.027759023872925281e-01,-2.999999999999368727e-01,3.332852383032478741e-14,4.323868572047740444e-01,1.962260222914908117e-16,-1.511218807818143766e-14,4.350252395389292996e-15
2.484601063227976150e-03,-4.238117392072567377e-05,7.898046255936111981e-01,8.630750969602900618e-07,2.432633045126582697e-02,-3.711167828699198670e-05,9.997040703471974377e-01,-3.332976337336056305e-02,7.065992172999864377e-05,6.382670350163018220e-05,-4.087383024770101236e-02,2.554613733822076044e-02,-5.954046384078894803e-05,-3.334245892114139076e-02,9.097081048408803738e-05,6.055682447651761040e-05,-4.090454092323420054e-02,2.558954482463942845e-02,-8.011193748422503500e-05,2.849759518397067055e-14,-8.381222373615249686e-14,7.341097670992840008e-13,5.027726118804508593e-01,2.999999999999834466e-01,-1.518409829987069176e-15,4.324143392789216445e-01,-2.279694965018116256e-16,-1.659691758261159931e-14,-1.285147549165720857e-15,5.027759023872925281e-01,-2.999999999999368727e-01,3.332852383032478741e-14,4.323868572047740444e-01,1.962260222914908117e-16,-1.511218807818143766e-14,4.350252395389292996e-15
2.484601063227976150e-03,-4.238117392072567377e-05,7.898046255936111981e-01,8.630750969602900618e-07,2.432633045126582697e-02,-3.711167828699198670e-05,9.997040703471974377e-01,-3.332976337336056305e-02,7.065992172999864377e-05,6.382670350163018220e-05,-4.087383024770101236e-02,2.554613733822076044e-02,-5.954046384078894803e-05,-3.334245892114139076e-02,9.097081048408803738e-05,6.055682447651761040e-05,-4.090454092323420054e-02,2.558954482463942845e-02,-8.011193748422503500e-05,2.849759518397067055e-14,-8.381222373615249686e-14,7.341097670992840008e-13,5.027726118804508593e-01,2.999999999999834466e-01,-1.518409829987069176e-15,4.324143392789216445e-01,-2.279694965018116256e-16,-1.659691758261159931e-14,-1.285147549165720857e-15,5.027759023872925281e-01,-2.999999999999368727e-01,3.332852383032478741e-14,4.323868572047740444e-01,1.962260222914908117e-16,-1.511218807818143766e-14,4.350252395389292996e-15
2.484601063227976150e-03,-4.238117392072567377e-05,7.898046255936111981e-01,8.630750969602900618e-07,2.432633045126582697e-02,-3.711167828699198670e-05,9.997040703471974377e-01,-3.332976337336056305e-02,7.065992172999864377e-05,6.382670350163018220e-05,-4.087383024770101236e-02,2.554613733822076044e-02,-5.954046384078894803e-05,-3.334245892114139076e-02,9.097081048408803738e-05,6.055682447651761040e-05,-4.090454092323420054e-02,2.558954482463942845e-02,-8.011193748422503500e-05,2.849759518397067055e-14,-8.381222373615249686e-14,7.341097670992840008e-13,5.027726118804508593e-01,2.999999999999834466e-01,-1.518409829987069176e-15,4.324143392789216445e-01,-2.279694965018116256e-16,-1.659691758261159931e-14,-1.285147549165720857e-15,5.027759023872925281e-01,-2.999999999999368727e-01,3.332852383032478741e-14,4.323868572047740444e-01,1.962260222914908117e-16,-1.511218807818143766e-14,4.350252395389292996e-15
2.484601063227976150e-03,-4.238117392072567377e-05,7.898046255936111981e-01,8.630750969602900618e-07,2.432633045126582697e-02,-3.711167828699198670e-05,9.997040703471974377e-01,-3.332976337336056305e-02,7.065992172999864377e-05,6.382670350163018220e-05,-4.087383024770101236e-02,2.554613733822076044e-02,-5.954046384078894803e-05,-3.334245892114139076e-02,9.097081048408803738e-05,6.055682447651761040e-05,-4.090454092323420054e-02,2.558954482463942845e-02,-8.011193748422503500e-05,2.849759518397067055e-14,-8.381222373615249686e-14,7.341097670992840008e-13,5.027726118804508593e-01,2.999999999999834466e-01,-1.518409829987069176e-15,4.324143392789216445e-01,-2.279694965018116256e-16,-1.659691758261159931e-14,-1.285147549165720857e-15,5.027759023872925281e-01,-2.999999999999368727e-01,3.332852383032478741e-14,4.323868572047740444e-01,1.962260222914908117e-16,-1.511218807818143766e-14,4.350252395389292996e-15
2.484601063227976150e-03,-4.238117392072567377e-05,7.898046255936111981e-01,8.630750969602900618e-07,2.432633045126582697e-02,-3.711167828699198670e-05,9.997040703471974377e-01,-3.332976337336056305e-02,7.065992172999864377e-05,6.382670350163018220e-05,-4.087383024770101236e-02,2.554613733822076044e-02,-5.954046384078894803e-05,-3.334245892114139076e-02,9.097081048408803738e-05,6.055682447651761040e-05,-4.090454092323420054e-02,2.558954482463942845e-02,-8.011193748422503500e-05,2.849759518397067055e-14,-8.381222373615249686e-14,7.341097670992840008e-13,5.027726118804508593e-01,2.999999999999834466e-01,-1.518409829987069176e-15,4.324143392789216445e-01,-2.279694965018116256e-16,-1.659691758261159931e-14,-1.285147549165720857e-15,5.027759023872925281e-01,-2.999999999999368727e-01,3.332852383032478741e-14,4.323868572047740444e-01,1.962260222914908117e-16,-1.511218807818143766e-14,4.350252395389292996e-15
2.484601063227976150e-03,-4.238117392072567377e-05,7.898046255936111981e-01,8.630750969602900618e-07,2.432633045126582697e-02,-3.711167828699198670e-05,9.997040703471974377e-01,-3.332976337336056305e-02,7.065992172999864377e-05,6.382670350163018220e-05,-4.087383024770101236e-02,2.554613733822076044e-02,-5.954046384078894803e-05,-3.334245892114139076e-02,9.097081048408803738e-05,6.055682447651761040e-05,-4.090454092323420054e-02,2.558954482463942845e-02,-8.011193748422503500e-05,2.849759518397067055e-14,-8.381222373615249686e-14,7.341097670992840008e-13,5.027726118804508593e-01,2.999999999999834466e-01,-1.518409829987069176e-15,4.324143392789216445e-01,-2.279694965018116256e-16,-1.659691758261159931e-14,-1.285147549165720857e-15,5.027759023872925281e-01,-2.999999999999368727e-01,3.332852383032478741e-14,4.323868572047740444e-01,1.962260222914908117e-16,-1.511218807818143766e-14,4.350252395389292996e-15
2.484601063227976150e-03,-4.238117392072567377e-05,7.898046255936111981e-01,8.630750969602900618e-07,2.432633045126582697e-02,-3.711167828699198670e-05,9.997040703471974377e-01,-3.332976337336056305e-02,7.065992172999864377e-05,6.382670350163018220e-05,-4.087383024770101236e-02,2.554613733822076044e-02,-5.954046384078894803e-05,-3.334245892114139076e-02,9.097081048408803738e-05,6.055682447651761040e-05,-4.090454092323420054e-02,2.558954482463942845e-02,-8.011193748422503500e-05,2.849759518397067055e-14,-8.381222373615249686e-14,7.341097670992840008e-13,5.027726118804508593e-01,2.999999999999834466e-01,-1.518409829987069176e-15,4.324143392789216445e-01,-2.279694965018116256e-16,-1.659691758261159931e-14,-1.285147549165720857e-15,5.027759023872925281e-01,-2.999999999999368727e-01,3.332852383032478741e-14,4.323868572047740444e-01,1.962260222914908117e-16,-1.511218807818143766e-14,4.350252395389292996e-15
2.484601063227976150e-03,-4.238117392072567377e-05,7.898046255936111981e-01,8.630750969602900618e-07,2.432633045126582697e-02,-3.711167828699198670e-05,9.997040703471974377e-01,-3.332976337336056305e-02,7.065992172999864377e-05,6.382670350163018220e-05,-4.087383024770101236e-02,2.554613733822076044e-02,-5.954046384078894803e-05,-3.334245892114139076e-02,9.097081048408803738e-05,6.055682447651761040e-05,-4.090454092323420054e-02,2.558954482463942845e-02,-8.011193748422503500e-05,2.849759518397067055e-14,-8.381222373615249686e-14,7.341097670992840008e-13,5.027726118804508593e-01,2.999999999999834466e-01,-1.518409829987069176e-15,4.324143392789216445e-01,-2.279694965018116256e-16,-1.659691758261159931e-14,-1.285147549165720857e-15,5.027759023872925281e-01,-2.999999999999368727e-01,3.332852383032478741e-14,4.323868572047740444e-01,1.962260222914908117e-16,-1.511218807818143766e-14,4.350252395389292996e-15
2.484601063227976150e-03,-4.238117392072567377e-05,7.898046255936111981e-01,8.630750969602900618e-07,2.432633045126582697e-02,-3.711167828699198670e-05,9.997040703471974377e-01,-3.332976337336056305e-02,7.065992172999864377e-05,6.382670350163018220e-05,-4.087383024770101236e-02,2.554613733822076044e-02,-5.954046384078894803e-05,-3.334245892114139076e-02,9.097081048408803738e-05,6.055682447651761040e-05,-4.090454092323420054e-02,2.558954482463942845e-02,-8.011193748422503500e-05,2.849759518397067055e-14,-8.381222373615249686e-14,7.341097670992840008e-13,5.027726118804508593e-01,2.999999999999834466e-01,-1.518409829987069176e-15,4.324143392789216445e-01,-2.279694965018116256e-16,-1.659691758261159931e-14,-1.285147549165720857e-15,5.027759023872925281e-01,-2.999999999999368727e-01,3.332852383032478741e-14,4.323868572047740444e-01,1.962260222914908117e-16,-1.511218807818143766e-14,4.350252395389292996e-15
2.484601063227976150e-03,-4.238117392072567377e-05,7.898046255936111981e-01,8.630750969602900618e-07,2.432633045126582697e-02,-3.711167828699198670e-05,9.997040703471974377e-01,-3.332976337336056305e-02,7.065992172999864377e-05,6.382670350163018220e-05,-4.087383024770101236e-02,2.554613733822076044e-02,-5.954046384078894803e-05,-3.334245892114139076e-02,9.097081048408803738e-05,6.055682447651761040e-05,-4.090454092323420054e-02,2.558954482463942845e-02,-8.011193748422503500e-05,2.849759518397067055e-14,-8.381222373615249686e-14,7.341097670992840008e-13,5.027726118804508593e-01,2.999999999999834466e-01,-1.518409829987069176e-15,4.324143392789216445e-01,-2.279694965018116256e-16,-1.659691758261159931e-14,-1.285147549165720857e-15,5.027759023872925281e-01,-2.999999999999368727e-01,3.332852383032478741e-14,4.323868572047740444e-01,1.962260222914908117e-16,-1.511218807818143766e-14,4.350252395389292996e-15
2.484601063227976150e-03,-4.238117392072567377e-05,7.898046255936111981e-01,8.630750969602900618e-07,2.432633045126582697e-02,-3.711167828699198670e-05,9.997040703471974377e-01,-3.332976337336056305e-02,7.065992172999864377e-05,6.382670350163018220e-05,-4.087383024770101236e-02,2.554613733822076044e-02,-5.954046384078894803e-05,-3.334245892114139076e-02,9.097081048408803738e-05,6.055682447651761040e-05,-4.090454092323420054e-02,2.558954482463942845e-02,-8.011193748422503500e-05,2.849759518397067055e-14,-8.381222373615249686e-14,7.341097670992840008e-13,5.027726118804508593e-01,2.999999999999834466e-01,-1.518409829987069176e-15,4.324143392789216445e-01,-2.279694965018116256e-16,-1.659691758261159931e-14,-1.285147549165720857e-15,5.027759023872925281e-01,-2.999999999999368727e-01,3.332852383032478741e-14,4.323868572047740444e-01,1.962260222914908117e-16,-1.511218807818143766e-14,4.350252395389292996e-15
2.484601063227976150e-03,-4.238117392072567377e-05,7.898046255936111981e-01,8.630750969602900618e-07,2.432633045126582697e-02,-3.711167828699198670e-05,9.997040703471974377e-01,-3.332976337336056305e-02,7.065992172999864377e-05,6.382670350163018220e-05,-4.087383024770101236e-02,2.554613733822076044e-02,-5.954046384078894803e-05,-3.334245892114139076e-02,9.097081048408803738e-05,6.055682447651761040e-05,-4.090454092323420054e-02,2.558954482463942845e-02,-8.011193748422503500e-05,2.849759518397067055e-14,-8.381222373615249686e-14,7.341097670992840008e-13,5.027726118804508593e-01,2.999999999999834466e-01,-1.518409829987069176e-15,4.324143392789216445e-01,-2.279694965018116256e-16,-1.659691758261159931e-14,-1.285147549165720857e-15,5.027759023872925281e-01,-2.999999999999368727e-01,3.332852383032478741e-14,4.323868572047740444e-01,1.962260222914908117e-16,-1.511218807818143766e-14,4.350252395389292996e-15
2.484601063227976150e-03,-4.238117392072567377e-05,7.898046255936111981e-01,8.630750969602900618e-07,2.432633045126582697e-02,-3.711167828699198670e-05,9.997040703471974377e-01,-3.332976337336056305e-02,7.065992172999864377e-05,6.382670350163018220e-05,-4.087383024770101236e-02,2.554613733822076044e-02,-5.954046384078894803e-05,-3.334245892114139076e-02,9.097081048408803738e-05,6.055682447651761040e-05,-4.090454092323420054e-02,2.558954482463942845e-02,-8.011193748422503500e-05,2.849759518397067055e-14,-8.381222373615249686e-14,7.341097670992840008e-13,5.027726118804508593e-01,2.999999999999834466e-01,-1.518409829987069176e-15,4.324143392789216445e-01,-2.279694965018116256e-16,-1.659691758261159931e-14,-1.285147549165720857e-15,5.027759023872925281e-01,-2.999999999999368727e-01,3.332852383032478741e-14,4.323868572047740444e-01,1.962260222914908117e-16,-1.511218807818143766e-14,4.350252395389292996e-15
2.484601063227976150e-03,-4.238117392072567377e-05,7.898046255936111981e-01,8.630750969602900618e-07,2.432633045126582697e-02,-3.711167828699198670e-05,9.997040703471974377e-01,-3.332976337336056305e-02,7.065992172999864377e-05,6.382670350163018220e-05,-4.087383024770101236e-02,2.554613733822076044e-02,-5.954046384078894803e-05,-3.334245892114139076e-02,9.097081048408803738e-05,6.055682447651761040e-05,-4.090454092323420054e-02,2.558954482463942845e-02,-8.011193748422503500e-05,2.849759518397067055e-14,-8.381222373615249686e-14,7.341097670992840008e-13,5.027726118804508593e-01,2.999999999999834466e-01,-1.518409829987069176e-15,4.324143392789216445e-01,-2.279694965018116256e-16,-1.659691758261159931e-14,-1.285147549165720857e-15,5.027759023872925281e-01,-2.999999999999368727e-01,3.332852383032478741e-14,4.323868572047740444e-01,1.962260222914908117e-16,-1.511218807818143766e-14,4.350252395389292996e-15
2.484601063227976150e-03,-4.238117392072567377e-05,7.898046255936111981e-01,8.630750969602900618e-07,2.432633045126582697e-02,-3.711167828699198670e-05,9.997040703471974377e-01,-3.332976337336056305e-02,7.065992172999864377e-05,6.382670350163018220e-05,-4.087383024770101236e-02,2.554613733822076044e-02,-5.954046384078894803e-05,-3.334245892114139076e-02,9.097081048408803738e-05,6.055682447651761040e-05,-4.090454092323420054e-02,2.558954482463942845e-02,-8.011193748422503500e-05,2.849759518397067055e-14,-8.381222373615249686e-14,7.341097670992840008e-13,5.027726118804508593e-01,2.999999999999834466e-01,-1.518409829987069176e-15,4.324143392789216445e-01,-2.279694965018116256e-16,-1.659691758261159931e-14,-1.285147549165720857e-15,5.027759023872925281e-01,-2.999999999999368727e-01,3.332852383032478741e-14,4.323868572047740444e-01,1.962260222914908117e-16,-1.511218807818143766e-14,4.350252395389292996e-15
2.484601063227976150e-03,-4.238117392072567377e-05,7.898046255936111981e-01,8.630750969602900618e-07,2.432633045126582697e-02,-3.711167828699198670e-05,9.997040703471974377e-01,-3.332976337336056305e-02,7.065992172999864377e-05,6.382670350163018220e-05,-4.087383024770101236e-02,2.554613733822076044e-02,-5.954046384078894803e-05,-3.334245892114139076e-02,9.097081048408803738e-05,6.055682447651761040e-05,-4.090454092323420054e-02,2.558954482463942845e-02,-8.011193748422503500e-05,2.849759518397067055e-14,-8.381222373615249686e-14,7.341097670992840008e-13,5.027726118804508593e-01,2.999999999999834466e-01,-1.518409829987069176e-15,4.324143392789216445e-01,-2.279694965018116256e-16,-1.659691758261159931e-14,-1.285147549165720857e-15,5.027759023872925281e-01,-2.999999999999368727e-01,3.332852383032478741e-14,4.323868572047740444e-01,1.962260222914908117e-16,-1.511218807818143766e-14,4.350252395389292996e-15
2.484601063227976150e-03,-4.238117392072567377e-05,7.898046255936111981e-01,8.630750969602900618e-07,2.432633045126582697e-02,-3.711167828699198670e-05,9.997040703471974377e-01,-3.332976337336056305e-02,7.065992172999864377e-05,6.382670350163018220e-05,-4.087383024770101236e-02,2.554613733822076044e-02,-5.954046384078894803e-05,-3.334245892114139076e-02,9.097081048408803738e-05,6.055682447651761040e-05,-4.090454092323420054e-02,2.558954482463942845e-02,-8.011193748422503500e-05,2.849759518397067055e-14,-8.381222373615249686e-14,7.341097670992840008e-13,5.027726118804508593e-01,2.999999999999834466e-01,-1.518409829987069176e-15,4.324143392789216445e-01,-2.279694965018116256e-16,-1.659691758261159931e-14,-1.285147549165720857e-15,5.027759023872925281e-01,-2.999999999999368727e-01,3.332852383032478741e-14,4.323868572047740444e-01,1.962260222914908117e-16,-1.511218807818143766e-14,4.350252395389292996e-15
2.484601063227976150e-03,-4.238117392072567377e-05,7.898046255936111981e-01,8.630750969602900618e-07,2.432633045126582697e-02,-3.711167828699198670e-05,9.997040703471974377e-01,-3.332976337336056305e-02,7.065992172999864377e-05,6.382670350163018220e-05,-4.087383024770101236e-02,2.554613733822076044e-02,-5.954046384078894803e-05,-3.334245892114139076e-02,9.097081048408803738e-05,6.055682447651761040e-05,-4.090454092323420054e-02,2.558954482463942845e-02,-8.011193748422503500e-05,2.849759518397067055e-14,-8.381222373615249686e-14,7.341097670992840008e-13,5.027726118804508593e-01,2.999999999999834466e-01,-1.518409829987069176e-15,4.324143392789216445e-01,-2.279694965018116256e-16,-1.659691758261159931e-14,-1.285147549165720857e-15,5.027759023872925281e-01,-2.999999999999368727e-01,3.332852383032478741e-14,4.323868572047740444e-01,1.962260222914908117e-16,-1.511218807818143766e-14,4.350252395389292996e-15
2.484601063227976150e-03,-4.238117392072567377e-05,7.898046255936111981e-01,8.630750969602900618e-07,2.432633045126582697e-02,-3.711167828699198670e-05,9.997040703471974377e-01,-3.332976337336056305e-02,7.065992172999864377e-05,6.382670350163018220e-05,-4.087383024770101236e-02,2.554613733822076044e-02,-5.954046384078894803e-05,-3.334245892114139076e-02,9.097081048408803738e-05,6.055682447651761040e-05,-4.090454092323420054e-02,2.558954482463942845e-02,-8.011193748422503500e-05,2.849759518397067055e-14,-8.381222373615249686e-14,7.341097670992840008e-13,5.027726118804508593e-01,2.999999999999834466e-01,-1.518409829987069176e-15,4.324143392789216445e-01,-2.279694965018116256e-16,-1.659691758261159931e-14,-1.285147549165720857e-15,5.027759023872925281e-01,-2.999999999999368727e-01,3.332852383032478741e-14,4.323868572047740444e-01,1.962260222914908117e-16,-1.511218807818143766e-14,4.350252395389292996e-15
2.484601063227976150e-03,-4.238117392072567377e-05,7.898046255936111981e-01,8.630750969602900618e-07,2.432633045126582697e-02,-3.711167828699198670e-05,9.997040703471974377e-01,-3.332976337336056305e-02,7.065992172999864377e-05,6.382670350163018220e-05,-4.087383024770101236e-02,2.554613733822076044e-02,-5.954046384078894803e-05,-3.334245892114139076e-02,9.097081048408803738e-05,6.055682447651761040e-05,-4.090454092323420054e-02,2.558954482463942845e-02,-8.011193748422503500e-05,2.849759518397067055e-14,-8.381222373615249686e-14,7.341097670992840008e-13,5.027726118804508593e-01,2.999999999999834466e-01,-1.518409829987069176e-15,4.324143392789216445e-01,-2.279694965018116256e-16,-1.659691758261159931e-14,-1.285147549165720857e-15,5.027759023872925281e-01,-2.999999999999368727e-01,3.332852383032478741e-14,4.323868572047740444e-01,1.962260222914908117e-16,-1.511218807818143766e-14,4.350252395389292996e-15
2.484601063227976150e-03,-4.238117392072567377e-05,7.898046255936111981e-01,8.630750969602900618e-07,2.432633045126582697e-02,-3.711167828699198670e-05,9.997040703471974377e-01,-3.332976337336056305e-02,7.065992172999864377e-05,6.382670350163018220e-05,-4.087383024770101236e-02,2.554613733822076044e-02,-5.954046384078894803e-05,-3.334245892114139076e-02,9.097081048408803738e-05,6.055682447651761040e-05,-4.090454092323420054e-02,2.558954482463942845e-02,-8.011193748422503500e-05,2.849759518397067055e-14,-8.381222373615249686e-14,7.341097670992840008e-13,5.027726118804508593e-01,2.999999999999834466e-01,-1.518409829987069176e-15,4.324143392789216445e-01,-2.279694965018116256e-16,-1.659691758261159931e-14,-1.285147549165720857e-15,5.027759023872925281e-01,-2.999999999999368727e-01,3.332852383032478741e-14,4.323868572047740444e-01,1.962260222914908117e-16,-1.511218807818143766e-14,4.350252395389292996e-15
2.484601063227976150e-03,-4.238117392072567377e-05,7.898046255936111981e-01,8.630750969602900618e-07,2.432633045126582697e-02,-3.711167828699198670e-05,9.997040703471974377e-01,-3.332976337336056305e-02,7.065992172999864377e-05,6.382670350163018220e-05,-4.087383024770101236e-02,2.554613733822076044e-02,-5.954046384078894803e-05,-3.334245892114139076e-02,9.097081048408803738e-05,6.055682447651761040e-05,-4.090454092323420054e-02,2.558954482463942845e-02,-8.011193748422503500e-05,2.849759518397067055e-14,-8.381222373615249686e-14,7.341097670992840008e-13,5.027726118804508593e-01,2.999999999999834466e-01,-1.518409829987069176e-15,4.324143392789216445e-01,-2.279694965018116256e-16,-1.659691758261159931e-14,-1.285147549165720857e-15,5.027759023872925281e-01,-2.999999999999368727e-01,3.332852383032478741e-14,4.323868572047740444e-01,1.962260222914908117e-16,-1.511218807818143766e-14,4.350252395389292996e-15
2.484601063227976150e-03,-4.238117392072567377e-05,7.898046255936111981e-01,8.630750969602900618e-07,2.432633045126582697e-02,-3.711167828699198670e-05,9.997040703471974377e-01,-3.332976337336056305e-02,7.065992172999864377e-05,6.382670350163018220e-05,-4.087383024770101236e-02,2.554613733822076044e-02,-5.954046384078894803e-05,-3.334245892114139076e-02,9.097081048408803738e-05,6.055682447651761040e-05,-4.090454092323420054e-02,2.558954482463942845e-02,-8.011193748422503500e-05,2.849759518397067055e-14,-8.381222373615249686e-14,7.341097670992840008e-13,5.027726118804508593e-01,2.999999999999834466e-01,-1.518409829987069176e-15,4.324143392789216445e-01,-2.279694965018116256e-16,-1.659691758261159931e-14,-1.285147549165720857e-15,5.027759023872925281e-01,-2.999999999999368727e-01,3.332852383032478741e-14,4.323868572047740444e-01,1.962260222914908117e-16,-1.511218807818143766e-14,4.350252395389292996e-15
2.484601063227976150e-03,-4.238117392072567377e-05,7.898046255936111981e-01,8.630750969602900618e-07,2.432633045126582697e-02,-3.711167828699198670e-05,9.997040703471974377e-01,-3.332976337336056305e-02,7.065992172999864377e-05,6.382670350163018220e-05,-4.087383024770101236e-02,2.554613733822076044e-02,-5.954046384078894803e-05,-3.334245892114139076e-02,9.097081048408803738e-05,6.055682447651761040e-05,-4.090454092323420054e-02,2.558954482463942845e-02,-8.011193748422503500e-05,2.849759518397067055e-14,-8.381222373615249686e-14,7.341097670992840008e-13,5.027726118804508593e-01,2.999999999999834466e-01,-1.518409829987069176e-15,4.324143392789216445e-01,-2.279694965018116256e-16,-1.659691758261159931e-14,-1.285147549165720857e-15,5.027759023872925281e-01,-2.999999999999368727e-01,3.332852383032478741e-14,4.323868572047740444e-01,1.962260222914908117e-16,-1.511218807818143766e-14,4.350252395389292996e-15
2.484601063227976150e-03,-4.238117392072567377e-05,7.898046255936111981e-01,8.630750969602900618e-07,2.432633045126582697e-02,-3.711167828699198670e-05,9.997040703471974377e-01,-3.332976337336056305e-02,7.065992172999864377e-05,6.382670350163018220e-05,-4.087383024770101236e-02,2.554613733822076044e-02,-5.954046384078894803e-05,-3.334245892114139076e-02,9.097081048408803738e-05,6.055682447651761040e-05,-4.090454092323420054e-02,2.558954482463942845e-02,-8.011193748422503500e-05,2.849759518397067055e-14,-8.381222373615249686e-14,7.341097670992840008e-13,5.027726118804508593e-01,2.999999999999834466e-01,-1.518409829987069176e-15,4.324143392789216445e-01,-2.279694965018116256e-16,-1.659691758261159931e-14,-1.285147549165720857e-15,5.027759023872925281e-01,-2.999999999999368727e-01,3.332852383032478741e-14,4.323868572047740444e-01,1.962260222914908117e-16,-1.511218807818143766e-14,4.350252395389292996e-15
2.484601063227934517e-03,-4.238117392072578219e-05,7.898046255936111981e-01,8.630750969602918618e-07,2.432633045126581309e-02,-3.711167828699198670e-05,9.997040703471974377e-01,-3.332976337336082673e-02,7.065992172999883351e-05,6.382670350163014155e-05,-4.087383024770051970e-02,2.554613733822055921e-02,-5.954046384078912421e-05,-3.334245892114165444e-02,9.097081048408822712e-05,6.055682447651755619e-05,-4.090454092323370788e-02,2.558954482463922722e-02,-8.011193748422521118e-05,2.849759518397130164e-14,-8.381222373615436488e-14,7.341097670993004596e-13,5.027726118804509703e-01,2.999999999999834466e-01,-1.518409829987104478e-15,4.324143392789214779e-01,-2.279694965018167532e-16,-1.659691758261197165e-14,-1.285147549165749453e-15,5.027759023872926392e-01,-2.999999999999368727e-01,3.332852383032553209e-14,4.323868572047738779e-01,1.962260222914952244e-16,-1.511218807818177845e-14,4.350252395389390025e-15
1.548913383055591005e-03,-4.483190512510491690e-05,7.898558994252922183e-01,9.050349497313125279e-07,2.398457043253753723e-02,-3.715077903178009953e-05,9.997123281225290814e-01,-3.924774659356312922e-02,7.482041874642486948e-05,6.278577258669827341e-05,-2.974971924221857938e-02,2.102372933241527034e-02,-6.343268217508817215e-05,-3.924910264226164763e-02,9.510143051246626228e-05,5.938420727975200303e-05,-2.980455081407394624e-02,2.107991819186350729e-02,-8.399731563898225222e-05,4.275802820976632584e-14,-1.257646297840820285e-13,1.105688270478319489e-12,5.041521813854579204e-01,2.999999999999751754e-01,-2.312956608554853599e-15,4.286934344422895782e-01,-3.429693860074630796e-16,-2.498434757163536175e-14,-1.930530617645254262e-15,5.041466940827270538e-01,-2.999999999999053424e-01,5.004704675985606797e-14,4.286725618415978545e-01,2.953359041063498005e-16,-2.275640151641089122e-14,6.530011595752701385e-15
6.132257028832477103e-04,-4.728263632948405838e-05,7.899071732569732385e-01,9.469946967326140688e-07,2.364280761077797860e-02,-3.718987543482708016e-05,9.997204690633758606e-01,-4.516572981376543172e-02,7.898091576285091900e-05,6.174484167176640527e-05,-1.862560823673664601e-02,1.650132132660998147e-02,-6.732490050938724042e-05,-4.515574636338164083e-02,9.923205054084429744e-05,5.821159008298644987e-05,-1.870456070491418807e-02,1.657029155908778736e-02,-8.788269379373927972e-05,5.701846123556135004e-14,-1.677170358320097046e-13,1.477266773857338418e-12,5.055317508904648705e-01,2.999999999999669043e-01,-3.107503387122602523e-15,4.249725296056576784e-01,-4.579692755131094060e-16,-3.337177756065874554e-14,-2.575913686124759268e-15,5.055174857781615794e-01,-2.999999999998738121e-01,6.676556968938661646e-14,4.249582664784217756e-01,3.944457859212044505e-16,-3.040061495464000399e-14,8.709770796116013532e-15
-1.327926796773770766e-03,-4.945859398134578460e-05,7.899003198683458571e-01,3.633278288396450936e-07,2.275532225437987971e-02,-3.735177777694215077e-05,9.997410634328331991e-01,-5.472419545667103064e-02,8.447030552062585707e-05,6.019538335041613083e-05,-4.390958647828221983e-04,9.648723453751190809e-03,-7.105075914533973591e-05,-5.470357244059882718e-02,1.046696379626168807e-04,5.643599931378502600e-05,-5.408481480817968479e-04,9.729853899133123971e-03,-9.159980205693132958e-05,7.128847528261404677e-14,-2.096991561195289420e-13,1.847425105050692052e-12,5.019970450062075651e-01,2.999999999999585776e-01,-3.898196759326632975e-15,4.277378155599762533e-01,-5.726799271753569974e-16,-4.173070725173272324e-14,-3.222613514611612889e-15,5.019780556525539339e-01,-2.999999999998422262e-01,8.348817830732942266e-14,4.277277702385617331e-01,4.932627727931560420e-16,-3.801609241983271572e-14,1.089165779981653577e-14
-3.269079316098451055e-03,-5.163455162783272764e-05,7.898934664785814963e-01,-2.203393376132814505e-07,2.186781895486695354e-02,-3.751365068621301155e-05,9.997608699518274467e-01,-6.428266117078723640e-02,8.995969530439496236e-05,5.864592501911867415e-05,1.774741664531697197e-02,2.796125535312101937e-03,-7.477661777803812056e-05,-6.425139858904033163e-02,1.101072254099547479e-04,5.466040853278896649e-05,1.762286454692241558e-02,2.889416193586012357e-03,-9.531691031683187717e-05,8.555848932985415160e-14,-2.516812764076293869e-13,2.217583436216266472e-12,4.984623390258233200e-01,2.999999999999502509e-01,-4.688890131455287767e-15,4.305031016411696165e-01,-6.873905788319468784e-16,-5.008963694224920979e-14,-3.869313343124223608e-15,4.984386254308985631e-01,-2.999999999998105848e-01,1.002107869253521626e-13,4.304972741255297941e-01,5.920797596593783341e-16,-4.563156988446333565e-14,1.307354480355867831e-14
-6.204324886525426630e-03,-5.371259339490885626e-05,7.896564102184367995e-01,-1.791685681529352156e-06,2.055699593368291028e-02,-3.777926659237770899e-05,9.997886819161834193e-01,-7.911760342700251136e-02,9.793035574359306382e-05,5.590828950535657805e-05,4.588930385918658927e-02,-7.888582906964897168e-03,-7.877537333297287062e-05,-7.907787436024565908e-02,1.179953972493595442e-04,5.157512748585145181e-05,4.574644717894675583e-02,-7.785454214618037563e-03,-9.930907905867506001e-05,9.982628234714293933e-14,-2.936497995655732155e-13,2.589628245564262082e-12,4.911086039980308571e-01,2.999999999999419242e-01,-5.504245184936992430e-15,4.389997577256479766e-01,-8.023791404985094978e-16,-5.847179798684676719e-14,-4.517426432677854978e-15,4.910818128791116233e-01,-2.999999999997789435e-01,1.169559653128282084e-13,4.389957494289903894e-01,6.911713632914638493e-16,-5.327008789931603529e-14,1.525665056465565178e-14
-9.139570495842888956e-03,-5.579063515815436307e-05,7.894193539492860845e-01,-3.363028984118056414e-06,1.924613755778293786e-02,-3.804481755879377989e-05,9.998147752110833064e-01,-9.395254588964185860e-02,1.059010162798623879e-04,5.317065394511110950e-05,7.403119146252615246e-02,-1.857329149916010086e-02,-8.277412889858378657e-05,-9.390435033796008801e-02,1.258835691846350532e-04,4.848984638767679217e-05,7.387003020061691516e-02,-1.846032477283113954e-02,-1.033012478112790443e-04,1.140940753643448388e-13,-3.356183227229850616e-13,2.961673054986059732e-12,4.837548688208319625e-01,2.999999999999335420e-01,-6.319600239383500800e-15,4.474964140343465901e-01,-9.173677021759443954e-16,-6.685395903235318071e-14,-5.165539522286775241e-15,4.837250001779827002e-01,-2.999999999997473021e-01,1.337011437011871852e-13,4.474942249565774244e-01,7.902629669342926639e-16,-6.090860591507012526e-14,1.743975632580030400e-14
-1.310575534511195656e-02,-5.782862659786674889e-05,7.884460876362133774e-01,-5.682083506224896011e-06,1.765263743971870469e-02,-3.841354278976163002e-05,9.998441793017227575e-01,-1.184553323848543671e-01,1.159702564406240552e-04,4.835348995196855264e-05,1.205622434467248094e-01,-3.741401371986237401e-02,-8.709299196540186785e-05,-1.184081505222012720e-01,1.358155766947477148e-04,4.312129602157726887e-05,1.204027473127670389e-01,-3.730169853976289529e-02,-1.076279327225764388e-04,1.283683401777935297e-13,-3.775953851787472662e-13,3.332487569087130303e-12,4.742700201878003452e-01,2.999999999999252154e-01,-7.085526172017239295e-15,4.597360731522869837e-01,-1.032356571653579762e-15,-7.523745535913140150e-14,-5.812012942485478857e-15,4.742417318873176080e-01,-2.999999999997156608e-01,1.503975505819267052e-13,4.597348348219301717e-01,8.893594821353253946e-16,-6.854868886386981852e-14,1.962140476615955732e-14
-1.707194025487900058e-02,-5.986661803522888255e-05,7.874728212799380067e-01,-8.001123639076660108e-06,1.605909246538056445e-02,-3.878217045205727663e-05,9.998710436756900188e-01,-1.429581194473990569e-01,1.260394967245353820e-04,4.353632583679429788e-05,1.670932965100435652e-01,-5.625473641917900364e-02,-9.141185505100463268e-05,-1.429119512743309561e-01,1.457475843247975583e-04,3.775274552149006244e-05,1.669354655052091019e-01,-5.614307278592454986e-02,-1.119546176535040591e-04,1.426426049916219845e-13,-4.195724476350106058e-13,3.703302083116003515e-12,4.647851714297099313e-01,2.999999999999168332e-01,-7.851452101750359118e-15,4.719757324898757322e-01,-1.147345441131233075e-15,-8.362095168598797827e-14,-6.458486362587962742e-15,4.647584634718671115e-01,-2.999999999996840194e-01,1.670939574598041874e-13,4.719754449068803148e-01,9.884559973366464539e-16,-7.618877181276133519e-14,2.180305320643329180e-14
-2.186212652203743667e-02,-6.183717849860970314e-05,7.851660332503929141e-01,-1.063799818435677009e-05,1.445169716679238839e-02,-3.924471200871206591e-05,9.998955679448154887e-01,-1.750193763183190976e-01,1.367914795883243067e-04,3.649476108755478874e-05,2.267335065595147414e-01,-8.061852456956752899e-02,-9.592415023569446169e-05,-1.749752227208020705e-01,1.563118055958946954e-04,3.000876661303017180e-05,2.265792819671928193e-01,-8.050845292379202323e-02,-1.165100684091038288e-04,1.569129008836289420e-13,-4.615247685046064131e-13,4.076912923229418601e-12,4.546768925836779385e-01,2.999999999999083955e-01,-8.634636759633741364e-15,4.852561998719875369e-01,-1.262379518228191292e-15,-9.200601093803017581e-14,-7.107432872783430110e-15,4.546512074670246983e-01,-2.999999999996523226e-01,1.838036900190453882e-13,4.852554574504726603e-01,1.087593001748485979e-15,-8.383021616915850467e-14,2.398676424175494663e-14
-2.665231285366837649e-02,-6.380773895671449779e-05,7.828592451165088395e-01,-1.327484526242757844e-05,1.284426451919439861e-02,-3.970715215150459582e-05,9.999175081555886635e-01,-2.070806337806379849e-01,1.475434625055332006e-04,2.945319616427105941e-05,2.863737176346883295e-01,-1.049823131520983555e-01,-1.004364454355190483e-04,-2.070384947587503299e-01,1.668760269164582585e-04,2.226478751870915513e-05,2.862230994550308272e-01,-1.048738334938753847e-01,-1.210655191826029632e-04,1.711831967753253787e-13,-5.034770893722663936e-13,4.450523763561627806e-12,4.445686136888667983e-01,2.999999999998999578e-01,-9.417821418867502018e-15,4.985366673355354217e-01,-1.377413595328686564e-15,-1.003910701901946531e-13,-7.756379383172401114e-15,4.445439514133595060e-01,-2.999999999996205702e-01,2.005134225793292486e-13,4.985354700753911183e-01,1.186730006163493569e-15,-9.147166052566220192e-14,2.617047527723798347e-14
-3.210229401814471833e-02,-6.572695743497608241e-05,7.782833237778253865e-01,-1.575973278231598287e-05,1.146102961730310378e-02,-4.020729550207225063e-05,9.999343193105812988e-01,-2.483476591422702495e-01,1.576361997733087420e-04,1.967722390387876983e-05,3.616208187622332870e-01,-1.361957150143214834e-01,-1.051562459918702188e-04,-2.483092512541077435e-01,1.767133478520910718e-04,1.160557894882529530e-05,3.614772513904789264e-01,-1.360905552291890031e-01,-1.258938895828383235e-04,1.854584141081135710e-13,-5.454387221826396129e-13,4.822578070188977339e-12,4.359760911482146728e-01,2.999999999998915756e-01,-1.015380234641568408e-14,5.096838123651160624e-01,-1.492562006451082393e-15,-1.087886175194587207e-13,-8.403089207797318898e-15,4.359543100511851232e-01,-2.999999999995889288e-01,2.171782141507565398e-13,5.096820713387031354e-01,1.285992365640300831e-15,-9.912645086535596279e-14,2.835224729157834467e-14
-3.755227524715164245e-02,-6.764617590821622533e-05,7.737074022172115706e-01,-1.824459012908266519e-05,1.007777280519752197e-02,-4.070736191453881947e-05,9.999492169632078209e-01,-2.896146854042636054e-01,1.677289369766074307e-04,9.901251376050467260e-06,4.368679214161946822e-01,-1.674091175464643144e-01,-1.098760465685162446e-04,-2.895800086499941139e-01,1.865506687166300923e-04,9.463700938202927423e-07,4.367314048526804160e-01,-1.673072776345912449e-01,-1.307222600097663484e-04,1.997336314413831326e-13,-5.874003549939237204e-13,5.194632376664091712e-12,4.273835687558096286e-01,2.999999999998831934e-01,-1.088978326934715077e-14,5.208309571860492149e-01,-1.607710417584660721e-15,-1.171861648499441469e-13,-9.049799032203480820e-15,4.273646688374395652e-01,-2.999999999995572320e-01,2.338430057177883991e-13,5.208286723933588380e-01,1.385254725129368371e-15,-1.067812412063550045e-13,3.053401930572906371e-14
-4.339340336327637826e-02,-6.952432374670216978e-05,7.667719162008840295e-01,-2.057565531964161180e-05,9.255125250033182857e-03,-4.132973954395485349e-05,9.999571693453181975e-01,-3.356316462545429480e-01,1.767520828672446869e-04,-2.013363437065933360e-06,5.170671092835625871e-01,-1.999459733152627594e-01,-1.149425448943978978e-04,-3.355996678102393105e-01,1.952644594594130675e-04,-1.193939990928662830e-05,5.169351287840425746e-01,-1.998459713848083630e-01,-1.359746396918234609e-04,2.140050024783074882e-13,-6.293406120921504528e-13,5.569791378416417312e-12,4.203493477906440901e-01,2.999999999998746447e-01,-1.174518092497381565e-14,5.287023744555378046e-01,-1.722741822713182887e-15,-1.255672809018811703e-13,-9.704127843037717736e-15,4.203329473854014453e-01,-2.999999999995254241e-01,2.506200003715930646e-13,5.286991877072878543e-01,1.484417722932302861e-15,-1.144215528355248469e-13,3.272262580089134869e-14
-4.923453152530801041e-02,-7.140247158036787335e-05,7.598364299076266759e-01,-2.290670656618055089e-05,8.432471496631295527e-03,-4.195208921502237412e-05,9.999644449378005673e-01,-3.816486076622975787e-01,1.857752286323495461e-04,-1.392797850118371566e-05,5.972662977321311351e-01,-2.324828292393880391e-01,-1.200090432609696720e-04,-3.816193275278385033e-01,2.039782500703331519e-04,-2.482517017371351010e-05,5.971388532963101126e-01,-2.323846652901784271e-01,-1.412270194236443419e-04,2.282763735147803881e-13,-6.712808691878683803e-13,5.944950380533125665e-12,4.133151270083683659e-01,2.999999999998660960e-01,-1.260057859461580304e-14,5.365737913405712600e-01,-1.837773227827972563e-15,-1.339483969518897380e-13,-1.035845665476615531e-14,4.133012261162082868e-01,-2.999999999994935607e-01,2.673969950385664314e-13,5.365697026367195477e-01,1.583580720723575621e-15,-1.220618644629953946e-13,3.491123229685575374e-14
-5.526649202916285308e-02,-7.331673625147938004e-05,7.504369679421575290e-01,-2.510823978848626841e-05,8.431383151839090540e-03,-4.263799424953479932e-05,9.999644540331045217e-01,-4.319791026604928308e-01,1.935064636413654263e-04,-2.819531741011304534e-05,6.802958137371000191e-01,-2.651796746445049813e-01,-1.257006661546660354e-04,-4.319518363593242150e-01,2.113375273063725296e-04,-4.014489896488792264e-05,6.801712284375653894e-01,-2.650823562493531682e-01,-1.471950386014447430e-04,2.425520572296754651e-13,-7.132276734047108525e-13,6.315765004962498225e-12,4.078107314033270203e-01,2.999999999998574918e-01,-1.349137081436796741e-14,5.412611032196901206e-01,-1.952127898843974056e-15,-1.422699248526141669e-13,-1.101520750642208964e-14,4.078037555139550907e-01,-2.999999999994616418e-01,2.842136600636322015e-13,5.412571719918511937e-01,1.682044800144895346e-15,-1.296401272908483452e-13,3.710259850950944381e-14
-6.129845255914753710e-02,-7.523100092753621745e-05,7.410375056393069260e-01,-2.730977299289543336e-05,8.430294919485844737e-03,-4.332389929247430787e-05,9.999644631209584356e-01,-4.823095982493214584e-01,2.012376984734856177e-04,-4.246265664119059404e-05,7.633253301296134552e-01,-2.978765200715285943e-01,-1.313922891339579647e-04,-4.822843457813495993e-01,2.186968043569443264e-04,-5.546462808933368582e-05,7.632036039661355131e-01,-2.977800472302986057e-01,-1.531630578772345504e-04,2.568277409451610392e-13,-7.551744776224497736e-13,6.686579628797014027e-12,4.023063360077579476e-01,2.999999999998488320e-01,-1.438216303896655398e-14,5.459484146628235113e-01,-2.066482569767312791e-15,-1.505914527451794263e-13,-1.167195835840966425e-14,4.023062851217801272e-01,-2.999999999994297228e-01,3.010303250941298281e-13,5.459446409111422538e-01,1.780508879470515396e-15,-1.372183901102052261e-13,3.929396472254100456e-14
-6.741080843677839385e-02,-7.700101284917936569e-05,7.297014994842044855e-01,-2.920976934158979148e-05,9.465354269708159060e-03,-4.411462906288022141e-05,9.999552011311496624e-01,-5.351458177394072813e-01,2.068770187335094860e-04,-5.815471855931136252e-05,8.441282201808026908e-01,-3.279133937276749733e-01,-1.373982570791937091e-04,-5.351221967839572269e-01,2.239001928357961806e-04,-7.225376030467887587e-05,8.440083050580539092e-01,-3.278171006626829920e-01,-1.595324926050209458e-04,2.711268442686269691e-13,-7.971597044004255035e-13,7.039491266327454207e-12,3.975921915267895956e-01,2.999999999998403943e-01,-1.537916745144656250e-14,5.481583189696866976e-01,-2.177460157421205868e-15,-1.586004381580043057e-13,-1.232729295863409311e-14,3.975893602194756071e-01,-2.999999999993979705e-01,3.179574022865775320e-13,5.481530070673549249e-01,1.875614041012961876e-15,-1.444859045006198431e-13,4.148428598803871843e-14
-7.352316432699003423e-02,-7.877102474824889615e-05,7.183654930260591209e-01,-3.110973434663696235e-05,1.050040364053199567e-02,-4.490531158359406099e-05,9.999448677497592142e-01,-5.879820376216049471e-01,2.125163386661770481e-04,-7.384678070038194308e-05,9.249311098835550915e-01,-3.579502669675717619e-01,-1.434042250736201397e-04,-5.879600481786168009e-01,2.291035809772806937e-04,-8.904289274996575552e-05,9.248130058013713795e-01,-3.578541536787135935e-01,-1.659019273956233859e-04,2.854259475957577575e-13,-8.391449311844138429e-13,7.392402901056320086e-12,3.928780471694847676e-01,2.999999999998319011e-01,-1.637617188054734017e-14,5.503682228888693295e-01,-2.288437744546631164e-15,-1.666094235219205158e-13,-1.298262755863689623e-14,3.928724354393158258e-01,-2.999999999993662181e-01,3.348844794963032335e-13,5.503613728356215873e-01,1.970719202029783630e-15,-1.517534188424065496e-13,4.367460725337291721e-14
-7.955091503725353341e-02,-8.049653519069114498e-05,7.053761428554616852e-01,-3.292366225682843365e-05,1.275609920023152224e-02,-4.574489565915729503e-05,9.999186360682708052e-01,-6.434941338716270165e-01,2.162954838688654143e-04,-9.134296193746739166e-05,1.002888716519109380e+00,-3.849074761286021551e-01,-1.500603504688939062e-04,-6.434731978473325897e-01,2.323688579971567160e-04,-1.076846864806136678e-04,1.002771156075143111e+00,-3.848108532985382579e-01,-1.730138043464381063e-04,2.997262036777704676e-13,-8.811234744922703123e-13,7.745971422448313384e-12,3.883076348335169348e-01,2.999999999998233524e-01,-1.731680116364060320e-14,5.515294272243653761e-01,-2.399965154649198201e-15,-1.746703686822295405e-13,-1.363590477332305733e-14,3.882997879460568513e-01,-2.999999999993343547e-01,3.517536826489559785e-13,5.515209134750317377e-01,2.066372088976172247e-15,-1.590727229646226741e-13,4.586276439714409691e-14
-8.557866573262250254e-02,-8.222204562529903023e-05,6.923867923937975233e-01,-3.473742260812983610e-05,1.501173006088259848e-02,-4.658424695418900455e-05,9.998873159430510249e-01,-6.990062305927300379e-01,2.200746287440750678e-04,-1.088391434921630904e-04,1.080846322653759461e+00,-4.118646847474660699e-01,-1.567164759786261372e-04,-6.989863479870273011e-01,2.356341346758335828e-04,-1.263264805374175390e-04,1.080729305847787147e+00,-4.117675523760751521e-01,-1.801256814279577354e-04,3.140264597599861358e-13,-9.231020177989502304e-13,8.099539943955950410e-12,3.837372225228527500e-01,2.999999999998147482e-01,-1.825743043680917563e-14,5.526906313752406597e-01,-2.511492564848560049e-15,-1.827313138516859690e-13,-1.428918198764701926e-14,3.837271404781975037e-01,-2.999999999993024913e-01,3.686228857914202253e-13,5.526804539297991425e-01,2.162024976018986489e-15,-1.663920270959562889e-13,4.805092154053429465e-14
-9.155354817520419686e-02,-8.377829764272124368e-05,6.785747564778124019e-01,-3.626078422258825751e-05,1.850085629037739529e-02,-4.761394128362058704e-05,9.998288427198882555e-01,-7.558203404857928298e-01,2.216118183248800297e-04,-1.268925644026711421e-04,1.152457419834773900e+00,-4.336409095437120942e-01,-1.636765061588046444e-04,-7.558012626601331441e-01,2.365751291915040022e-04,-1.455416606978804470e-04,1.152340249001410744e+00,-4.335428185624806141e-01,-1.876180354766677648e-04,3.283201643693602302e-13,-9.650671856982144684e-13,8.458226862691777669e-12,3.789817231125804931e-01,2.999999999998060884e-01,-1.924711264355514603e-14,5.531505639143338149e-01,-2.622673045116526116e-15,-1.907637613977310569e-13,-1.494543429022623148e-14,3.789680436619572990e-01,-2.999999999992705724e-01,3.855401942225114777e-13,5.531371547542509592e-01,2.257337496759022726e-15,-1.736833116046242851e-13,5.024198579646685424e-14
-9.752843060744441350e-02,-8.533454962703513474e-05,6.647627204009033397e-01,-3.778370421728369672e-05,2.198975746837128487e-02,-4.864305583511581584e-05,9.997581941513292714e-01,-8.126344506335398954e-01,2.231490074671403916e-04,-1.449459854221797574e-04,1.224068515774360044e+00,-4.554171333265157884e-01,-1.706365363984293604e-04,-8.126161775878746329e-01,2.375161232525260584e-04,-1.647568409705023080e-04,1.223951190913469489e+00,-4.553180837353559274e-01,-1.951103895998021476e-04,3.426138689774527600e-13,-1.007032353594862465e-12,8.816913782428803663e-12,3.742262236661036412e-01,2.999999999997974287e-01,-2.023679485989626512e-14,5.536104963162524761e-01,-2.733853525316630029e-15,-1.987962089382017886e-13,-1.560168659338739587e-14,3.742089468092460458e-01,-2.999999999992386535e-01,4.024575026630125155e-13,5.535938554412217494e-01,2.352650017432480681e-15,-1.809745961078114271e-13,5.243305005296806894e-14
-1.033336400587525905e-01,-8.679971022510288422e-05,6.506385006078748701e-01,-3.925674520934134299e-05,2.667094699335597827e-02,-4.972606548367959324e-05,9.996442650126613483e-01,-8.703054042947943048e-01,2.226229973267872741e-04,-1.639047473895598086e-04,1.288686106035057621e+00,-4.717289314615383256e-01,-1.780745184673808608e-04,-8.702873310247625227e-01,2.363049371229624339e-04,-1.848798238029595946e-04,1.288567632226307991e+00,-4.716285332947039999e-01,-2.031484539431348182e-04,3.569195367089492103e-13,-1.049021801119137136e-12,9.167040739470874642e-12,3.686105127363464851e-01,2.999999999997884914e-01,-2.129908078856068663e-14,5.541934824174823415e-01,-2.843847565793295386e-15,-2.067093100030547928e-13,-1.626808210119309324e-14,3.685859591377796951e-01,-2.999999999992064015e-01,4.194508875511556504e-13,5.541713049035417171e-01,2.446769458800179853e-15,-1.881457517668715778e-13,5.463455597798438465e-14
-1.091388494735524156e-01,-8.826487080357058946e-05,6.365142807476741327e-01,-4.072892542695888738e-05,3.135155197388850290e-02,-5.080798482440151607e-05,9.995084171474155621e-01,-9.279763581404146811e-01,2.220969867424978192e-04,-1.828635095517410934e-04,1.353303694790970457e+00,-4.880407284207863294e-01,-1.855125006391727049e-04,-9.279584846458862613e-01,2.350937505303165459e-04,-2.050028068307477476e-04,1.353184072034147478e+00,-4.879389816781936617e-01,-2.111865184038873701e-04,3.712252044430196947e-13,-1.091011248648636010e-12,9.517167694671106818e-12,3.629948016214985529e-01,2.999999999997794986e-01,-2.236136673284716992e-14,5.547764685451895827e-01,-2.953841606014675888e-15,-2.146224110422281405e-13,-1.693447761118129105e-14,3.629629712804308683e-01,-2.999999999991740940e-01,4.364442724556680657e-13,5.547487543918430131e-01,2.540888899911165543e-15,-1.953169074000837227e-13,5.683606190524742670e-14
-1.148694078296381843e-01,-8.948987726868320352e-05,6.228766083669035059e-01,-4.188956355236883149e-05,3.691542125971933319e-02,-5.200748691409934370e-05,9.993183913116496786e-01,-9.848521212502654443e-01,2.192997616059618653e-04,-2.011546389957447100e-04,1.408769648623214188e+00,-4.977651614620782206e-01,-1.928230261590964075e-04,-9.848341520167397389e-01,2.315296826915968695e-04,-2.244189771062634860e-04,1.408648528865386051e+00,-4.976620135248180921e-01,-2.191354189849761575e-04,3.855263430857340670e-13,-1.132986172454474465e-12,9.870683744647633583e-12,3.569106157499573051e-01,2.999999999997706168e-01,-2.342167759346192755e-14,5.552609802036820863e-01,-3.063633525186970885e-15,-2.225176196924043461e-13,-1.759843600335682994e-14,3.568672688555019068e-01,-2.999999999991419530e-01,4.534370110016792753e-13,5.552242439467909296e-01,2.634817520224312342e-15,-2.024709382189391327e-13,5.903534243187563445e-14
-1.205999661682011226e-01,-9.071488367742451455e-05,6.092389361003400783e-01,-4.304890333186706352e-05,4.247814664241949395e-02,-5.320537717634332947e-05,9.990973938379605901e-01,-1.041727884173461405e+00,2.165025359363043772e-04,-2.194457682830350611e-04,1.464235600307297158e+00,-5.074895929571199282e-01,-2.001335516491022288e-04,-1.041709819200868914e+00,2.279656143005860159e-04,-2.438351472158692683e-04,1.464112983548382152e+00,-5.073850438251801265e-01,-2.270843195451355333e-04,3.998274817273853325e-13,-1.174961096256903828e-12,1.022419979541968030e-11,3.508264297684511313e-01,2.999999999997617350e-01,-2.448198845361307479e-14,5.557454918390598575e-01,-3.173425444311822209e-15,-2.304128283383806311e-13,-1.826239439496030267e-14,3.507715663196128153e-01,-2.999999999991097566e-01,4.704297495475387712e-13,5.556997334778056574e-01,2.728746140492667618e-15,-2.096249690337748610e-13,6.123462295798145850e-14
-1.261661854502084679e-01,-9.184448280909054214e-05,5.965979497039333168e-01,-4.421017066159572761e-05,4.852894496493295046e-02,-5.450530169278527699e-05,9.988217741795697435e-01,-1.096265033972664282e+00,2.122376944132526428e-04,-2.373646146368708584e-04,1.510169330789835618e+00,-5.110003378798505524e-01,-2.075094552589015491e-04,-1.096246219494472651e+00,2.228724802539618327e-04,-2.628048178653092227e-04,1.510044393420558073e+00,-5.108942176320466766e-01,-2.351098126987793957e-04,4.141331723928536727e-13,-1.216987054714612191e-12,1.057452878373425328e-11,3.429440082726615269e-01,2.999999999997525757e-01,-2.560113267402711821e-14,5.561697053033263227e-01,-3.282943690964575906e-15,-2.382768588512736799e-13,-1.893507410801155095e-14,3.428714100072987048e-01,-2.999999999990772825e-01,4.874870216468826038e-13,5.561112477090591755e-01,2.822396920271330318e-15,-2.167472253441763767e-13,6.344308981299185563e-14
-1.317324046904259083e-01,-9.297408191649539127e-05,5.839569635609743736e-01,-4.536981600364883258e-05,5.457796297563217991e-02,-5.580322653797864372e-05,9.985095096117063695e-01,-1.150802183177179971e+00,2.079728525170000892e-04,-2.552834608960386485e-04,1.556103058848420373e+00,-5.145110812224993335e-01,-2.148853588853259170e-04,-1.150782619193223111e+00,2.177793458185107122e-04,-2.817744884012086254e-04,1.555975800868570902e+00,-5.144033898587884179e-01,-2.431353058719000287e-04,4.284388630594795306e-13,-1.259013013185298161e-12,1.092485777123838474e-11,3.350615863195976485e-01,2.999999999997434164e-01,-2.672027690940193078e-14,5.565939187522596088e-01,-3.392461937547737478e-15,-2.461408893562383863e-13,-1.960775382328054598e-14,3.349712532361290296e-01,-2.999999999990447530e-01,5.045442937626368637e-13,5.565227619240442625e-01,2.916047699979340663e-15,-2.238694816464979626e-13,6.565155667033825292e-14
-1.371912915139289202e-01,-9.388106715048512817e-05,5.727900898504163507e-01,-4.634413305369385148e-05,6.032305752534662668e-02,-5.706985401636751042e-05,9.981789034667317706e-01,-1.200536653023472233e+00,2.022974717565591827e-04,-2.715004481152972419e-04,1.592159806057172222e+00,-5.123425731695320229e-01,-2.216823807892567442e-04,-1.200515918506583679e+00,2.112501873923632490e-04,-2.989286812474409544e-04,1.592030063963613351e+00,-5.122335681307687016e-01,-2.505580595332377236e-04,4.427478520457178995e-13,-1.301030200650594187e-12,1.127314639451860591e-11,3.262946102076784149e-01,2.999999999997345346e-01,-2.777921590400933678e-14,5.563890170889639331e-01,-3.501514456801184373e-15,-2.539675912343493331e-13,-2.027277746265799435e-14,3.261795528869241845e-01,-2.999999999990125565e-01,5.215463887559080301e-13,5.563012926382447931e-01,3.009254737921019477e-15,-2.309558376423678886e-13,6.785300587781815358e-14
-1.426501783080387775e-01,-9.478805232351176255e-05,5.616232165435461887e-01,-4.731691534829450177e-05,6.606615436936340291e-02,-5.833459159490974585e-05,9.978152422192338999e-01,-1.250271121554543896e+00,1.966220906098402712e-04,-2.877174348684994969e-04,1.628216550561099707e+00,-5.101740635612939112e-01,-2.284794025346600021e-04,-1.250249216504608851e+00,2.047210285729586629e-04,-3.160828735965021856e-04,1.628084324353786139e+00,-5.100637448475487945e-01,-2.579808130295144198e-04,4.570568410328594825e-13,-1.343047388113488239e-12,1.162143501724006980e-11,3.175276338535227838e-01,2.999999999997256528e-01,-2.883815488212945521e-14,5.561841152533841814e-01,-3.610566975927090998e-15,-2.617942931022378037e-13,-2.093780109993881767e-14,3.173878522935689173e-01,-2.999999999989803601e-01,5.385484837340689129e-13,5.560798231791017621e-01,3.102461775741179001e-15,-2.380421936284064873e-13,7.005445508337627548e-14
-1.479111207245934478e-01,-9.557873145375190931e-05,5.521575781819156870e-01,-4.829780726442594192e-05,7.065814323258826080e-02,-5.968660579635571726e-05,9.975005869169972783e-01,-1.292771147856035086e+00,1.907462788457554251e-04,-3.022962859589078326e-04,1.655294044654902930e+00,-5.039570529075887428e-01,-2.348070706313912421e-04,-1.292747701581107300e+00,1.980136412960831346e-04,-3.314606851930859189e-04,1.655158930183199262e+00,-5.038453869996022405e-01,-2.648825701418680459e-04,4.713670699140721960e-13,-1.385137847961124457e-12,1.196786685886912724e-11,3.062002873593393515e-01,2.999999999997165490e-01,-2.995075816255964253e-14,5.545070798361285691e-01,-3.719265117247113951e-15,-2.695839496745395746e-13,-2.160862746002856299e-14,3.060252057941781345e-01,-2.999999999989478860e-01,5.556136083245297519e-13,5.543843980306826236e-01,3.195317498393052549e-15,-2.450915720538972625e-13,7.226257340124532432e-14
-1.531720630830688268e-01,-9.636941054986644033e-05,5.426919403194482294e-01,-4.927767597642711224e-05,7.524863483972323019e-02,-6.103735554108422284e-05,9.971647992187199216e-01,-1.335271172034852905e+00,1.848704670228617998e-04,-3.168751365686672274e-04,1.682371536114084964e+00,-4.977400410660040575e-01,-2.411347385904083962e-04,-1.335246184534823799e+00,1.913062539669132286e-04,-3.468384962684578892e-04,1.682233533377872403e+00,-4.976270279637662886e-01,-2.717843271013549661e-04,4.856772987956487196e-13,-1.427228307830259696e-12,1.231429869995338284e-11,2.948729401139120743e-01,2.999999999997073896e-01,-3.106336145873558819e-14,5.528300439869311411e-01,-3.827963258463158726e-15,-2.773736062359718268e-13,-2.227945382182089733e-14,2.946625585404404890e-01,-2.999999999989154120e-01,5.726787329334842168e-13,5.526889724497867640e-01,3.288173220941846431e-15,-2.521409504685383100e-13,7.447069172107116472e-14
-1.583549310695235579e-01,-9.698802739241005018e-05,5.351802162687551156e-01,-5.039114850258816209e-05,7.761461033770006290e-02,-6.221493912634937001e-05,9.969834330881133244e-01,-1.367661899019926075e+00,1.791367225490702046e-04,-3.295373031772360554e-04,1.700958169164950684e+00,-4.886817813196546179e-01,-2.466490899256679214e-04,-1.367634922364069139e+00,1.848166077969434719e-04,-3.601383177899338266e-04,1.700817045483422607e+00,-4.885676362407532225e-01,-2.777877737239249785e-04,4.999995425939357577e-13,-1.469330983353151057e-12,1.265554400224243444e-11,2.808064645238131374e-01,2.999999999996985633e-01,-3.211148274866320381e-14,5.486328604339263393e-01,-3.935572845441636335e-15,-2.850689768388765532e-13,-2.294384171211611838e-14,2.805470772380926903e-01,-2.999999999988831600e-01,5.896897572494497045e-13,5.484759513805130826e-01,3.379974978235810667e-15,-2.590982723192823609e-13,7.667357548405794764e-14
-1.635377990315431129e-01,-9.760664418110281536e-05,5.276684928295842791e-01,-5.150433733166458883e-05,7.998014811262360579e-02,-6.339217234195952959e-05,9.967964532624594698e-01,-1.400052622841061911e+00,1.734029781197418490e-04,-3.421994691859345239e-04,1.719544799558407000e+00,-4.796235206840712695e-01,-2.521634410063813337e-04,-1.400023657029237478e+00,1.783269616951208090e-04,-3.734381386610551024e-04,1.719400554931490577e+00,-4.795082436285735827e-01,-2.837912200653481404e-04,5.143217863959831759e-13,-1.511433658879865503e-12,1.299678930290823940e-11,2.667399880764408926e-01,2.999999999996896816e-01,-3.315960401840970013e-14,5.444356760921834626e-01,-4.043182432079426218e-15,-2.927643474122723282e-13,-2.360822960039626999e-14,2.664315950741821815e-01,-2.999999999988509081e-01,6.067007815484832333e-13,5.442629295232999098e-01,3.471776735199911927e-15,-2.660555941412152426e-13,7.887645924540643685e-14
-1.685698445632538567e-01,-9.803699342295465113e-05,5.221242735743240049e-01,-5.261164966380310224e-05,7.902209685203138989e-02,-6.453089978402488328e-05,9.968728611397170702e-01,-1.419684329463026362e+00,1.689053517942266805e-04,-3.522732083192703150e-04,1.731272715353210812e+00,-4.697975426291863266e-01,-2.566794602366092941e-04,-1.419653553645563226e+00,1.731983969889936033e-04,-3.839872146210156971e-04,1.731125423448550471e+00,-4.696810281133438902e-01,-2.886938392170767674e-04,5.286465581606200071e-13,-1.553638307894826296e-12,1.333781741414643589e-11,2.490872757100068002e-01,2.999999999996806332e-01,-3.426543699100172542e-14,5.359419668963613104e-01,-4.150015945606696628e-15,-3.003888706848113477e-13,-2.427631713929492769e-14,2.487088766682261087e-01,-2.999999999988183785e-01,6.237847029176501779e-13,5.357653938002496785e-01,3.562822661102587035e-15,-2.729437815676161587e-13,8.108451391225367772e-14
-1.736018900448110525e-01,-9.846734260220115691e-05,5.165800549733253755e-01,-5.371891339639759625e-05,7.806397149321098183e-02,-6.566956760583746470e-05,9.969483482891646764e-01,-1.439316031842186039e+00,1.644077258797625881e-04,-3.623469465918666209e-04,1.743000628867259927e+00,-4.599715643190093184e-01,-2.611954791348581814e-04,-1.439283446019143708e+00,1.680698327354720155e-04,-3.945362896662606145e-04,1.742850289684880094e+00,-4.598538123427871049e-01,-2.935964580027430708e-04,5.429713299260975495e-13,-1.595842956943696849e-12,1.367884552531240918e-11,2.314345621510279227e-01,2.999999999996715294e-01,-3.537126998278484956e-14,5.274482562717994760e-01,-4.256849458875896715e-15,-3.080133939337911688e-13,-2.494440467942384554e-14,2.309861570627419758e-01,-2.999999999987858490e-01,6.408686243110578967e-13,5.272678566524535704e-01,3.653868586753922382e-15,-2.798319689710275223e-13,8.329256858082042080e-14
-1.788041225828618241e-01,-9.878794759480720162e-05,5.131507010497602383e-01,-5.533939486198204643e-05,7.276641422912327739e-02,-6.652834194040021349e-05,9.973490068535521003e-01,-1.443852998395997567e+00,1.615121573175691495e-04,-3.709804335375416705e-04,1.747990446213683047e+00,-4.497990287690582512e-01,-2.649225378195536581e-04,-1.443818204402088856e+00,1.647076446602311966e-04,-4.034723987817166757e-04,1.747836554420586941e+00,-4.496799322000742949e-01,-2.975793347003133815e-04,5.573182024283355683e-13,-1.638109382874461777e-12,1.401391858936739993e-11,2.061999626302604693e-01,2.999999999996623701e-01,-3.646868364033080895e-14,5.126520300482043657e-01,-4.360772540876656780e-15,-3.153772746909676226e-13,-2.561207680649767928e-14,2.056552407239783387e-01,-2.999999999987532084e-01,6.579627664067870939e-13,5.124949575530051149e-01,3.742042820496091594e-15,-2.864620971926154660e-13,8.550209990542735586e-14
-1.840063551808345521e-01,-9.910855254877290433e-05,5.097213478708275680e-01,-5.695831457294721209e-05,6.746680163024332266e-02,-6.738523843692766535e-05,9.977215157010324020e-01,-1.448389959635033586e+00,1.586165893194515424e-04,-3.796139199761118911e-04,1.752980261187658595e+00,-4.396264930970862350e-01,-2.686495962264604377e-04,-1.448352957470118163e+00,1.613454572069219475e-04,-4.124085073292560921e-04,1.752822816783668580e+00,-4.395060519353028439e-01,-3.015622110740474112e-04,5.716650749383551636e-13,-1.680375808826977758e-12,1.434899165132564940e-11,1.809653604399515392e-01,2.999999999996532107e-01,-3.756609729491236789e-14,4.978558016055273372e-01,-4.464695621852669174e-15,-3.227411553563731736e-13,-2.627974893342524875e-14,1.803243217064093573e-01,-2.999999999987205679e-01,6.750569085061149104e-13,4.977220562440354268e-01,3.830217053227153329e-15,-2.930922253233420825e-13,8.771163123055419443e-14
-1.892934269544821191e-01,-9.924039431712652285e-05,5.081616677997455866e-01,-5.863277962960214570e-05,5.653416578322918717e-02,-6.804949696223405828e-05,9.984006610728267672e-01,-1.435313346186398054e+00,1.580436268574723880e-04,-3.854553813349938436e-04,1.753299048621729694e+00,-4.311143640045558278e-01,-2.712962802798856441e-04,-1.435274827404418474e+00,1.604918851861953310e-04,-4.184001519336000654e-04,1.753138379469199926e+00,-4.309922146127696529e-01,-3.043381563204311806e-04,5.860440613398529552e-13,-1.722785963410364230e-12,1.468563549404831336e-11,1.481012236870539733e-01,2.999999999996436628e-01,-3.877451818363936160e-14,4.746999037006314204e-01,-4.566406694493977073e-15,-3.299084669956073038e-13,-2.695619461881935277e-14,1.473311488400930458e-01,-2.999999999986874832e-01,6.922908708302393521e-13,4.746349176614947374e-01,3.916203692290941349e-15,-2.995280493948420776e-13,8.993241204990464993e-14
-1.945804987596606028e-01,-9.937223601532528127e-05,5.066019884235377635e-01,-6.030020972394359020e-05,4.559474465961554923e-02,-6.870559057960671677e-05,9.989600146666787195e-01,-1.422236726191581146e+00,1.574706652587022605e-04,-3.912968416562043823e-04,1.753617834319787905e+00,-4.226022355291246813e-01,-2.739429639317837316e-04,-1.422196690792794316e+00,1.596383140978093178e-04,-4.243917954436179116e-04,1.753453940418840062e+00,-4.224783779072004974e-01,-3.071141011182524304e-04,6.004230477532860988e-13,-1.765196118047168072e-12,1.502227933735476326e-11,1.152370840985981471e-01,2.999999999996341149e-01,-3.998293911362280248e-14,4.515440026888185576e-01,-4.668117766313179102e-15,-3.370757785617854421e-13,-2.763264030747419442e-14,1.143379731260582011e-01,-2.999999999986543431e-01,7.095248332063287502e-13,4.515477759889222620e-01,4.002190330541698553e-15,-3.059638733941279027e-13,9.215319287343604298e-14
-2.004308723140358350e-01,-9.970776000654059694e-05,5.069889437598980031e-01,-6.278239586849595252e-05,2.820205982869937109e-02,-6.889202055372075717e-05,9.996022384597179622e-01,-1.389692032805298627e+00,1.593622754069414708e-04,-3.967827806536473401e-04,1.748225763626084284e+00,-4.149453433417497061e-01,-2.766149928005222445e-04,-1.389650151452372029e+00,1.614545938106143981e-04,-4.298593297570478316e-04,1.748057938725871674e+00,-4.148194006547342716e-01,-3.097633568577493057e-04,6.148395266370943972e-13,-1.807763102915510893e-12,1.535703485656947006e-11,6.478597200600275108e-02,2.999999999996239008e-01,-4.124230028677760772e-14,4.178973975078933978e-01,-4.762123586022731646e-15,-3.435529918192078245e-13,-2.831779508412321075e-14,6.373069327465324951e-02,-2.999999999986205368e-01,7.268463775062810259e-13,4.180340332319328334e-01,4.080429986820359574e-15,-3.117064432658321220e-13,9.438573128815485358e-14
-2.062812460887838983e-01,-1.000432840774397443e-04,5.073758998578133950e-01,-6.524556441707625757e-05,1.080082956423981597e-02,-6.905758171455455045e-05,9.999416648258993012e-01,-1.357147331802788459e+00,1.612538865193613208e-04,-4.022687195120046148e-04,1.742833690698200932e+00,-4.072884514889570928e-01,-2.792870216791762199e-04,-1.357103604495593308e+00,1.632708745679085991e-04,-4.353268638654377194e-04,1.742661934798447110e+00,-4.071604237367029144e-01,-3.124126125476833424e-04,6.292560055355704091e-13,-1.850330087845208463e-12,1.569179037504543025e-11,1.433485303309720016e-02,2.999999999996136868e-01,-4.250166147986106522e-14,3.842507882228338723e-01,-4.856129402717863655e-15,-3.500302048066525207e-13,-2.900294986417936465e-14,1.312340653232381416e-02,-2.999999999985867305e-01,7.441679218404966736e-13,3.845202863958872008e-01,4.158669640068274584e-15,-3.174490128663240942e-13,9.661826970747343008e-14
-2.123935770374705267e-01,-1.006516852174923614e-04,5.094870013682035736e-01,-6.795209540898839741e-05,-1.435803830424989096e-02,-6.901035254827791597e-05,9.998969133646417040e-01,-1.301688428221777327e+00,1.669307470846368325e-04,-4.056509088005879195e-04,1.732765914409203134e+00,-4.023604368209193205e-01,-2.819031336279925293e-04,-1.301643897823122620e+00,1.691055913389037484e-04,-4.385204075426323684e-04,1.732590336190047653e+00,-4.022293899143158935e-01,-3.148511741010574620e-04,6.438257332371045762e-13,-1.893099853458619447e-12,1.602841553357231575e-11,-5.245954494464694084e-02,2.999999999996026956e-01,-4.392009277563689514e-14,3.377333444191942258e-01,-4.946402234818370755e-15,-3.561921892417592086e-13,-2.971586914552006442e-14,-5.384057287116369994e-02,-2.999999999985520360e-01,7.617174318916806559e-13,3.381888509627888340e-01,4.233177399381382737e-15,-3.228761454404718481e-13,9.888455265122477576e-14
-2.185059080937631626e-01,-1.012600864696366161e-04,5.115981035868333304e-01,-7.061561482109963116e-05,-3.950782113902181342e-02,-6.891944176961343961e-05,9.992192563859008114e-01,-1.246229515228136187e+00,1.726076092048061989e-04,-4.090330972249990463e-04,1.722698136199533492e+00,-3.974324232738418172e-01,-2.845192455538394193e-04,-1.246184181738450247e+00,1.749403097605804693e-04,-4.417139502857238536e-04,1.722518735661020983e+00,-3.972983572125054486e-01,-3.172897355678832459e-04,6.583954610015898939e-13,-1.935869619155328084e-12,1.636504069286720614e-11,-1.192539496358360762e-01,2.999999999995917044e-01,-4.533852413675508359e-14,2.912158953285103324e-01,-5.036675065385452951e-15,-3.623541735473772440e-13,-3.042878843826578698e-14,-1.208045589936062314e-01,-2.999999999985173416e-01,7.792669420365077035e-13,2.918574102644773127e-01,4.307685157161514060e-15,-3.283032778850452730e-13,1.011508356088376066e-13
-2.247320405328641357e-01,-1.030092929571296541e-04,5.162666316152176860e-01,-7.440130605354254340e-05,-7.279725417718631297e-02,-6.757467724172357137e-05,9.973467549866349424e-01,-1.163245880929962173e+00,1.823164783761662289e-04,-4.125912276133716396e-04,1.703244520377389604e+00,-3.942752444125620093e-01,-2.884685085683698206e-04,-1.163199133007350117e+00,1.851388013699408668e-04,-4.448084046806727483e-04,1.703060523331851872e+00,-3.941379964961082560e-01,-3.208201941815935288e-04,6.730593609459662283e-13,-1.978967221924457676e-12,1.671147217392786136e-11,-2.098597318180971949e-01,2.999999999995794364e-01,-4.695593091011408032e-14,2.308926957083491938e-01,-5.114498642256957900e-15,-3.674526864544574391e-13,-3.118255182033117395e-14,-2.115600823678990827e-01,-2.999999999984812038e-01,7.971255335802406914e-13,2.317250276206554715e-01,4.369617892383422312e-15,-3.326583553049936873e-13,1.034695221737252180e-13
-2.309581730209381845e-01,-1.047584999355544502e-04,5.209351607441593535e-01,-7.810428639454681382e-05,-1.060057625464769088e-01,-6.615478991351853738e-05,9.943655101773212213e-01,-1.080262234786856013e+00,1.920253492826518927e-04,-4.161493580774587868e-04,1.683790900516163536e+00,-3.911180663133395630e-01,-2.924177721566057473e-04,-1.080214072431054939e+00,1.953372948571984347e-04,-4.479028590329801884e-04,1.683602306963267292e+00,-3.909776365416984256e-01,-3.243506532651885222e-04,6.877232609308684552e-13,-2.022064824834667606e-12,1.705790365920854650e-11,-3.004655242472974441e-01,2.999999999995671129e-01,-4.857333776909974420e-14,1.705694901470498070e-01,-5.192322213771075728e-15,-3.725511989038854704e-13,-3.193631521997331591e-14,-3.023156159805930332e-01,-2.999999999984450660e-01,8.149841252569831505e-13,1.715926390377647270e-01,4.431550622193822062e-15,-3.370134322635960998e-13,1.057882087611641034e-13
-2.362949724015181996e-01,-1.073717035358944850e-04,5.297436569155988817e-01,-8.134397755970310465e-05,-1.478360648111669839e-01,-6.381817426994860121e-05,9.890118741711579897e-01,-9.613257300007758133e-01,2.088223967017610681e-04,-4.114446575189134071e-04,1.646886720102687773e+00,-3.888011369200305434e-01,-2.946288491343956764e-04,-9.612775841785136111e-01,2.130958488938238925e-04,-4.422875588782977825e-04,1.646694528627508314e+00,-3.886570930808841973e-01,-3.257922721961011491e-04,7.029578898254763809e-13,-2.065775009418335455e-12,1.733982691910402247e-11,-4.077123684367305878e-01,2.999999999995512368e-01,-5.387661438265805147e-14,8.292566051414758388e-02,-5.268995519445299285e-15,-3.779495629119618651e-13,-3.321247495308565998e-14,-4.096735391348568234e-01,-2.999999999984049315e-01,8.367956776980835818e-13,8.400718998719944319e-02,4.492897438601778524e-15,-3.416990609413789855e-13,1.086547923834105753e-13
-2.416317713819883251e-01,-1.099849075249455287e-04,5.385521549496045113e-01,-8.443900351276113618e-05,-1.894034540531331356e-01,-6.136806172093745579e-05,9.818993434648779495e-01,-8.423892090395489474e-01,2.256194473098321147e-04,-4.067399532429305368e-04,1.609982531838226372e+00,-3.864842079047483558e-01,-2.968399253301775751e-04,-8.423410797514692128e-01,2.308544063317112614e-04,-4.366722548051075515e-04,1.609786742441213114e+00,-3.863365499979023454e-01,-3.272338901872471739e-04,7.181925189768545175e-13,-2.109485194277602677e-12,1.762175014997732705e-11,-5.149592201129523650e-01,2.999999999995353606e-01,-5.917989265448460997e-14,-4.718181410269695064e-03,-5.345668824602019045e-15,-3.833479270549411486e-13,-3.448863492122347238e-14,-5.170314697585152164e-01,-2.999999999983647969e-01,8.586072319176162717e-13,-3.578271414463846112e-03,4.554244254746132380e-15,-3.463846897678766669e-13,1.115213762521552414e-13
-2.422923669988465145e-01,-1.143744389404440501e-04,5.506351924675477738e-01,-9.351733090973749732e-05,-2.435708867290915514e-01,-6.249091834610144092e-05,9.698830911441843616e-01,-8.539247276177286405e-01,-1.978641939640211835e-04,-6.333424119996588445e-04,1.744274237567951191e+00,-2.942788703472604683e-01,-3.631207572483278242e-04,-8.539561720770664222e-01,7.790472166626743978e-04,-2.561426230121451302e-04,1.744317723591583214e+00,-2.941492876234352849e-01,-1.818739894889295522e-04,7.345541525364421217e-13,-2.154087469257799348e-12,1.773782723111850330e-11,-5.612919737618072835e-01,2.999999999995216493e-01,-6.451802917977595468e-14,-8.301038908296151653e-02,-5.467527560550570841e-15,-3.930750198928504144e-13,-3.576876463769339300e-14,-5.631274614613999141e-01,-2.999999999983267163e-01,8.806152702756182499e-13,-8.212857852993471486e-02,4.661365004866901380e-15,-3.554204476213643696e-13,1.144002424536471904e-13
-2.429529604204161974e-01,-1.187639711898565099e-04,5.627182315227550191e-01,-1.023077679365787154e-04,-2.969884921157958102e-01,-6.342139831089384488e-05,9.548810507396368052e-01,-8.654603074472586588e-01,-6.213480419318684334e-04,-8.599449793457533296e-04,1.878566023667230356e+00,-2.020734905907969892e-01,-4.294016192446394433e-04,-8.655713256913629694e-01,1.327240276011085228e-03,-7.561290910397387060e-05,1.878848785225526896e+00,-2.019619830601748489e-01,-3.651401987323090554e-05,7.509157866251128027e-13,-2.198689744656796593e-12,1.785390423440161459e-11,-6.076246988139546445e-01,2.999999999995078825e-01,-6.985616572143185915e-14,-1.613025923654389515e-01,-5.589386317711857436e-15,-4.028021147629229272e-13,-3.704889435602695018e-14,-6.092234244042799007e-01,-2.999999999982885801e-01,9.026233087258616708e-13,-1.606788814037657109e-01,4.768485776476682412e-15,-3.644562075170618985e-13,1.172791086609051826e-13
-2.386075683351575327e-01,-1.239178351332533229e-04,5.761787626129670770e-01,-1.162668320433130878e-04,-3.587145669367823864e-01,-6.315735875877718066e-05,9.334472893316090314e-01,-1.017200671079274699e+00,-1.430019854409115545e-03,-1.677625811698546347e-03,2.105417768769229703e+00,-2.224214075602206839e-02,-8.286022476115276420e-04,-1.017424217885069648e+00,2.225566961925151514e-03,5.626983215158295158e-04,2.105998174283741697e+00,-2.217126462501028961e-02,5.192318694718160406e-04,7.900746652415094475e-13,-2.305741070805559815e-12,1.803382376886503339e-11,-5.847861322282278396e-01,2.999999999994777955e-01,-8.120564699246504975e-14,-2.092674324471439362e-01,-5.905913054448684833e-15,-4.285159288576822935e-13,-4.006503339143300639e-14,-5.859596801770126095e-01,-2.999999999981992627e-01,9.545696983815983813e-13,-2.090771509777499815e-01,5.050641593412785899e-15,-3.885474468229198178e-13,1.241834081644607111e-13
-2.295903957273675855e-01,-1.292161672040701196e-04,5.887362848059697340e-01,-1.288206399305007644e-04,-4.220891238651153232e-01,-5.794642741457431146e-05,9.065543290736820525e-01,-1.172442332241591556e+00,-2.104221489242844457e-03,-2.842584143559586957e-03,2.231471257846611600e+00,1.285738368387749075e-01,-1.674327875311997773e-03,-1.172759720122070304e+00,2.888231889535557411e-03,1.497624296263707494e-03,2.232119097936918095e+00,1.286101567541591273e-01,1.504070231775105765e-03,8.274781673428069226e-13,-2.409058797514855352e-12,1.813912478025901510e-11,-5.495120256994172614e-01,2.999999999994513167e-01,-9.070818890828782973e-14,-2.581173541341291178e-01,-6.234747882321167380e-15,-4.554701697158479440e-13,-4.292933409642629899e-14,-5.504231925427335304e-01,-2.999999999981142751e-01,1.004482853500989443e-12,-2.582645541187923444e-01,5.346628494850450257e-15,-4.139796757247349028e-13,1.309400388698666977e-13
-2.148224015750742066e-01,-1.352303219185455496e-04,6.011249836943546310e-01,-1.415626129912832189e-04,-4.877622138665007046e-01,-5.039920738694139718e-05,8.729765175215177253e-01,-1.335153012267151773e+00,-2.739188905308406405e-03,-4.229292299959779185e-03,2.298879480152637100e+00,2.319822219721338064e-01,-2.774352687475820957e-03,-1.335557185257033375e+00,3.487036154129861867e-03,2.696585530739462836e-03,2.299470566023675389e+00,2.319943662958395825e-01,2.707411804460748729e-03,8.620836335788946767e-13,-2.506214832201510789e-12,1.816902048433622393e-11,-5.079769937645653988e-01,2.999999999994283351e-01,-9.822965631427841105e-14,-3.127923717872250764e-01,-6.575298379600361950e-15,-4.835886807581414728e-13,-4.562231444661693252e-14,-5.087329060649572465e-01,-2.999999999980341170e-01,1.052037864376468112e-12,-3.131547204741199075e-01,5.656379448519847586e-15,-4.407256118664099661e-13,1.375277168835072026e-13
-1.934444882614715366e-01,-1.413255271505606768e-04,6.151705583287400136e-01,-1.541663689099987550e-04,-5.564716714813382481e-01,-4.023244663535478934e-05,8.308665677789945914e-01,-1.506016340243229834e+00,-3.580122742496394915e-03,-6.070876010761715527e-03,2.344803816269976249e+00,2.932801656283229308e-01,-3.530991975888772387e-03,-1.506493910899172839e+00,4.276489844642762488e-03,4.416828847680928302e-03,2.345283452885194908e+00,2.932738840563587357e-01,3.533439923078627188e-03,8.925012960969095328e-13,-2.594433693645940633e-12,1.811881475569204662e-11,-4.581118845040837995e-01,2.999999999994088506e-01,-1.035661198817212617e-13,-3.739894682624306244e-01,-6.928189860959600677e-15,-5.129441300821508231e-13,-4.812006070908996165e-14,-4.587946329084336416e-01,-2.999999999979593990e-01,1.096689658789537426e-12,-3.744696062756352473e-01,5.981012189680609284e-15,-4.688872280951518759e-13,1.439006430838199062e-13
-1.651072109791788256e-01,-1.458855073308553080e-04,6.344252454658124707e-01,-1.660258334359758427e-04,-6.295744716173734545e-01,-2.663963038439472579e-05,7.769401240851562251e-01,-1.687388424773343720e+00,-5.004404923460392847e-03,-9.263284506304149749e-03,2.394900489020000744e+00,3.261390317124504001e-01,-2.410916469043665813e-03,-1.687932674440842051e+00,5.602453242275541936e-03,7.529019771945427361e-03,2.395223466509506238e+00,3.261149220047138697e-01,2.446551380857909814e-03,9.163289058689435482e-13,-2.669644785278510599e-12,1.798024989073373314e-11,-3.979517512789927935e-01,2.999999999993934741e-01,-1.061188657282987053e-13,-4.397966400988770896e-01,-7.296492625496150008e-15,-5.438466785499898395e-13,-5.035135512184434130e-14,-3.986426608647256620e-01,-2.999999999978915644e-01,1.137337452624581299e-12,-4.403280690284878118e-01,6.324151434550517077e-15,-4.988066974991694509e-13,1.499571729399813641e-13
-1.323450201441475349e-01,-1.464000769968456476e-04,6.633952991408370581e-01,-1.760893091141310619e-04,-7.076287393441050844e-01,-8.463564005769959230e-06,7.065844154630046559e-01,-1.881370363524331069e+00,-7.429895131819794392e-03,-1.589634255156749734e-02,2.462751889768996616e+00,3.470050282141142750e-01,3.128434367061496031e-03,-1.881991648881983226e+00,7.844867267542774553e-03,1.407556619435681999e-02,2.462858233668945296e+00,3.469610388787353061e-01,-3.111770244720706621e-03,9.314180699947448385e-13,-2.729390367978864465e-12,1.776208958291791869e-11,-3.299602493898757261e-01,2.999999999993835376e-01,-1.049849492151852473e-13,-5.070014341726730711e-01,-7.684815386455066707e-15,-5.767295626043020601e-13,-5.220376445371779107e-14,-3.307423855373836097e-01,-2.999999999978327780e-01,1.172826761533575679e-12,-5.075580027835544517e-01,6.691264328174205690e-15,-5.309741749655802142e-13,1.555835336791621281e-13
-1.012385684338071995e-01,-1.404329768856513237e-04,7.054114307289109931e-01,-1.832148231125943982e-04,-7.894911269376426732e-01,1.543090846064071152e-05,6.137619462633265854e-01,-2.084029860796162037e+00,-1.118931564607715534e-02,-2.971714982112073217e-02,2.546494378195088171e+00,3.648668775849872592e-01,1.572829634999126092e-02,-2.084753157210834207e+00,1.133082542603650912e-02,2.776732607847194612e-02,2.546324741645516365e+00,3.648019228746292586e-01,-1.580744900847223453e-02,9.366661578318040850e-13,-2.774997627619853092e-12,1.750146733894293118e-11,-2.599431490439281234e-01,2.999999999993814281e-01,-9.879998884963832911e-14,-5.728889583743143055e-01,-8.097472676327427019e-15,-6.120122536505461755e-13,-5.351937434590516442e-14,-2.608903102546061836e-01,-2.999999999977853160e-01,1.202025419707972750e-12,-5.734968170425750467e-01,7.089272836967902278e-15,-5.659758091940542227e-13,1.606676733378260296e-13
-8.150489256582485464e-02,-1.260779954105409871e-04,7.608652815671463898e-01,-1.857949525075363087e-04,-8.721053879831947020e-01,4.593293354979596609e-05,4.893180515994504653e-01,-2.277031253056418958e+00,-1.649018971458404009e-02,-5.680065271565764434e-02,2.635659624456304861e+00,3.827508670748804853e-01,3.750106267946641536e-02,-2.277879481504112569e+00,1.631785882839556501e-02,5.467808226038302355e-02,2.635187982012264563e+00,3.826671448486250182e-01,-3.777492858241698892e-02,9.309232075909913106e-13,-2.811093808708036122e-12,1.729147557404843091e-11,-1.960553150678674139e-01,2.999999999993901434e-01,-8.606564491686571155e-14,-6.292401211997011856e-01,-8.530385329641234944e-15,-6.494405812291037332e-13,-5.409090375382234932e-14,-1.971969311028272387e-01,-2.999999999977516207e-01,1.223815786713581581e-12,-6.300035103013060800e-01,7.519822225313410079e-15,-6.039047821208375281e-13,1.650436745916314203e-13
-8.452607052764313234e-02,-1.028928652905311113e-04,8.215113828588728184e-01,-1.810158361634476730e-04,-9.468978781829417990e-01,8.167815056932104900e-05,3.215343976226956446e-01,-2.407864853553302265e+00,-2.405680754626089018e-02,-1.029756043670151389e-01,2.718154990635130108e+00,4.016469822068686746e-01,6.739571308593760024e-02,-2.408767340815537672e+00,2.362531704562694651e-02,1.007404636086617344e-01,2.717432882007745576e+00,4.015514606527958441e-01,-6.795372092130821939e-02,9.130319926973287992e-13,-2.845828035706767630e-12,1.734385602204448741e-11,-1.518651625904284264e-01,2.999999999994105160e-01,-6.755693696140323896e-14,-6.444742755818960722e-01,-8.942001458442181433e-15,-6.854655258282572479e-13,-5.385895315104238609e-14,-1.530908841735665049e-01,-2.999999999977311926e-01,1.239250201546993656e-12,-6.456030966889393374e-01,7.947594623729493944e-15,-6.415690476850502561e-13,1.685715275134679139e-13
-1.128111418008244521e-01,-7.791769014238432791e-05,8.645375890058725199e-01,-1.601967083637611308e-04,-9.950240783776164166e-01,1.220021866148885965e-04,9.963454672580311644e-02,-2.341398597100984524e+00,-4.134181536209704383e-02,-1.564643819550664006e-01,2.776264582727476782e+00,4.206717464672655171e-01,9.377959695706541976e-02,-2.342295750180091396e+00,4.094791077179133626e-02,1.544558075453925372e-01,2.775528647109902547e+00,4.205908102520550251e-01,-9.458671803766860453e-02,8.882498730699321714e-13,-2.889841041944794363e-12,1.793902140176007761e-11,-1.615634080701741915e-01,2.999999999994516497e-01,-2.834976362165707050e-14,-5.534358766659053241e-01,-9.291082568760325429e-15,-7.160630294042250344e-13,-5.325886054591006870e-14,-1.623177176149642187e-01,-2.999999999977303045e-01,1.235794074058742838e-12,-5.547433280432687575e-01,8.330175812469738081e-15,-6.747148423314416223e-13,1.715245952989469782e-13
-1.462370068900240849e-01,-6.132019152460005558e-05,8.857498798833081111e-01,-1.289250339156680473e-04,-9.907965088770701589e-01,1.597897727412549336e-04,-1.353596536733679689e-01,-2.145886349262227544e+00,-5.086779993069041189e-02,-1.762935508460822809e-01,2.792940591945050510e+00,4.324986909164493243e-01,9.607172433059496530e-02,-2.146840114582556858e+00,5.074674405065413701e-02,1.746658312611030495e-01,2.792551408353840969e+00,4.324639552147634403e-01,-9.688361017014264498e-02,8.675529470677454609e-13,-2.907435981773927921e-12,1.902874460399169271e-11,-2.647620247848007646e-01,2.999999999994509836e-01,-3.354601216362139356e-14,-4.195727912917402991e-01,-9.579743879911936923e-15,-7.407435200144864695e-13,-5.364877924539724371e-14,-2.646863086488562833e-01,-2.999999999976931120e-01,1.270767606964066570e-12,-4.206890543997522380e-01,8.673874863612555961e-15,-7.029806371452685258e-13,1.751496021828543978e-13
-1.768943246655515500e-01,-5.134484746853356290e-05,8.942904884099865948e-01,-9.967294665285995967e-05,-9.425326612082485234e-01,1.849791870978894737e-04,-3.341139602047500379e-01,-1.980076075572602567e+00,-4.201990288488077069e-02,-1.439709281467246305e-01,2.713343845589349268e+00,4.269728828077159477e-01,7.222669308632138907e-02,-1.981012278622658274e+00,4.206380334516918174e-02,1.425274030387396473e-01,2.713589552865015797e+00,4.269858950601715941e-01,-7.280506016876540920e-02,8.693275031522226079e-13,-2.906465005651325183e-12,2.017788398664465034e-11,-4.598930553974410751e-01,2.999999999994225619e-01,-5.390692837785972097e-14,-3.273005456815760716e-01,-9.712711021919916873e-15,-7.524025688498555769e-13,-5.571187321556033226e-14,-4.591935687585022574e-01,-2.999999999976323828e-01,1.315746182542524980e-12,-3.283961606730736449e-01,8.864362408403413269e-15,-7.176867708362292716e-13,1.797009187623338283e-13
-2.044375658682167640e-01,-4.422679393498036698e-05,8.929383923805627177e-01,-7.554080511363309570e-05,-8.739223058895897456e-01,1.993615602098347973e-04,-4.860655900361365855e-01,-1.873471539744611558e+00,-2.372464266836174160e-02,-8.859101288626759774e-02,2.531139296728084798e+00,4.026149643640707931e-01,4.102977107805999557e-02,-1.874305187247959470e+00,2.382950950466440621e-02,8.721699796911877578e-02,2.531968871005492172e+00,4.026506341241106179e-01,-4.133509466107292141e-02,8.765832182437587272e-13,-2.898519704153183263e-12,2.134972649562690264e-11,-6.666138367815366284e-01,2.999999999993762656e-01,-8.612566764934585478e-14,-2.566697509514753728e-01,-9.791346446448640391e-15,-7.590424299885006488e-13,-5.938810698809699131e-14,-6.655708274723364237e-01,-2.999999999975630494e-01,1.363924361624784147e-12,-2.578177868965703667e-01,8.959426552633162040e-15,-7.244023424630802012e-13,1.848691286217263001e-13
-2.284239244770804866e-01,-3.919971332978513482e-05,8.809157140053215373e-01,-5.703235834103175954e-05,-8.009089703116655246e-01,2.074502482637687289e-04,-5.987860844959677076e-01,-1.800881250273922429e+00,-4.768416280789064890e-03,-4.051685849648552218e-02,2.308166821135216207e+00,3.604639675838925972e-01,1.750684026286514899e-02,-1.801595585410342926e+00,5.000576325324944567e-03,3.931933629642074546e-02,2.309227040098687844e+00,3.604976902896990798e-01,-1.763068539756364878e-02,8.759004149224933089e-13,-2.887617929858369983e-12,2.247899587311919392e-11,-7.992386122679659977e-01,2.999999999993147037e-01,-1.266857805082949293e-13,-2.052267763536970435e-01,-9.949900269650086717e-15,-7.707769876058070745e-13,-6.363197279325654004e-14,-7.979490876736621274e-01,-2.999999999974887199e-01,1.413265389872648496e-12,-2.062248878260871943e-01,9.108991294698156076e-15,-7.348524891399374309e-13,1.899896614844599397e-13
-2.498261433706903678e-01,-3.509867140521168903e-05,8.606198621153522410e-01,-4.248247078839513638e-05,-7.286692179164292460e-01,2.117061723695324747e-04,-6.848657709630374679e-01,-1.750411939431405051e+00,5.561965897072263139e-03,-1.197349215871467906e-02,2.092424795549550520e+00,3.038626802630936541e-01,4.680027500283550496e-03,-1.751001958267319081e+00,-5.152022221035654215e-03,1.102292374006037454e-02,2.093433356922839828e+00,3.038877892630442723e-01,-4.721122038073994817e-03,8.761264858097599327e-13,-2.876591373368125678e-12,2.345009896065877575e-11,-8.724154195594386874e-01,2.999999999992465916e-01,-1.694706434103853353e-13,-1.988459786843530530e-01,-1.011915557196819469e-14,-7.829823568854610169e-13,-6.787313810287001979e-14,-8.708517487525123668e-01,-2.999999999974118370e-01,1.461916329199126838e-12,-1.996284555228595992e-01,9.265954508287718042e-15,-7.457108352096835377e-13,1.948153692299574890e-13
-2.696845250722186282e-01,-3.118426376482438583e-05,8.339639735624413408e-01,-3.063384537563227245e-05,-6.583087152229288863e-01,2.135632606057736975e-04,-7.527480248488453984e-01,-1.716489892384133853e+00,8.859522169776035128e-03,2.867022072464563316e-03,1.881399682033599641e+00,2.388001001378859678e-01,-3.453630240859612054e-04,-1.716951754764056037e+00,-8.262254460391775177e-03,-3.549743480724557986e-03,1.882276790853408821e+00,2.388238792686606937e-01,3.250427578869158731e-04,8.818961022483013193e-13,-2.870071505444549003e-12,2.425330462147096065e-11,-9.259805473073436932e-01,2.999999999991797561e-01,-2.116800803370812982e-13,-2.192105378285929551e-01,-1.027750442814341059e-14,-7.945043139686760026e-13,-7.204083376216856256e-14,-9.240824451296330011e-01,-2.999999999973365639e-01,1.509458341714249711e-12,-2.198411884487627699e-01,9.405003781047237792e-15,-7.554797619907232057e-13,1.994970424130696814e-13
-2.880416748126644055e-01,-2.672863783749335193e-05,8.018038940176743790e-01,-1.927537653131205437e-05,-5.903164612510840570e-01,2.131368389077843587e-04,-8.071718712747273372e-01,-1.687531229501616048e+00,-9.631734224791287449e-03,-2.109828297849679346e-02,1.653656740021015814e+00,1.640016736793238061e-01,-2.268011231064742325e-04,-1.687913176249327796e+00,1.027840495321091958e-02,2.051341921529047790e-02,1.654398054623918091e+00,1.640451535931362614e-01,2.020691063184852990e-04,8.926882176364142472e-13,-2.871187550423181044e-12,2.489362887974387049e-11,-9.798842139867640633e-01,2.999999999991176391e-01,-2.525727083519716568e-13,-2.360288193225298092e-01,-1.042390121284732502e-14,-8.053272020059721178e-13,-7.613718395242140703e-14,-9.776028368408462565e-01,-2.999999999972648435e-01,1.556312308271768739e-12,-2.366505256873518148e-01,9.523329707173719762e-15,-7.640631688133865406e-13,2.041898570271178881e-13
-3.050747895256180064e-01,-2.037642037015270844e-05,7.642430318176051118e-01,-8.784893447613553399e-06,-5.246455484530700986e-01,2.116677296490678548e-04,-8.513207407364014045e-01,-1.650249250639774568e+00,-2.039074038265710140e-03,2.191084592597309592e-03,1.398266393736558921e+00,6.271104880811220750e-02,1.728365617499528443e-03,-1.650532458756709175e+00,2.691887989482733175e-03,-2.649131684859112011e-03,1.398724949791439798e+00,6.280712898941816225e-02,-1.759777751173683498e-03,9.159588869992427404e-13,-2.884298761971590149e-12,2.539744644440193097e-11,-1.050162488060573107e+00,2.999999999990627941e-01,-2.921762541752536956e-13,-2.234732344753115330e-01,-1.055426458979116368e-14,-8.153436347740847724e-13,-8.031103497404200539e-14,-1.047350795458997563e+00,-2.999999999971981746e-01,1.602901160405247121e-12,-2.243098940433922162e-01,9.617193613150181649e-15,-7.712688429747908498e-13,2.090582146101099978e-13
-3.211883206217626130e-01,-1.327126904059335402e-05,7.187008767877064441e-01,2.262652519544197262e-06,-4.614656752667427031e-01,2.079392806271022334e-04,-8.871580396449920691e-01,-1.603039271248396513e+00,-1.659274694427551738e-02,-2.999532155767475894e-02,1.162462932749531053e+00,-8.881322214570669393e-02,5.838543905288412668e-03,-1.603190391645103796e+00,1.724619447090344759e-02,2.966617922546102223e-02,1.162576099610881153e+00,-8.860819314844189942e-02,-5.862849197650157364e-03,9.400047727263098722e-13,-2.914689053357450406e-12,2.573374158160056551e-11,-1.148637810381036628e+00,2.999999999990234367e-01,-3.258034561127807743e-13,-1.706625297527290530e-01,-1.068417230613998349e-14,-8.256835969592631967e-13,-8.403267366529994399e-14,-1.145249936649197720e+00,-2.999999999971451059e-01,1.645011316938419558e-12,-1.720170238305264165e-01,9.704322314722410360e-15,-7.786100176199585577e-13,2.137151115389140257e-13
-3.365550970285934307e-01,-7.373352600851320205e-06,6.597193294090583082e-01,1.565592799710347960e-05,-3.997737149152297831e-01,2.024837545771302914e-04,-9.166138421484250065e-01,-1.594418990509258949e+00,-1.878370200634969789e-02,-2.502622867999567541e-02,1.123857382332580590e+00,-2.690153322230651178e-01,8.616981043059109349e-03,-1.594428492725484814e+00,1.952324906220393938e-02,2.492424668691216316e-02,1.123609504873500198e+00,-2.687115280001671769e-01,-8.638247321155818892e-03,9.462514895578639894e-13,-2.982309431888308699e-12,2.578382561646160373e-11,-1.300358183425852854e+00,2.999999999990116129e-01,-3.416012357240221071e-13,-1.568471079266046397e-01,-1.085401644685206028e-14,-8.376775328881031777e-13,-8.533822654059220075e-14,-1.296179314440677466e+00,-2.999999999971313391e-01,1.662807646888201179e-12,-1.588775143905463705e-01,9.798486504729887943e-15,-7.861005607834430872e-13,2.152885604297524797e-13
-3.457789445509970028e-01,-7.239859510367235160e-06,5.960718611694899582e-01,3.170002854558073960e-05,-3.444352962706751509e-01,1.975059220980215284e-04,-9.388100375845217505e-01,-1.647740775021684367e+00,-3.654354488974244190e-03,8.744211913633054625e-03,1.363034520792187454e+00,-4.185850078974900357e-01,9.787745958725046005e-03,-1.647712538493319334e+00,4.456685338473926998e-03,-8.833426763720321484e-03,1.362683036536747494e+00,-4.182619349356425098e-01,-9.834847640027186491e-03,9.424754909104332115e-13,-3.030879722625035970e-12,2.577258121234254843e-11,-1.403041547916084708e+00,2.999999999990177746e-01,-3.418621564383712015e-13,-2.245240698681755243e-01,-1.094369009648139650e-14,-8.435671460199351392e-13,-8.499953185905775591e-14,-1.398028020225025703e+00,-2.999999999971386666e-01,1.662639940947492940e-12,-2.268923495875730112e-01,9.841242281672458613e-15,-7.893492426787268217e-13,2.149226119992878960e-13
-3.509256972271047048e-01,-1.096478549746909685e-05,5.363474285828387922e-01,4.739917447710530798e-05,-2.927871764611660321e-01,1.927498800008506255e-04,-9.561776142018281188e-01,-1.711257321555780697e+00,-2.504811000988755101e-03,1.054395879206583217e-02,1.663491482809872135e+00,-5.465295002323367068e-01,1.112129296628700838e-02,-1.711258937426926252e+00,3.282270714834111935e-03,-1.082965176687517364e-02,1.663177860465166802e+00,-5.462149369333141324e-01,-1.120805278499023734e-02,9.482365602426693865e-13,-3.043773635075106043e-12,2.586648324362836761e-11,-1.432052952369425203e+00,2.999999999990232147e-01,-3.405288098039684575e-13,-3.022343366240462514e-01,-1.095348501689127009e-14,-8.444265323320751112e-13,-8.490359933534271221e-14,-1.426438525676743563e+00,-2.999999999971363351e-01,1.664834508311512469e-12,-3.046847474400053990e-01,9.855649866470206325e-15,-7.904465360024942616e-13,2.151853979086591190e-13
-3.538775618039386450e-01,-1.822771361703838641e-05,4.944347138007486042e-01,5.603323199687757058e-05,-2.505622109049731594e-01,1.877319523115020988e-04,-9.681004803652371038e-01,-1.737267642249060051e+00,-1.590100176218731988e-03,1.192815004718946088e-02,1.861549511161739723e+00,-6.308149775586877617e-01,1.225666098973596588e-02,-1.737292438773204939e+00,2.336728101658333383e-03,-1.236191838765259010e-02,1.861260500365335302e+00,-6.305019488403634798e-01,-1.240368696453863183e-02,9.515666016429553917e-13,-3.054409352776893921e-12,2.604947728792007915e-11,-1.324997663760444588e+00,2.999999999990313748e-01,-3.371295134111149278e-13,-3.232211608030413075e-01,-1.096067309452492677e-14,-8.451079259026949065e-13,-8.460195639320655875e-14,-1.319386435719487771e+00,-2.999999999971367792e-01,1.664872133855302650e-12,-3.253843242077505415e-01,9.867608764075400238e-15,-7.913889064347103780e-13,2.152357247345871357e-13
-3.552421852895907284e-01,-2.804916049079802482e-05,4.654026057399249239e-01,5.956724393989480112e-05,-2.153588955434762031e-01,1.826262525049735777e-04,-9.765349503267609643e-01,-1.736155203085293808e+00,-8.452094223355001001e-04,1.301183078371025842e-02,1.985557388500732712e+00,-6.835282837821308188e-01,1.324871517996631561e-02,-1.736198355565353513e+00,1.556695092252381599e-03,-1.355867186343123927e-02,1.985283407206174688e+00,-6.832117455891978386e-01,-1.347091007247010891e-02,9.531386365969541792e-13,-3.063412048960386382e-12,2.629689853648969493e-11,-1.119545264865432710e+00,2.999999999990414778e-01,-3.322362181442344371e-13,-3.031882268808838155e-01,-1.096597602458589761e-14,-8.456606033928153725e-13,-8.415155323449708727e-14,-1.114374090830602348e+00,-2.999999999971392772e-01,1.663349959293798624e-12,-3.047970255001170026e-01,9.877796884877552481e-15,-7.922192438300184137e-13,2.151324110229645003e-13
-3.570707338991212509e-01,-3.755261202860763967e-05,4.436999472042915116e-01,6.241168567282035699e-05,-1.871951709799587471e-01,1.768980518197204297e-04,-9.823227233316171869e-01,-1.732442406055766160e+00,-2.082431169389424076e-04,1.388083142023847048e-02,2.074566077127824926e+00,-7.187393622565515505e-01,1.407684961801816161e-02,-1.732496924890352119e+00,8.794071371858208815e-04,-1.453134447830500831e-02,2.074302886187696870e+00,-7.184219543268637320e-01,-1.437678903759327144e-02,9.535800249051883363e-13,-3.072603428369691490e-12,2.640462003755104836e-11,-9.328465585297317508e-01,2.999999999990485833e-01,-3.288404434541821022e-13,-2.663286063303113016e-01,-1.096107728875296071e-14,-8.452318359350892651e-13,-8.382467737461371142e-14,-9.281544508009148542e-01,-2.999999999971387221e-01,1.663389413697964431e-12,-2.674052388238842282e-01,9.877426521060461658e-15,-7.920146125115585280e-13,2.151674729204633835e-13
-3.592347716172881178e-01,-4.682610410460472659e-05,4.272976062445732470e-01,6.477000744274621273e-05,-1.641922432316340330e-01,1.707672646086232614e-04,-9.864283420025761195e-01,-1.726849150957430634e+00,3.506772384556591663e-04,1.459458537646972018e-02,2.138264977559378277e+00,-7.412936422856070129e-01,1.478644490240978507e-02,-1.726909981591358889e+00,2.764196347633201102e-04,-1.534197221908579697e-02,2.138009511419100228e+00,-7.409772735550119727e-01,-1.516599141016214229e-02,9.532037820573450187e-13,-3.081931254726972371e-12,2.641131716774742031e-11,-7.597096518822332722e-01,2.999999999990535238e-01,-3.265276061124773403e-13,-2.173007073060988781e-01,-1.094880118182888697e-14,-8.440933330614924174e-13,-8.358713072162683249e-14,-7.555248223432908805e-01,-2.999999999971358910e-01,1.664558165660609943e-12,-2.178612267140629388e-01,9.869420751417863888e-15,-7.910615398749270645e-13,2.153026016334282523e-13
-3.617284017984884747e-01,-5.448501104181273217e-05,4.156957466391494327e-01,6.603955225450648442e-05,-1.474363652882162146e-01,1.653250977545274480e-04,-9.890715274928245648e-01,-1.724299762791417168e+00,8.062231185332348858e-04,1.511233662107293665e-02,2.181172607672158481e+00,-7.528206681943236944e-01,1.531361510881999038e-02,-1.724363041631066018e+00,-2.197588530408021588e-04,-1.593652819301543538e-02,2.180923201328952565e+00,-7.525075319995353507e-01,-1.575991315888373642e-02,9.520772693876360494e-13,-3.091043317660113026e-12,2.641435115213314561e-11,-6.122548285102056287e-01,2.999999999990580202e-01,-3.242660031588137900e-13,-1.602797451294341591e-01,-1.093987508049218362e-14,-8.433052451144198288e-13,-8.335407659060598953e-14,-6.085574754556789534e-01,-2.999999999971329490e-01,1.665500425192963066e-12,-1.604328083967444529e-01,9.863452263091225763e-15,-7.903707706846407867e-13,2.154108406880684510e-13
-3.644603779557308854e-01,-6.097632492405308388e-05,4.075653724048715620e-01,6.653182571447076017e-05,-1.352278188994731623e-01,1.604093198531137234e-04,-9.908145168688525795e-01,-1.723951557954199965e+00,1.187013374679075093e-03,1.548834779923198915e-02,2.209044955813769029e+00,-7.563732955922704004e-01,1.570886396343156716e-02,-1.724014491027934248e+00,-6.386980174544656507e-04,-1.637483109097584433e-02,2.208800405214881746e+00,-7.560649780526282893e-01,-1.621261702153904694e-02,9.504081963955778052e-13,-3.099999350496426050e-12,2.641473611944006550e-11,-4.833720961039291719e-01,2.999999999990621835e-01,-3.220414505372852997e-13,-9.747857056228464989e-02,-1.093337154775464876e-14,-8.427705609828149202e-13,-8.312427124301610974e-14,-4.801478998592378367e-01,-2.999999999971298958e-01,1.666278895909069648e-12,-9.730275334980646729e-02,9.858957042081613131e-15,-7.898696871757651596e-13,2.154996343894992701e-13
-3.672725404786446601e-01,-6.618696390243968355e-05,4.029066158734709857e-01,6.623735557472403912e-05,-1.279188709755727793e-01,1.559815726338967311e-04,-9.917846206363035710e-01,-1.726268998625028805e+00,1.455100928846407094e-03,1.569372239724387344e-02,2.223011697304432488e+00,-7.532742595004030539e-01,1.593045545932957052e-02,-1.726329232409993919e+00,-9.386631688901798986e-04,-1.662321552585777767e-02,2.222771503089830958e+00,-7.529727061727273796e-01,-1.647686551305201780e-02,9.491364099652399969e-13,-3.108843781889780452e-12,2.640812077276950183e-11,-3.748853692168031548e-01,2.999999999990660693e-01,-3.197108872398308616e-13,-2.973411236248404282e-02,-1.093114554825267404e-14,-8.426546171654163766e-13,-8.288843133253706891e-14,-3.721034246407856072e-01,-2.999999999971266762e-01,1.666984469317609263e-12,-2.933211360074952645e-02,9.859303609767226898e-15,-7.898378095322657375e-13,2.155941277646995357e-13
-3.701426900630623851e-01,-7.047147817378296908e-05,4.007583722898673817e-01,6.537838655405354689e-05,-1.241623837471513697e-01,1.519175831716864538e-04,-9.922618984466448078e-01,-1.730514110524357330e+00,1.641687114837671454e-03,1.577570053271547257e-02,2.226922548852133144e+00,-7.453650488026950516e-01,1.602646600569810481e-02,-1.730569943061955218e+00,-1.152591830828515697e-03,-1.673425973454226862e-02,2.226686349907796458e+00,-7.450716666234649121e-01,-1.660483181861386465e-02,9.481519227546166666e-13,-3.117607508294417733e-12,2.639644312362693990e-11,-2.811480877817867929e-01,2.999999999990697330e-01,-3.173036619371400598e-13,4.158509934606791081e-02,-1.093201286244235379e-14,-8.428414869267444703e-13,-8.264822750599230143e-14,-2.787860457093909172e-01,-2.999999999971232900e-01,1.667637326773481111e-12,4.213901255252922029e-02,9.863151534529049904e-15,-7.901452398140696694e-13,2.156927428796825106e-13
-3.729265787751850358e-01,-7.375915214470310955e-05,4.010780081318019996e-01,6.430271452255992954e-05,-1.235445618977671495e-01,1.481477006902850394e-04,-9.923390122044524198e-01,-1.735092540578676124e+00,1.722721578805019730e-03,1.573582592235323735e-02,2.221617404651266003e+00,-7.342355823521912184e-01,1.599161822590606380e-02,-1.735142787468986203e+00,-1.254252813623961578e-03,-1.670903422318145357e-02,2.221384820613037547e+00,-7.339512959099347977e-01,-1.658953507186724380e-02,9.466835896059390458e-13,-3.126262170707123354e-12,2.638340769661962913e-11,-2.006068782679885087e-01,2.999999999990735633e-01,-3.151210953248701977e-13,1.078704591775469096e-01,-1.093699066920127767e-14,-8.434227244473512752e-13,-8.243380051207014223e-14,-1.986077914600135885e-01,-2.999999999971202924e-01,1.668320253245423390e-12,1.085123965192794082e-01,9.870322043454917552e-15,-7.907710564997414738e-13,2.157922351121404931e-13
-3.756480876215595455e-01,-7.632595740124203780e-05,4.031823000194246220e-01,6.307067479296418603e-05,-1.251971253639235226e-01,1.445913031012399468e-04,-9.921318737527058396e-01,-1.739912010877621595e+00,1.727425928386136294e-03,1.560783305253081628e-02,2.209647679369364237e+00,-7.207773761592120021e-01,1.586213976825578270e-02,-1.739955815617503454e+00,-1.274727013044032022e-03,-1.658526476465433178e-02,2.209418435175511064e+00,-7.205028540735098908e-01,-1.647063712411370520e-02,9.448653614949730723e-13,-3.134837963094595069e-12,2.636939038757629530e-11,-1.296084564973147835e-01,2.999999999990775601e-01,-3.131009914674363646e-13,1.705155705866149285e-01,-1.094494099371716518e-14,-8.442891504575325034e-13,-8.223801412907190929e-14,-1.279311433491517880e-01,-2.999999999971175724e-01,1.669024924236471205e-12,1.711993295523245306e-01,9.879895291288654311e-15,-7.916271154795253465e-13,2.158923616353131813e-13
-3.783257149979281087e-01,-7.796407494401086412e-05,4.070747009380095705e-01,6.150711537411715339e-05,-1.289731960525093979e-01,1.413566213361933045e-04,-9.916480680842277851e-01,-1.744348016689636349e+00,1.653802174592498234e-03,1.540259219786777392e-02,2.190966545685274713e+00,-7.052747671936514529e-01,1.564755867667409067e-02,-1.744385464808319686e+00,-1.210636422513475989e-03,-1.637174952976162834e-02,2.190740551746745979e+00,-7.050099303090185954e-01,-1.625617112354035831e-02,9.434916670875335818e-13,-3.143054165332431612e-12,2.636270669774792502e-11,-7.299537253102655887e-02,2.999999999990816124e-01,-3.110572395673522092e-13,2.259999043254077578e-01,-1.095161612210180566e-14,-8.450470629397302432e-13,-8.203696725949811096e-14,-7.157656451806457265e-02,-2.999999999971149633e-01,1.669718007996815964e-12,2.266811431015140765e-01,9.889093144313545223e-15,-7.924589883206098773e-13,2.159898977163007558e-13
-3.809716093271525161e-01,-7.893060853575532007e-05,4.122601795080700904e-01,5.970251817635123873e-05,-1.342821268496622866e-01,1.383516023320490015e-04,-9.909431304081858238e-01,-1.748506718741310584e+00,1.523535163479225506e-03,1.514148917759328833e-02,2.167432032221471516e+00,-6.882937408105483934e-01,1.537143530097385448e-02,-1.748537872089573897e+00,-1.085392491726017237e-03,-1.609333430514615568e-02,2.167209223751616065e+00,-6.880385318854034260e-01,-1.597259473251737630e-02,9.424394388700211706e-13,-3.151010328625140952e-12,2.636132634174713323e-11,-2.678509874112135203e-02,2.999999999990856647e-01,-3.089963864978635498e-13,2.763058952381847178e-01,-1.095736908769323362e-14,-8.457265034632898831e-13,-8.183211624962359903e-14,-2.557904299605770482e-02,-2.999999999971124653e-01,1.670402712408471922e-12,2.769525478783869676e-01,9.898019529195615043e-15,-7.932733708661440284e-13,2.160855605094523884e-13
-3.834199017791976583e-01,-7.950914785620513095e-05,4.190420731972055446e-01,5.795126111657333145e-05,-1.406275490266553907e-01,1.355201277368328064e-04,-9.900625589985220243e-01,-1.749862125807644109e+00,1.323372322044462455e-03,1.482576084966735763e-02,2.138368342094779440e+00,-6.706887366849200172e-01,1.503674561712466801e-02,-1.749887219884641576e+00,-8.854179304248452386e-04,-1.575423567721909862e-02,2.138148411763363121e+00,-6.704426780064883795e-01,-1.562568824749805893e-02,9.408922925173215105e-13,-3.159243980838039672e-12,2.635183124810397312e-11,1.476516776466638148e-02,2.999999999990892174e-01,-3.072916028680428482e-13,3.200374765796647480e-01,-1.096370180756855154e-14,-8.464379362301417444e-13,-8.165549813122031460e-14,1.579280105873251405e-02,-2.999999999971096898e-01,1.671316694492346032e-12,3.206303988734043320e-01,9.906379220549180507e-15,-7.940242927901299419e-13,2.161971291090184146e-13
-3.857252976975332204e-01,-7.980710767377464433e-05,4.269784204276422801e-01,5.623711955407734197e-05,-1.477187292182728096e-01,1.328107143073364491e-04,-9.890294010982885187e-01,-1.749190319660779647e+00,1.072664050494013133e-03,1.447053002698967666e-02,2.105306207263648144e+00,-6.526325007299605963e-01,1.465970348933053578e-02,-1.749209524768601698e+00,-6.314016352354255351e-04,-1.537125362009233651e-02,2.105088932823667935e+00,-6.523952468384698333e-01,-1.523298436904929089e-02,9.389872442711892624e-13,-3.167678300197444051e-12,2.633646795170074916e-11,5.294553264063498604e-02,2.999999999990924371e-01,-3.058443121801656511e-13,3.590147491446494254e-01,-1.097045377891431748e-14,-8.471725043069272419e-13,-8.149929673347488676e-14,5.381956921870187371e-02,-2.999999999971066922e-01,1.672396479579130313e-12,3.595400968847330403e-01,9.914329105366215740e-15,-7.947293229292006948e-13,2.163202000517550264e-13
-3.879178593952424814e-01,-7.971797264676978932e-05,4.360204737621210525e-01,5.446622833836286940e-05,-1.551997142367071703e-01,1.302329812196838558e-04,-9.878831048123279945e-01,-1.745877597157723615e+00,7.879665559908798252e-04,1.409133226927916129e-02,2.068140035781640851e+00,-6.339177826857568254e-01,1.426175828522726653e-02,-1.745891433040144269e+00,-3.408185262101212686e-04,-1.495977189080604543e-02,2.067925255596547274e+00,-6.336886657622452512e-01,-1.481638428552722701e-02,9.374999179835789411e-13,-3.175601832061351460e-12,2.632851115463239189e-11,8.477155358125719464e-02,2.999999999990956567e-01,-3.044053959209026799e-13,3.894448569881375777e-01,-1.097548301457348269e-14,-8.477487186242295356e-13,-8.134136480652447685e-14,8.552298932653970565e-02,-2.999999999971037501e-01,1.673473606340995723e-12,3.899046106275554924e-01,9.921575917684095812e-15,-7.953659901411832315e-13,2.164398086955094472e-13
-3.900288246023463357e-01,-7.934890852845400690e-05,4.458621226202802990e-01,5.265314364897353378e-05,-1.629588181296527105e-01,1.277476487893410126e-04,-9.866328620626679813e-01,-1.740655086068799262e+00,4.786896271995662875e-04,1.369480273244710888e-02,2.028006014775185051e+00,-6.147268808445576216e-01,1.384869694295053945e-02,-1.740663928580481246e+00,-2.379198836449788676e-05,-1.452768051651389183e-02,2.027793611956900666e+00,-6.145054179532343230e-01,-1.438250357151962464e-02,9.363146688998080887e-13,-3.183155986028673938e-12,2.632591039538697436e-11,1.120024068294384889e-01,2.999999999990989319e-01,-3.029725356611578297e-13,4.136940505484503205e-01,-1.097926644744793288e-14,-8.482104188253684696e-13,-8.118218144087725065e-14,1.126536565313463328e-01,-2.999999999971009190e-01,1.674548810725207952e-12,4.140896422592237336e-01,9.928314300482508957e-15,-7.959532204455772725e-13,2.165569135647457819e-13
-3.919237080701011844e-01,-7.878484402566868835e-05,4.566186604000083693e-01,5.094351388951021971e-05,-1.706183053757690249e-01,1.253695706908226546e-04,-9.853371887622682790e-01,-1.732142965395487400e+00,1.500870780397517998e-04,1.328669897839869843e-02,1.984470205672501653e+00,-5.952420140461517351e-01,1.343234037068582326e-02,-1.732147198677414623e+00,3.138511954688891496e-04,-1.408227529918966089e-02,1.984259830177913297e+00,-5.950274589586148632e-01,-1.394471047984711422e-02,9.346706399205235948e-13,-3.191236526238364557e-12,2.631658158814601416e-11,1.364682087198997862e-01,2.999999999991015409e-01,-3.018123557714541552e-13,4.334013030662854371e-01,-1.098278504149364623e-14,-8.486200956647246295e-13,-8.104918873932280091e-14,1.370350155108992218e-01,-2.999999999970976994e-01,1.675764802998265435e-12,4.337362643510489502e-01,9.933531023919351405e-15,-7.963942982128845267e-13,2.166870560806240922e-13
-3.936623312093293636e-01,-7.807976425601332877e-05,4.680368035698099227e-01,4.930800097832132905e-05,-1.782028252801097501e-01,1.230672573243910494e-04,-9.839937680114433372e-01,-1.721251951087158005e+00,-1.924908667127755730e-04,1.287022528531649342e-02,1.938474380618927295e+00,-5.755445653751321000e-01,1.301360084036993180e-02,-1.721251852932338622e+00,6.664033849631519416e-04,-1.362724212583169697e-02,1.938265779313031789e+00,-5.753363784534856196e-01,-1.350408813744254088e-02,9.326948425215183540e-13,-3.199697724653658596e-12,2.630238736750503751e-11,1.589344532444672276e-01,2.999999999991036503e-01,-3.008493657245098305e-13,4.498240337102011877e-01,-1.098611211633690562e-14,-8.489921516128949896e-13,-8.093513591574134889e-14,1.594282018304506443e-01,-2.999999999970942022e-01,1.677082606566575156e-12,4.501009183884655540e-01,9.937647353623428011e-15,-7.967296852192372731e-13,2.168266268200701713e-13
-3.951759853522527899e-01,-7.726377488531561706e-05,4.800241284341898451e-01,4.776408325668930191e-05,-1.853315357158134835e-01,1.208377288412550848e-04,-9.826760427455499824e-01,-1.707312122410729049e+00,-5.359059697906808518e-04,1.245564802037032841e-02,1.890081404915814778e+00,-5.555924152716636977e-01,1.260830849853644513e-02,-1.707308029845950870e+00,1.019749225679613151e-03,-1.317373943271633180e-02,1.889874252108751262e+00,-5.553899026791928595e-01,-1.307750217667017108e-02,9.311106661312918260e-13,-3.207606337191949748e-12,2.629328165621556413e-11,1.793252430143168763e-01,2.999999999991058708e-01,-2.998571038989099998e-13,4.616373932134262836e-01,-1.098871234762717799e-14,-8.493002388965985002e-13,-8.081928223688254128e-14,1.797581605293405993e-01,-2.999999999970907605e-01,1.678375741903274177e-12,4.618663970033474175e-01,9.942037369028272271e-15,-7.970823362415281115e-13,2.169633275276758041e-13
-3.965269523060101498e-01,-7.636758081289683753e-05,4.924230592155481312e-01,4.628611383784072154e-05,-1.921289560159623322e-01,1.186600334752606686e-04,-9.813696795996953437e-01,-1.691167531976091709e+00,-8.799264671099250174e-04,1.204244216467599549e-02,1.839954920562235863e+00,-5.354560768542395710e-01,1.221274054242864511e-02,-1.691159688723564036e+00,1.373668998309531377e-03,-1.272134351223556080e-02,1.839748980730137928e+00,-5.352587368402733636e-01,-1.266106667890076580e-02,9.298096919697416011e-13,-3.215115345142146258e-12,2.628785571990414352e-11,1.982151597490707517e-01,2.999999999991081467e-01,-2.988436740747432701e-13,4.701174683662769360e-01,-1.099078695922521969e-14,-8.495620669962020622e-13,-8.070212626264978222e-14,1.985960882918410275e-01,-2.999999999970873743e-01,1.679651038314039437e-12,4.703059643403917911e-01,9.946625301293233057e-15,-7.974474718029012480e-13,2.170979527607911330e-13
-3.976398023805762794e-01,-7.536891430055960668e-05,5.051580925829595170e-01,4.489626833152488548e-05,-1.983504825571824337e-01,1.165563516965874752e-04,-9.801311496265563417e-01,-1.672341145744363766e+00,-1.215599319703393249e-03,1.163690897364050639e-02,1.787989573095403184e+00,-5.150060517553409767e-01,1.183748941565840838e-02,-1.672329786919818373e+00,1.718531121152599810e-03,-1.227679159873999379e-02,1.787784472782070422e+00,-5.148132391931885543e-01,-1.226581909472987050e-02,9.280919784126756531e-13,-3.223148139194289036e-12,2.627824181397972550e-11,2.150122569558978736e-01,2.999999999991098676e-01,-2.980421362679798405e-13,4.764591569022726403e-01,-1.099255153454427785e-14,-8.497719707586428719e-13,-8.060599788827386769e-14,2.153479471694340619e-01,-2.999999999970838216e-01,1.680985600797323526e-12,4.766134669347079078e-01,9.949796170402997462e-15,-7.976844795665950134e-13,2.172380801326194923e-13
-3.985804573167223697e-01,-7.429614444856860679e-05,5.181361798301519217e-01,4.357005492115404149e-05,-2.041547166776589706e-01,1.145058960632986365e-04,-9.789386276209122162e-01,-1.651575408551615443e+00,-1.545235540858051326e-03,1.123692429960838554e-02,1.734694444684867332e+00,-4.943291829244040869e-01,1.147693048228463561e-02,-1.651560704179899641e+00,2.056843169661982419e-03,-1.183791210911111502e-02,1.734489913824010188e+00,-4.941404312882140548e-01,-1.188589363189418609e-02,9.260728981564502590e-13,-3.231559711183693366e-12,2.626559936169748851e-11,2.302959236595042147e-01,2.999999999991111443e-01,-2.973938289898156609e-13,4.812544629191633505e-01,-1.099409190593391821e-14,-8.499443252366505813e-13,-8.052507570373335536e-14,2.305912572973094210e-01,-2.999999999970800468e-01,1.682363021769243808e-12,4.813791586975458281e-01,9.951942284833511828e-15,-7.978288312198450420e-13,2.173821863972525566e-13
-3.992732903740614514e-01,-7.318455640302532047e-05,5.312152955894546835e-01,4.236596052046305143e-05,-2.092540804928298137e-01,1.125169433415888087e-04,-9.778612965764436060e-01,-1.628423153905251830e+00,-1.861205469100529579e-03,1.084838414388787989e-02,1.680206537909348707e+00,-4.734187430041446598e-01,1.114009099553159646e-02,-1.628405213559302567e+00,2.380391611063305355e-03,-1.141148384465418691e-02,1.680002128982913678e+00,-4.732334603873912804e-01,-1.153097088016469957e-02,9.244131126973309180e-13,-3.239511470683769786e-12,2.625555273522841694e-11,2.450384512910961932e-01,2.999999999991126431e-01,-2.966882780755580724e-13,4.843774992249170186e-01,-1.099521058260157781e-14,-8.500849609421285914e-13,-8.044057954720721205e-14,2.452997146872155365e-01,-2.999999999970763831e-01,1.683729036399397608e-12,4.844795303655566876e-01,9.954575578875000078e-15,-7.980088978678737334e-13,2.175251819834966811e-13
-3.997869100773045470e-01,-7.204489683006101014e-05,5.443674705096428479e-01,4.125023137313193680e-05,-2.138437165950267671e-01,1.105725818088963464e-04,-9.768678779369033283e-01,-1.603545079894067804e+00,-2.167292564549385889e-03,1.046812013603015332e-02,1.624856068826938671e+00,-4.523393952435489362e-01,1.082040431871877408e-02,-1.603523982811980941e+00,2.693263692648744344e-03,-1.099405973203571724e-02,1.624651458210508048e+00,-4.521571536067294783e-01,-1.119412893607175594e-02,9.230131526660896722e-13,-3.247130714996468374e-12,2.624738329027723979e-11,2.593896521012025724e-01,2.999999999991142530e-01,-2.959413312035492044e-13,4.862912271946639997e-01,-1.099602430909335266e-14,-8.502026590940692616e-13,-8.035349885895986248e-14,2.596213912425143211e-01,-2.999999999970727749e-01,1.685086802489205388e-12,4.863756193395849525e-01,9.957561178744166391e-15,-7.982147919530787898e-13,2.176673743783504141e-13
-4.000580955762144675e-01,-7.084419784874429287e-05,5.573975066611416285e-01,4.020172028686041279e-05,-2.178070521308081708e-01,1.086998951022676940e-04,-9.759918414670494258e-01,-1.576957776632798014e+00,-2.456999568379300732e-03,1.010164126674802446e-02,1.568863755117736680e+00,-4.310534023852949370e-01,1.052522360083561065e-02,-1.576933602714934324e+00,2.988457909384630885e-03,-1.059137639881855934e-02,1.568658505283648585e+00,-4.308736531393764779e-01,-1.088284614385671978e-02,9.212345319494418873e-13,-3.255110020501440302e-12,2.623746682862907264e-11,2.723820743930902566e-01,2.999999999991154187e-01,-2.953637155203449310e-13,4.874225200784859657e-01,-1.099679987477649200e-14,-8.502973233563220392e-13,-8.028275074746081282e-14,2.725873663276821568e-01,-2.999999999970691111e-01,1.686434005116053121e-12,4.874925658151982866e-01,9.959568566576067275e-15,-7.983388110846080734e-13,2.178083142334443346e-13
-4.001539638310976921e-01,-6.959935798029987192e-05,5.703392176838729677e-01,3.920187768952399123e-05,-2.213176530100922357e-01,1.068791866606975098e-04,-9.752017655368332427e-01,-1.549134437547462051e+00,-2.734861244824676046e-03,9.745131174397543908e-03,1.512407288953760531e+00,-4.096179733156253833e-01,1.024776446309661436e-02,-1.549107244574080555e+00,3.270868308943300756e-03,-1.019935291793762702e-02,1.512201083502173082e+00,-4.094403197463010735e-01,-1.059004655238977161e-02,9.191820812756340333e-13,-3.263349705667293522e-12,2.622628700501666140e-11,2.843918906797240354e-01,2.999999999991162514e-01,-2.949085523492794478e-13,4.879879919665806587e-01,-1.099754784432146227e-14,-8.503753305710661560e-13,-8.022381360278156697e-14,2.845729605869677936e-01,-2.999999999970654474e-01,1.687773568733303742e-12,4.880460723426333636e-01,9.960868556543384219e-15,-7.984036220228348878e-13,2.179483483095070542e-13
-4.000483096828261198e-01,-6.831037514704591646e-05,5.830468902224171801e-01,3.829444558877851079e-05,-2.242177198207067346e-01,1.051237560056348741e-04,-9.745390713567796404e-01,-1.519870616572737809e+00,-2.996982871039766388e-03,9.401462020436915368e-03,1.455483417203353946e+00,-3.879082830045412211e-01,9.992508857607457912e-03,-1.519840345404774640e+00,3.536263995933331024e-03,-9.821387640778804148e-03,1.455275687943991203e+00,-3.877321913384686458e-01,-1.032044487649131682e-02,9.174429718713091664e-13,-3.271318413803276906e-12,2.621581585651656531e-11,2.963954166369721643e-01,2.999999999991173061e-01,-2.943793458878767462e-13,4.881480947313696639e-01,-1.099785654105741108e-14,-8.504218274221296999e-13,-8.015993578165490856e-14,2.965563080815240560e-01,-2.999999999970617837e-01,1.689132570348327374e-12,4.881975860567285830e-01,9.962531557335173734e-15,-7.984912146678186024e-13,2.180902265418716909e-13
-3.997969238133664560e-01,-6.698947015457127241e-05,5.955853169074438735e-01,3.745391019866920406e-05,-2.266766127544341258e-01,1.034157160637396464e-04,-9.739700719901872583e-01,-1.489565105434565773e+00,-3.247722017809709198e-03,9.067078841752123849e-03,1.398221539258414747e+00,-3.660002595943036008e-01,9.753309824095260719e-03,-1.489531713305373373e+00,3.789355426377533000e-03,-9.453588609125013198e-03,1.398011875302236140e+00,-3.658253438311835359e-01,-1.006761886479122514e-02,9.159304564426724747e-13,-3.279091163830647021e-12,2.620585718922085634e-11,3.083943937176990557e-01,2.999999999991185273e-01,-2.937965947288405962e-13,4.880150532147732867e-01,-1.099784757592784150e-14,-8.504455374293358596e-13,-8.009248509085597882e-14,3.085380308192990362e-01,-2.999999999970581199e-01,1.690505628628156068e-12,4.880583970813155426e-01,9.964457070837372638e-15,-7.985952819939559156e-13,2.182334383831443341e-13
-3.993326125401932547e-01,-6.561225667990372608e-05,6.076799208667950092e-01,3.666020016303825536e-05,-2.286775256699333791e-01,1.017865431827427806e-04,-9.735022226728639039e-01,-1.458587924499472388e+00,-3.482412912493517212e-03,8.747253507864590633e-03,1.341211293346088684e+00,-3.440774289668271368e-01,9.535742697862512399e-03,-1.458551349545084364e+00,4.025120515753751425e-03,-9.101573254944995625e-03,1.340999132139511607e+00,-3.439031687612315036e-01,-9.837225450260864840e-03,9.140817522710311160e-13,-3.287005487149363436e-12,2.619593992472942986e-11,3.196926986805687654e-01,2.999999999991194155e-01,-2.933495262719123560e-13,4.875921876275158828e-01,-1.099807014151183539e-14,-8.504743729379531480e-13,-8.003765081564014473e-14,3.198204857006981539e-01,-2.999999999970545672e-01,1.691808984001184396e-12,4.876303397060475775e-01,9.965804761714871861e-15,-7.986583888914005183e-13,2.183699633906220799e-13
-3.987143234142551673e-01,-6.419432350232941913e-05,6.194535726564381894e-01,3.590039004170873446e-05,-2.303474556907536552e-01,1.002145063125413176e-04,-9.731084411950248203e-01,-1.427125022878668714e+00,-3.705498449837351174e-03,8.437955737356873931e-03,1.284383016139200917e+00,-3.221438904412977644e-01,9.333818771435936634e-03,-1.427085220361911100e+00,4.248355992658222648e-03,-8.760971929921482909e-03,1.284167950869363750e+00,-3.219699095033600189e-01,-9.623054257616168658e-03,9.119899318724447223e-13,-3.295022189756929061e-12,2.618605260084062691e-11,3.304843098139644830e-01,2.999999999991200261e-01,-2.930005773007924657e-13,4.869597346105686841e-01,-1.099846013945242958e-14,-8.505069149733061932e-13,-7.999194015154442034e-14,3.305972622499000479e-01,-2.999999999970510700e-01,1.693061933439864707e-12,4.869933859982351065e-01,9.966734597862600410e-15,-7.986918750918853818e-13,2.185016527876391764e-13
-3.979646392536266841e-01,-6.270063481045017061e-05,6.307998816218185478e-01,3.519825652197814254e-05,-2.316328785298146231e-01,9.871912802876574517e-05,-9.728032681892103684e-01,-1.395067440748565923e+00,-3.915505964348739432e-03,8.139779738441191639e-03,1.227443394070350635e+00,-2.999044267588399371e-01,9.149402394437075939e-03,-1.395024179728937108e+00,4.457376616787991214e-03,-8.432569001247450929e-03,1.227224627406913404e+00,-2.997301439250551480e-01,-9.426940058499559336e-03,9.101484635980511987e-13,-3.302987649746343229e-12,2.617588085532070906e-11,3.414253326994443061e-01,2.999999999991208588e-01,-2.925631327319340608e-13,4.863483860865396857e-01,-1.099836479110773409e-14,-8.505041176281530717e-13,-7.994014460736845677e-14,3.415262084065902037e-01,-2.999999999970475173e-01,1.694361138208776970e-12,4.863789165242655144e-01,9.967871772213474747e-15,-7.987327033388656852e-13,2.186379142837527625e-13
-3.971199362467940364e-01,-6.115216321463688763e-05,6.418371559102743484e-01,3.453785677644095691e-05,-2.326403945511836824e-01,9.727925407967167812e-05,-9.725628186225057092e-01,-1.362579813023613529e+00,-4.116056054208594092e-03,7.849646493248362347e-03,1.170423252518101309e+00,-2.774437320724506550e-01,8.977646672008631618e-03,-1.362532926495563901e+00,4.656117713135024538e-03,-8.112987391806674234e-03,1.170200207868431486e+00,-2.772687270721000963e-01,-9.243883846657710568e-03,9.084880384661292620e-13,-3.310916053430967804e-12,2.616550342915777800e-11,3.524744032925549719e-01,2.999999999991218580e-01,-2.920616922167214142e-13,4.857522993611892437e-01,-1.099791846265069070e-14,-8.504757644682829364e-13,-7.988394875776331916e-14,3.525651966251051039e-01,-2.999999999970439091e-01,1.695693792705221193e-12,4.857807066141566210e-01,9.969158884017339505e-15,-7.987788410162092671e-13,2.187774821116611929e-13
-3.961172012379179930e-01,-5.952495650673018615e-05,6.522447999870986113e-01,3.390780050666692064e-05,-2.334043052766194559e-01,9.592484412417874400e-05,-9.723797714509615497e-01,-1.330300145093480824e+00,-4.303196192283112627e-03,7.573147994052550035e-03,1.114302660298326142e+00,-2.551739939153915282e-01,8.823291976599678330e-03,-1.330249407000449802e+00,4.840351577966904920e-03,-7.808282950471946531e-03,1.114074536727710729e+00,-2.549976815368178995e-01,-9.078686308203607475e-03,9.065366224638691523e-13,-3.318782816349831179e-12,2.615610097064813065e-11,3.632151413444018595e-01,2.999999999991225796e-01,-2.916686326411491388e-13,4.850521696868920762e-01,-1.099783012808023111e-14,-8.504674278868400803e-13,-7.983741791980645920e-14,3.632965690859398800e-01,-2.999999999970405229e-01,1.696913306547996437e-12,4.850784314292154176e-01,9.970096259223939860e-15,-7.988076583407286505e-13,2.189063951689300036e-13
-3.950001847481010020e-01,-5.784081218431668314e-05,6.621971244318231031e-01,3.329969656825359923e-05,-2.339921124373694206e-01,9.463226388057159361e-05,-9.722384899051068619e-01,-1.298170864129410740e+00,-4.480638869529707247e-03,7.306509516527312335e-03,1.058832580813726887e+00,-2.330423467442403751e-01,8.681520904203578193e-03,-1.298116110997683315e+00,5.014094479699748863e-03,-7.514336993377009055e-03,1.058598799122991041e+00,-2.328643037892687284e-01,-8.926403341583072013e-03,9.043747752377269244e-13,-3.326605003499822215e-12,2.614740356393714703e-11,3.737329074729529577e-01,2.999999999991231348e-01,-2.913539491800834446e-13,4.842768009335896573e-01,-1.099800067823563598e-14,-8.504735663749810421e-13,-7.979787637408277836e-14,3.738054879684242215e-01,-2.999999999970373032e-01,1.698051002269829232e-12,4.843009010202146136e-01,9.970780720996817801e-15,-7.988239503821054223e-13,2.190276031857510809e-13
-3.938197970365345246e-01,-5.603514455008975408e-05,6.716551293739771999e-01,3.273808392372422950e-05,-2.344004286605923526e-01,9.343229602862691396e-05,-9.721401283983469588e-01,-1.265961833791801716e+00,-4.648753332961517125e-03,7.048131342023128583e-03,1.003285008995892680e+00,-2.105437910233209087e-01,8.552659048162162408e-03,-1.265902547988734916e+00,5.177585284188329293e-03,-7.229497284189504054e-03,1.003044243166054450e+00,-2.103632009493886512e-01,-8.787183398632146883e-03,9.023937989785189100e-13,-3.334569421245546822e-12,2.613838947829141766e-11,3.842237450594598869e-01,2.999999999991239119e-01,-2.909361165716206155e-13,4.837665081516786536e-01,-1.099772422039305309e-14,-8.504477052360490984e-13,-7.975109467009154052e-14,3.842895556587139771e-01,-2.999999999970339726e-01,1.699246796356094338e-12,4.837888494853555543e-01,9.971594087331604663e-15,-7.988401806874273776e-13,2.191549101858437317e-13
-3.925935821678547821e-01,-5.414159683797167258e-05,6.807556651545295656e-01,3.221009579792488209e-05,-2.346789739490380833e-01,9.229931295427378825e-05,-9.720729240286314354e-01,-1.233695132369906133e+00,-4.810122060580209261e-03,6.795726639292074336e-03,9.476813982816602033e-01,-1.877799038902517037e-01,8.433132544505688236e-03,-1.233630939567346152e+00,5.333662242798872452e-03,-6.951242795265169527e-03,9.474326893966926733e-01,-1.875961762112789977e-01,-8.657410034452394862e-03,9.005436202957200450e-13,-3.342636693625868677e-12,2.612914638498422541e-11,3.946951091611102247e-01,2.999999999991249111e-01,-2.904436912371005088e-13,4.834479061381093956e-01,-1.099712450689610438e-14,-8.503987034364677813e-13,-7.969907721616063552e-14,3.947556521081516667e-01,-2.999999999970305864e-01,1.700484604511228056e-12,4.834687800796030888e-01,9.972500671525351024e-15,-7.988563663480698685e-13,2.192866276905298354e-13
-3.912721294042002529e-01,-5.212215230852656973e-05,6.891724611582502602e-01,3.170443771599686436e-05,-2.348565530383694977e-01,9.125774211582733772e-05,-9.720300356273918752e-01,-1.202132292314374240e+00,-4.961127075186397110e-03,6.555221662841673007e-03,8.933208388252563692e-01,-1.653474542054729768e-01,8.327078711362701294e-03,-1.202062671872570876e+00,5.478441669867790270e-03,-6.685962631628767673e-03,8.930628257499241274e-01,-1.651597437333613694e-01,-8.541210625008611307e-03,8.984453397217154489e-13,-3.350473093462865666e-12,2.612080449101585092e-11,4.048435339551801349e-01,2.999999999991256883e-01,-2.900325128452031224e-13,4.833143446233510443e-01,-1.099685395001093251e-14,-8.503708963765563849e-13,-7.965362227688361246e-14,4.048996969328222950e-01,-2.999999999970274778e-01,1.701577613064512742e-12,4.833334515870245096e-01,9.973114814527108633e-15,-7.988624440776470161e-13,2.194045247659055552e-13
-3.898818049658943630e-01,-5.001166497889269639e-05,6.970948079359707839e-01,3.121492876943409887e-05,-2.349611257467603687e-01,9.028227947685768615e-05,-9.720047634978716822e-01,-1.171078452494900501e+00,-5.104637528190122259e-03,6.323322022293104139e-03,8.398591969880081498e-01,-1.431546848717979437e-01,8.230767695199611364e-03,-1.171003027911081240e+00,5.615051240632090886e-03,-6.430064904576962906e-03,8.395908954117791145e-01,-1.429623804053051228e-01,-8.434827276645927296e-03,8.961676432467606225e-13,-3.358142536872549091e-12,2.611311430304828541e-11,4.147584238634810516e-01,2.999999999991263544e-01,-2.896800885133382896e-13,4.833145959047994711e-01,-1.099682142408057711e-14,-8.503584163796300649e-13,-7.961291304701411612e-14,4.148108488031939101e-01,-2.999999999970246467e-01,1.702565909191395839e-12,4.833317192440697019e-01,9.973517477480561343e-15,-7.988612122153867443e-13,2.195124275411000050e-13
-3.884798276607169254e-01,-4.771556377021218836e-05,7.045741417551865116e-01,3.079472370409363157e-05,-2.349869029505017859e-01,8.941949977194724804e-05,-9.719985321478472606e-01,-1.139869852487712443e+00,-5.243004141032426083e-03,6.095263738131571560e-03,7.857699394784436464e-01,-1.203268918365109907e-01,8.143476366438345132e-03,-1.139787396705808531e+00,5.745782132300053351e-03,-6.178521549462931937e-03,7.854885721654690789e-01,-1.201284380757253883e-01,-8.337264420644670618e-03,8.940363044051325604e-13,-3.366090679415315459e-12,2.610601292861037743e-11,4.240146889472307112e-01,2.999999999991272981e-01,-2.892175975670738363e-13,4.839580596012905689e-01,-1.099652909557211802e-14,-8.503300344176411932e-13,-7.956429918725407744e-14,4.240654640323177071e-01,-2.999999999970216491e-01,1.703613086486749807e-12,4.839731046859467312e-01,9.974121659023492896e-15,-7.988665551529930505e-13,2.196269365834254105e-13
-3.870694235366649583e-01,-4.528523511719703757e-05,7.117331089211504924e-01,3.042463618808636139e-05,-2.349557000636576243e-01,8.863820766164815900e-05,-9.720060751997419146e-01,-1.108549337010687585e+00,-5.377650964586990455e-03,5.869983346729238695e-03,7.312268190996147332e-01,-9.703987878493484931e-02,8.062707661927282637e-03,-1.108458962680027859e+00,5.872261832865185820e-03,-5.930127076425457423e-03,7.309303776803039998e-01,-9.683415100829267930e-02,-8.246080140176283158e-03,8.920108046913824203e-13,-3.374240364388875185e-12,2.609933735711177844e-11,4.327946667650229284e-01,2.999999999991284083e-01,-2.886755114933689778e-13,4.850666650160569415e-01,-1.099604888975475604e-14,-8.502901528838464505e-13,-7.950996906169503753e-14,4.328453020738768364e-01,-2.999999999970185960e-01,1.704702843942616985e-12,4.850795634138706514e-01,9.974871569567889631e-15,-7.988766526843163090e-13,2.197462229751502276e-13
-3.856151843966260651e-01,-4.265028228000653215e-05,7.182927309735777088e-01,3.008468317504630113e-05,-2.348502299105614533e-01,8.796286143824272861e-05,-9.720315637202339154e-01,-1.077675899292931838e+00,-5.505898031147277855e-03,5.652263109883390833e-03,6.773616316998406495e-01,-7.383088259909850737e-02,7.991857220362471106e-03,-1.077576089807663173e+00,5.991464109595314759e-03,-5.689923854348561023e-03,6.770466770372497445e-01,-7.361595502055347240e-02,-8.164523824687172637e-03,8.897917778837755791e-13,-3.381990427161859608e-12,2.609252108680533368e-11,4.406932590287517271e-01,2.999999999991295185e-01,-2.881737650305327746e-13,4.867940537806840218e-01,-1.099590066924609208e-14,-8.502776891342595506e-13,-7.945680795276977763e-14,4.407454877485360023e-01,-2.999999999970159870e-01,1.705609082853899082e-12,4.868047169236173755e-01,9.975421440931754803e-15,-7.988881758288053867e-13,2.198468665648412845e-13
-3.841292457820907336e-01,-3.986735461124386192e-05,7.244189341093378864e-01,2.976652143300276268e-05,-2.346910482227042016e-01,8.736412860931284149e-05,-9.720700094980769812e-01,-1.047125767720019640e+00,-5.629517086765713219e-03,5.440010030312543605e-03,6.239866943592039528e-01,-5.067830463486268366e-02,7.928179211982301980e-03,-1.047015426340299094e+00,6.105403686949981840e-03,-5.455644169541425115e-03,6.236507394271187943e-01,-5.045278461420955873e-02,-8.089930012198048512e-03,8.874328011517084336e-13,-3.389451501475044300e-12,2.608560306956961703e-11,4.479544736558229157e-01,2.999999999991305732e-01,-2.877011903254143638e-13,4.889689183035862974e-01,-1.099599252529698894e-14,-8.502850526695882788e-13,-7.940449222309519694e-14,4.480095491480579617e-01,-2.999999999970136555e-01,1.706382609564837988e-12,4.889772821432935013e-01,9.975826653128544296e-15,-7.989007299113966739e-13,2.199340285345464218e-13
-3.826442601684945655e-01,-3.680064896093026178e-05,7.302401796264442746e-01,2.958468513419810017e-05,-2.344414121585602917e-01,8.691045229084905341e-05,-9.721302463334940969e-01,-1.015276991652244165e+00,-5.753941210059656565e-03,5.222491685413245370e-03,5.678496371612213878e-01,-2.587612435101524500e-02,7.870583382741229775e-03,-1.015151993922362550e+00,6.219467283592548974e-03,-5.216012447798897694e-03,5.674837995815557035e-01,-2.563524746170987856e-02,-8.020854659429985448e-03,8.852954921273140751e-13,-3.397321934107073770e-12,2.608133355730301075e-11,4.537382676168282836e-01,2.999999999991319610e-01,-2.871357816474893290e-13,4.918978748823696900e-01,-1.099622543674418333e-14,-8.503095590952689505e-13,-7.934547572845704137e-14,4.537978894027117627e-01,-2.999999999970112685e-01,1.707227686630257819e-12,4.919038924275339619e-01,9.976766387541319807e-15,-7.989485862392154260e-13,2.200289638022279335e-13
-3.811599637215292158e-01,-3.352872807163890211e-05,7.358408937610662059e-01,2.950143110840751847e-05,-2.341263474104586795e-01,8.656166819246752979e-05,-9.722061741652231470e-01,-9.824890953648374170e-01,-5.878947521423724329e-03,5.001165741782169667e-03,5.097151413899130290e-01,1.189727771455928451e-04,7.817385906884424807e-03,-9.823464586673301691e-01,6.333620565303933747e-03,-4.972510378072669823e-03,5.093129978336552455e-01,3.786519501650306707e-04,-7.955770003981909450e-03,8.833184830365338708e-13,-3.405488395926322636e-12,2.607897932252622270e-11,4.584536586192941576e-01,2.999999999991336264e-01,-2.865032396923076067e-13,4.953721562978902759e-01,-1.099656035299351857e-14,-8.503464624740928327e-13,-7.928161354749812984e-14,4.585190557147165724e-01,-2.999999999970088260e-01,1.708124505634969780e-12,4.953757935665435430e-01,9.978092663939112152e-15,-7.990219715339090548e-13,2.201295203629821177e-13
-3.796165663477972241e-01,-2.990022403110733355e-05,7.409785594325987157e-01,2.943148427253023235e-05,-2.336810354404672274e-01,8.637734922937130902e-05,-9.723133061663881138e-01,-9.484218045546096709e-01,-6.004974765033298592e-03,4.775399366839993762e-03,4.491647221037924909e-01,2.751850635355626573e-02,7.771926683095384258e-03,-9.482532797158979010e-01,6.447477375553126860e-03,-4.723981742910739363e-03,4.487084886775477011e-01,2.780653222430663762e-02,-7.897554940113864566e-03,8.812103414829883780e-13,-3.413198945399896179e-12,2.607495729666081308e-11,4.622453027408851001e-01,2.999999999991354582e-01,-2.858171102030290839e-13,4.989619011669358950e-01,-1.099757242045469046e-14,-8.504555086978484894e-13,-7.920695447825436140e-14,4.623150197159461294e-01,-2.999999999970071607e-01,1.708731225683458214e-12,4.989633455228353887e-01,9.979638492887392693e-15,-7.991472242174502811e-13,2.201971111626577238e-13
-3.780304298888368941e-01,-2.601385537616748974e-05,7.457813696490388500e-01,2.937115502077519862e-05,-2.331414904358845575e-01,8.631194758372285345e-05,-9.724428194628810251e-01,-9.134293141824959550e-01,-6.131740300115447358e-03,4.546421875209157026e-03,3.868672175069381991e-01,5.593366408923883953e-02,7.732063409027207027e-03,-9.132289357778067274e-01,6.561119791210161430e-03,-4.471818125688194027e-03,3.863440337129600000e-01,5.625693874109582299e-02,-7.844307650459958481e-03,8.790073709342148395e-13,-3.420579799931875373e-12,2.606972920061377990e-11,4.653689353974946874e-01,2.999999999991374011e-01,-2.850922286617567864e-13,5.026351439208869287e-01,-1.099907417267951112e-14,-8.506167253251297336e-13,-7.912448759356922606e-14,4.654419197519043538e-01,-2.999999999970060505e-01,1.709128159444437992e-12,5.026345308569263315e-01,9.981343092191413028e-15,-7.993099850226708531e-13,2.202408626327418610e-13
-3.762497208404250171e-01,-2.143828267333459955e-05,7.501566822953407154e-01,2.836972243916433055e-05,-2.322990055942802945e-01,8.544817222454393789e-05,-9.726444180139406370e-01,-8.748367711866269492e-01,-6.270227726639215557e-03,4.299478329102065718e-03,3.185902451458140217e-01,8.735110457771629033e-02,7.700853420413006183e-03,-8.745820559205617073e-01,6.677673087127086217e-03,-4.199645215122781682e-03,3.179527638939219081e-01,8.773451218885613967e-02,-7.797013908310667339e-03,8.769853045301073283e-13,-3.428268688463909308e-12,2.606785185291534566e-11,4.707104635365106371e-01,2.999999999991398436e-01,-2.842412660418105068e-13,5.055083340015279481e-01,-1.100185667263902753e-14,-8.509059370509450658e-13,-7.902943420458538933e-14,4.707754667186604403e-01,-2.999999999970054398e-01,1.709417227858970673e-12,5.055033129676588244e-01,9.984597643630185838e-15,-7.996236776182324046e-13,2.202713229055088017e-13
-3.743283057946376058e-01,-1.636430912571932677e-05,7.542228482517027155e-01,2.668770513379471783e-05,-2.312372668547816590e-01,8.400698291080872901e-05,-9.728973834110788976e-01,-8.336408347916246520e-01,-6.417191888920427759e-03,4.039542554124953520e-03,2.459891951850706193e-01,1.209396586353072289e-01,7.675901092057172380e-03,-8.333155237732869924e-01,6.796331398510802556e-03,-3.913002498792196408e-03,2.452031772251963004e-01,1.214011943052402537e-01,-7.754025499414746864e-03,8.750940597292706732e-13,-3.436180333095995300e-12,2.606839761316686641e-11,4.776558722468169926e-01,2.999999999991425637e-01,-2.832991273524341753e-13,5.078029625814535208e-01,-1.100556535078173466e-14,-8.512877089778103175e-13,-7.892527883137133438e-14,4.777047598186672239e-01,-2.999999999970051068e-01,1.709628292988472891e-12,5.077918337673895666e-01,9.988973049561461699e-15,-8.000465171812856115e-13,2.202921715922856357e-13
-3.717287324793639436e-01,-8.927850961080908575e-06,7.578964287417135903e-01,1.143900935001793541e-05,-2.261332408406193373e-01,9.651948353141509129e-05,-9.740963750779781938e-01,-7.856758350521884093e-01,-6.565847605391410269e-03,3.831123312151288839e-03,1.806644000507447723e-01,1.487856541678226341e-01,7.667715769248012805e-03,-7.853066528883603237e-01,6.892182962370606986e-03,-3.595481380419473464e-03,1.797583449179250281e-01,1.493241178348486686e-01,-7.711867859523730689e-03,8.740034243741863393e-13,-3.459293134171740344e-12,2.605612719551169736e-11,4.844623538007476471e-01,2.999999999991469490e-01,-2.816899264532572214e-13,5.089301236426726494e-01,-1.100201725676515610e-14,-8.511107097384108777e-13,-7.877767605924196000e-14,4.844963865993387464e-01,-2.999999999969988340e-01,1.711728843698435262e-12,5.089201539954223419e-01,9.990878346845764767e-15,-8.000695123536814877e-13,2.204668157403751843e-13
-3.686387460996436993e-01,2.170480983650648315e-07,7.612861093660540091e-01,-1.362089787664476045e-05,-2.180940718568361580e-01,1.191173517973783834e-04,-9.759277439679808763e-01,-7.328157580903041923e-01,-6.715726576537899874e-03,3.659958472220118959e-03,1.206014598368358587e-01,1.724788938456027765e-01,7.671655578493892860e-03,-7.324220307951296860e-01,6.971541728831164193e-03,-3.255630413024677202e-03,1.195959770922034593e-01,1.730934176799505675e-01,-7.670310993805756067e-03,8.734917531774446334e-13,-3.493398716800256037e-12,2.603458870377335773e-11,4.911683695850215248e-01,2.999999999991525002e-01,-2.795983366528395119e-13,5.092130255548815709e-01,-1.099322139680255242e-14,-8.505296327308824079e-13,-7.859865411403307837e-14,4.911884593900729956e-01,-2.999999999969883424e-01,1.715195784018957404e-12,5.092094701983765903e-01,9.990997374455886069e-15,-7.998033583381267853e-13,2.207526777366780819e-13
-3.650801729449475452e-01,5.892033680974208878e-06,7.644855032702615460e-01,-3.237653173972632989e-05,-2.063351138188309342e-01,1.305985579631278480e-04,-9.784813757558940006e-01,-6.755655061046468290e-01,-6.851940309922406255e-03,3.477592848772595446e-03,7.079570681592334269e-02,1.891008872506348693e-01,7.672355572803016451e-03,-6.751687275487071593e-01,7.031452705242036312e-03,-2.967914946769543722e-03,6.975599192018594463e-02,1.897473543011978236e-01,-7.640370647942947187e-03,8.732802961660463985e-13,-3.503421635229373230e-12,2.601245951637904585e-11,4.958561785628134433e-01,2.999999999991523891e-01,-2.794028479442827347e-13,5.085646152673853893e-01,-1.098572736432740695e-14,-8.498871828170061411e-13,-7.857376319865310919e-14,4.958610751579937692e-01,-2.999999999969837905e-01,1.716640093415580226e-12,5.085724511553930682e-01,9.986760947271340799e-15,-7.993199341247688108e-13,2.208758333301202151e-13
-3.611827392371294576e-01,9.057736324246715878e-06,7.675472905097499021e-01,-4.656758410295221373e-05,-1.918586095912082345e-01,1.340221040625659359e-04,-9.814225663776353636e-01,-6.151404800615400958e-01,-6.978271967512508778e-03,3.287127330278001927e-03,2.840748307946749929e-02,2.006092783279715130e-01,7.670712680927317673e-03,-6.147561936303140850e-01,7.077299928160137726e-03,-2.717901493667424211e-03,2.738068241202853970e-02,2.012557852307360062e-01,-7.618830838658819521e-03,8.732859403413082379e-13,-3.496029070876939107e-12,2.598990316486616061e-11,4.990845125590635534e-01,2.999999999991481703e-01,-2.805785329415906760e-13,5.072427225344287027e-01,-1.097917475403066706e-14,-8.492003508204454888e-13,-7.866033280416332333e-14,4.990733118450249584e-01,-2.999999999969835685e-01,1.716621728511014756e-12,5.072655487725927781e-01,9.979374854113200633e-15,-7.986793900281016810e-13,2.208813270845727892e-13
-3.576434668023578123e-01,3.918661460554929209e-06,7.701545317607693120e-01,-4.335337659680338032e-05,-1.773440103835542958e-01,1.119990754532890936e-04,-9.841489153363782716e-01,-5.650486599945596655e-01,-7.047106184009275728e-03,3.097281484734721452e-03,6.596666266701123153e-03,2.018661289292324468e-01,7.650972496957518347e-03,-5.646892515875389096e-01,7.111878448937587922e-03,-2.610731434771040166e-03,5.654545588857130996e-03,2.024522712342287922e-01,-7.616415515041550718e-03,8.729693932375930322e-13,-3.499614214933451743e-12,2.596226350696563754e-11,5.010120870419335626e-01,2.999999999991471156e-01,-2.806966813396767062e-13,5.059356586923794419e-01,-1.097176930025119040e-14,-8.485237164349619146e-13,-7.865901025437561199e-14,5.009971544758728967e-01,-2.999999999969809594e-01,1.717418978212064276e-12,5.059706960600275361e-01,9.973654769595592619e-15,-7.981132417003547606e-13,2.209556614181965138e-13
-3.543632002526611036e-01,-7.226049440350950867e-06,7.724330660998178777e-01,-2.755030046886918529e-05,-1.627934660030188330e-01,7.157086347352336242e-05,-9.866601651760936731e-01,-5.224293428499199310e-01,-7.074360875469019351e-03,2.907883758386033222e-03,-3.335090755749274549e-04,1.957095333703223750e-01,7.618145177361848076e-03,-5.221037693842857097e-01,7.138307958665460369e-03,-2.606859198748363252e-03,-1.139052040866384702e-03,1.961916293363790420e-01,-7.627830146557668285e-03,8.724198521067316272e-13,-3.511137936654629433e-12,2.593094783390345692e-11,5.019990116154287030e-01,2.999999999991483923e-01,-2.800500675384583770e-13,5.046393184273977317e-01,-1.096374710899141969e-14,-8.478544564963585745e-13,-7.859412810954720582e-14,5.019892893315928140e-01,-2.999999999969766851e-01,1.718806043168712317e-12,5.046845571189918500e-01,9.969139466485013509e-15,-7.976008929970371028e-13,2.210797781165790562e-13
-3.513729134941094845e-01,-1.846770120536397371e-05,7.744190734876567062e-01,-2.112079720831719045e-05,-1.490450237720851445e-01,5.890939250481412018e-05,-9.888304086001674653e-01,-4.851764212755753092e-01,-7.078515685568724687e-03,2.802800931344733796e-03,-9.383573985591495657e-04,1.868995145131121804e-01,7.587910060445482614e-03,-4.849062381771135355e-01,7.166810474880271412e-03,-2.571220385287962054e-03,-1.605445299651972989e-03,1.872980610930146950e-01,-7.637678286562761543e-03,8.697125682925904323e-13,-3.556243492255079048e-12,2.590257265106577645e-11,5.029111654062465853e-01,2.999999999991578292e-01,-2.767505883621811900e-13,5.038201661679261312e-01,-1.095373010824751137e-14,-8.472022883225493025e-13,-7.830851992955803860e-14,5.029027577806963745e-01,-2.999999999969649167e-01,1.722677505073314637e-12,5.038613243926186591e-01,9.967772354585548479e-15,-7.971908521439071941e-13,2.214055386394792212e-13
-3.485923268940863129e-01,-2.977945618167624934e-05,7.761935387269883746e-01,-2.147029814899216498e-05,-1.358745658314952642e-01,6.632806078849581150e-05,-9.907260456350773792e-01,-4.518042322080501050e-01,-7.065965715090235730e-03,2.758690793749320885e-03,3.030982270841092816e-03,1.761706609533199019e-01,7.559549506272409021e-03,-4.516050273775127910e-01,7.196812094833396692e-03,-2.512609431947422992e-03,2.503707049028445347e-03,1.765004806084249089e-01,-7.646393611357187557e-03,8.654449033878886403e-13,-3.625633898397535069e-12,2.587632389663813723e-11,5.037692483774433017e-01,2.999999999991730948e-01,-2.715326779479622819e-13,5.033460945087548932e-01,-1.094227055227102653e-14,-8.465624801334572285e-13,-7.786329274859708763e-14,5.037593382726317515e-01,-2.999999999969477638e-01,1.728345569533482886e-12,5.033728443268195019e-01,9.968681870976082607e-15,-7.968547956616135100e-13,2.218771187789831662e-13
-3.461562952728007847e-01,-3.923080156781564442e-05,7.776612131987969967e-01,-2.435929525353862010e-05,-1.241550957399876060e-01,8.328513724717091684e-05,-9.922628203616243869e-01,-4.229285450019494297e-01,-7.049949993229833248e-03,2.746734299775837641e-03,8.109037925281297257e-03,1.658565926037367244e-01,7.535984451260185381e-03,-4.227845800824007738e-01,7.224462324190219012e-03,-2.444486792511194311e-03,7.673359303047657537e-03,1.661504596668564315e-01,-7.653190962743546162e-03,8.628070643689541677e-13,-3.665426040446485396e-12,2.585076818075521400e-11,5.041826001011560088e-01,2.999999999991819766e-01,-2.684361590097050150e-13,5.030139871005865349e-01,-1.093419649953590278e-14,-8.460649414543977597e-13,-7.759339083248488412e-14,5.041742358792667966e-01,-2.999999999969379383e-01,1.731593067529885019e-12,5.030245724615370895e-01,9.967985669942194321e-15,-7.965527161608858358e-13,2.221498344327316662e-13
-3.439694301073239480e-01,-4.733678353580260753e-05,7.789070305710548148e-01,-2.908440290508213890e-05,-1.134863044507148089e-01,1.071379513018862515e-04,-9.935395545108792748e-01,-3.973045229914968224e-01,-7.031427997938964787e-03,2.758029855306804064e-03,1.398886644483288838e-02,1.558424780122688313e-01,7.515887282662259659e-03,-3.972044167205550091e-01,7.250412135044168038e-03,-2.369485735233171821e-03,1.360991675102706661e-02,1.561240933870390868e-01,-7.658601323182408042e-03,8.613478411431502227e-13,-3.683814066991753652e-12,2.582571363875912793e-11,5.042743424575365507e-01,2.999999999991862509e-01,-2.668737336938494184e-13,5.027845417680136819e-01,-1.092857068843370788e-14,-8.456702856003502738e-13,-7.745027615658651826e-14,5.042697285551565045e-01,-2.999999999969334419e-01,1.733090122189099835e-12,5.027776927761793413e-01,9.966128287255558042e-15,-7.962752072645559794e-13,2.222787403546242159e-13
-3.420190346715145102e-01,-5.444241477157737936e-05,7.799497506075651065e-01,-3.096468487984986465e-05,-1.039014865610636551e-01,1.217922713364474532e-04,-9.945875855339397775e-01,-3.746466576868636711e-01,-7.016309342981276280e-03,2.756664882751540518e-03,1.994479070894225950e-02,1.465125706787039073e-01,7.497898261672454774e-03,-3.745763919454677682e-01,7.270894048217341546e-03,-2.318650951160347758e-03,1.960715643085260765e-02,1.467830662949862197e-01,-7.664046109849433248e-03,8.594544952758920659e-13,-3.713091259105748171e-12,2.580436153115681576e-11,5.044476405128957008e-01,2.999999999991927457e-01,-2.646101677413132892e-13,5.027081422061544513e-01,-1.092267246932277790e-14,-8.453032502866114189e-13,-7.725311504545294089e-14,5.044454264704227864e-01,-2.999999999969263920e-01,1.735380146120572716e-12,5.026874070600418909e-01,9.965117273889082093e-15,-7.960196434780803994e-13,2.224688090689596872e-13
-3.402396433733728687e-01,-6.082463792223278463e-05,7.808455999016299387e-01,-3.078747567196433001e-05,-9.510105105450020191e-02,1.297931385682444259e-04,-9.954676148897069199e-01,-3.541337818080648736e-01,-7.003651828735696881e-03,2.746144392951634615e-03,2.595574394947327418e-02,1.376774508694803834e-01,7.481433757010005903e-03,-3.540832193310134435e-01,7.287421826841992967e-03,-2.285292115133449181e-03,2.564827873676820205e-02,1.379376452873929126e-01,-7.669515791996606331e-03,8.572472116879438214e-13,-3.750242999774528354e-12,2.578568685546796633e-11,5.046799159350213726e-01,2.999999999992008504e-01,-2.618395688161928531e-13,5.027424183746790343e-01,-1.091657725714769046e-14,-8.449561888895512334e-13,-7.701687001408812637e-14,5.046791251615825313e-01,-2.999999999969175657e-01,1.738243609311228571e-12,5.027103629698334020e-01,9.964718316264145895e-15,-7.957799493954858053e-13,2.227031079289200186e-13
-3.387146051670070768e-01,-6.520552482502418867e-05,7.815722128633029175e-01,-3.020319353966622900e-05,-8.754099919210747704e-02,1.341286549903142247e-04,-9.961609079650327603e-01,-3.363671014945222582e-01,-6.996559402899148357e-03,2.731827860707343979e-03,3.077539925250468572e-02,1.302747311803189589e-01,7.469324841772880842e-03,-3.363390276009207702e-01,7.299028827800545932e-03,-2.259907446641035590e-03,3.050947674845549268e-02,1.305159522474878542e-01,-7.672739735681690515e-03,8.568778218301194285e-13,-3.760275852881989580e-12,2.577110083729388137e-11,5.047859585841651953e-01,2.999999999992029598e-01,-2.610845086616421582e-13,5.027798367255201795e-01,-1.091367579351624675e-14,-8.447416384673332300e-13,-7.694902814267053190e-14,5.047770479789051024e-01,-2.999999999969154008e-01,1.738902331848616962e-12,5.027394779725894436e-01,9.963062058189247344e-15,-7.955921620295424220e-13,2.227546797487289958e-13
-3.373735035392526616e-01,-6.813913644795607588e-05,7.821764418125011220e-01,-2.932470988554692067e-05,-8.087876406782204541e-02,1.358139599519141377e-04,-9.967239368137456035e-01,-3.205863448154998019e-01,-6.993491395694510261e-03,2.714766203351309283e-03,3.473356211130990134e-02,1.239078580595921186e-01,7.460365690555279677e-03,-3.205827737213464146e-01,7.307077346329455061e-03,-2.240289333150279408e-03,3.451740721703756842e-02,1.241238344701499907e-01,-7.674339663530017029e-03,8.578375130627195868e-13,-3.750697560872444565e-12,2.575947155013151564e-11,5.048007154376115135e-01,2.999999999992007393e-01,-2.617869944049170891e-13,5.028195273595903458e-01,-1.091308390346207811e-14,-8.446229139506339254e-13,-7.700296777133917087e-14,5.047767838643637539e-01,-2.999999999969180653e-01,1.737966686298493121e-12,5.027730469510344191e-01,9.960496577657338566e-15,-7.954419112384491820e-13,2.226741116902665173e-13
-3.362422393989419334e-01,-7.088642119977082014e-05,7.826637947798602557e-01,-2.263166532350678508e-05,-7.527480616827782189e-02,1.050972979037053393e-04,-9.971628212075969167e-01,-3.071649470096048384e-01,-7.004909417075251207e-03,2.635423573006080104e-03,3.772631704184305906e-02,1.187364525076542721e-01,7.452543787612869730e-03,-3.071757225471052344e-01,7.300821490695701826e-03,-2.286642385951719557e-03,3.758760143735213888e-02,1.188884383129819727e-01,-7.676268447262698212e-03,8.621210375587977378e-13,-3.694768433942119202e-12,2.574870589284347013e-11,5.048279911070434611e-01,2.999999999991879718e-01,-2.659414954529294899e-13,5.028584818173387205e-01,-1.091485664173493927e-14,-8.444988172448509805e-13,-7.734136616514643569e-14,5.048078864372073093e-01,-2.999999999969309439e-01,1.733675619177270528e-12,5.028206332890508001e-01,9.955543422206887516e-15,-7.952905183453407942e-13,2.223178236066825292e-13
-3.352627201850226224e-01,-7.349896283353336802e-05,7.830666283532961014e-01,-1.173407906153508954e-05,-7.043664438567037722e-02,5.095030248758525076e-05,-9.975162536991890594e-01,-2.954497302245324142e-01,-7.026803075427109739e-03,2.511042175865842944e-03,4.002093287055066839e-02,1.144295547252245498e-01,7.445544290894960150e-03,-2.954675079150944073e-01,7.284221362306728467e-03,-2.380702785495228055e-03,3.997966745616488710e-02,1.144895306176530320e-01,-7.678435044612825534e-03,8.688082070853612240e-13,-3.605320491480232870e-12,2.573856477339804445e-11,5.048643198147738653e-01,2.999999999991676547e-01,-2.725923369532634924e-13,5.028969039058565071e-01,-1.091833937165800414e-14,-8.443708356162783574e-13,-7.788547219920035797e-14,5.048616719716433332e-01,-2.999999999969511499e-01,1.726958063798295955e-12,5.028783563439247484e-01,9.948863608859536542e-15,-7.951382995360038908e-13,2.217621473421476847e-13
-3.344844002421187290e-01,-7.526375932929075705e-05,7.833770037759666405e-01,-1.989128947125215838e-06,-6.659791380331606114e-02,-2.207451794948152462e-06,-9.977798944998925723e-01,-2.861003770094018295e-01,-7.049942029137684467e-03,2.392373500079770718e-03,4.171827207459459508e-02,1.110792030280646631e-01,7.440934156558049253e-03,-2.861239788185382382e-01,7.265624956205380541e-03,-2.474542109262227018e-03,4.177019892348578928e-02,1.110502901648022650e-01,-7.679326950356917501e-03,8.725423981602977182e-13,-3.557610176929548952e-12,2.573117103158860131e-11,5.048993237112197052e-01,2.999999999991566635e-01,-2.761849930679167275e-13,5.029236517481685542e-01,-1.092003139604485950e-14,-8.442894913046725988e-13,-7.818093185167536600e-14,5.049120023494670928e-01,-2.999999999969621411e-01,1.723282840558036971e-12,5.029247522077304744e-01,9.944791991241752322e-15,-7.950125869624592653e-13,2.214550272694616732e-13
-3.338515784667461794e-01,-7.641550507446251135e-05,7.836205176665758110e-01,6.922125585525835649e-06,-6.348227893301637559e-02,-5.464901622314671863e-05,-9.979829643972085718e-01,-2.784619087906146095e-01,-7.073981523848304163e-03,2.277836004712260626e-03,4.298368797216112203e-02,1.084205819811380755e-01,7.438051900489526906e-03,-2.784904828173304092e-01,7.245584932800809043e-03,-2.568221561076383143e-03,4.312572794518600844e-02,1.083050374412094785e-01,-7.679297057071074288e-03,8.741411294430457582e-13,-3.540082617751353989e-12,2.572576406840680785e-11,5.049333695643620779e-01,2.999999999991525002e-01,-2.775661085177266269e-13,5.029419573062633431e-01,-1.092042846358225930e-14,-8.442418729808549695e-13,-7.829658174291003058e-14,5.049598341150787206e-01,-2.999999999969664155e-01,1.721807693635005933e-12,5.029629567618191244e-01,9.942606502223241064e-15,-7.949060424938311532e-13,2.213276517369026406e-13
-3.334571948441853451e-01,-7.668433159937476239e-05,7.837712229582981527e-01,1.122977172304174820e-05,-6.154926209987714170e-02,-8.155796528796091050e-05,-9.981040434529614425e-01,-2.736356439687799846e-01,-7.087635132239221425e-03,2.217700563704961582e-03,4.359319055035069945e-02,1.068588236544456560e-01,7.437071173568322868e-03,-2.736715263344358662e-01,7.234855970480444376e-03,-2.614201755077758590e-03,4.379150140981794698e-02,1.066935566648721384e-01,-7.678512191424722612e-03,8.748482743809972479e-13,-3.532755976470662589e-12,2.572347311405992594e-11,5.049369816639727171e-01,2.999999999991508348e-01,-2.781366006442928376e-13,5.029484180841178320e-01,-1.092066474238728181e-14,-8.442237124422234071e-13,-7.834416152502198232e-14,5.049640356700715316e-01,-2.999999999969682474e-01,1.721179187380680891e-12,5.029790551869487425e-01,9.941676882864403673e-15,-7.948652820763138773e-13,2.212734105228142250e-13
-3.332352388633466056e-01,-7.631467104835012159e-05,7.838548132868783380e-01,1.220831292754634690e-05,-6.047172514846645142e-02,-9.000303324073274263e-05,-9.981699064828489787e-01,-2.708430369070883303e-01,-7.093778139393785813e-03,2.196906217348656640e-03,4.372836640900872041e-02,1.060902666250821691e-01,7.437465546154776661e-03,-2.708879169885404226e-01,7.230860344607075059e-03,-2.625688012435315084e-03,4.395847498580966739e-02,1.059019682623463660e-01,-7.677181364059776185e-03,8.749106645722267119e-13,-3.532806175665065715e-12,2.572343551576639723e-11,5.049185854553980279e-01,2.999999999991508903e-01,-2.781208868038035563e-13,5.029463132549190085e-01,-1.092078474608443039e-14,-8.442268544358003903e-13,-7.834251609611216091e-14,5.049366858385260226e-01,-2.999999999969683029e-01,1.721162933201662160e-12,5.029791674637247301e-01,9.941655451399046335e-15,-7.948720936965021764e-13,2.212720567259203151e-13
-3.331420908139824943e-01,-7.615953596649876274e-05,7.838898935583066274e-01,1.261897218468684092e-05,-6.001949520217969569e-02,-9.354713596610476640e-05,-9.981972005998467345e-01,-2.696710662332002517e-01,-7.096356169197332205e-03,2.188179474354066175e-03,4.378509552938446292e-02,1.057677270483617232e-01,7.437631052112363139e-03,-2.697197223772390684e-01,7.229183504205267084e-03,-2.630508438824852475e-03,4.402854862311472023e-02,1.055697631317798896e-01,-7.676622857041326929e-03,8.749368478027507129e-13,-3.532827242711876847e-12,2.572341973692732900e-11,5.049108651365403766e-01,2.999999999991508903e-01,-2.781142921917364908e-13,5.029454299233080405e-01,-1.092083510791862706e-14,-8.442281730331713844e-13,-7.834182556057111324e-14,5.049252079614745536e-01,-2.999999999969683029e-01,1.721156111826252996e-12,5.029792145828094752e-01,9.941646457276943646e-15,-7.948749523224835024e-13,2.212714885793021236e-13
-3.331420908139824943e-01,-7.615953596649876274e-05,7.838898935583066274e-01,1.261897218468684092e-05,-6.001949520217969569e-02,-9.354713596610476640e-05,-9.981972005998467345e-01,-2.696710662332002517e-01,-7.096356169197332205e-03,2.188179474354066175e-03,4.378509552938446292e-02,1.057677270483617232e-01,7.437631052112363139e-03,-2.697197223772390684e-01,7.229183504205267084e-03,-2.630508438824852475e-03,4.402854862311472023e-02,1.055697631317798896e-01,-7.676622857041326929e-03,8.749368478027507129e-13,-3.532827242711876847e-12,2.572341973692732900e-11,5.049108651365403766e-01,2.999999999991508903e-01,-2.781142921917364908e-13,5.029454299233080405e-01,-1.092083510791862706e-14,-8.442281730331713844e-13,-7.834182556057111324e-14,5.049252079614745536e-01,-2.999999999969683029e-01,1.721156111826252996e-12,5.029792145828094752e-01,9.941646457276943646e-15,-7.948749523224835024e-13,2.212714885793021236e-13
-3.331420908139824943e-01,-7.615953596649876274e-05,7.838898935583066274e-01,1.261897218468684092e-05,-6.001949520217969569e-02,-9.354713596610476640e-05,-9.981972005998467345e-01,-2.696710662332002517e-01,-7.096356169197332205e-03,2.188179474354066175e-03,4.378509552938446292e-02,1.057677270483617232e-01,7.437631052112363139e-03,-2.697197223772390684e-01,7.229183504205267084e-03,-2.630508438824852475e-03,4.402854862311472023e-02,1.055697631317798896e-01,-7.676622857041326929e-03,8.749368478027507129e-13,-3.532827242711876847e-12,2.572341973692732900e-11,5.049108651365403766e-01,2.999999999991508903e-01,-2.781142921917364908e-13,5.029454299233080405e-01,-1.092083510791862706e-14,-8.442281730331713844e-13,-7.834182556057111324e-14,5.049252079614745536e-01,-2.999999999969683029e-01,1.721156111826252996e-12,5.029792145828094752e-01,9.941646457276943646e-15,-7.948749523224835024e-13,2.212714885793021236e-13
-3.331420908139824943e-01,-7.615953596649876274e-05,7.838898935583066274e-01,1.261897218468684092e-05,-6.001949520217969569e-02,-9.354713596610476640e-05,-9.981972005998467345e-01,-2.696710662332002517e-01,-7.096356169197332205e-03,2.188179474354066175e-03,4.378509552938446292e-02,1.057677270483617232e-01,7.437631052112363139e-03,-2.697197223772390684e-01,7.229183504205267084e-03,-2.630508438824852475e-03,4.402854862311472023e-02,1.055697631317798896e-01,-7.676622857041326929e-03,8.749368478027507129e-13,-3.532827242711876847e-12,2.572341973692732900e-11,5.049108651365403766e-01,2.999999999991508903e-01,-2.781142921917364908e-13,5.029454299233080405e-01,-1.092083510791862706e-14,-8.442281730331713844e-13,-7.834182556057111324e-14,5.049252079614745536e-01,-2.999999999969683029e-01,1.721156111826252996e-12,5.029792145828094752e-01,9.941646457276943646e-15,-7.948749523224835024e-13,2.212714885793021236e-13
-3.331420908139824943e-01,-7.615953596649876274e-05,7.838898935583066274e-01,1.261897218468684092e-05,-6.001949520217969569e-02,-9.354713596610476640e-05,-9.981972005998467345e-01,-2.696710662332002517e-01,-7.096356169197332205e-03,2.188179474354066175e-03,4.378509552938446292e-02,1.057677270483617232e-01,7.437631052112363139e-03,-2.697197223772390684e-01,7.229183504205267084e-03,-2.630508438824852475e-03,4.402854862311472023e-02,1.055697631317798896e-01,-7.676622857041326929e-03,8.749368478027507129e-13,-3.532827242711876847e-12,2.572341973692732900e-11,5.049108651365403766e-01,2.999999999991508903e-01,-2.781142921917364908e-13,5.029454299233080405e-01,-1.092083510791862706e-14,-8.442281730331713844e-13,-7.834182556057111324e-14,5.049252079614745536e-01,-2.999999999969683029e-01,1.721156111826252996e-12,5.029792145828094752e-01,9.941646457276943646e-15,-7.948749523224835024e-13,2.212714885793021236e-13
-3.331420908139824943e-01,-7.615953596649876274e-05,7.838898935583066274e-01,1.261897218468684092e-05,-6.001949520217969569e-02,-9.354713596610476640e-05,-9.981972005998467345e-01,-2.696710662332002517e-01,-7.096356169197332205e-03,2.188179474354066175e-03,4.378509552938446292e-02,1.057677270483617232e-01,7.437631052112363139e-03,-2.697197223772390684e-01,7.229183504205267084e-03,-2.630508438824852475e-03,4.402854862311472023e-02,1.055697631317798896e-01,-7.676622857041326929e-03,8.749368478027507129e-13,-3.532827242711876847e-12,2.572341973692732900e-11,5.049108651365403766e-01,2.999999999991508903e-01,-2.781142921917364908e-13,5.029454299233080405e-01,-1.092083510791862706e-14,-8.442281730331713844e-13,-7.834182556057111324e-14,5.049252079614745536e-01,-2.999999999969683029e-01,1.721156111826252996e-12,5.029792145828094752e-01,9.941646457276943646e-15,-7.948749523224835024e-13,2.212714885793021236e-13
-3.331420908139824943e-01,-7.615953596649876274e-05,7.838898935583066274e-01,1.261897218468684092e-05,-6.001949520217969569e-02,-9.354713596610476640e-05,-9.981972005998467345e-01,-2.696710662332002517e-01,-7.096356169197332205e-03,2.188179474354066175e-03,4.378509552938446292e-02,1.057677270483617232e-01,7.437631052112363139e-03,-2.697197223772390684e-01,7.229183504205267084e-03,-2.630508438824852475e-03,4.402854862311472023e-02,1.055697631317798896e-01,-7.676622857041326929e-03,8.749368478027507129e-13,-3.532827242711876847e-12,2.572341973692732900e-11,5.049108651365403766e-01,2.999999999991508903e-01,-2.781142921917364908e-13,5.029454299233080405e-01,-1.092083510791862706e-14,-8.442281730331713844e-13,-7.834182556057111324e-14,5.049252079614745536e-01,-2.999999999969683029e-01,1.721156111826252996e-12,5.029792145828094752e-01,9.941646457276943646e-15,-7.948749523224835024e-13,2.212714885793021236e-13
-3.331420908139824943e-01,-7.615953596649876274e-05,7.838898935583066274e-01,1.261897218468684092e-05,-6.001949520217969569e-02,-9.354713596610476640e-05,-9.981972005998467345e-01,-2.696710662332002517e-01,-7.096356169197332205e-03,2.188179474354066175e-03,4.378509552938446292e-02,1.057677270483617232e-01,7.437631052112363139e-03,-2.697197223772390684e-01,7.229183504205267084e-03,-2.630508438824852475e-03,4.402854862311472023e-02,1.055697631317798896e-01,-7.676622857041326929e-03,8.749368478027507129e-13,-3.532827242711876847e-12,2.572341973692732900e-11,5.049108651365403766e-01,2.999999999991508903e-01,-2.781142921917364908e-13,5.029454299233080405e-01,-1.092083510791862706e-14,-8.442281730331713844e-13,-7.834182556057111324e-14,5.049252079614745536e-01,-2.999999999969683029e-01,1.721156111826252996e-12,5.029792145828094752e-01,9.941646457276943646e-15,-7.948749523224835024e-13,2.212714885793021236e-13
-3.331420908139824943e-01,-7.615953596649876274e-05,7.838898935583066274e-01,1.261897218468684092e-05,-6.001949520217969569e-02,-9.354713596610476640e-05,-9.981972005998467345e-01,-2.696710662332002517e-01,-7.096356169197332205e-03,2.188179474354066175e-03,4.378509552938446292e-02,1.057677270483617232e-01,7.437631052112363139e-03,-2.697197223772390684e-01,7.229183504205267084e-03,-2.630508438824852475e-03,4.402854862311472023e-02,1.055697631317798896e-01,-7.676622857041326929e-03,8.749368478027507129e-13,-3.532827242711876847e-12,2.572341973692732900e-11,5.049108651365403766e-01,2.999999999991508903e-01,-2.781142921917364908e-13,5.029454299233080405e-01,-1.092083510791862706e-14,-8.442281730331713844e-13,-7.834182556057111324e-14,5.049252079614745536e-01,-2.999999999969683029e-01,1.721156111826252996e-12,5.029792145828094752e-01,9.941646457276943646e-15,-7.948749523224835024e-13,2.212714885793021236e-13
-3.331420908139824943e-01,-7.615953596649876274e-05,7.838898935583066274e-01,1.261897218468684092e-05,-6.001949520217969569e-02,-9.354713596610476640e-05,-9.981972005998467345e-01,-2.696710662332002517e-01,-7.096356169197332205e-03,2.188179474354066175e-03,4.378509552938446292e-02,1.057677270483617232e-01,7.437631052112363139e-03,-2.697197223772390684e-01,7.229183504205267084e-03,-2.630508438824852475e-03,4.402854862311472023e-02,1.055697631317798896e-01,-7.676622857041326929e-03,8.749368478027507129e-13,-3.532827242711876847e-12,2.572341973692732900e-11,5.049108651365403766e-01,2.999999999991508903e-01,-2.781142921917364908e-13,5.029454299233080405e-01,-1.092083510791862706e-14,-8.442281730331713844e-13,-7.834182556057111324e-14,5.049252079614745536e-01,-2.999999999969683029e-01,1.721156111826252996e-12,5.029792145828094752e-01,9.941646457276943646e-15,-7.948749523224835024e-13,2.212714885793021236e-13
-3.331420908139824943e-01,-7.615953596649876274e-05,7.838898935583066274e-01,1.261897218468684092e-05,-6.001949520217969569e-02,-9.354713596610476640e-05,-9.981972005998467345e-01,-2.696710662332002517e-01,-7.096356169197332205e-03,2.188179474354066175e-03,4.378509552938446292e-02,1.057677270483617232e-01,7.437631052112363139e-03,-2.697197223772390684e-01,7.229183504205267084e-03,-2.630508438824852475e-03,4.402854862311472023e-02,1.055697631317798896e-01,-7.676622857041326929e-03,8.749368478027507129e-13,-3.532827242711876847e-12,2.572341973692732900e-11,5.049108651365403766e-01,2.999999999991508903e-01,-2.781142921917364908e-13,5.029454299233080405e-01,-1.092083510791862706e-14,-8.442281730331713844e-13,-7.834182556057111324e-14,5.049252079614745536e-01,-2.999999999969683029e-01,1.721156111826252996e-12,5.029792145828094752e-01,9.941646457276943646e-15,-7.948749523224835024e-13,2.212714885793021236e-13
-3.331420908139824943e-01,-7.615953596649876274e-05,7.838898935583066274e-01,1.261897218468684092e-05,-6.001949520217969569e-02,-9.354713596610476640e-05,-9.981972005998467345e-01,-2.696710662332002517e-01,-7.096356169197332205e-03,2.188179474354066175e-03,4.378509552938446292e-02,1.057677270483617232e-01,7.437631052112363139e-03,-2.697197223772390684e-01,7.229183504205267084e-03,-2.630508438824852475e-03,4.402854862311472023e-02,1.055697631317798896e-01,-7.676622857041326929e-03,8.749368478027507129e-13,-3.532827242711876847e-12,2.572341973692732900e-11,5.049108651365403766e-01,2.999999999991508903e-01,-2.781142921917364908e-13,5.029454299233080405e-01,-1.092083510791862706e-14,-8.442281730331713844e-13,-7.834182556057111324e-14,5.049252079614745536e-01,-2.999999999969683029e-01,1.721156111826252996e-12,5.029792145828094752e-01,9.941646457276943646e-15,-7.948749523224835024e-13,2.212714885793021236e-13
-3.331420908139824943e-01,-7.615953596649876274e-05,7.838898935583066274e-01,1.261897218468684092e-05,-6.001949520217969569e-02,-9.354713596610476640e-05,-9.981972005998467345e-01,-2.696710662332002517e-01,-7.096356169197332205e-03,2.188179474354066175e-03,4.378509552938446292e-02,1.057677270483617232e-01,7.437631052112363139e-03,-2.697197223772390684e-01,7.229183504205267084e-03,-2.630508438824852475e-03,4.402854862311472023e-02,1.055697631317798896e-01,-7.676622857041326929e-03,8.749368478027507129e-13,-3.532827242711876847e-12,2.572341973692732900e-11,5.049108651365403766e-01,2.999999999991508903e-01,-2.781142921917364908e-13,5.029454299233080405e-01,-1.092083510791862706e-14,-8.442281730331713844e-13,-7.834182556057111324e-14,5.049252079614745536e-01,-2.999999999969683029e-01,1.721156111826252996e-12,5.029792145828094752e-01,9.941646457276943646e-15,-7.948749523224835024e-13,2.212714885793021236e-13
-3.331420908139824943e-01,-7.615953596649876274e-05,7.838898935583066274e-01,1.261897218468684092e-05,-6.001949520217969569e-02,-9.354713596610476640e-05,-9.981972005998467345e-01,-2.696710662332002517e-01,-7.096356169197332205e-03,2.188179474354066175e-03,4.378509552938446292e-02,1.057677270483617232e-01,7.437631052112363139e-03,-2.697197223772390684e-01,7.229183504205267084e-03,-2.630508438824852475e-03,4.402854862311472023e-02,1.055697631317798896e-01,-7.676622857041326929e-03,8.749368478027507129e-13,-3.532827242711876847e-12,2.572341973692732900e-11,5.049108651365403766e-01,2.999999999991508903e-01,-2.781142921917364908e-13,5.029454299233080405e-01,-1.092083510791862706e-14,-8.442281730331713844e-13,-7.834182556057111324e-14,5.049252079614745536e-01,-2.999999999969683029e-01,1.721156111826252996e-12,5.029792145828094752e-01,9.941646457276943646e-15,-7.948749523224835024e-13,2.212714885793021236e-13
-3.331420908139824943e-01,-7.615953596649876274e-05,7.838898935583066274e-01,1.261897218468684092e-05,-6.001949520217969569e-02,-9.354713596610476640e-05,-9.981972005998467345e-01,-2.696710662332002517e-01,-7.096356169197332205e-03,2.188179474354066175e-03,4.378509552938446292e-02,1.057677270483617232e-01,7.437631052112363139e-03,-2.697197223772390684e-01,7.229183504205267084e-03,-2.630508438824852475e-03,4.402854862311472023e-02,1.055697631317798896e-01,-7.676622857041326929e-03,8.749368478027507129e-13,-3.532827242711876847e-12,2.572341973692732900e-11,5.049108651365403766e-01,2.999999999991508903e-01,-2.781142921917364908e-13,5.029454299233080405e-01,-1.092083510791862706e-14,-8.442281730331713844e-13,-7.834182556057111324e-14,5.049252079614745536e-01,-2.999999999969683029e-01,1.721156111826252996e-12,5.029792145828094752e-01,9.941646457276943646e-15,-7.948749523224835024e-13,2.212714885793021236e-13
-3.331420908139824943e-01,-7.615953596649876274e-05,7.838898935583066274e-01,1.261897218468684092e-05,-6.001949520217969569e-02,-9.354713596610476640e-05,-9.981972005998467345e-01,-2.696710662332002517e-01,-7.096356169197332205e-03,2.188179474354066175e-03,4.378509552938446292e-02,1.057677270483617232e-01,7.437631052112363139e-03,-2.697197223772390684e-01,7.229183504205267084e-03,-2.630508438824852475e-03,4.402854862311472023e-02,1.055697631317798896e-01,-7.676622857041326929e-03,8.749368478027507129e-13,-3.532827242711876847e-12,2.572341973692732900e-11,5.049108651365403766e-01,2.999999999991508903e-01,-2.781142921917364908e-13,5.029454299233080405e-01,-1.092083510791862706e-14,-8.442281730331713844e-13,-7.834182556057111324e-14,5.049252079614745536e-01,-2.999999999969683029e-01,1.721156111826252996e-12,5.029792145828094752e-01,9.941646457276943646e-15,-7.948749523224835024e-13,2.212714885793021236e-13
-3.331420908139824943e-01,-7.615953596649876274e-05,7.838898935583066274e-01,1.261897218468684092e-05,-6.001949520217969569e-02,-9.354713596610476640e-05,-9.981972005998467345e-01,-2.696710662332002517e-01,-7.096356169197332205e-03,2.188179474354066175e-03,4.378509552938446292e-02,1.057677270483617232e-01,7.437631052112363139e-03,-2.697197223772390684e-01,7.229183504205267084e-03,-2.630508438824852475e-03,4.402854862311472023e-02,1.055697631317798896e-01,-7.676622857041326929e-03,8.749368478027507129e-13,-3.532827242711876847e-12,2.572341973692732900e-11,5.049108651365403766e-01,2.999999999991508903e-01,-2.781142921917364908e-13,5.029454299233080405e-01,-1.092083510791862706e-14,-8.442281730331713844e-13,-7.834182556057111324e-14,5.049252079614745536e-01,-2.999999999969683029e-01,1.721156111826252996e-12,5.029792145828094752e-01,9.941646457276943646e-15,-7.948749523224835024e-13,2.212714885793021236e-13
-3.331420908139824943e-01,-7.615953596649876274e-05,7.838898935583066274e-01,1.261897218468684092e-05,-6.001949520217969569e-02,-9.354713596610476640e-05,-9.981972005998467345e-01,-2.696710662332002517e-01,-7.096356169197332205e-03,2.188179474354066175e-03,4.378509552938446292e-02,1.057677270483617232e-01,7.437631052112363139e-03,-2.697197223772390684e-01,7.229183504205267084e-03,-2.630508438824852475e-03,4.402854862311472023e-02,1.055697631317798896e-01,-7.676622857041326929e-03,8.749368478027507129e-13,-3.532827242711876847e-12,2.572341973692732900e-11,5.049108651365403766e-01,2.999999999991508903e-01,-2.781142921917364908e-13,5.029454299233080405e-01,-1.092083510791862706e-14,-8.442281730331713844e-13,-7.834182556057111324e-14,5.049252079614745536e-01,-2.999999999969683029e-01,1.721156111826252996e-12,5.029792145828094752e-01,9.941646457276943646e-15,-7.948749523224835024e-13,2.212714885793021236e-13
-3.331420908139824943e-01,-7.615953596649876274e-05,7.838898935583066274e-01,1.261897218468684092e-05,-6.001949520217969569e-02,-9.354713596610476640e-05,-9.981972005998467345e-01,-2.696710662332002517e-01,-7.096356169197332205e-03,2.188179474354066175e-03,4.378509552938446292e-02,1.057677270483617232e-01,7.437631052112363139e-03,-2.697197223772390684e-01,7.229183504205267084e-03,-2.630508438824852475e-03,4.402854862311472023e-02,1.055697631317798896e-01,-7.676622857041326929e-03,8.749368478027507129e-13,-3.532827242711876847e-12,2.572341973692732900e-11,5.049108651365403766e-01,2.999999999991508903e-01,-2.781142921917364908e-13,5.029454299233080405e-01,-1.092083510791862706e-14,-8.442281730331713844e-13,-7.834182556057111324e-14,5.049252079614745536e-01,-2.999999999969683029e-01,1.721156111826252996e-12,5.029792145828094752e-01,9.941646457276943646e-15,-7.948749523224835024e-13,2.212714885793021236e-13
-3.331420908139824943e-01,-7.615953596649876274e-05,7.838898935583066274e-01,1.261897218468684092e-05,-6.001949520217969569e-02,-9.354713596610476640e-05,-9.981972005998467345e-01,-2.696710662332002517e-01,-7.096356169197332205e-03,2.188179474354066175e-03,4.378509552938446292e-02,1.057677270483617232e-01,7.437631052112363139e-03,-2.697197223772390684e-01,7.229183504205267084e-03,-2.630508438824852475e-03,4.402854862311472023e-02,1.055697631317798896e-01,-7.676622857041326929e-03,8.749368478027507129e-13,-3.532827242711876847e-12,2.572341973692732900e-11,5.049108651365403766e-01,2.999999999991508903e-01,-2.781142921917364908e-13,5.029454299233080405e-01,-1.092083510791862706e-14,-8.442281730331713844e-13,-7.834182556057111324e-14,5.049252079614745536e-01,-2.999999999969683029e-01,1.721156111826252996e-12,5.029792145828094752e-01,9.941646457276943646e-15,-7.948749523224835024e-13,2.212714885793021236e-13
-3.331420908139824943e-01,-7.615953596649876274e-05,7.838898935583066274e-01,1.261897218468684092e-05,-6.001949520217969569e-02,-9.354713596610476640e-05,-9.981972005998467345e-01,-2.696710662332002517e-01,-7.096356169197332205e-03,2.188179474354066175e-03,4.378509552938446292e-02,1.057677270483617232e-01,7.437631052112363139e-03,-2.697197223772390684e-01,7.229183504205267084e-03,-2.630508438824852475e-03,4.402854862311472023e-02,1.055697631317798896e-01,-7.676622857041326929e-03,8.749368478027507129e-13,-3.532827242711876847e-12,2.572341973692732900e-11,5.049108651365403766e-01,2.999999999991508903e-01,-2.781142921917364908e-13,5.029454299233080405e-01,-1.092083510791862706e-14,-8.442281730331713844e-13,-7.834182556057111324e-14,5.049252079614745536e-01,-2.999999999969683029e-01,1.721156111826252996e-12,5.029792145828094752e-01,9.941646457276943646e-15,-7.948749523224835024e-13,2.212714885793021236e-13
-3.331420908139824943e-01,-7.615953596649876274e-05,7.838898935583066274e-01,1.261897218468684092e-05,-6.001949520217969569e-02,-9.354713596610476640e-05,-9.981972005998467345e-01,-2.696710662332002517e-01,-7.096356169197332205e-03,2.188179474354066175e-03,4.378509552938446292e-02,1.057677270483617232e-01,7.437631052112363139e-03,-2.697197223772390684e-01,7.229183504205267084e-03,-2.630508438824852475e-03,4.402854862311472023e-02,1.055697631317798896e-01,-7.676622857041326929e-03,8.749368478027507129e-13,-3.532827242711876847e-12,2.572341973692732900e-11,5.049108651365403766e-01,2.999999999991508903e-01,-2.781142921917364908e-13,5.029454299233080405e-01,-1.092083510791862706e-14,-8.442281730331713844e-13,-7.834182556057111324e-14,5.049252079614745536e-01,-2.999999999969683029e-01,1.721156111826252996e-12,5.029792145828094752e-01,9.941646457276943646e-15,-7.948749523224835024e-13,2.212714885793021236e-13
-3.331420908139824943e-01,-7.615953596649876274e-05,7.838898935583066274e-01,1.261897218468684092e-05,-6.001949520217969569e-02,-9.354713596610476640e-05,-9.981972005998467345e-01,-2.696710662332002517e-01,-7.096356169197332205e-03,2.188179474354066175e-03,4.378509552938446292e-02,1.057677270483617232e-01,7.437631052112363139e-03,-2.697197223772390684e-01,7.229183504205267084e-03,-2.630508438824852475e-03,4.402854862311472023e-02,1.055697631317798896e-01,-7.676622857041326929e-03,8.749368478027507129e-13,-3.532827242711876847e-12,2.572341973692732900e-11,5.049108651365403766e-01,2.999999999991508903e-01,-2.781142921917364908e-13,5.029454299233080405e-01,-1.092083510791862706e-14,-8.442281730331713844e-13,-7.834182556057111324e-14,5.049252079614745536e-01,-2.999999999969683029e-01,1.721156111826252996e-12,5.029792145828094752e-01,9.941646457276943646e-15,-7.948749523224835024e-13,2.212714885793021236e-13
-3.331420908139824943e-01,-7.615953596649876274e-05,7.838898935583066274e-01,1.261897218468684092e-05,-6.001949520217969569e-02,-9.354713596610476640e-05,-9.981972005998467345e-01,-2.696710662332002517e-01,-7.096356169197332205e-03,2.188179474354066175e-03,4.378509552938446292e-02,1.057677270483617232e-01,7.437631052112363139e-03,-2.697197223772390684e-01,7.229183504205267084e-03,-2.630508438824852475e-03,4.402854862311472023e-02,1.055697631317798896e-01,-7.676622857041326929e-03,8.749368478027507129e-13,-3.532827242711876847e-12,2.572341973692732900e-11,5.049108651365403766e-01,2.999999999991508903e-01,-2.781142921917364908e-13,5.029454299233080405e-01,-1.092083510791862706e-14,-8.442281730331713844e-13,-7.834182556057111324e-14,5.049252079614745536e-01,-2.999999999969683029e-01,1.721156111826252996e-12,5.029792145828094752e-01,9.941646457276943646e-15,-7.948749523224835024e-13,2.212714885793021236e-13
-3.331420908139824943e-01,-7.615953596649876274e-05,7.838898935583066274e-01,1.261897218468684092e-05,-6.001949520217969569e-02,-9.354713596610476640e-05,-9.981972005998467345e-01,-2.696710662332002517e-01,-7.096356169197332205e-03,2.188179474354066175e-03,4.378509552938446292e-02,1.057677270483617232e-01,7.437631052112363139e-03,-2.697197223772390684e-01,7.229183504205267084e-03,-2.630508438824852475e-03,4.402854862311472023e-02,1.055697631317798896e-01,-7.676622857041326929e-03,8.749368478027507129e-13,-3.532827242711876847e-12,2.572341973692732900e-11,5.049108651365403766e-01,2.999999999991508903e-01,-2.781142921917364908e-13,5.029454299233080405e-01,-1.092083510791862706e-14,-8.442281730331713844e-13,-7.834182556057111324e-14,5.049252079614745536e-01,-2.999999999969683029e-01,1.721156111826252996e-12,5.029792145828094752e-01,9.941646457276943646e-15,-7.948749523224835024e-13,2.212714885793021236e-13
-3.331420908139824943e-01,-7.615953596649876274e-05,7.838898935583066274e-01,1.261897218468684092e-05,-6.001949520217969569e-02,-9.354713596610476640e-05,-9.981972005998467345e-01,-2.696710662332002517e-01,-7.096356169197332205e-03,2.188179474354066175e-03,4.378509552938446292e-02,1.057677270483617232e-01,7.437631052112363139e-03,-2.697197223772390684e-01,7.229183504205267084e-03,-2.630508438824852475e-03,4.402854862311472023e-02,1.055697631317798896e-01,-7.676622857041326929e-03,8.749368478027507129e-13,-3.532827242711876847e-12,2.572341973692732900e-11,5.049108651365403766e-01,2.999999999991508903e-01,-2.781142921917364908e-13,5.029454299233080405e-01,-1.092083510791862706e-14,-8.442281730331713844e-13,-7.834182556057111324e-14,5.049252079614745536e-01,-2.999999999969683029e-01,1.721156111826252996e-12,5.029792145828094752e-01,9.941646457276943646e-15,-7.948749523224835024e-13,2.212714885793021236e-13
-3.331420908139824943e-01,-7.615953596649876274e-05,7.838898935583066274e-01,1.261897218468684092e-05,-6.001949520217969569e-02,-9.354713596610476640e-05,-9.981972005998467345e-01,-2.696710662332002517e-01,-7.096356169197332205e-03,2.188179474354066175e-03,4.378509552938446292e-02,1.057677270483617232e-01,7.437631052112363139e-03,-2.697197223772390684e-01,7.229183504205267084e-03,-2.630508438824852475e-03,4.402854862311472023e-02,1.055697631317798896e-01,-7.676622857041326929e-03,8.749368478027507129e-13,-3.532827242711876847e-12,2.572341973692732900e-11,5.049108651365403766e-01,2.999999999991508903e-01,-2.781142921917364908e-13,5.029454299233080405e-01,-1.092083510791862706e-14,-8.442281730331713844e-13,-7.834182556057111324e-14,5.049252079614745536e-01,-2.999999999969683029e-01,1.721156111826252996e-12,5.029792145828094752e-01,9.941646457276943646e-15,-7.948749523224835024e-13,2.212714885793021236e-13
-3.331420908139824943e-01,-7.615953596649876274e-05,7.838898935583066274e-01,1.261897218468684092e-05,-6.001949520217969569e-02,-9.354713596610476640e-05,-9.981972005998467345e-01,-2.696710662332002517e-01,-7.096356169197332205e-03,2.188179474354066175e-03,4.378509552938446292e-02,1.057677270483617232e-01,7.437631052112363139e-03,-2.697197223772390684e-01,7.229183504205267084e-03,-2.630508438824852475e-03,4.402854862311472023e-02,1.055697631317798896e-01,-7.676622857041326929e-03,8.749368478027507129e-13,-3.532827242711876847e-12,2.572341973692732900e-11,5.049108651365403766e-01,2.999999999991508903e-01,-2.781142921917364908e-13,5.029454299233080405e-01,-1.092083510791862706e-14,-8.442281730331713844e-13,-7.834182556057111324e-14,5.049252079614745536e-01,-2.999999999969683029e-01,1.721156111826252996e-12,5.029792145828094752e-01,9.941646457276943646e-15,-7.948749523224835024e-13,2.212714885793021236e-13
-3.331420908139824943e-01,-7.615953596649876274e-05,7.838898935583066274e-01,1.261897218468684092e-05,-6.001949520217969569e-02,-9.354713596610476640e-05,-9.981972005998467345e-01,-2.696710662332002517e-01,-7.096356169197332205e-03,2.188179474354066175e-03,4.378509552938446292e-02,1.057677270483617232e-01,7.437631052112363139e-03,-2.697197223772390684e-01,7.229183504205267084e-03,-2.630508438824852475e-03,4.402854862311472023e-02,1.055697631317798896e-01,-7.676622857041326929e-03,8.749368478027507129e-13,-3.532827242711876847e-12,2.572341973692732900e-11,5.049108651365403766e-01,2.999999999991508903e-01,-2.781142921917364908e-13,5.029454299233080405e-01,-1.092083510791862706e-14,-8.442281730331713844e-13,-7.834182556057111324e-14,5.049252079614745536e-01,-2.999999999969683029e-01,1.721156111826252996e-12,5.029792145828094752e-01,9.941646457276943646e-15,-7.948749523224835024e-13,2.212714885793021236e-13
-3.331420908139824943e-01,-7.615953596649876274e-05,7.838898935583066274e-01,1.261897218468684092e-05,-6.001949520217969569e-02,-9.354713596610476640e-05,-9.981972005998467345e-01,-2.696710662332002517e-01,-7.096356169197332205e-03,2.188179474354066175e-03,4.378509552938446292e-02,1.057677270483617232e-01,7.437631052112363139e-03,-2.697197223772390684e-01,7.229183504205267084e-03,-2.630508438824852475e-03,4.402854862311472023e-02,1.055697631317798896e-01,-7.676622857041326929e-03,8.749368478027507129e-13,-3.532827242711876847e-12,2.572341973692732900e-11,5.049108651365403766e-01,2.999999999991508903e-01,-2.781142921917364908e-13,5.029454299233080405e-01,-1.092083510791862706e-14,-8.442281730331713844e-13,-7.834182556057111324e-14,5.049252079614745536e-01,-2.999999999969683029e-01,1.721156111826252996e-12,5.029792145828094752e-01,9.941646457276943646e-15,-7.948749523224835024e-13,2.212714885793021236e-13
-3.331420908139824943e-01,-7.615953596649876274e-05,7.838898935583066274e-01,1.261897218468684092e-05,-6.001949520217969569e-02,-9.354713596610476640e-05,-9.981972005998467345e-01,-2.696710662332002517e-01,-7.096356169197332205e-03,2.188179474354066175e-03,4.378509552938446292e-02,1.057677270483617232e-01,7.437631052112363139e-03,-2.697197223772390684e-01,7.229183504205267084e-03,-2.630508438824852475e-03,4.402854862311472023e-02,1.055697631317798896e-01,-7.676622857041326929e-03,8.749368478027507129e-13,-3.532827242711876847e-12,2.572341973692732900e-11,5.049108651365403766e-01,2.999999999991508903e-01,-2.781142921917364908e-13,5.029454299233080405e-01,-1.092083510791862706e-14,-8.442281730331713844e-13,-7.834182556057111324e-14,5.049252079614745536e-01,-2.999999999969683029e-01,1.721156111826252996e-12,5.029792145828094752e-01,9.941646457276943646e-15,-7.948749523224835024e-13,2.212714885793021236e-13
-3.331420908139824943e-01,-7.615953596649876274e-05,7.838898935583066274e-01,1.261897218468684092e-05,-6.001949520217969569e-02,-9.354713596610476640e-05,-9.981972005998467345e-01,-2.696710662332002517e-01,-7.096356169197332205e-03,2.188179474354066175e-03,4.378509552938446292e-02,1.057677270483617232e-01,7.437631052112363139e-03,-2.697197223772390684e-01,7.229183504205267084e-03,-2.630508438824852475e-03,4.402854862311472023e-02,1.055697631317798896e-01,-7.676622857041326929e-03,8.749368478027507129e-13,-3.532827242711876847e-12,2.572341973692732900e-11,5.049108651365403766e-01,2.999999999991508903e-01,-2.781142921917364908e-13,5.029454299233080405e-01,-1.092083510791862706e-14,-8.442281730331713844e-13,-7.834182556057111324e-14,5.049252079614745536e-01,-2.999999999969683029e-01,1.721156111826252996e-12,5.029792145828094752e-01,9.941646457276943646e-15,-7.948749523224835024e-13,2.212714885793021236e-13
-3.331420908139824943e-01,-7.615953596649876274e-05,7.838898935583066274e-01,1.261897218468684092e-05,-6.001949520217969569e-02,-9.354713596610476640e-05,-9.981972005998467345e-01,-2.696710662332002517e-01,-7.096356169197332205e-03,2.188179474354066175e-03,4.378509552938446292e-02,1.057677270483617232e-01,7.437631052112363139e-03,-2.697197223772390684e-01,7.229183504205267084e-03,-2.630508438824852475e-03,4.402854862311472023e-02,1.055697631317798896e-01,-7.676622857041326929e-03,8.749368478027507129e-13,-3.532827242711876847e-12,2.572341973692732900e-11,5.049108651365403766e-01,2.999999999991508903e-01,-2.781142921917364908e-13,5.029454299233080405e-01,-1.092083510791862706e-14,-8.442281730331713844e-13,-7.834182556057111324e-14,5.049252079614745536e-01,-2.999999999969683029e-01,1.721156111826252996e-12,5.029792145828094752e-01,9.941646457276943646e-15,-7.948749523224835024e-13,2.212714885793021236e-13
-3.331420908139824943e-01,-7.615953596649876274e-05,7.838898935583066274e-01,1.261897218468684092e-05,-6.001949520217969569e-02,-9.354713596610476640e-05,-9.981972005998467345e-01,-2.696710662332002517e-01,-7.096356169197332205e-03,2.188179474354066175e-03,4.378509552938446292e-02,1.057677270483617232e-01,7.437631052112363139e-03,-2.697197223772390684e-01,7.229183504205267084e-03,-2.630508438824852475e-03,4.402854862311472023e-02,1.055697631317798896e-01,-7.676622857041326929e-03,8.749368478027507129e-13,-3.532827242711876847e-12,2.572341973692732900e-11,5.049108651365403766e-01,2.999999999991508903e-01,-2.781142921917364908e-13,5.029454299233080405e-01,-1.092083510791862706e-14,-8.442281730331713844e-13,-7.834182556057111324e-14,5.049252079614745536e-01,-2.999999999969683029e-01,1.721156111826252996e-12,5.029792145828094752e-01,9.941646457276943646e-15,-7.948749523224835024e-13,2.212714885793021236e-13
-3.331420908139824943e-01,-7.615953596649876274e-05,7.838898935583066274e-01,1.261897218468684092e-05,-6.001949520217969569e-02,-9.354713596610476640e-05,-9.981972005998467345e-01,-2.696710662332002517e-01,-7.096356169197332205e-03,2.188179474354066175e-03,4.378509552938446292e-02,1.057677270483617232e-01,7.437631052112363139e-03,-2.697197223772390684e-01,7.229183504205267084e-03,-2.630508438824852475e-03,4.402854862311472023e-02,1.055697631317798896e-01,-7.676622857041326929e-03,8.749368478027507129e-13,-3.532827242711876847e-12,2.572341973692732900e-11,5.049108651365403766e-01,2.999999999991508903e-01,-2.781142921917364908e-13,5.029454299233080405e-01,-1.092083510791862706e-14,-8.442281730331713844e-13,-7.834182556057111324e-14,5.049252079614745536e-01,-2.999999999969683029e-01,1.721156111826252996e-12,5.029792145828094752e-01,9.941646457276943646e-15,-7.948749523224835024e-13,2.212714885793021236e-13
-3.331420908139824943e-01,-7.615953596649876274e-05,7.838898935583066274e-01,1.261897218468684092e-05,-6.001949520217969569e-02,-9.354713596610476640e-05,-9.981972005998467345e-01,-2.696710662332002517e-01,-7.096356169197332205e-03,2.188179474354066175e-03,4.378509552938446292e-02,1.057677270483617232e-01,7.437631052112363139e-03,-2.697197223772390684e-01,7.229183504205267084e-03,-2.630508438824852475e-03,4.402854862311472023e-02,1.055697631317798896e-01,-7.676622857041326929e-03,8.749368478027507129e-13,-3.532827242711876847e-12,2.572341973692732900e-11,5.049108651365403766e-01,2.999999999991508903e-01,-2.781142921917364908e-13,5.029454299233080405e-01,-1.092083510791862706e-14,-8.442281730331713844e-13,-7.834182556057111324e-14,5.049252079614745536e-01,-2.999999999969683029e-01,1.721156111826252996e-12,5.029792145828094752e-01,9.941646457276943646e-15,-7.948749523224835024e-13,2.212714885793021236e-13
-3.331420908139824943e-01,-7.615953596649876274e-05,7.838898935583066274e-01,1.261897218468684092e-05,-6.001949520217969569e-02,-9.354713596610476640e-05,-9.981972005998467345e-01,-2.696710662332002517e-01,-7.096356169197332205e-03,2.188179474354066175e-03,4.378509552938446292e-02,1.057677270483617232e-01,7.437631052112363139e-03,-2.697197223772390684e-01,7.229183504205267084e-03,-2.630508438824852475e-03,4.402854862311472023e-02,1.055697631317798896e-01,-7.676622857041326929e-03,8.749368478027507129e-13,-3.532827242711876847e-12,2.572341973692732900e-11,5.049108651365403766e-01,2.999999999991508903e-01,-2.781142921917364908e-13,5.029454299233080405e-01,-1.092083510791862706e-14,-8.442281730331713844e-13,-7.834182556057111324e-14,5.049252079614745536e-01,-2.999999999969683029e-01,1.721156111826252996e-12,5.029792145828094752e-01,9.941646457276943646e-15,-7.948749523224835024e-13,2.212714885793021236e-13
-3.331420908139824943e-01,-7.615953596649876274e-05,7.838898935583066274e-01,1.261897218468684092e-05,-6.001949520217969569e-02,-9.354713596610476640e-05,-9.981972005998467345e-01,-2.696710662332002517e-01,-7.096356169197332205e-03,2.188179474354066175e-03,4.378509552938446292e-02,1.057677270483617232e-01,7.437631052112363139e-03,-2.697197223772390684e-01,7.229183504205267084e-03,-2.630508438824852475e-03,4.402854862311472023e-02,1.055697631317798896e-01,-7.676622857041326929e-03,8.749368478027507129e-13,-3.532827242711876847e-12,2.572341973692732900e-11,5.049108651365403766e-01,2.999999999991508903e-01,-2.781142921917364908e-13,5.029454299233080405e-01,-1.092083510791862706e-14,-8.442281730331713844e-13,-7.834182556057111324e-14,5.049252079614745536e-01,-2.999999999969683029e-01,1.721156111826252996e-12,5.029792145828094752e-01,9.941646457276943646e-15,-7.948749523224835024e-13,2.212714885793021236e-13
-3.331420908139824943e-01,-7.615953596649876274e-05,7.838898935583066274e-01,1.261897218468684092e-05,-6.001949520217969569e-02,-9.354713596610476640e-05,-9.981972005998467345e-01,-2.696710662332002517e-01,-7.096356169197332205e-03,2.188179474354066175e-03,4.378509552938446292e-02,1.057677270483617232e-01,7.437631052112363139e-03,-2.697197223772390684e-01,7.229183504205267084e-03,-2.630508438824852475e-03,4.402854862311472023e-02,1.055697631317798896e-01,-7.676622857041326929e-03,8.749368478027507129e-13,-3.532827242711876847e-12,2.572341973692732900e-11,5.049108651365403766e-01,2.999999999991508903e-01,-2.781142921917364908e-13,5.029454299233080405e-01,-1.092083510791862706e-14,-8.442281730331713844e-13,-7.834182556057111324e-14,5.049252079614745536e-01,-2.999999999969683029e-01,1.721156111826252996e-12,5.029792145828094752e-01,9.941646457276943646e-15,-7.948749523224835024e-13,2.212714885793021236e-13
-3.331420908139824943e-01,-7.615953596649876274e-05,7.838898935583066274e-01,1.261897218468684092e-05,-6.001949520217969569e-02,-9.354713596610476640e-05,-9.981972005998467345e-01,-2.696710662332002517e-01,-7.096356169197332205e-03,2.188179474354066175e-03,4.378509552938446292e-02,1.057677270483617232e-01,7.437631052112363139e-03,-2.697197223772390684e-01,7.229183504205267084e-03,-2.630508438824852475e-03,4.402854862311472023e-02,1.055697631317798896e-01,-7.676622857041326929e-03,8.749368478027507129e-13,-3.532827242711876847e-12,2.572341973692732900e-11,5.049108651365403766e-01,2.999999999991508903e-01,-2.781142921917364908e-13,5.029454299233080405e-01,-1.092083510791862706e-14,-8.442281730331713844e-13,-7.834182556057111324e-14,5.049252079614745536e-01,-2.999999999969683029e-01,1.721156111826252996e-12,5.029792145828094752e-01,9.941646457276943646e-15,-7.948749523224835024e-13,2.212714885793021236e-13
-3.331420908139824943e-01,-7.615953596649876274e-05,7.838898935583066274e-01,1.261897218468684092e-05,-6.001949520217969569e-02,-9.354713596610476640e-05,-9.981972005998467345e-01,-2.696710662332002517e-01,-7.096356169197332205e-03,2.188179474354066175e-03,4.378509552938446292e-02,1.057677270483617232e-01,7.437631052112363139e-03,-2.697197223772390684e-01,7.229183504205267084e-03,-2.630508438824852475e-03,4.402854862311472023e-02,1.055697631317798896e-01,-7.676622857041326929e-03,8.749368478027507129e-13,-3.532827242711876847e-12,2.572341973692732900e-11,5.049108651365403766e-01,2.999999999991508903e-01,-2.781142921917364908e-13,5.029454299233080405e-01,-1.092083510791862706e-14,-8.442281730331713844e-13,-7.834182556057111324e-14,5.049252079614745536e-01,-2.999999999969683029e-01,1.721156111826252996e-12,5.029792145828094752e-01,9.941646457276943646e-15,-7.948749523224835024e-13,2.212714885793021236e-13
-3.331420908139824943e-01,-7.615953596649876274e-05,7.838898935583066274e-01,1.261897218468684092e-05,-6.001949520217969569e-02,-9.354713596610476640e-05,-9.981972005998467345e-01,-2.696710662332002517e-01,-7.096356169197332205e-03,2.188179474354066175e-03,4.378509552938446292e-02,1.057677270483617232e-01,7.437631052112363139e-03,-2.697197223772390684e-01,7.229183504205267084e-03,-2.630508438824852475e-03,4.402854862311472023e-02,1.055697631317798896e-01,-7.676622857041326929e-03,8.749368478027507129e-13,-3.532827242711876847e-12,2.572341973692732900e-11,5.049108651365403766e-01,2.999999999991508903e-01,-2.781142921917364908e-13,5.029454299233080405e-01,-1.092083510791862706e-14,-8.442281730331713844e-13,-7.834182556057111324e-14,5.049252079614745536e-01,-2.999999999969683029e-01,1.721156111826252996e-12,5.029792145828094752e-01,9.941646457276943646e-15,-7.948749523224835024e-13,2.212714885793021236e-13
-3.331420908139824943e-01,-7.615953596649876274e-05,7.838898935583066274e-01,1.261897218468684092e-05,-6.001949520217969569e-02,-9.354713596610476640e-05,-9.981972005998467345e-01,-2.696710662332002517e-01,-7.096356169197332205e-03,2.188179474354066175e-03,4.378509552938446292e-02,1.057677270483617232e-01,7.437631052112363139e-03,-2.697197223772390684e-01,7.229183504205267084e-03,-2.630508438824852475e-03,4.402854862311472023e-02,1.055697631317798896e-01,-7.676622857041326929e-03,8.749368478027507129e-13,-3.532827242711876847e-12,2.572341973692732900e-11,5.049108651365403766e-01,2.999999999991508903e-01,-2.781142921917364908e-13,5.029454299233080405e-01,-1.092083510791862706e-14,-8.442281730331713844e-13,-7.834182556057111324e-14,5.049252079614745536e-01,-2.999999999969683029e-01,1.721156111826252996e-12,5.029792145828094752e-01,9.941646457276943646e-15,-7.948749523224835024e-13,2.212714885793021236e-13
-3.331420908139824943e-01,-7.615953596649876274e-05,7.838898935583066274e-01,1.261897218468684092e-05,-6.001949520217969569e-02,-9.354713596610476640e-05,-9.981972005998467345e-01,-2.696710662332002517e-01,-7.096356169197332205e-03,2.188179474354066175e-03,4.378509552938446292e-02,1.057677270483617232e-01,7.437631052112363139e-03,-2.697197223772390684e-01,7.229183504205267084e-03,-2.630508438824852475e-03,4.402854862311472023e-02,1.055697631317798896e-01,-7.676622857041326929e-03,8.749368478027507129e-13,-3.532827242711876847e-12,2.572341973692732900e-11,5.049108651365403766e-01,2.999999999991508903e-01,-2.781142921917364908e-13,5.029454299233080405e-01,-1.092083510791862706e-14,-8.442281730331713844e-13,-7.834182556057111324e-14,5.049252079614745536e-01,-2.999999999969683029e-01,1.721156111826252996e-12,5.029792145828094752e-01,9.941646457276943646e-15,-7.948749523224835024e-13,2.212714885793021236e-13
-3.331420908139824943e-01,-7.615953596649876274e-05,7.838898935583066274e-01,1.261897218468684092e-05,-6.001949520217969569e-02,-9.354713596610476640e-05,-9.981972005998467345e-01,-2.696710662332002517e-01,-7.096356169197332205e-03,2.188179474354066175e-03,4.378509552938446292e-02,1.057677270483617232e-01,7.437631052112363139e-03,-2.697197223772390684e-01,7.229183504205267084e-03,-2.630508438824852475e-03,4.402854862311472023e-02,1.055697631317798896e-01,-7.676622857041326929e-03,8.749368478027507129e-13,-3.532827242711876847e-12,2.572341973692732900e-11,5.049108651365403766e-01,2.999999999991508903e-01,-2.781142921917364908e-13,5.029454299233080405e-01,-1.092083510791862706e-14,-8.442281730331713844e-13,-7.834182556057111324e-14,5.049252079614745536e-01,-2.999999999969683029e-01,1.721156111826252996e-12,5.029792145828094752e-01,9.941646457276943646e-15,-7.948749523224835024e-13,2.212714885793021236e-13
-3.331420908139824943e-01,-7.615953596649876274e-05,7.838898935583066274e-01,1.261897218468684092e-05,-6.001949520217969569e-02,-9.354713596610476640e-05,-9.981972005998467345e-01,-2.696710662332002517e-01,-7.096356169197332205e-03,2.188179474354066175e-03,4.378509552938446292e-02,1.057677270483617232e-01,7.437631052112363139e-03,-2.697197223772390684e-01,7.229183504205267084e-03,-2.630508438824852475e-03,4.402854862311472023e-02,1.055697631317798896e-01,-7.676622857041326929e-03,8.749368478027507129e-13,-3.532827242711876847e-12,2.572341973692732900e-11,5.049108651365403766e-01,2.999999999991508903e-01,-2.781142921917364908e-13,5.029454299233080405e-01,-1.092083510791862706e-14,-8.442281730331713844e-13,-7.834182556057111324e-14,5.049252079614745536e-01,-2.999999999969683029e-01,1.721156111826252996e-12,5.029792145828094752e-01,9.941646457276943646e-15,-7.948749523224835024e-13,2.212714885793021236e-13
-3.331420908139824943e-01,-7.615953596649876274e-05,7.838898935583066274e-01,1.261897218468684092e-05,-6.001949520217969569e-02,-9.354713596610476640e-05,-9.981972005998467345e-01,-2.696710662332002517e-01,-7.096356169197332205e-03,2.188179474354066175e-03,4.378509552938446292e-02,1.057677270483617232e-01,7.437631052112363139e-03,-2.697197223772390684e-01,7.229183504205267084e-03,-2.630508438824852475e-03,4.402854862311472023e-02,1.055697631317798896e-01,-7.676622857041326929e-03,8.749368478027507129e-13,-3.532827242711876847e-12,2.572341973692732900e-11,5.049108651365403766e-01,2.999999999991508903e-01,-2.781142921917364908e-13,5.029454299233080405e-01,-1.092083510791862706e-14,-8.442281730331713844e-13,-7.834182556057111324e-14,5.049252079614745536e-01,-2.999999999969683029e-01,1.721156111826252996e-12,5.029792145828094752e-01,9.941646457276943646e-15,-7.948749523224835024e-13,2.212714885793021236e-13
-3.331420908139824943e-01,-7.615953596649876274e-05,7.838898935583066274e-01,1.261897218468684092e-05,-6.001949520217969569e-02,-9.354713596610476640e-05,-9.981972005998467345e-01,-2.696710662332002517e-01,-7.096356169197332205e-03,2.188179474354066175e-03,4.378509552938446292e-02,1.057677270483617232e-01,7.437631052112363139e-03,-2.697197223772390684e-01,7.229183504205267084e-03,-2.630508438824852475e-03,4.402854862311472023e-02,1.055697631317798896e-01,-7.676622857041326929e-03,8.749368478027507129e-13,-3.532827242711876847e-12,2.572341973692732900e-11,5.049108651365403766e-01,2.999999999991508903e-01,-2.781142921917364908e-13,5.029454299233080405e-01,-1.092083510791862706e-14,-8.442281730331713844e-13,-7.834182556057111324e-14,5.049252079614745536e-01,-2.999999999969683029e-01,1.721156111826252996e-12,5.029792145828094752e-01,9.941646457276943646e-15,-7.948749523224835024e-13,2.212714885793021236e-13
-3.331420908139824943e-01,-7.615953596649876274e-05,7.838898935583066274e-01,1.261897218468684092e-05,-6.001949520217969569e-02,-9.354713596610476640e-05,-9.981972005998467345e-01,-2.696710662332002517e-01,-7.096356169197332205e-03,2.188179474354066175e-03,4.378509552938446292e-02,1.057677270483617232e-01,7.437631052112363139e-03,-2.697197223772390684e-01,7.229183504205267084e-03,-2.630508438824852475e-03,4.402854862311472023e-02,1.055697631317798896e-01,-7.676622857041326929e-03,8.749368478027507129e-13,-3.532827242711876847e-12,2.572341973692732900e-11,5.049108651365403766e-01,2.999999999991508903e-01,-2.781142921917364908e-13,5.029454299233080405e-01,-1.092083510791862706e-14,-8.442281730331713844e-13,-7.834182556057111324e-14,5.049252079614745536e-01,-2.999999999969683029e-01,1.721156111826252996e-12,5.029792145828094752e-01,9.941646457276943646e-15,-7.948749523224835024e-13,2.212714885793021236e-13
-3.331420908139824943e-01,-7.615953596649876274e-05,7.838898935583066274e-01,1.261897218468684092e-05,-6.001949520217969569e-02,-9.354713596610476640e-05,-9.981972005998467345e-01,-2.696710662332002517e-01,-7.096356169197332205e-03,2.188179474354066175e-03,4.378509552938446292e-02,1.057677270483617232e-01,7.437631052112363139e-03,-2.697197223772390684e-01,7.229183504205267084e-03,-2.630508438824852475e-03,4.402854862311472023e-02,1.055697631317798896e-01,-7.676622857041326929e-03,8.749368478027507129e-13,-3.532827242711876847e-12,2.572341973692732900e-11,5.049108651365403766e-01,2.999999999991508903e-01,-2.781142921917364908e-13,5.029454299233080405e-01,-1.092083510791862706e-14,-8.442281730331713844e-13,-7.834182556057111324e-14,5.049252079614745536e-01,-2.999999999969683029e-01,1.721156111826252996e-12,5.029792145828094752e-01,9.941646457276943646e-15,-7.948749523224835024e-13,2.212714885793021236e-13
