-2.296447798452147873e-02,-1.001429797966363122e-04,7.889624163000685808e-01,-1.504632769052528010e-36,8.726535498373934677e-03,2.317356426918035670e-37,9.999619230641713097e-01,-1.529021328196342004e-02,1.472199430852907432e-04,-2.568630552720385909e-05,-8.722027144407606958e-02,8.505719031761543869e-02,-1.494439625108679359e-04,-1.526833081572163617e-02,1.675073634899746451e-04,-2.922219128127824392e-05,-8.726679587095970136e-02,8.508183172565386698e-02,-1.700372114596739612e-04,0.000000000000000000e+00,0.000000000000000000e+00,0.000000000000000000e+00,4.979999999999999982e-01,2.999999999999999889e-01,0.000000000000000000e+00,5.010000000000000009e-01,0.000000000000000000e+00,0.000000000000000000e+00,0.000000000000000000e+00,4.979999999999999982e-01,-2.999999999999999889e-01,0.000000000000000000e+00,5.010000000000000009e-01,0.000000000000000000e+00,0.000000000000000000e+00,0.000000000000000000e+00
-2.294700616877511437e-02,-9.893240964867529980e-05,7.887296750087395836e-01,-3.039316522987475950e-06,8.757802536235301250e-03,-2.436616950392468699e-05,9.999616494105104669e-01,-1.528222779877385848e-02,1.231383628596166612e-04,2.966498949847860280e-06,-8.710772069655699223e-02,8.366515387636630496e-02,-2.216496431318987345e-04,-1.536140924159666230e-02,2.172033564771672434e-04,2.975591736561847571e-06,-8.696752177733391154e-02,8.365076842432925264e-02,-9.645350552765911457e-05,3.726769969634951245e-05,1.307457850370483707e-05,-1.640701591364265497e-04,4.981536558222460220e-01,3.001123896530543123e-01,1.076003395142315513e-05,5.008898605512291935e-01,-8.641674061019702434e-06,-1.012804858644733211e-04,-7.348196055349754295e-07,4.981441818320975212e-01,-3.001298650863075679e-01,-5.639677869741732834e-06,5.008881929874413608e-01,8.623500707443745126e-06,-9.920587433328313849e-05,1.651731183990101826e-06
-2.291383749766194231e-02,-9.672260391648328205e-05,7.882738571641273451e-01,-8.936011737137815845e-06,8.809034627580395946e-03,-6.251133792079269170e-05,9.999611977078963765e-01,-1.522754941278804154e-02,8.953304771593483913e-05,8.741699703867950055e-05,-8.698772003580772239e-02,8.143780645496888349e-02,-3.046327758764850145e-04,-1.547292519583010582e-02,2.942558679003279341e-04,6.512056235183696500e-06,-8.655180608526608088e-02,8.136154884646916441e-02,-9.437940827733846331e-06,9.081231086146285682e-05,3.822391912554892128e-05,-4.620100272664048489e-04,4.984139511692359803e-01,3.003155475395190011e-01,4.681931050769916309e-05,5.007405156260408274e-01,-1.988688733352761748e-05,-2.627839328002282756e-04,-5.616518548908877658e-07,4.983856525266569526e-01,-3.003640858582196649e-01,-3.425155312252317413e-05,5.007365050632511805e-01,1.968255493910653424e-05,-2.577636205851188212e-04,3.181570310449433392e-06
-2.286944573704449354e-02,-9.423652994698931051e-05,7.876136988492465907e-01,-1.591808069252751513e-05,8.873118802687427961e-03,-9.118623842280915550e-05,9.999606288221541961e-01,-1.516922625417630073e-02,2.604673918763682813e-05,1.936348050544668665e-04,-8.680796194887527295e-02,7.861082830583322745e-02,-3.930474317335138951e-04,-1.555044802429668936e-02,3.990482966179392950e-04,-3.430368651421341068e-05,-8.613473245549596591e-02,7.850940284648350032e-02,8.468324418341981066e-05,1.208001855839491232e-04,6.848848435113600685e-05,-8.676762756416169040e-04,4.987156492890837955e-01,3.005656514291427106e-01,1.181638189628793237e-04,5.005789788276128194e-01,-2.605520546522575612e-05,-3.465761952163073359e-04,-5.477195641048681962e-06,4.986682264923361085e-01,-3.006468295065611862e-01,-1.021099803437191346e-04,5.005728424808881805e-01,2.551130043607395816e-05,-3.395133950478641045e-04,9.227364306753361967e-06
-2.281573568353095771e-02,-9.157051482211063433e-05,7.867815187048844416e-01,-2.331901318810264667e-05,8.945699052191884160e-03,-1.132172416274218439e-04,9.999599797524636458e-01,-1.506637648306886033e-02,-5.693127894421710444e-05,3.060913106381195911e-04,-8.668822898597115800e-02,7.550897153448224430e-02,-4.595426473062622606e-04,-1.556068739949094393e-02,5.206650598862357440e-04,-9.597288876472630627e-05,-8.581767635700780772e-02,7.539529316790795355e-02,1.564558232311386997e-04,1.338976603476058969e-04,1.018674253031758210e-04,-1.374375379963708446e-03,4.989697783002083331e-01,3.008139731728557975e-01,2.368931210848076638e-04,5.005875763504507026e-01,-2.702568060401342782e-05,-3.800770826999629666e-04,-8.192810818768492454e-06,4.989042478632053079e-01,-3.009274842839848030e-01,-2.212205005962398618e-04,5.005799958074763634e-01,2.611856591938407422e-05,-3.717618551756599618e-04,1.240895352257429752e-05
-2.275525346860845718e-02,-8.892593286782283157e-05,7.858259311338160469e-01,-2.965806463460484769e-05,9.026497306980825822e-03,-1.273890917019906695e-04,9.999592517891843224e-01,-1.489372363519468091e-02,-1.467651493212606599e-04,4.030273790740941382e-04,-8.670458537865907700e-02,7.229122625058949370e-02,-4.948617552537696576e-04,-1.547476275277587590e-02,6.393192795562653531e-04,-1.619366144537365921e-04,-8.567734244555981482e-02,7.216908352748929723e-02,1.952417613175588774e-04,1.288225676464722338e-04,1.345080531653473758e-04,-1.977316099636674575e-03,4.990611524238001695e-01,3.009851318246287710e-01,4.061735931332220240e-04,5.009766655694577464e-01,-2.080929809356990212e-05,-3.658176202026626076e-04,-2.595786181001301409e-06,4.989792749063177157e-01,-3.011255072331578408e-01,-3.945731875272574535e-04,5.009693658502565317e-01,2.023722137099309975e-05,-3.571729868875815313e-04,7.329792680026394631e-06
-2.269056333352829566e-02,-8.631959214703890655e-05,7.848121873688498340e-01,-3.497287749630014007e-05,9.117932950446700976e-03,-1.365054982999910134e-04,9.999584208565163168e-01,-1.463103888530978627e-02,-2.374822280717592466e-04,4.821507598278842424e-04,-8.695670410412932594e-02,6.925851704214054660e-02,-5.086012358426538014e-04,-1.527951723502196310e-02,7.514750879683159378e-04,-2.222958396466942802e-04,-8.580078410485972307e-02,6.912174917407058750e-02,2.089874385470177074e-04,1.118168861699074892e-04,1.661801554528227721e-04,-2.693301421405493341e-03,4.988597708464171387e-01,3.009906204099838667e-01,6.389790871208821457e-04,5.019910380902601332e-01,-6.680481396754851719e-06,-2.760917373732643459e-04,1.572439291903668330e-05,4.987641846504333176e-01,-3.011525221324343748e-01,-6.340348492329003728e-04,5.019857377056928804e-01,6.839147729797050493e-06,-2.676281820405069698e-04,-1.075731580394219980e-05
-2.262585625382619592e-02,-8.433910227566996851e-05,7.838002817887199658e-01,-3.929712985170312055e-05,9.226788099443312616e-03,-1.341913704871756637e-04,9.999574225084683077e-01,-1.432469421340471123e-02,-3.255285743222511110e-04,5.321322465271635313e-04,-8.741456220694938939e-02,6.648324003389699532e-02,-5.084646090115080286e-04,-1.499002174910056551e-02,8.516618602092877830e-04,-2.833058357348017015e-04,-8.620535437527773737e-02,6.633947071871829082e-02,2.076624317579697137e-04,7.446313308358468836e-05,1.939828017342362513e-04,-3.529103337662886815e-03,4.982711643000951041e-01,3.007531042392355691e-01,9.263257166961019664e-04,5.037577056861177738e-01,1.422646871940288424e-05,-6.826219527835135532e-05,4.769463699797892882e-05,4.981682818994352391e-01,-3.009280926160919911e-01,-9.312901710366793765e-04,5.037563605782735543e-01,-1.405051676905792068e-05,-6.088273756899904464e-05,-4.409860612518436943e-05
-2.257119484776920135e-02,-8.497518583199241849e-05,7.828355778669557896e-01,-3.377079925574038454e-05,9.356749432690316878e-03,-8.764961099007911502e-05,9.999562202502328967e-01,-1.418452256490294362e-02,-4.375092876693753964e-04,5.151493856826867531e-04,-8.777181462911022580e-02,6.392788393293967475e-02,-4.999384590889879723e-04,-1.462541481907248149e-02,9.115325575786041102e-04,-3.925264370664556480e-04,-8.688627227535636321e-02,6.387338238494248699e-02,1.985020223081365167e-04,-3.628159548062272481e-05,1.930277899384752482e-04,-4.464948484088371652e-03,4.972242625189595144e-01,3.002418142505102749e-01,1.252962082261763199e-03,5.063004581554946260e-01,3.980509946063576812e-05,2.849548070609460369e-04,9.382398129237254055e-05,4.971368440447349601e-01,-3.003913673669676987e-01,-1.276187677663036387e-03,5.063103232209672511e-01,-3.991281219843466056e-05,2.882684552035284613e-04,-9.487781181829652607e-05
-2.253562108688017540e-02,-8.752827498250481751e-05,7.819447672906160163e-01,-1.933145793384354326e-05,9.503615294791573076e-03,-1.901442393285208423e-05,9.999548392607910952e-01,-1.427789316849949197e-02,-5.644136922820288402e-04,4.635276071235326363e-04,-8.789804961609729017e-02,6.155457107978384856e-02,-4.947553277206602224e-04,-1.431854493452099433e-02,9.377121160472237475e-04,-5.266678408712950968e-04,-8.762766163251466123e-02,6.166974024382261554e-02,1.864754744766884817e-04,-1.731052312233369490e-04,1.671769861739976610e-04,-5.464198178465680573e-03,4.957211791262142730e-01,2.994378467418595813e-01,1.590513233852405969e-03,5.095054917637344971e-01,6.968270741270475056e-05,8.006179418618452389e-04,1.566094600662823163e-04,4.956720782438001072e-01,-2.995334697887514497e-01,-1.634399609188035441e-03,5.095300451255546648e-01,-7.105390958735114358e-05,7.987756206103847467e-04,-1.647203434021686074e-04
-2.252442173490223909e-02,-8.950359028836526608e-05,7.811367388584932181e-01,-6.783159367089938176e-06,9.653757929224444576e-03,2.214441220695355806e-05,9.999534011250011956e-01,-1.451223681282206440e-02,-6.706505834509113480e-04,4.443089541744562731e-04,-8.787155844962910023e-02,5.933735060236565440e-02,-4.956052790334279645e-04,-1.421440384803543747e-02,9.665228550067585765e-04,-6.252306962712268204e-04,-8.815126406959515604e-02,5.961308438970532725e-02,1.728126717003152402e-04,-2.506590513497849657e-04,1.468657382664997836e-04,-6.471339894789161599e-03,4.938150908635374203e-01,2.983353810613647572e-01,1.913938256555743457e-03,5.132074626507115989e-01,9.972231323528964002e-05,1.465748502764798985e-03,2.316089207572277959e-04,4.938087807693939957e-01,-2.983888722377570635e-01,-1.970161388884433991e-03,5.132433220161007892e-01,-1.024593492114149961e-04,1.461797101649267919e-03,-2.455390773166368930e-04
-2.253226083913452762e-02,-9.049724242203268168e-05,7.804087856672689005e-01,1.198992745956127108e-06,9.795708816975662661e-03,3.356838233727742627e-05,9.999520203292250331e-01,-1.478806119877179755e-02,-7.509032802685169754e-04,4.612505007155313376e-04,-8.778762375967429088e-02,5.722485402090948109e-02,-4.969590475341470253e-04,-1.426061332504145220e-02,1.004834169613760993e-03,-6.839802149670825941e-04,-8.846939497237665817e-02,5.762614547646616875e-02,1.596876424616300565e-04,-2.725694247872992066e-04,1.391485433880968782e-04,-7.451803657420494678e-03,4.916107812546265943e-01,2.969596456391327410e-01,2.182757319065344471e-03,5.171886734757428217e-01,1.281400196105186157e-04,2.252285012113904635e-03,3.092769047494065633e-04,4.916406627055669998e-01,-2.969900128369393211e-01,-2.242327566810875701e-03,5.172333765305520137e-01,-1.307866377932441666e-04,2.249319632550103067e-03,-3.260204819622469666e-04
-2.255675464133125377e-02,-9.088202806985349073e-05,7.797567900964414989e-01,5.892303228410121241e-06,9.923393670862239863e-03,2.658790420820142446e-05,9.999507615459957144e-01,-1.508151335256377977e-02,-8.117679501218305182e-04,5.000382402089409125e-04,-8.765825354896356059e-02,5.519468223626481512e-02,-4.987841056106989517e-04,-1.440216963962625586e-02,1.048097490907267098e-03,-7.159532567449495948e-04,-8.863230777746729239e-02,5.569467603237718972e-02,1.475362016066954544e-04,-2.627848055872290963e-04,1.401719690951813506e-04,-8.393830996923241569e-03,4.891890300763528932e-01,2.953428484064350434e-01,2.372518697457538881e-03,5.212872440642026817e-01,1.531406533192603047e-04,3.126350437378160561e-03,3.845553479813100203e-04,4.892456132310818995e-01,-2.953636422713532550e-01,-2.428281168634314861e-03,5.213408465848639040e-01,-1.552940818973906915e-04,3.126243743110570811e-03,-4.016979482700883336e-04
-2.259711544883790876e-02,-9.079157178412490862e-05,7.791768851992231237e-01,8.396156789932922117e-06,1.003488990932304738e-02,9.373624994022515148e-06,9.999496491454691327e-01,-1.541083680046517052e-02,-8.580263349326613725e-04,5.519155698470308265e-04,-8.744253154758593882e-02,5.321939985564959341e-02,-5.036842668603788578e-04,-1.463558805827831766e-02,1.091920121328653201e-03,-7.321113913250266612e-04,-8.862529220812365160e-02,5.379642953039454750e-02,1.379542785439383224e-04,-2.363952915072806376e-04,1.465028254546722134e-04,-9.291536022667395284e-03,4.866245055433538469e-01,2.935156865935914516e-01,2.459842764896324509e-03,5.253472968419266032e-01,1.763681235271617146e-04,4.058540820233129919e-03,4.533109719891384904e-04,4.866981128766644793e-01,-2.935355320120535683e-01,-2.507196939717827155e-03,5.254103411756803066e-01,-1.785574653232182218e-04,4.062182438895000323e-03,-4.696457907980281692e-04
-2.265100155183179947e-02,-9.039161697449334110e-05,7.786635744700426409e-01,9.348701675894712640e-06,1.012630503053157938e-02,-1.274151993126984213e-05,9.999487275339088432e-01,-1.575185228336383261e-02,-8.933509235492045637e-04,6.095133598146378322e-04,-8.716164875530406364e-02,5.129571672227288548e-02,-5.114092626524232438e-04,-1.492025537058187107e-02,1.134440148029475844e-03,-7.383732659346409124e-04,-8.849044321487344045e-02,5.193237733996337174e-02,1.312782402982721108e-04,-2.037082741956189910e-04,1.563623197735143405e-04,-1.013948726800681724e-02,4.839752200765077284e-01,2.915046056046408096e-01,2.434004813205030253e-03,5.292684491842796213e-01,1.965722605800015879e-04,5.011029353241078926e-03,5.111528981729567597e-04,4.840569371035780000e-01,-2.915288977650314362e-01,-2.470466249082388550e-03,5.293413548535633728e-01,-1.991578967698366296e-04,5.018807966418436725e-03,-5.258611540574017898e-04
-2.271702914157096298e-02,-8.990058944091142113e-05,7.782122738555817820e-01,9.091491805820130261e-06,1.019799725784995177e-02,-3.722188779464398109e-05,9.999479983398157357e-01,-1.611818596362624145e-02,-9.194552997377320423e-04,6.708990827905480462e-04,-8.678832503295715040e-02,4.940569746785207494e-02,-5.196411800395800808e-04,-1.526066280512709122e-02,1.174799772319081326e-03,-7.394216569697709910e-04,-8.821251299458371387e-02,5.008755592375246923e-02,1.272034501669001979e-04,-1.703239658450824085e-04,1.673513257551465894e-04,-1.093726046106625362e-02,4.812958958182221303e-01,2.893357475436288406e-01,2.284301586672324302e-03,5.329510445874039437e-01,2.164830578821162895e-04,5.952265436938116751e-03,5.560215392967857986e-04,4.813782112293938931e-01,-2.893683057358718558e-01,-2.309084708169544583e-03,5.330345557589730721e-01,-2.197039196861151806e-04,5.964731979557052685e-03,-5.691490547164732364e-04
-2.279299398385725706e-02,-8.940003430890688929e-05,7.778177267270617312e-01,8.004871832381073876e-06,1.024728121675437184e-02,-6.145933248239905699e-05,9.999474933146923483e-01,-1.648592446146043486e-02,-9.386583793646265019e-04,7.318786275751190847e-04,-8.634811645778101008e-02,4.755240877358159896e-02,-5.280452614123822908e-04,-1.562348127582680393e-02,1.212265069333837847e-03,-7.378913762498082868e-04,-8.782964147733954285e-02,4.826762828133171479e-02,1.254576504381067650e-04,-1.405475735409619645e-04,1.784995492041420570e-04,-1.168343525696346336e-02,4.786237127876278308e-01,2.870297260932361816e-01,2.010244637411818212e-03,5.363447872316522425e-01,2.344374904290022509e-04,6.855612935898027990e-03,5.849307542218387364e-04,4.787009954960543823e-01,-2.870723482797565285e-01,-2.024139649049219204e-03,5.364388965482788096e-01,-2.384073607816898925e-04,6.872809002147661946e-03,-5.966348375133634233e-04
-2.287644120744735873e-02,-8.901921793160277288e-05,7.774749617629646004e-01,6.228324103699506936e-06,1.027762394399878675e-02,-8.304924905680070640e-05,9.999471803600905595e-01,-1.686521986886185473e-02,-9.520849171675977969e-04,7.901478544125500924e-04,-8.582909489226274447e-02,4.571856708821427778e-02,-5.361911118709908677e-04,-1.601034367688634885e-02,1.246303465968701162e-03,-7.381516984295988107e-04,-8.734111432491974136e-02,4.645630376651393306e-02,1.249241576626169557e-04,-1.165495485224303019e-04,1.908135418808358747e-04,-1.237631764936051974e-02,4.759944240431102647e-01,2.846072932555472335e-01,1.610953559994569417e-03,5.393915112761165087e-01,2.509961212749076175e-04,7.705376891177450303e-03,5.976480649485245260e-04,4.760628400719724151e-01,-2.846599075714277838e-01,-1.615718272207933206e-03,5.394939711904714885e-01,-2.556952788707735438e-04,7.726230976009424919e-03,-6.073759042557379468e-04
-2.296540457009739813e-02,-8.878999061840300128e-05,7.771793136309469441e-01,3.984573214373559704e-06,1.028791878872685125e-02,-1.012473435033233078e-04,9.999470728294046484e-01,-1.723622494505263128e-02,-9.610971187091553024e-04,8.438534948055267243e-04,-8.525658459014803792e-02,4.391017092879052897e-02,-5.439899862814531403e-04,-1.639702113603351552e-02,1.276831231219136258e-03,-7.406692438176099881e-04,-8.677879480435173043e-02,4.466121862080003196e-02,1.255094587382276825e-04,-9.899355347070804532e-05,2.037318536390565684e-04,-1.301873511217575309e-02,4.734291925395452960e-01,2.820847340171097617e-01,1.092345834962835192e-03,5.420786604935413644e-01,2.653815880433613725e-04,8.483764914755345665e-03,5.926279334853771889e-04,4.734863272657666711e-01,-2.821464393746134225e-01,-1.090113664978016855e-03,5.421871059102019164e-01,-2.707435907514970297e-04,8.507203880411750088e-03,-6.003764345428808579e-04
-2.305828394024315997e-02,-8.858278656028950268e-05,7.769265051059748295e-01,1.721335133209286178e-06,1.028340243493092859e-02,-1.161949359696012407e-04,9.999471176667966699e-01,-1.760984738987389150e-02,-9.666908898235256021e-04,8.956543940577802896e-04,-8.462689679438947787e-02,4.211904639671704143e-02,-5.517645786455387634e-04,-1.679212410320707338e-02,1.302233067939659837e-03,-7.480413828794766750e-04,-8.614252777004631489e-02,4.287295236660721570e-02,1.284028836538749071e-04,-8.690278129275549694e-05,2.164805600484190318e-04,-1.361410594437265434e-02,4.709510425803403177e-01,2.794799814198618004e-01,4.585314299690754040e-04,5.443767245165755941e-01,2.787302053659351233e-04,9.180610831271238115e-03,5.700198695656935989e-04,4.709961344787507165e-01,-2.795492483148155349e-01,-4.517542984851618919e-04,5.444891529548412379e-01,-2.844720179205521642e-04,9.205921525318822018e-03,-5.763284121199764663e-04
-2.315345825830539966e-02,-8.841503478547838469e-05,7.767125064606322793e-01,-4.476415086453516177e-07,1.026342755851428028e-02,-1.277230808966951553e-04,9.999473214831693380e-01,-1.796965493209651266e-02,-9.697414180616440978e-04,9.444703142826653105e-04,-8.396240836542769037e-02,4.035160255492133835e-02,-5.594215518364841107e-04,-1.717664314493922567e-02,1.322739590959181189e-03,-7.600761895599327921e-04,-8.545901784014409142e-02,4.109925784094795725e-02,1.333571038252776844e-04,-8.005243773258943199e-05,2.287618004782354143e-04,-1.416611501012809277e-02,4.685689062607510946e-01,2.768062796297541261e-01,-2.807695594512433016e-04,5.462987667316355767e-01,2.903123196648167335e-04,9.787686417920358345e-03,5.298089176159876366e-04,4.686020571446261052e-01,-2.768813464003840874e-01,2.898395876996081233e-04,5.464132913491844823e-01,-2.962471243620144181e-04,9.814115817003869063e-03,-5.352195459846493912e-04
-2.324977589570382391e-02,-8.831562684467893058e-05,7.765338668289154533e-01,-2.493888245677100336e-06,1.023121963240169845e-02,-1.363487646993499607e-04,9.999476504035739177e-01,-1.832559594387391660e-02,-9.695734614596469110e-04,9.932496556226150936e-04,-8.325425707864131386e-02,3.859850845999338032e-02,-5.678792674230350801e-04,-1.755835299567531926e-02,1.337749611148250119e-03,-7.796001595370392629e-04,-8.472390516959320272e-02,3.933244854895567161e-02,1.404987406142688827e-04,-7.774252495987534948e-05,2.404274072626182493e-04,-1.467702455785655294e-02,4.662963612244703793e-01,2.740799913332906401e-01,-1.117577512159541580e-03,5.478353314683218622e-01,3.010352770949548985e-04,1.030397076752310494e-02,4.734723900238750767e-04,4.663182567449338234e-01,-2.741590709227184619e-01,1.126720243017188729e-03,5.479501641468501605e-01,-3.067903334676380330e-04,1.033080478141587891e-02,-4.786266369996286171e-04
-2.334583979607006768e-02,-8.828971111714904708e-05,7.763871206948139703e-01,-4.355854940351387070e-06,1.018655708491819460e-02,-1.422608781321637824e-04,9.999481055522952966e-01,-1.866350839323842326e-02,-9.667957267685767459e-04,1.041492540534018785e-03,-8.252323815403282692e-02,3.686626445741902208e-02,-5.769277639656647918e-04,-1.792200566627618480e-02,1.347683615060907714e-03,-8.058507861484610988e-04,-8.396027479153114759e-02,3.757996242423267824e-02,1.495248725717484174e-04,-7.923549780806951538e-05,2.513178792387065060e-04,-1.515142708476431739e-02,4.641343254026060738e-01,2.713124191277005992e-01,-2.040598569797806398e-03,5.490158675175417224e-01,3.102600113808665462e-04,1.072720943589245204e-02,4.017022548432181805e-04,4.641461175033862463e-01,-2.713937972372242324e-01,2.048020792383645899e-03,5.491294525445133967e-01,-3.156295891828983752e-04,1.075379245837170331e-02,-4.071168331044033449e-04
-2.344344628099042163e-02,-8.865636904511023950e-05,7.762713755584910169e-01,-5.593659820302678599e-06,1.012690675727988959e-02,-1.460015702481486826e-04,9.999487108906042199e-01,-1.901196000814105169e-02,-9.615241422270161395e-04,1.099687433781541520e-03,-8.171791632388239468e-02,3.516099264933738450e-02,-5.844756294706858523e-04,-1.829004090111479089e-02,1.350955940646694688e-03,-8.514061106064397784e-04,-8.312630745400378940e-02,3.584108237555561072e-02,1.591900309444372241e-04,-8.109463187132772842e-05,2.618603346505624595e-04,-1.560528627540021598e-02,4.620949711995843145e-01,2.685244570055702051e-01,-3.042411564277491993e-03,5.498463992485962404e-01,3.236773637396599449e-04,1.106907399162579235e-02,3.173145975965281076e-04,4.620996319019115006e-01,-2.686065387324267917e-01,3.046026967843428954e-03,5.499565378079734890e-01,-3.288700663808940953e-04,1.109436380219394787e-02,-3.238523610151983288e-04
-2.354117370866930931e-02,-8.941152899936258606e-05,7.761833590294872076e-01,-6.238498824063709200e-06,1.004970333993992354e-02,-1.482518843848087812e-04,9.999494894469612705e-01,-1.934592889236910057e-02,-9.538990398553790027e-04,1.167306583291640582e-03,-8.086729618335691816e-02,3.348968082634434795e-02,-5.906940938610123933e-04,-1.863842657305735812e-02,1.348321620984643462e-03,-9.138576126221200410e-04,-8.225062845447103643e-02,3.412378853348348867e-02,1.693808707565678780e-04,-8.227746925555894217e-05,2.720967080349995996e-04,-1.603807537797877214e-02,4.601753887223405393e-01,2.657255880313235119e-01,-4.110089478670611758e-03,5.503642047824395256e-01,3.379303071294334970e-04,1.132762054721636602e-02,2.207825307583969644e-04,4.601750392339416518e-01,-2.658074029279932082e-01,4.108832181939268101e-03,5.504694272988717163e-01,-3.430257708361390627e-04,1.135095368738592118e-02,-2.289029699396295477e-04
-2.363620197191805897e-02,-9.034641892570984185e-05,7.761193700919682970e-01,-6.725798525144619537e-06,9.959727783183335709e-03,-1.500455204558997764e-04,9.999503894011891880e-01,-1.966468777287236694e-02,-9.428243740148299417e-04,1.239983922195089664e-03,-7.997901654059931531e-02,3.182984634602201851e-02,-5.961826917682314618e-04,-1.897018105982969244e-02,1.340616414152470551e-03,-9.868248758386991698e-04,-8.133648278704495860e-02,3.240833212219852710e-02,1.798326050078606999e-04,-8.175105023352388059e-05,2.821395474757765632e-04,-1.644274157121743823e-02,4.583753351032854861e-01,2.629283088807362612e-01,-5.231618463047708195e-03,5.505779913172470508e-01,3.516362040555287734e-04,1.150420373858153551e-02,1.163300926963654685e-04,4.583713855833076445e-01,-2.630099563631654314e-01,5.225781398033661242e-03,5.506774476061030432e-01,-3.572832615028624019e-04,1.152538583308569328e-02,-1.258315258821946110e-04
-2.372723684287183707e-02,-9.146598223471490206e-05,7.760767797048702121e-01,-7.043856850496486224e-06,9.857293719696746254e-03,-1.515718620356555342e-04,9.999514041876624848e-01,-1.995471599120200029e-02,-9.286693788539394532e-04,1.317208557086832661e-03,-7.907523593512920390e-02,3.018837105885180047e-02,-6.009573024507575264e-04,-1.927154242109749976e-02,1.328337294258107211e-03,-1.069174878690832978e-03,-8.040696424616539106e-02,3.070238307075177572e-02,1.904407728159914577e-04,-7.942147764578326094e-05,2.919378660513069295e-04,-1.682547147635183801e-02,4.566893793133361967e-01,2.601414912609174013e-01,-6.395738787470609324e-03,5.505293753346857111e-01,3.639997320002632967e-04,1.160308113443691419e-02,3.821689073081935869e-06,4.566825971638452386e-01,-2.602232163315864599e-01,6.385893437559370805e-03,5.506226652811671007e-01,-3.704842170614154172e-04,1.162203906469801845e-02,-1.449925084656438401e-05
-2.381533048261081850e-02,-9.313968586610687323e-05,7.760544392341121034e-01,-7.382473115617501452e-06,9.743224463812165739e-03,-1.542404267693496371e-04,9.999525217391260767e-01,-2.023451339858861955e-02,-9.098163391797047536e-04,1.404222836891591726e-03,-7.813165668481952819e-02,2.856949328644076136e-02,-6.048699070264799233e-04,-1.956211494007925600e-02,1.311872970971979637e-03,-1.165023011759015910e-03,-7.943600125723283834e-02,2.900367969183505548e-02,2.004920877159274348e-04,-7.417464677512129213e-05,3.020925589063344695e-04,-1.719537334971188089e-02,4.551215358849015069e-01,2.573806060050775057e-01,-7.593600785977769677e-03,5.502293580764453518e-01,3.779000645001099755e-04,1.163455536686969910e-02,-1.146845180344051014e-04,4.551124734432237529e-01,-2.574634600442595178e-01,7.580199768939971730e-03,5.503163151386224472e-01,-3.846489838753798973e-04,1.165121967484422649e-02,1.030826200036027388e-04
-2.389930501730354317e-02,-9.538067705110022732e-05,7.760499728455114710e-01,-7.689457644754165008e-06,9.616637182540880777e-03,-1.580316319546337428e-04,9.999537465583968610e-01,-2.048731777927795955e-02,-8.866808263206718685e-04,1.500239800451329134e-03,-7.717135551778961378e-02,2.697976337654179463e-02,-6.079884259833252813e-04,-1.982435661334032428e-02,1.291606923844557109e-03,-1.273093085125651634e-03,-7.844843078899800537e-02,2.732011194926589615e-02,2.099900125473274759e-04,-6.640512507986054370e-05,3.124446435533100269e-04,-1.755541965951053218e-02,4.536648274461623775e-01,2.546536900453748031e-01,-8.814744388977798981e-03,5.497199123737077642e-01,3.914943904776349158e-04,1.160267308349824389e-02,-2.388427379805124621e-04,4.536533671867563622e-01,-2.547386709689051787e-01,8.798408692271747489e-03,5.498007143112845219e-01,-3.982482882619491679e-04,1.161711587345863779e-02,2.265536754551505222e-04
-2.397900810066982968e-02,-9.786702014917752297e-05,7.760619830422655907e-01,-7.777719343853965546e-06,9.475420564804628437e-03,-1.634533990650798724e-04,9.999550938055233873e-01,-2.072568159876841953e-02,-8.601222050348969949e-04,1.605585637608647172e-03,-7.616233338407497888e-02,2.540486289150942906e-02,-6.091994240316142301e-04,-2.007223098834250152e-02,1.267414437677967130e-03,-1.390192627457879221e-03,-7.741073932310961470e-02,2.563838570956442076e-02,2.174883632612295570e-04,-5.486806884979208239e-05,3.234352002274260116e-04,-1.790063926363510277e-02,4.523179174195896546e-01,2.519763472887054379e-01,-1.004870934618044831e-02,5.490173976624604935e-01,4.064973308792100117e-04,1.151958438650870983e-02,-3.617766446238709519e-04,4.523039686583508190e-01,-2.520650122622604683e-01,1.003136856916361785e-02,5.490924583361797007e-01,-4.151655478440993501e-04,1.153284917046642002e-02,3.493569192130845493e-04
-2.405306600546333953e-02,-1.006158189511116623e-04,7.760883549844481699e-01,-7.620666355431642668e-06,9.319378419085826495e-03,-1.702617376663471428e-04,9.999565591258189334e-01,-2.093234133822774803e-02,-8.305327950993002381e-04,1.719199380045409236e-03,-7.513080602460685264e-02,2.385233274211811388e-02,-6.086743031738910690e-04,-2.028746652032216088e-02,1.239604085397197830e-03,-1.515436725063752524e-03,-7.635097593945161520e-02,2.396728795285156186e-02,2.231658592217149856e-04,-4.040518683682138134e-05,3.349668617943328541e-04,-1.823638842909841920e-02,4.510752328523965349e-01,2.493559517358766298e-01,-1.128641088863677547e-02,5.481609721947277025e-01,4.211724989711954016e-04,1.138857001626924006e-02,-4.854772225834341065e-04,4.510581180150409764e-01,-2.494495871950332677e-01,1.126967903346378502e-02,5.482309903946923635e-01,-4.326048890287917804e-04,1.140135703433422382e-02,4.733744869501744492e-04
-2.412152725084612190e-02,-1.036102216450977755e-04,7.761273676315669778e-01,-7.196621668727855504e-06,9.154102680312411339e-03,-1.784612631155080981e-04,9.999580843734920954e-01,-2.111975314237143561e-02,-7.984025871155773233e-04,1.838493176757330849e-03,-7.407768695879866916e-02,2.232163682271218544e-02,-6.056657770025789455e-04,-2.048275140669124014e-02,1.209024749575894576e-03,-1.643890599788597109e-03,-7.526956139067306206e-02,2.230542961453243697e-02,2.269789193891361329e-04,-2.264546133374033780e-05,3.468811507566033287e-04,-1.856709324886307924e-02,4.499373647327080117e-01,2.468038595432557603e-01,-1.252201903239088046e-02,5.471560924145317806e-01,4.377314657182417631e-04,1.121569476422092267e-02,-6.108526644815650934e-04,4.499166167081108947e-01,-2.469032821156390833e-01,1.250617834509777301e-02,5.472214889017432693e-01,-4.506002678210682222e-04,1.122760399759485661e-02,5.993557021827362018e-04
-2.418336076885854377e-02,-1.068630783620315683e-04,7.761772817284805503e-01,-6.506093376878178307e-06,8.979632608439010524e-03,-1.877631144179508333e-04,9.999596646369796060e-01,-2.127523121003938381e-02,-7.639946201557435345e-04,1.962729238689214957e-03,-7.302347755131045892e-02,2.081923681582198427e-02,-6.004396087300167264e-04,-2.064447917304979702e-02,1.175878184792944394e-03,-1.775378140081131139e-03,-7.418859650847141329e-02,2.066039756909228073e-02,2.291253597333914034e-04,-2.524072405275590492e-06,3.591542988805697997e-04,-1.889735614868099864e-02,4.488975293314613202e-01,2.443262378997720363e-01,-1.374746920130418860e-02,5.460400984585602746e-01,4.542070912327128823e-04,1.100516659211961575e-02,-7.374552163397173326e-04,4.488721255274957800e-01,-2.444322243798776328e-01,1.373290001044180642e-02,5.461013565052476038e-01,-4.678545296348426800e-04,1.101609925055924144e-02,7.267699056577870938e-04
-2.424131822156174940e-02,-1.107570138549086316e-04,7.762384440649742201e-01,-4.713401643023728547e-06,8.791061578720494457e-03,-1.976139651290668552e-04,9.999613383340495432e-01,-2.142976718212058138e-02,-7.289571288199945143e-04,2.096059247222050500e-03,-7.190744111443475584e-02,1.935592785795977114e-02,-5.908845133478872729e-04,-2.079969488596845884e-02,1.138898589807658826e-03,-1.912848145003120818e-03,-7.305090085541225686e-02,1.903143793048953439e-02,2.291375305984160869e-04,2.089824767447081565e-05,3.697149389307880906e-04,-1.923333356805950051e-02,4.479588618873189820e-01,2.419389655968311736e-01,-1.495781972934328088e-02,5.448193703318380265e-01,4.757102414355137907e-04,1.077276706257837904e-02,-8.625170816283027862e-04,4.479284407011452918e-01,-2.420518437147572699e-01,1.494582285918098948e-02,5.448777183024108295e-01,-4.896706665382232621e-04,1.078292281494140116e-02,8.535631662892674033e-04
-2.429411052586873468e-02,-1.152846484498910352e-04,7.763090753936108257e-01,-1.975226256828401727e-06,8.586280717357697503e-03,-2.079889040251291037e-04,9.999631155798481830e-01,-2.155911342203038414e-02,-6.930261114585728553e-04,2.237822690368663700e-03,-7.075971833839271585e-02,1.793948615361100687e-02,-5.775537626287232653e-04,-2.092407404093578338e-02,1.098587379658538593e-03,-2.055725825496884391e-03,-7.188726609566906123e-02,1.742739953810897718e-02,2.272811244681476972e-04,4.712741879028013519e-05,3.789780229874896542e-04,-1.957541045323237319e-02,4.471161386629091683e-01,2.396469633079952311e-01,-1.614535966039375853e-02,5.435275679289112150e-01,4.984968658137898774e-04,1.051818710844518168e-02,-9.863344016100509398e-04,4.470797635419060390e-01,-2.397672867535542152e-01,1.613711267574415714e-02,5.435839964702972038e-01,-5.125711564818565208e-04,1.052789707491138052e-02,9.796598425250134263e-04
-2.433996588398166031e-02,-1.200501646289224100e-04,7.763873100704751229e-01,1.123151909588023227e-06,8.366657557252644636e-03,-2.197673455182497248e-04,9.999649747578022163e-01,-2.165903781810797971e-02,-6.560905287605269150e-04,2.380892261934677845e-03,-6.958221124851128592e-02,1.654162493782945428e-02,-5.611407478386567886e-04,-2.101767901608423902e-02,1.058111491245969284e-03,-2.192291311805267227e-03,-7.069654885587811632e-02,1.583389338483813524e-02,2.223207455037634302e-04,7.626949612959890853e-05,3.887783339201832762e-04,-1.991126906538380828e-02,4.463652081381671022e-01,2.374592719072098068e-01,-1.730234656144175737e-02,5.421731371709292979e-01,5.222994921894022393e-04,1.024163520025165620e-02,-1.104396511881886598e-03,4.463211257526191189e-01,-2.375879830139087379e-01,1.729907419684500319e-02,5.422275523239027395e-01,-5.376358725428893523e-04,1.025141271792087694e-02,1.099600102254900567e-03
-2.437761226581463062e-02,-1.250566841898926381e-04,7.764717880873649447e-01,4.521090338411736048e-06,8.133640398886839498e-03,-2.324696374808485312e-04,9.999668943676531807e-01,-2.171793561734504385e-02,-6.182532034712739325e-04,2.524476479890811875e-03,-6.839853972093974666e-02,1.516974911685926852e-02,-5.421079556122349648e-04,-2.106817669279683128e-02,1.017498953946519144e-03,-2.323256095081750738e-03,-6.950325656216774228e-02,1.425894669308807802e-02,2.146263149679474361e-04,1.071188563933811233e-04,3.992692952365925539e-04,-2.024962982924095878e-02,4.457025093823415718e-01,2.353801107852995511e-01,-1.842295414702522713e-02,5.407849577560847054e-01,5.454930330630104220e-04,9.947356442521759767e-03,-1.218271947135702270e-03,4.456486807722022658e-01,-2.355180497032056397e-01,1.842548566093763288e-02,5.408372957400929826e-01,-5.626042907070586546e-04,9.957511740396310720e-03,1.215206801860639228e-03
-2.440851267702976585e-02,-1.301251367642024801e-04,7.765617666999736768e-01,8.394531041260931993e-06,7.891745851649025964e-03,-2.463462164824436681e-04,9.999688293094373126e-01,-2.175325474918439472e-02,-5.807467452144478076e-04,2.666688727780287382e-03,-6.720212713930227844e-02,1.383107619047688717e-02,-5.203437849426206015e-04,-2.109618654146684993e-02,9.768941979245535524e-04,-2.444644984300822430e-03,-6.829563362865376241e-02,1.270925914328626706e-02,2.051041973638259184e-04,1.404122371337681576e-04,4.102007110699119863e-04,-2.059456943173392993e-02,4.451320462022194113e-01,2.334163199039221426e-01,-1.950331413907454778e-02,5.393560755619472014e-01,5.677070942990039126e-04,9.644267263445261903e-03,-1.329650798570742882e-03,4.450674701166535963e-01,-2.335646114758869740e-01,1.951122123767442748e-02,5.394070464899246575e-01,-5.855417545407927719e-04,9.654963815082866566e-03,1.328063218714070929e-03
-2.443172575241604402e-02,-1.352690350100215833e-04,7.766560835916651584e-01,1.268558322133271216e-05,7.641249743073410226e-03,-2.607102646359397242e-04,9.999707711586364178e-01,-2.175358392958699413e-02,-5.436440673568577499e-04,2.806753391340574468e-03,-6.601260791020566177e-02,1.253184981993460401e-02,-4.963492882185965458e-04,-2.108875790807815745e-02,9.362040346060900714e-04,-2.557753842862429874e-03,-6.709528519389730550e-02,1.119189402186979501e-02,1.940729910461015152e-04,1.745821232179168843e-04,4.216900633124856892e-04,-2.095076154588316683e-02,4.446487200658083006e-01,2.315711213757017384e-01,-2.053877835048395148e-02,5.379145413670276543e-01,5.885006038573338668e-04,9.333121797570249206e-03,-1.437847549806716991e-03,4.445722192341219348e-01,-2.317307961889642220e-01,2.055158837443240086e-02,5.379647036777818192e-01,-6.065553251517127875e-04,9.344523107079491520e-03,1.437588453924290577e-03
-2.444881170257309430e-02,-1.407962273833081714e-04,7.767549543648335497e-01,1.689187473069699930e-05,7.373658404267725147e-03,-2.746615340717155004e-04,9.999727763481581766e-01,-2.173439519649967080e-02,-5.057104051790325050e-04,2.944618988402565064e-03,-6.477448599269154672e-02,1.126116502525695284e-02,-4.692219334662938715e-04,-2.106016513364082979e-02,8.972957556348621841e-04,-2.663728729325035016e-03,-6.584885281285868253e-02,9.702652585976972652e-03,1.811012785861508382e-04,2.084183032185975108e-04,4.341284874011806555e-04,-2.130896633382180563e-02,4.442505019319948345e-01,2.298536166377577183e-01,-2.152436780116514722e-02,5.364621750592153404e-01,6.095267424477598386e-04,9.023962514997726711e-03,-1.540244918659648427e-03,4.441603204250808012e-01,-2.300273809233469580e-01,2.154588520028942814e-02,5.365112059805843270e-01,-6.317523882112791684e-04,9.036458586409295071e-03,1.542055705511954271e-03
-2.445837414771714208e-02,-1.467092371154458702e-04,7.768572157552194879e-01,2.098124196612377433e-05,7.089402872058959623e-03,-2.878100653215233070e-04,9.999748282292266754e-01,-2.167848719444064737e-02,-4.669936598635091767e-04,3.079679594235272197e-03,-6.351604575222631610e-02,1.002695549549767126e-02,-4.395756098339133940e-04,-2.099262616282025068e-02,8.600967312058293646e-04,-2.763216528274471239e-03,-6.458517209663501568e-02,8.249489786507286856e-03,1.665580269610609609e-04,2.412657448459331971e-04,4.476063080146196931e-04,-2.167588307929442168e-02,4.439351587216452955e-01,2.282663156150273320e-01,-2.245680180696113526e-02,5.350225958802982129e-01,6.298224393527100716e-04,8.715464836549767849e-03,-1.637291536220356449e-03,4.438298619262683875e-01,-2.284561681008384637e-01,2.248925614729562275e-02,5.350700412179507648e-01,-6.579421210519824674e-04,8.729158635635805158e-03,1.641687402340939392e-03
-2.446067928036745748e-02,-1.525797459533063309e-04,7.769621358247259524e-01,2.529106668527612866e-05,6.791675840284252391e-03,-3.019469358656934116e-04,9.999768903968182521e-01,-2.159248001859855742e-02,-4.290506141978392288e-04,3.210031900067737698e-03,-6.223635179033475129e-02,8.820149965037880554e-03,-4.069689014601514366e-04,-2.089979397816400797e-02,8.243139201149777195e-04,-2.849852544642370641e-03,-6.329466309442240146e-02,6.827859145790860645e-03,1.511340982884932095e-04,2.749572866725193718e-04,4.612584954838169879e-04,-2.204848740534055829e-02,4.437046230413401182e-01,2.268147838910327951e-01,-2.333649770788960229e-02,5.335879907947641554e-01,6.530697824098597110e-04,8.407248293098346786e-03,-1.728167994083143998e-03,4.435838283069462595e-01,-2.270221562833815432e-01,2.337782456249351895e-02,5.336346257060329279e-01,-6.845252280512177309e-04,8.420696157179342542e-03,1.736093399048388268e-03
-2.445456629955508610e-02,-1.584310007858760587e-04,7.770687937061823147e-01,2.981015142774967047e-05,6.481666513494267583e-03,-3.161244778458352587e-04,9.999789433662477078e-01,-2.146523422724391783e-02,-3.921015638606433493e-04,3.334645298502060106e-03,-6.095763430059562143e-02,7.647464927962221472e-03,-3.720382207640615907e-04,-2.076828388320424087e-02,7.896653806001409717e-04,-2.925269605517611619e-03,-6.200212577705132427e-02,5.444757369772786765e-03,1.351567314888159625e-04,3.076506538896911155e-04,4.750703096340710583e-04,-2.243440113367167060e-02,4.435561227097923331e-01,2.255000247429247151e-01,-2.415986395777776699e-02,5.321798475524412986e-01,6.768502134702142695e-04,8.100354856628813605e-03,-1.813330777865331325e-03,4.434196572523890212e-01,-2.257260880573236650e-01,2.420812172014360705e-02,5.322260475926943180e-01,-7.103119037939813153e-04,8.112813375475137062e-03,1.825054355923443495e-03
-2.444067713026555622e-02,-1.639809343389038931e-04,7.771765577979053985e-01,3.470447386016218731e-05,6.160000013741734858e-03,-3.299184214222783212e-04,9.999809719936003649e-01,-2.129660180926271074e-02,-3.575418864148271298e-04,3.450388390893417874e-03,-5.968334440594818407e-02,6.501463290958570465e-03,-3.360783711186257020e-04,-2.059990016237801813e-02,7.554752638013643518e-04,-2.988616733365723113e-03,-6.070836150263169556e-02,4.098436539413446641e-03,1.190354594381984787e-04,3.388147404895334590e-04,4.889880789139705065e-04,-2.282256272047242934e-02,4.434891994867962151e-01,2.243247755408669386e-01,-2.492320420557887078e-02,5.307885237850306082e-01,6.971371109550724039e-04,7.799324686303196405e-03,-1.894815144708359225e-03,4.433369695911297814e-01,-2.245706839925617759e-01,2.497740779933687455e-02,5.308335703580647769e-01,-7.328518434105297510e-04,7.811339278221373500e-03,1.908838388970907508e-03
-2.441802678050428513e-02,-1.692511750839396521e-04,7.772847352353721151e-01,3.995630529441124014e-05,5.829530617419715482e-03,-3.427102010233841131e-04,9.999829486176214921e-01,-2.108326220900781645e-02,-3.254650760652075064e-04,3.556829536184683959e-03,-5.842938829756746250e-02,5.387481716867344519e-03,-2.995763992897190926e-04,-2.038953889415558510e-02,7.215205113053355448e-04,-3.041384878385383368e-03,-5.943135516803216972e-02,2.794249362100385652e-03,1.030471680036486494e-04,3.674176925625190345e-04,5.029988161868210886e-04,-2.322388744792815499e-02,4.435008894157987935e-01,2.232892223769602780e-01,-2.562460623013541189e-02,5.294345887107717585e-01,7.151031726657548770e-04,7.503895820469425916e-03,-1.971354124361329209e-03,4.433331328529568904e-01,-2.235557493312891608e-01,2.568342437652425606e-02,5.294778796715082780e-01,-7.530968064402054950e-04,7.515652931775355060e-03,1.986771479363633013e-03
-2.438711675984901392e-02,-1.739126993395066854e-04,7.773928617358213389e-01,4.584634929932118508e-05,5.491469050912612358e-03,-3.552752175003661360e-04,9.999848576080014873e-01,-2.082573408446548174e-02,-2.971897732716844267e-04,3.653044523274240167e-03,-5.719950644682912644e-02,4.297623130898435735e-03,-2.626468424858246532e-04,-2.014116887291424532e-02,6.871078736804848985e-04,-3.081304763220896626e-03,-5.817040411266594796e-02,1.526875698794582115e-03,8.739257646066596493e-05,3.954822855983362189e-04,5.168802975669715494e-04,-2.362870998162623637e-02,4.435907992254367049e-01,2.223961199786673171e-01,-2.626400392160121305e-02,5.281061726405266166e-01,7.314095978698754909e-04,7.214484081119196604e-03,-2.044232158160054925e-03,4.434082653610169067e-01,-2.226839979230058331e-01,2.632566176678187084e-02,5.281475344139171524e-01,-7.712151395686673953e-04,7.226152596264807070e-03,2.060577537632694075e-03
-2.434718741083410215e-02,-1.779949958486772336e-04,7.775004309806815561e-01,5.234288677103990741e-05,5.149222326204362307e-03,-3.669021652693593466e-04,9.999866739874380128e-01,-2.052552746818234880e-02,-2.727772381219844590e-04,3.738605674476514883e-03,-5.600426072917516485e-02,3.236069678003108789e-03,-2.257250349337414173e-04,-1.985410286234692845e-02,6.520089170284476803e-04,-3.110118714310218004e-03,-5.693871071804154638e-02,3.005072981894869790e-04,7.230601679818429869e-05,4.216986768847882645e-04,5.306284838250567354e-04,-2.404844179990452135e-02,4.437554482991072913e-01,2.216444114426667500e-01,-2.683971097857936264e-02,5.268223858679687011e-01,7.464710525975523604e-04,6.931649997255162794e-03,-2.111874313959310936e-03,4.435590462120396205e-01,-2.219541000014159104e-01,2.690251302816717982e-02,5.268617355672249314e-01,-7.877916803460802879e-04,6.943265182674032698e-03,2.128781349337843971e-03
-2.429883895780330164e-02,-1.819231596247345860e-04,7.776072744074991050e-01,5.864174513999981567e-05,4.801820232709537450e-03,-3.784478383686421584e-04,9.999883978631113335e-01,-2.018594867783841604e-02,-2.496629413920720933e-04,3.813409653619195035e-03,-5.483513856898655087e-02,2.197128633100881197e-03,-1.897559068556542384e-04,-1.953213763442802897e-02,6.191028668459361327e-04,-3.127424517533446396e-03,-5.572831546351491444e-02,-8.875467524058103068e-04,5.712765048385576869e-05,4.479699034814423769e-04,5.454013265838849808e-04,-2.447593915838242387e-02,4.439959490991284285e-01,2.210361308656071944e-01,-2.735159273233338934e-02,5.255704594062264867e-01,7.602070131898943208e-04,6.657869767523792205e-03,-2.175391146452988669e-03,4.437867194519965475e-01,-2.213683672519182188e-01,2.741349896311431888e-02,5.256076291950934065e-01,-8.018272524882112933e-04,6.669406084422237549e-03,2.193720265953765652e-03
-2.424144965381233932e-02,-1.857204818525138668e-04,7.777129915608274047e-01,6.478033878307898265e-05,4.452425161596364200e-03,-3.892465501629847695e-04,9.999900100505061395e-01,-1.980896088100200791e-02,-2.280380930394696165e-04,3.877200580248266453e-03,-5.370111957221928439e-02,1.184494341522954576e-03,-1.550221522672434315e-04,-1.917543661528007051e-02,5.880114602172517232e-04,-3.134789516649468671e-03,-5.455023454200694927e-02,-2.033924796366363367e-03,4.214125254240265494e-05,4.729867321459775803e-04,5.610413638950584791e-04,-2.492152523217503607e-02,4.443084373704568879e-01,2.205691641638086176e-01,-2.779837190885205492e-02,5.243682816319469309e-01,7.729981378135636219e-04,6.392951473669370235e-03,-2.233172007392047326e-03,4.440874063530733662e-01,-2.209245097031491412e-01,2.785773291769130799e-02,5.244032668802638408e-01,-8.143324539304853992e-04,6.404358444096269060e-03,2.253197428613505984e-03
-2.417715808832071253e-02,-1.891499873072000266e-04,7.778178320470106044e-01,7.118467960445040786e-05,4.092661578387271279e-03,-3.996116600801074550e-04,9.999915426464702772e-01,-1.940361223015245676e-02,-2.091158433068676485e-04,3.931717784082445176e-03,-5.256163062035994898e-02,2.029423269472108507e-04,-1.235096483502812312e-04,-1.879596061673414684e-02,5.577629724502282567e-04,-3.132504781289972319e-03,-5.335974543474747422e-02,-3.130838309787516323e-03,2.619694967565487564e-05,4.976035097299271034e-04,5.776595637693597617e-04,-2.537505204940698408e-02,4.446946134642772996e-01,2.202452780685935363e-01,-2.817845899987693470e-02,5.232041923694239483e-01,7.839282053402239162e-04,6.140823288340918965e-03,-2.286121250236395740e-03,4.444621422317948656e-01,-2.206249219828332608e-01,2.823554735151393574e-02,5.232375479243149830e-01,-8.249298154793776715e-04,6.152015499835974087e-03,2.308639755891421855e-03
-2.410505637360962211e-02,-1.922350227325642221e-04,7.779213513267265734e-01,7.786406810252431015e-05,3.724699944701325999e-03,-4.088619105086577286e-04,9.999929766650598184e-01,-1.896501396923513938e-02,-1.930974298446172684e-04,3.976332361976558927e-03,-5.143200254371797786e-02,-7.432746915988388929e-04,-9.522879446787471051e-05,-1.838674922138562248e-02,5.280536338044670335e-04,-3.121875852456716411e-03,-5.217462563700298039e-02,-4.174439669682551875e-03,9.607672253836176921e-06,5.206135629379113035e-04,5.951739382721142483e-04,-2.584562938863802645e-02,4.451516594514425273e-01,2.200618417701497853e-01,-2.849179328628899041e-02,5.220942569350330853e-01,7.937966910172082309e-04,5.900100394843215551e-03,-2.332756355107598340e-03,4.449083893440581861e-01,-2.204664969617505799e-01,2.854651462761632549e-02,5.221264119515786062e-01,-8.344714952028636735e-04,5.911037896981895939e-03,2.358063153335573925e-03
-2.402558170490460415e-02,-1.947041159689497189e-04,7.780233570911541108e-01,8.517642687380660603e-05,3.348780352771908025e-03,-4.165680929937499890e-04,9.999943024268432845e-01,-1.849247256975074596e-02,-1.821013207618499394e-04,4.010063537137316739e-03,-5.031511067266212361e-02,-1.657243877644000527e-03,-6.367892465928046792e-05,-1.794686341428886403e-02,4.972592087730200346e-04,-3.103717771263312525e-03,-5.099706529940994243e-02,-5.171726610130610718e-03,-5.152934325620932892e-06,5.407665950358904938e-04,6.127207231146316246e-04,-2.632558924879388820e-02,4.456800879792306991e-01,2.200206714534378161e-01,-2.874067030840875975e-02,5.210258626993702347e-01,8.034978340297770126e-04,5.668646078319789297e-03,-2.376413691354550394e-03,4.454269425921818515e-01,-2.204502196142508197e-01,2.879127645507089869e-02,5.210572658120374845e-01,-8.443886194581968216e-04,5.679885673578520186e-03,2.401249982459012413e-03
-2.393803185115460364e-02,-1.965943593649793655e-04,7.781235207940065957e-01,9.313382759653000701e-05,2.967918335385023951e-03,-4.225485681475929576e-04,9.999955021096604835e-01,-1.798608377970859970e-02,-1.760423657495748927e-04,4.033026337329477171e-03,-4.922148740716181248e-02,-2.535943651916620217e-03,-2.952010589765792709e-05,-1.747515938751041664e-02,4.652677292019544641e-04,-3.078816415089425784e-03,-4.983932836215668877e-02,-6.119753730776992216e-03,-1.830250645349469700e-05,5.578783663613889670e-04,6.301610025156498653e-04,-2.682526782687312539e-02,4.462766011149519874e-01,2.201179211755856791e-01,-2.892483033398173323e-02,5.200135861218273536e-01,8.130330404982308605e-04,5.447001126935462935e-03,-2.414653985027339321e-03,4.460147658667167891e-01,-2.205719349605969881e-01,2.896962885667711193e-02,5.200447322576357001e-01,-8.543737043885671822e-04,5.458829312659847777e-03,2.437248404260822666e-03
-2.384323628201666379e-02,-1.981025601225361028e-04,7.782217731613030320e-01,1.016097375798662926e-04,2.577955414778339543e-03,-4.276832256432748351e-04,9.999965804483528231e-01,-1.744227942042301041e-02,-1.738157788618171790e-04,4.046276930948044907e-03,-4.814262449830466334e-02,-3.382063951072001792e-03,3.401003009494200880e-06,-1.696728182543281310e-02,4.332271480095066193e-04,-3.045912127984874013e-03,-4.869544537600849904e-02,-7.018835220052098249e-03,-3.140597705681905913e-05,5.747283856078929916e-04,6.473444447581146698e-04,-2.733145422856265647e-02,4.469443907421978834e-01,2.203543066499366043e-01,-2.904368852882859356e-02,5.190397082071647183e-01,8.190406721828353718e-04,5.238066875106633415e-03,-2.449151812815848588e-03,4.466751438086461468e-01,-2.208326620442480070e-01,2.908265831049533512e-02,5.190707197951546226e-01,-8.615527892367368578e-04,5.250268141018639249e-03,2.470855879984755303e-03
-2.374051343298441002e-02,-1.992520284885059023e-04,7.783178288657688348e-01,1.106041420613347961e-04,2.182753504969188376e-03,-4.317386130061167120e-04,9.999975184747360579e-01,-1.686412699313507429e-02,-1.753782677014085263e-04,4.049948487084898720e-03,-4.708729993092670291e-02,-4.192932552956712446e-03,3.495785659728643384e-05,-1.642559042062432043e-02,4.009791655801336267e-04,-3.005851158317872623e-03,-4.757499986758607913e-02,-7.866761026687775146e-03,-4.444101922155718374e-05,5.908208087758692320e-04,6.642120144909610191e-04,-2.785646750059213653e-02,4.476801234551019415e-01,2.207252017884364370e-01,-2.909769415185643401e-02,5.181193820394421889e-01,8.234745873663451609e-04,5.040480231185282683e-03,-2.477632502664655571e-03,4.474046590817161162e-01,-2.212275505025007305e-01,2.913089377681645983e-02,5.181504473781934905e-01,-8.674525315685133837e-04,5.052941838758285946e-03,2.499152231771880044e-03
-2.363029718372536281e-02,-2.000055443227022887e-04,7.784116158864011759e-01,1.201460109928714467e-04,1.780958775637697753e-03,-4.345038999032123156e-04,9.999983124771443244e-01,-1.625057451116995386e-02,-1.811907482539463978e-04,4.043760891115125676e-03,-4.605320585697975783e-02,-4.970244888070998214e-03,6.720883243361524108e-05,-1.584882131778750022e-02,3.682429637814545078e-04,-2.959219936812907542e-03,-4.647518760743623439e-02,-8.668987223155472793e-03,-5.639505428609646289e-05,6.054290939434566312e-04,6.802697497757369954e-04,-2.839277664127554113e-02,4.484862074194513881e-01,2.212307965651909014e-01,-2.908722165350785191e-02,5.172390607034865750e-01,8.259382065282237957e-04,4.851947401594293094e-03,-2.502595581494426649e-03,4.482050697877965617e-01,-2.217564669451863590e-01,2.911379310237236298e-02,5.172708095027798159e-01,-8.704630445918610506e-04,4.863953302772229016e-03,2.522562271943771216e-03
-2.351206947253643362e-02,-2.003832499419583204e-04,7.785029065248914026e-01,1.302081646147074286e-04,1.376326456512405550e-03,-4.359583769336279353e-04,9.999989493552542408e-01,-1.560602205006369342e-02,-1.910359626768354810e-04,4.028134248849392536e-03,-4.504672277858913498e-02,-5.711876887423385923e-03,9.976584373670202403e-05,-1.524094465333555165e-02,3.349828571639456155e-04,-2.906633650712034649e-03,-4.540301033109665069e-02,-9.423778448480369871e-03,-6.733660171507339074e-05,6.185424062658512840e-04,6.955335715253145113e-04,-2.895185049983635753e-02,4.493585857592997668e-01,2.218657071995314978e-01,-2.901324888407974881e-02,5.164126067808192388e-01,8.277157717296036417e-04,4.672917811277889008e-03,-2.521551164403744872e-03,4.490723971819098881e-01,-2.224139389380730691e-01,2.903245631606965818e-02,5.164454622117135019e-01,-8.723304776804867910e-04,4.684145039571222836e-03,2.539254365539698240e-03
-2.338797929349561988e-02,-2.006104673109817052e-04,7.785917041983893006e-01,1.401942737056720116e-04,9.590980118285859874e-04,-4.380565234146140954e-04,9.999994342913656187e-01,-1.493564270125839408e-02,-2.019399433240560407e-04,4.008944376845768529e-03,-4.402849713736047693e-02,-6.406448576454951832e-03,1.324169136786703207e-04,-1.461071012803824044e-02,3.033532843513022368e-04,-2.847503842021854945e-03,-4.431475474632280004e-02,-1.012137090120074009e-02,-7.723084855440551092e-05,6.329505910466495192e-04,7.117788470566634596e-04,-2.952072991208671074e-02,4.503011741602001572e-01,2.226303778305783188e-01,-2.887861737987927266e-02,5.156221885387120007e-01,8.280808913086936535e-04,4.505674586030425019e-03,-2.538603212562991034e-03,4.500087156750786077e-01,-2.232026392040017126e-01,2.889071261069067406e-02,5.156560797212784708e-01,-8.752716265125878511e-04,4.518090254445173912e-03,2.554350610913654670e-03
-2.325717904570500510e-02,-2.007171606987238552e-04,7.786777483269704536e-01,1.501218221327719571e-04,5.320728760450808489e-04,-4.400967534043704753e-04,9.999997503383390995e-01,-1.423724705063625709e-02,-2.140530925347148270e-04,3.985397313865529818e-03,-4.301116034499410934e-02,-7.051714087078339924e-03,1.648383759047762967e-04,-1.395405558595363277e-02,2.730773007972625739e-04,-2.782948932730233693e-03,-4.322533786306084758e-02,-1.075979630498574181e-02,-8.609660630815893598e-05,6.473427306691889680e-04,7.288838953796360426e-04,-3.011000276642904552e-02,4.513104862596007405e-01,2.235187782363301512e-01,-2.868442657920957164e-02,5.148819517733771445e-01,8.281408076018857527e-04,4.349051922443869164e-03,-2.550526314203714704e-03,4.510107430826747477e-01,-2.241160727883449444e-01,2.868941745691896278e-02,5.149169854146199432e-01,-8.789743024496752535e-04,4.363667459612304705e-03,2.564528258787925931e-03
-2.311939357619637037e-02,-2.004367737848370302e-04,7.787610103150423013e-01,1.606731232506758715e-04,9.791406551036044000e-05,-4.420314143508537142e-04,9.999998846025992538e-01,-1.350202961048097006e-02,-2.293581938034685349e-04,3.957189487422182322e-03,-4.201648097663355369e-02,-7.659657614542215130e-03,1.966526389312914876e-04,-1.325942783718224091e-02,2.419301873818281354e-04,-2.713501642620371954e-03,-4.216121545743082427e-02,-1.135180868059752768e-02,-9.467624363332441124e-05,6.607987721176726255e-04,7.452134747228862134e-04,-3.071066937276708403e-02,4.523867259681545461e-01,2.245312273903188327e-01,-2.843118427258903291e-02,5.141775377111743595e-01,8.264544094868042862e-04,4.199969242754371737e-03,-2.559805442171540334e-03,4.520793596109414225e-01,-2.251521832674703294e-01,2.842848836454520481e-02,5.142149308777542727e-01,-8.784693433801244594e-04,4.215536295852788211e-03,2.570837740054321072e-03
-2.297415736667473424e-02,-1.997763963250365974e-04,7.788413683010627642e-01,1.717523598078668013e-04,-3.390226342739411703e-04,-4.437384843998163730e-04,9.999998293304542818e-01,-1.273699726557436275e-02,-2.475555707658866453e-04,3.924499590289211304e-03,-4.104877638071727924e-02,-8.229269561077707726e-03,2.275642363138071780e-04,-1.253366922113624549e-02,2.099914076275122049e-04,-2.639775363312035425e-03,-4.112679723248749419e-02,-1.189707551275371623e-02,-1.028850397806752834e-04,6.731471316926178816e-04,7.609869660049063374e-04,-3.133555553577416913e-02,4.535252634439100872e-01,2.256607214027701591e-01,-2.812022251724802593e-02,5.135225885988421446e-01,8.244080553203324063e-04,4.059188744642553380e-03,-2.563466926794094516e-03,4.532101924497738965e-01,-2.263040538684706060e-01,2.810932367276301053e-02,5.135629848374644313e-01,-8.763950051460616102e-04,4.075091189913383934e-03,2.570951565453894350e-03
-2.282222189215180053e-02,-1.989138018583943245e-04,7.789187751302761864e-01,1.827586579583087816e-04,-7.811005929688818539e-04,-4.457846186023193386e-04,9.999995788785163153e-01,-1.193516932786575259e-02,-2.667986312618889013e-04,3.888165878646477908e-03,-4.011263535780639627e-02,-8.759995970551739258e-03,2.572726125473066188e-04,-1.176887826925571146e-02,1.791830703503191255e-04,-2.561248500364647629e-03,-4.012844532908987211e-02,-1.239742302350724419e-02,-1.104219243122101098e-04,6.853901765705588695e-04,7.775490602241780669e-04,-3.197145608278489232e-02,4.547288220531692238e-01,2.269062302107102969e-01,-2.775289982614881010e-02,5.128988502937210647e-01,8.196750369958753996e-04,3.926421681470718648e-03,-2.564776732355115735e-03,4.544061195736276426e-01,-2.275722754127001701e-01,2.773467457191453392e-02,5.129420499900487762e-01,-8.724039941721036927e-04,3.943397462343058331e-03,2.571113479606668487e-03
-2.266326890841114869e-02,-1.978549133853399575e-04,7.789931847139348609e-01,1.936333583562117780e-04,-1.223615322123523764e-03,-4.479862058467643199e-04,9.999991322896359947e-01,-1.110659307051156848e-02,-2.868737625012577610e-04,3.848362758333305142e-03,-3.920889763506172493e-02,-9.251919957570773484e-03,2.855694430631461247e-04,-1.097510834967623146e-02,1.494649848817346835e-04,-2.478641202321192529e-03,-3.916677013040558569e-02,-1.285365068071690244e-02,-1.172147245805942614e-04,6.972158000749707372e-04,7.950190597329693295e-04,-3.263155394210203591e-02,4.559919097541316191e-01,2.282601886257405455e-01,-2.733089223490875463e-02,5.123206155032785647e-01,8.142747271592259842e-04,3.801868457302579832e-03,-2.560595803370860866e-03,4.556617638017810279e-01,-2.289491349623379024e-01,2.730605248008749833e-02,5.123664328452682826e-01,-8.680832604723566449e-04,3.820270452403373186e-03,2.567065394828638419e-03
-2.249805057151750901e-02,-1.965194326113588522e-04,7.790646264624676576e-01,2.046661188460000935e-04,-1.668691882345660652e-03,-4.498186338765242358e-04,9.999984856200423433e-01,-1.025278404483580090e-02,-3.085911954849458716e-04,3.805427116022120412e-03,-3.832947924021447988e-02,-9.704445076473812437e-03,3.118405833151516836e-04,-1.015254478259408448e-02,1.198932495286634506e-04,-2.392964114410060447e-03,-3.823501804351641525e-02,-1.326714204878153003e-02,-1.235475963305699679e-04,7.081517678539784970e-04,8.123029372334492591e-04,-3.330882762360817817e-02,4.573164834549107716e-01,2.297211210040266960e-01,-2.685461738470351981e-02,5.117723231344377677e-01,8.047985244447810205e-04,3.683585123340915243e-03,-2.555234956015443870e-03,4.569790094063800878e-01,-2.304316244363876498e-01,2.682281817705775562e-02,5.118214508407178398e-01,-8.590052716021222279e-04,3.702382433419208231e-03,2.558898264306224465e-03
-2.232634028137218604e-02,-1.949016730861721216e-04,7.791330966929822521e-01,2.157543608592339820e-04,-2.112808674698697393e-03,-4.513112691378972198e-04,9.999976429010709600e-01,-9.380420489788095922e-03,-3.316233785525537982e-04,3.759658130433570986e-03,-3.747616978658376008e-02,-1.011808821777313711e-02,3.359913787341857255e-04,-9.308354730044024819e-03,9.057839524766657195e-05,-2.304618600529642972e-03,-3.733418991147959692e-02,-1.363916736837872228e-02,-1.293250787803710742e-04,7.182724183918987601e-04,8.296600631461009462e-04,-3.401339337584231848e-02,4.586962808469929320e-01,2.312810630830348380e-01,-2.632644492013215196e-02,5.112676495877871430e-01,7.941939241819516741e-04,3.572511057755005208e-03,-2.544889418250402460e-03,4.583517183722997101e-01,-2.320119974633717275e-01,2.628729476469315179e-02,5.113203560899007849e-01,-8.484536912410329352e-04,3.591203195278524531e-03,2.544317784247315025e-03
-2.214885367657811605e-02,-1.925348779251719966e-04,7.791986539932415079e-01,2.276830289972020820e-04,-2.559469917815487654e-03,-4.542753047268668107e-04,9.999965954482671338e-01,-8.477608414291541369e-03,-3.577206701221507601e-04,3.714956021582861527e-03,-3.665577640397481296e-02,-1.049574470136156561e-02,3.588873708220427852e-04,-8.431454773685620463e-03,5.938162901825845259e-05,-2.211607968125011998e-03,-3.647203071754510917e-02,-1.397259986245303308e-02,-1.345409258461023898e-04,7.268759067240515093e-04,8.464875183403256734e-04,-3.472875757719501993e-02,4.601331063255408305e-01,2.329382921839413811e-01,-2.575036795257160116e-02,5.107901656238074128e-01,7.827110944763816412e-04,3.466532907455473211e-03,-2.533481575282381815e-03,4.597803510609375088e-01,-2.336902566810618032e-01,2.570434841103242177e-02,5.108469809287921048e-01,-8.378501063833589460e-04,3.487413083976003639e-03,2.530769122319173441e-03
-2.196541731491643765e-02,-1.894183726936959542e-04,7.792613569581441357e-01,2.402655510427639135e-04,-3.004169671882275187e-03,-4.585349784250377920e-04,9.999953534805654520e-01,-7.555400551982669084e-03,-3.864135582782065432e-04,3.671353163187567655e-03,-3.586675732712508308e-02,-1.083881222567608348e-02,3.803750508395013536e-04,-7.533257742790924055e-03,2.655990466095664831e-05,-2.114576419584337282e-03,-3.564615710747272986e-02,-1.426963784986880548e-02,-1.391066304623165282e-04,7.339337633240491324e-04,8.632359752631699841e-04,-3.546724167529526073e-02,4.616203557661986978e-01,2.346842804346571387e-01,-2.512857392453382577e-02,5.103536265791711601e-01,7.717086846715808966e-04,3.367039301499117395e-03,-2.517348250379574260e-03,4.612589550638950819e-01,-2.354578148638258039e-01,2.507580158696428099e-02,5.104148063551190440e-01,-8.280733659005900171e-04,3.391279670132531145e-03,2.513592334192272636e-03
-2.177668211858942507e-02,-1.862226308658480531e-04,7.793211100647594591e-01,2.522123144675946817e-04,-3.448911663450176992e-03,-4.627894759928871584e-04,9.999939135930713263e-01,-6.613500953090491533e-03,-4.145732648111008934e-04,3.625063284642571649e-03,-3.510629460605749902e-02,-1.113710682766659056e-02,4.004366403156105376e-04,-6.611676996766086695e-03,-4.258525594624638791e-06,-2.016117646689956355e-03,-3.485491613956204215e-02,-1.452327452848973209e-02,-1.428655142331540734e-04,7.391378933554723423e-04,8.804530553492408238e-04,-3.622766372520860867e-02,4.631595505986846328e-01,2.365167171355550269e-01,-2.446526335932512272e-02,5.099408681174817382e-01,7.603499674546979580e-04,3.275718817826788441e-03,-2.501593693977612227e-03,4.627892567631888832e-01,-2.373121039926048004e-01,2.440305605350680251e-02,5.100082946635620118e-01,-8.146102393998359012e-04,3.302788412615081503e-03,2.493179847600235106e-03
-2.158263111695262956e-02,-1.829395022851969331e-04,7.793780298706689535e-01,2.634777106136029800e-04,-3.890613074016277279e-03,-4.671449638532872346e-04,9.999922877127538356e-01,-5.659656723546389358e-03,-4.419493731308783745e-04,3.576577724851398143e-03,-3.437273661831750926e-02,-1.139341573025047863e-02,4.189786642764940804e-04,-5.675186577630858542e-03,-3.305800220190222894e-05,-1.916449720496664040e-03,-3.409554657879847184e-02,-1.473687805000570977e-02,-1.457492955277392194e-04,7.428415024624383540e-04,8.982805472331551648e-04,-3.701838326192170153e-02,4.647431186713772422e-01,2.384265241920188738e-01,-2.376220156619167703e-02,5.095658306544754712e-01,7.497221717093586211e-04,3.192191558197313931e-03,-2.481956364563697812e-03,4.643640895233732135e-01,-2.392443150728104373e-01,2.368814304719651931e-02,5.096406832768912709e-01,-8.003845766622362046e-04,3.221874996403784139e-03,2.467029246261449090e-03
-2.138382042903655064e-02,-1.791829796006990945e-04,7.794323411713216521e-01,2.743681484636643626e-04,-4.330959356799666746e-03,-4.725474311294480876e-04,9.999904720606562769e-01,-4.675804314522220319e-03,-4.690802881876375194e-04,3.529270789951683644e-03,-3.368923250339682374e-02,-1.161697624964958334e-02,4.360343392891127758e-04,-4.705446322176835838e-03,-6.094783516293273209e-05,-1.814466481189902849e-03,-3.339217954848738151e-02,-1.492186479988586410e-02,-1.478365076937837271e-04,7.478563168425127064e-04,9.176871775840556803e-04,-3.781746964971487851e-02,4.663698561166270129e-01,2.404090666778213037e-01,-2.301990699460178605e-02,5.092136595408052191e-01,7.344582442628682945e-04,3.110888155358090129e-03,-2.461502965409782893e-03,4.659837838074255001e-01,-2.412513027549657574e-01,2.293473121631642297e-02,5.092927054724880609e-01,-7.856832275675058744e-04,3.140833339250957180e-03,2.442304939569261979e-03
-2.118033831768065256e-02,-1.749622872653292232e-04,7.794842023587397195e-01,2.848289684148816968e-04,-4.764927928617786364e-03,-4.787986223194360606e-04,9.999884924768750460e-01,-3.678371051759446279e-03,-4.957787715658418118e-04,3.483221349621454504e-03,-3.304773324565160597e-02,-1.181123177472958620e-02,4.515754359098552080e-04,-3.719310412968277607e-03,-8.796435166163358319e-05,-1.710844198223546078e-03,-3.273590746956559633e-02,-1.508192694641831942e-02,-1.490675406500756675e-04,7.536814827950327625e-04,9.387402203772039809e-04,-3.863760368619804236e-02,4.680327472038559034e-01,2.424554650945744128e-01,-2.224094744834143045e-02,5.088970618926321743e-01,7.180540167370635376e-04,3.034125193473676679e-03,-2.436508950694659704e-03,4.676408679506953159e-01,-2.433240317312648227e-01,2.214533500748596881e-02,5.089776371114624887e-01,-7.717706834041726267e-04,3.062805080957197584e-03,2.414375809469485219e-03
-2.097295231264839979e-02,-1.701994586034767014e-04,7.795336063011067962e-01,2.949839975576102648e-04,-5.192421480328709114e-03,-4.858141497655125399e-04,9.999863577710567109e-01,-2.662788232073423113e-03,-5.225492567511690186e-04,3.437992480416773595e-03,-3.245920310680718013e-02,-1.197255070352396152e-02,4.650505217567244692e-04,-2.711717901747360149e-03,-1.145258904166085608e-04,-1.605679848937567860e-03,-3.213866956224387117e-02,-1.521287593191461042e-02,-1.495272568622254389e-04,7.602918419990704717e-04,9.613963430393772814e-04,-3.947158428925248014e-02,4.697337664215303077e-01,2.445613628051412358e-01,-2.142839990638953016e-02,5.085975449968647144e-01,6.990029175352472160e-04,2.959957735982354961e-03,-2.410591107906868893e-03,4.693360648207265395e-01,-2.454571815896274267e-01,2.132173714265834380e-02,5.086802110784611752e-01,-7.532031789844166212e-04,2.988995315617721561e-03,2.385285571974557137e-03
-2.076197354280447799e-02,-1.648993292297690249e-04,7.795807391224888194e-01,3.047792796386967779e-04,-5.609690077277544248e-03,-4.934861673069525917e-04,9.999840973526680221e-01,-1.643827802793626979e-03,-5.491905349497928695e-04,3.393808417506194875e-03,-3.191381288678549200e-02,-1.210514199908399764e-02,4.765526605406386661e-04,-1.698078270427919208e-03,-1.406465219965853013e-04,-1.499525575618021814e-03,-3.158949504947609205e-02,-1.531916871530400286e-02,-1.491648418349556101e-04,7.674274191486261769e-04,9.857544380115373407e-04,-4.032829061827089556e-02,4.714644475042286120e-01,2.467178021832622525e-01,-2.058491939976235183e-02,5.083282654244796195e-01,6.798797767791394785e-04,2.890156311443401078e-03,-2.380264670258442055e-03,4.710608793971772790e-01,-2.476417994347656082e-01,2.046668987960705358e-02,5.084136221325969984e-01,-7.336075375701387380e-04,2.920503859412578937e-03,2.351733306038676554e-03
-2.054848299021050720e-02,-1.590964116733639461e-04,7.796256469035106607e-01,3.138073355213677278e-04,-6.024725341770138971e-03,-5.023107226854064793e-04,9.999816757788365651e-01,-6.196577654951065592e-04,-5.744940779998828576e-04,3.352176575969993601e-03,-3.138803322158092296e-02,-1.220196398545134696e-02,4.864810538767914082e-04,-6.755135883862069257e-04,-1.653166107534980562e-04,-1.393199428028700070e-03,-3.106671313140393562e-02,-1.539589680549508129e-02,-1.479813635206525904e-04,7.793442914428973332e-04,1.013331499593542228e-03,-4.119848842959854957e-02,4.732243367213387897e-01,2.489189251940354952e-01,-1.971668797866576658e-02,5.080778722596914765e-01,6.597675605776966894e-04,2.824626546071266116e-03,-2.351584930630085460e-03,4.728152667248627372e-01,-2.498728456550422250e-01,1.958620646525312953e-02,5.081617707984688037e-01,-7.142908786408885824e-04,2.854511384173748050e-03,2.321132594834809503e-03
-2.033252737649320421e-02,-1.528106253518907631e-04,7.796685066940275410e-01,3.220759371043315335e-04,-6.434999506409323604e-03,-5.119949873011882778e-04,9.999791122366388230e-01,4.024342854888210766e-04,-5.984843856182078684e-04,3.312839493465899367e-03,-3.087868110850853012e-02,-1.226719166570175434e-02,4.949350210902054865e-04,3.481166788464112524e-04,-1.886713643525512595e-04,-1.287172854905993275e-03,-3.056598433107691332e-02,-1.544718767754948464e-02,-1.459412720995055697e-04,7.949165717987313057e-04,1.043988641083655597e-03,-4.208920626548350030e-02,4.750065089709347155e-01,2.511557942910667696e-01,-1.882588815098729107e-02,5.078578170403225123e-01,6.404094025889491438e-04,2.764515394934765821e-03,-2.320114157203105425e-03,4.745911169848396338e-01,-2.521413995892207716e-01,1.868312703757437840e-02,5.079372391319215696e-01,-6.962987764314788235e-04,2.792728705551031192e-03,2.288510595625045489e-03
-2.011637442266453468e-02,-1.457688477619484280e-04,7.797092714263631485e-01,3.306936082684106969e-04,-6.848783649200711199e-03,-5.239816067866089923e-04,9.999763548442233141e-01,1.413745090392239806e-03,-6.235395050978883138e-04,3.278665391725305023e-03,-3.034632853973998068e-02,-1.228929101532419063e-02,5.024182388279107084e-04,1.358617469457149701e-03,-2.127065517506414381e-04,-1.177115736851904208e-03,-3.004109071292674835e-02,-1.545689334856781977e-02,-1.450549981874147613e-04,8.136001665312548670e-04,1.075236251702951481e-03,-4.299376252345133570e-02,4.768112156692738135e-01,2.534200546652867758e-01,-1.791521582875405319e-02,5.076523349272208385e-01,6.180999281653441627e-04,2.717649173480469072e-03,-2.290052777297755561e-03,4.763888930303201152e-01,-2.544371897777197855e-01,1.775951954619647485e-02,5.077315763795257064e-01,-6.709570928049045152e-04,2.736352770279519477e-03,2.251170655810601391e-03
-1.989965221001504386e-02,-1.379869686480996544e-04,7.797481249213281673e-01,3.395691641067618313e-04,-7.265663549557975845e-03,-5.374341852002636989e-04,9.999734026415225685e-01,2.418603761175992101e-03,-6.497054594882952731e-04,3.248375097826665999e-03,-2.979767345505020953e-02,-1.227251853132817899e-02,5.089887861499482399e-04,2.361411454215574766e-03,-2.375183856201166610e-04,-1.064155505142808447e-03,-2.949957537140304384e-02,-1.542931013594987626e-02,-1.449752759470771869e-04,8.335613520146148555e-04,1.107249033227898768e-03,-4.391586949322066197e-02,4.786322015407314945e-01,2.557035511718541154e-01,-1.698794305901340715e-02,5.074738344292667458e-01,5.956840484273142125e-04,2.680416544585091567e-03,-2.257264033439329142e-03,4.782023549887606251e-01,-2.567521030069301879e-01,1.681851383587439075e-02,5.075553496187363844e-01,-6.435835262103093563e-04,2.686073784365675468e-03,2.208221207793694806e-03
-1.968195847955920424e-02,-1.298711411817700140e-04,7.797854176721895625e-01,3.477890994337103298e-04,-7.686792664950258501e-03,-5.520144073913545689e-04,9.999702433279518132e-01,3.444036809611977432e-03,-6.742682271401313591e-04,3.221615586240489468e-03,-2.926925691538921279e-02,-1.223211484171939090e-02,5.139256214263834789e-04,3.386230789320729927e-03,-2.608303952427417282e-04,-9.500686611629008882e-04,-2.898105466232258481e-02,-1.538512328998761086e-02,-1.437672380251746242e-04,8.554691539146108518e-04,1.140262975692593952e-03,-4.483444419180826479e-02,4.804663938682400826e-01,2.579993428307795211e-01,-1.605105706489336204e-02,5.073114046893185680e-01,5.715747998403448212e-04,2.636399641481823163e-03,-2.227384262482876801e-03,4.800279728555155168e-01,-2.590819592009677708e-01,1.586915661691193705e-02,5.073901555644008132e-01,-6.208634604379821564e-04,2.640023212909857302e-03,2.174978561943370896e-03
-1.946305441369386088e-02,-1.214416830893659603e-04,7.798213537514628868e-01,3.553870141294751279e-04,-8.107376034540612897e-03,-5.671887009610491245e-04,9.999669106779899286e-01,4.477435135358854429e-03,-6.974204305353521888e-04,3.197725813319422013e-03,-2.875730152976769052e-02,-1.217274327198793540e-02,5.174212792575334438e-04,4.420690745264486965e-03,-2.829096191038834728e-04,-8.357186145447650623e-04,-2.848168529417637040e-02,-1.532848587675856439e-02,-1.414146675213107942e-04,8.782365342008877475e-04,1.174108644588474923e-03,-4.576301365820956840e-02,4.823087721869147027e-01,2.602993633088434011e-01,-1.510705268436980837e-02,5.071741051609680584e-01,5.480377331134626481e-04,2.591379503474741056e-03,-2.195980753698691720e-03,4.818603981378683510e-01,-2.614182231538930146e-01,1.491394773075557095e-02,5.072474183852300200e-01,-6.016505819460120103e-04,2.598616699556695331e-03,2.143838501982303288e-03
-1.924353991088379942e-02,-1.125394751980463866e-04,7.798560071183034959e-01,3.626986622484150175e-04,-8.521054526437298396e-03,-5.829795572662076425e-04,9.999634594395311327e-01,5.523306496282145116e-03,-7.204467945003843396e-04,3.175589768739960073e-03,-2.829427177891304102e-02,-1.209957475535256531e-02,5.194446204370473151e-04,5.468304795000803256e-03,-3.045631489095796448e-04,-7.199508281935122680e-04,-2.803324092046844546e-02,-1.526008007988447282e-02,-1.383023561654947800e-04,9.008426794627757625e-04,1.208891895447781160e-03,-4.669545137581773003e-02,4.841580474639680109e-01,2.625973424492024089e-01,-1.416031020431612018e-02,5.070450045026342334e-01,5.237293297948475857e-04,2.549718147530256104e-03,-2.165887028399080851e-03,4.836988741358287380e-01,-2.637530129747012730e-01,1.395667154803263005e-02,5.071150918959942411e-01,-5.801330751697898096e-04,2.559045418650685976e-03,2.112513146194776228e-03
-1.902365544868360805e-02,-1.031771512532800880e-04,7.798895764314515144e-01,3.697237718520411274e-04,-8.924012229549711100e-03,-5.989968016574952377e-04,9.999599324537419287e-01,6.566360571255364445e-03,-7.433778947967771816e-04,3.154946837250834253e-03,-2.786978226759143432e-02,-1.201731364284699434e-02,5.201902143515022784e-04,6.513863500439592488e-03,-3.259869799714000950e-04,-6.036586679835095155e-04,-2.762504500788290351e-02,-1.518452194798644225e-02,-1.343887937041855340e-04,9.225873735972081775e-04,1.244579134091292104e-03,-4.764114072044983716e-02,4.860070678340520645e-01,2.648853586511920044e-01,-1.321281820619712305e-02,5.069349129492717321e-01,5.004096865913104436e-04,2.512038282277811226e-03,-2.133721630535426270e-03,4.855365199260172626e-01,-2.660780860976452167e-01,1.299886725439808148e-02,5.070033452165564336e-01,-5.587856215552093305e-04,2.522700513161328650e-03,2.078396502720652149e-03
-1.880461523576843277e-02,-9.354194118738679345e-05,7.799220244073951092e-01,3.764142092895998021e-04,-9.314745781265950514e-03,-6.138498799887490490e-04,9.999563575535181936e-01,7.605810321425160968e-03,-7.661435774129994125e-04,3.133992039310305820e-03,-2.749320263123829558e-02,-1.192206081690837943e-02,5.192807383367319249e-04,7.563637080170366664e-03,-3.474301928560365594e-04,-4.896886768128228592e-04,-2.727777982625884806e-02,-1.509224402416303214e-02,-1.294022569196758064e-04,9.407906744209183596e-04,1.280919108376831535e-03,-4.859326647769413726e-02,4.878532246724416876e-01,2.671556593944747759e-01,-1.226959235809168582e-02,5.068309704149347450e-01,4.760240784457132174e-04,2.476180476545273863e-03,-2.103859515395241700e-03,4.873712865026980090e-01,-2.683851453226851480e-01,1.204538441156478845e-02,5.068985769904620353e-01,-5.362149456278352856e-04,2.487556311027970448e-03,2.046323003434578208e-03
-1.858686019655624369e-02,-8.362218385303000210e-05,7.799535428562526240e-01,3.827441868566261668e-04,-9.690745822726607936e-03,-6.280372451543823811e-04,9.999527731455654100e-01,8.629380776945702949e-03,-7.885111096462386893e-04,3.113594577043187449e-03,-2.715408727325320862e-02,-1.181841670006846499e-02,5.169439114157606393e-04,8.602651148142367518e-03,-3.687759438336927933e-04,-3.777056165133822188e-04,-2.697699773136058229e-02,-1.498874965893778020e-02,-1.233994680743496272e-04,9.565601656157980562e-04,1.318011724281398537e-03,-4.955739319433073720e-02,4.896886785811325749e-01,2.694006761142178630e-01,-1.133242350663028752e-02,5.067430826267718125e-01,4.524641924067614456e-04,2.443207844475167936e-03,-2.072752032629551593e-03,4.891955800851718328e-01,-2.706666468401925374e-01,1.109783541277087685e-02,5.068103597518439640e-01,-5.143184180824359039e-04,2.454971913282266455e-03,2.012911260692651968e-03
-1.837078952377359936e-02,-7.327135486232913444e-05,7.799841514254923780e-01,3.889901956168251751e-04,-1.005005089642904519e-02,-6.419920393928730531e-04,9.999492152153676150e-01,9.650742336948067018e-03,-8.111490391881133076e-04,3.093974172446962295e-03,-2.688314033201020734e-02,-1.171037905322333886e-02,5.125444336998429429e-04,9.642295990696256314e-03,-3.908862850188182911e-04,-2.666995125352709137e-04,-2.675013902270352920e-02,-1.487777692817998827e-02,-1.162623661307454379e-04,9.724473351457616020e-04,1.355117673462828340e-03,-5.052106597758090900e-02,4.915081377166792276e-01,2.716125802529105737e-01,-1.040523693964511866e-02,5.066588060204568755e-01,4.277386023008582119e-04,2.410052819243084163e-03,-2.042820098418455122e-03,4.910053255764417757e-01,-2.729146146468470202e-01,1.016046863313838436e-02,5.067261454254056163e-01,-4.912142100623176008e-04,2.421858118090175482e-03,1.980713791043149652e-03
-1.815703294630280698e-02,-6.249055721591963858e-05,7.800140214310750109e-01,3.951142221713110914e-04,-1.038980876357588866e-02,-6.557356385954341916e-04,9.999457314121508178e-01,1.065272989851206824e-02,-8.339078833132265419e-04,3.075496611342798045e-03,-2.666411148185220820e-02,-1.160234624770798209e-02,5.063985155107262551e-04,1.066417053526767973e-02,-4.137249080196972722e-04,-1.570443286678097745e-04,-2.657878981623692030e-02,-1.476438974147928351e-02,-1.080720163755570160e-04,9.883515702346066557e-04,1.392321053893573165e-03,-5.148995862281509350e-02,4.933040251745415272e-01,2.737844960810841832e-01,-9.489701968377825536e-03,5.065869754979440698e-01,4.037570118817767348e-04,2.378418030837651641e-03,-2.011372209500984255e-03,4.927926805432762403e-01,-2.751222141779460784e-01,9.235001213687383387e-03,5.066547735076718517e-01,-4.687750170766998600e-04,2.390148007731462531e-03,1.947114651762631935e-03
-1.794667352119722753e-02,-5.136890593119652860e-05,7.800430915317784208e-01,4.010036247653565107e-04,-1.071050601233913650e-02,-6.692359296833926734e-04,9.999423365276242093e-01,1.164152615463738549e-02,-8.566692994237096832e-04,3.057783216017192530e-03,-2.650975352234108406e-02,-1.148828305184596173e-02,4.988013486580148911e-04,1.167475466029052958e-02,-4.366577203824464209e-04,-4.879209655743898166e-05,-2.647619726434639192e-02,-1.464236517315690121e-02,-9.963733209882150079e-05,1.003779968077991901e-03,1.429741208599083100e-03,-5.245478633663414048e-02,4.950716670306390399e-01,2.759088398381521756e-01,-8.590212846847541592e-03,5.065157948737551985e-01,3.788530122859419709e-04,2.346947903089076880e-03,-1.981712244699817757e-03,4.945527514114299583e-01,-2.772812559199021032e-01,8.325680551036641897e-03,5.065845691404872175e-01,-4.447908505216808910e-04,2.358750271875129784e-03,1.915362299364400337e-03
-1.774038556314802215e-02,-3.990572708695396323e-05,7.800715103554083374e-01,4.066383438003144625e-04,-1.101024224456056966e-02,-6.825015322368643529e-04,9.999390698450747461e-01,1.260199670654432377e-02,-8.793033506951156413e-04,3.041185754855406549e-03,-2.640348720497369753e-02,-1.137253026021345023e-02,4.900321758932480462e-04,1.265786910504346913e-02,-4.597199191192442359e-04,5.770333894121079091e-05,-2.642390890656911087e-02,-1.451665188193312743e-02,-9.094133369157505900e-05,1.018680515549142329e-03,1.467426107851480975e-03,-5.341882581746085212e-02,4.968036323388041464e-01,2.779795345912564053e-01,-7.708449802878237882e-03,5.064533694291651900e-01,3.547736410034239103e-04,2.316903330134250597e-03,-1.951236530875506388e-03,4.962779841578194850e-01,-2.793857228673362059e-01,7.434253197594656824e-03,5.065236069065057745e-01,-4.213048434028530942e-04,2.328930578284830934e-03,1.882892931727056995e-03
-1.754320976964504966e-02,-2.794464365302533722e-05,7.800994577595006252e-01,4.121423104269994800e-04,-1.130833122188984810e-02,-6.972922557164911318e-04,9.999357307183314170e-01,1.351169492493389454e-02,-9.018542829009031179e-04,3.031440650593048448e-03,-2.625157027802469192e-02,-1.122376810888796664e-02,4.832759962030758389e-04,1.359062453381459923e-02,-4.828618910673766881e-04,1.619825107292880123e-04,-2.632893609121045655e-02,-1.435759840446489133e-02,-8.227204246363800785e-05,1.038796455618931289e-03,1.506393387196391237e-03,-5.436939902721593665e-02,4.984950823906466599e-01,2.799868565993140490e-01,-6.850741652283384893e-03,5.063939635841079312e-01,3.312037898442338202e-04,2.293346222663980929e-03,-1.926848387167050258e-03,4.979653448243201996e-01,-2.814270532632093258e-01,6.567705583580617061e-03,5.064662096546854730e-01,-3.976473366968882482e-04,2.305814755470802450e-03,1.857287810654735180e-03
-1.735468596578283382e-02,-1.550790120848057551e-05,7.801269892783858628e-01,4.174932464273987324e-04,-1.160668984528590020e-02,-7.130802084331605388e-04,9.999322986916874267e-01,1.438200412053041236e-02,-9.244135073157760995e-04,3.027363942988553491e-03,-2.606268871447953162e-02,-1.104542354921490138e-02,4.784342934863814313e-04,1.448412694130604521e-02,-5.061461719190386453e-04,2.638441770060654073e-04,-2.619886089971092819e-02,-1.416893760174077130e-02,-7.358032537079847041e-05,1.062501428228894819e-03,1.546612735553310478e-03,-5.530519493087917432e-02,5.001431835140561777e-01,2.819261319143005484e-01,-6.018972855299769414e-03,5.063435988117750419e-01,3.090425242967526466e-04,2.274563984999024464e-03,-1.904238237669454584e-03,4.996109897278102063e-01,-2.834005371199146972e-01,5.728170757547369762e-03,5.064187283434473663e-01,-3.751177653720242288e-04,2.287782733444995633e-03,1.834026860735629575e-03
-1.717386187855469287e-02,-3.089454122664762512e-06,7.801540343961723689e-01,4.221293831672797347e-04,-1.190086452119782853e-02,-7.270936333367104950e-04,9.999288287499673578e-01,1.523683932861181513e-02,-9.458505125649814852e-04,3.022414137240721568e-03,-2.588774957300079074e-02,-1.085904529573337648e-02,4.721965518127552966e-04,1.536639752406752414e-02,-5.282468077635967983e-04,3.604968360820734463e-04,-2.608873413207165454e-02,-1.397079178231094843e-02,-6.582786501723960531e-05,1.084980634090245734e-03,1.587331135266511302e-03,-5.620705911351723399e-02,5.017404274167082123e-01,2.837933508273881023e-01,-5.218130975356631042e-03,5.062934979969722082e-01,2.866518808274915288e-04,2.259148407847506954e-03,-1.885229213701712344e-03,5.012077396057925682e-01,-2.853003679696822781e-01,4.920113196676638781e-03,5.063724211345530524e-01,-3.535087643800344649e-04,2.273735785454126038e-03,1.813783779949573261e-03
-1.700051222454673078e-02,9.321188844021720027e-06,7.801806942141696899e-01,4.260846164732964240e-04,-1.218801026933130291e-02,-7.396893754175721094e-04,9.999253590729677565e-01,1.606802405790839355e-02,-9.661287995026443358e-04,3.017067338126916669e-03,-2.572258888311139413e-02,-1.066761131615467061e-02,4.648518742421505270e-04,1.622741285219900242e-02,-5.492122094842783256e-04,4.524113934529567951e-04,-2.599161128354708639e-02,-1.376672632041691519e-02,-5.886069884296795307e-05,1.106717305231978265e-03,1.628509106027962658e-03,-5.708398331512773427e-02,5.032848232280424661e-01,2.855841281810654331e-01,-4.449150984269358532e-03,5.062495129661422899e-01,2.652856343003308793e-04,2.246320422385990768e-03,-1.867141805354723127e-03,5.027531977402724950e-01,-2.871223396346419543e-01,4.144550431624498613e-03,5.063331858761936921e-01,-3.334387413040010685e-04,2.262742179372339343e-03,1.794266375567460685e-03
-1.683487990133344589e-02,2.174930712271523088e-05,7.802068372780525118e-01,4.296039628130221533e-04,-1.246245053370521362e-02,-7.512581850207725566e-04,9.999219661444941343e-01,1.688124617311119111e-02,-9.859637229262933379e-04,3.010829037362754406e-03,-2.559805571639535426e-02,-1.047449278825657304e-02,4.572264699607371313e-04,1.707309788648278190e-02,-5.695265933735606766e-04,5.410789287448338186e-04,-2.593972895034630036e-02,-1.355712645591697872e-02,-5.191280133714409520e-05,1.127681157820572969e-03,1.669127932828698034e-03,-5.793016361787242663e-02,5.047732262450562724e-01,2.872942797703294526e-01,-3.713647923922847125e-03,5.062032031434362533e-01,2.433790167728186232e-04,2.233726897092579156e-03,-1.851204595384818010e-03,5.042437894208378069e-01,-2.888620369392037590e-01,3.403537025687537916e-03,5.062923200937303747e-01,-3.126574233055444104e-04,2.251656038793530771e-03,1.776888027837897257e-03
-1.667709672971072477e-02,3.420327318424549312e-05,7.802325692661393752e-01,4.326949823884523394e-04,-1.272174007606038069e-02,-7.620412131999301265e-04,9.999186913932952558e-01,1.766474165651306383e-02,-1.005231635847582579e-03,3.004250317979826040e-03,-2.550393140349605653e-02,-1.028256791470292392e-02,4.494636049236760272e-04,1.789008250746278866e-02,-5.892097519123431961e-04,6.266414375990169653e-04,-2.592028588128993810e-02,-1.334566149392670854e-02,-4.494854917657695279e-05,1.148151656794580561e-03,1.709215657326486901e-03,-5.875227103793653760e-02,5.062026905295021750e-01,2.889201551613272412e-01,-3.012397828239210713e-03,5.061598615878086793e-01,2.222788981322857619e-04,2.221642456909157879e-03,-1.835670789191938762e-03,5.056762238576639756e-01,-2.905159373502945175e-01,2.697776402893734254e-03,5.062549975172034866e-01,-2.925700113573687935e-04,2.241006036115121124e-03,1.760042475744495738e-03
-1.652797575524416959e-02,4.666056188017535944e-05,7.802578506304569395e-01,4.354016766739694354e-04,-1.296396489371619450e-02,-7.721386031244516527e-04,9.999155713566986181e-01,1.841731716497069932e-02,-1.024062544973555495e-03,2.996917350263191265e-03,-2.544729360394827611e-02,-1.009412464645736279e-02,4.413349114953275527e-04,1.867673437178695578e-02,-6.082910917427857391e-04,7.093127531041938357e-04,-2.594037177820731482e-02,-1.313105950486177093e-02,-3.792612626949383252e-05,1.168682976543707758e-03,1.748492657798229443e-03,-5.954379812175702308e-02,5.075690462761992539e-01,2.904591835462742577e-01,-2.347277903877865828e-03,5.061127351940279961e-01,2.008609813493783579e-04,2.210058459441611913e-03,-1.822563725552815662e-03,5.070468658837595788e-01,-2.920809109960622041e-01,2.029146529094664683e-03,5.062145775982215268e-01,-2.718368130171838672e-04,2.230995215620893042e-03,1.745651668900804077e-03
-1.638771521174331447e-02,5.912847612764109817e-05,7.802827525195777936e-01,4.377251945744540704e-04,-1.318812170469063454e-02,-7.816502969275415267e-04,9.999126316160680261e-01,1.913081859346363670e-02,-1.042362814359963381e-03,2.989196699180800016e-03,-2.541877002033898075e-02,-9.911107643001834666e-03,4.329957708059795204e-04,1.942375290182968631e-02,-6.268016851116585582e-04,7.890942923970928162e-04,-2.598855045861728566e-02,-1.291626182193556828e-02,-3.082464027254613805e-05,1.189218850508144080e-03,1.786999084821390416e-03,-6.030775630538596360e-02,5.088694494521511791e-01,2.919084976928992270e-01,-1.718879713437875814e-03,5.060662809301827991e-01,1.802914725704246449e-04,2.198885093280757933e-03,-1.810276141141465905e-03,5.083524376107969589e-01,-2.935542848727644150e-01,1.398254651875395927e-03,5.061754592694379662e-01,-2.517839904047351643e-04,2.221596272907423817e-03,1.732234431233546732e-03
-1.625848978050481453e-02,7.121213049145436137e-05,7.803076151662040605e-01,4.390792514103876681e-04,-1.340445778696413084e-02,-7.912372654839579245e-04,9.999097467593958122e-01,1.978918805364734967e-02,-1.057644776911762516e-03,2.985197794180099486e-03,-2.535688984606568330e-02,-9.736592331495973543e-03,4.257836976776249813e-04,2.011803577212084929e-02,-6.428423342327010005e-04,8.626436617622220207e-04,-2.600868517600372909e-02,-1.270645554752334455e-02,-2.561641222609140349e-05,1.208901663850396602e-03,1.826102420124707830e-03,-6.103099709418999264e-02,5.100975973881430869e-01,2.932676961975609897e-01,-1.133362927610025855e-03,5.060202771783685050e-01,1.641355630199409037e-04,2.192127442185489924e-03,-1.804712710422696565e-03,5.095874008971099656e-01,-2.949347545628899225e-01,8.116298048957693023e-04,5.061391339362373287e-01,-2.355515989694142098e-04,2.219916370813540193e-03,1.727017481771830724e-03
-1.613974593087914161e-02,8.292581929433954808e-05,7.803323841277582940e-01,4.395301055055746966e-04,-1.361404233860743530e-02,-8.010428563423937706e-04,9.999069071642781026e-01,2.040108141670408243e-02,-1.070071572020917959e-03,2.984716568270382245e-03,-2.526994382006092499e-02,-9.569472154463645741e-03,4.197037009284318898e-04,2.076656899909825466e-02,-6.565178836023776972e-04,9.308019896028547208e-04,-2.600628557210136332e-02,-1.250134165642594920e-02,-2.203863867378854299e-05,1.227871087695055164e-03,1.865720356992782089e-03,-6.171446424541963960e-02,5.112540789105182171e-01,2.945346352486339914e-01,-5.904963320838216290e-04,5.059767670103093584e-01,1.508437843047189138e-04,2.188072907544888739e-03,-1.802614630628117777e-03,5.107521992473907924e-01,-2.962203647639700677e-01,2.690152133264468379e-04,5.061075206579781494e-01,-2.219228304338414777e-04,2.222892923361354574e-03,1.726098809131344737e-03
-1.603167069485843255e-02,9.391522346254539493e-05,7.803568099110689271e-01,4.387485944308794458e-04,-1.381207286095177331e-02,-8.105650234746346328e-04,9.999041839732937254e-01,2.097491635761091280e-02,-1.079063019247725706e-03,2.983723309391051598e-03,-2.518997739660816179e-02,-9.412429999557901661e-03,4.148297035968884564e-04,2.137839530627671375e-02,-6.663886807719709851e-04,9.950662645230611870e-04,-2.601429799026349840e-02,-1.230098300777559064e-02,-1.924085064374153381e-05,1.247665345283296328e-03,1.904513130710018152e-03,-6.234943298604907203e-02,5.123357216353391363e-01,2.957090108841797793e-01,-8.598146065655310703e-05,5.059311408986606473e-01,1.350884783782124276e-04,2.186766336163515571e-03,-1.801827252251772624e-03,5.118431958940473647e-01,-2.974111664018767587e-01,-2.343664353071454312e-04,5.060738249221298224e-01,-2.063575664531199817e-04,2.227180323250981583e-03,1.724936786333958064e-03
-1.593395187872621507e-02,1.041936452980520776e-04,7.803808962922095249e-01,4.368386993643765177e-04,-1.399775981951499257e-02,-8.198747621274095256e-04,9.999015950069094494e-01,2.150897774589737715e-02,-1.084785033836258667e-03,2.982401387559168761e-03,-2.511639748576456957e-02,-9.265036648054190971e-03,4.111076875998009015e-04,2.195039918753077454e-02,-6.727087147654008895e-04,1.055755109456456937e-03,-2.602965886246791719e-02,-1.210589332681043240e-02,-1.707999627543968643e-05,1.268068084580932335e-03,1.942308772920528157e-03,-6.294033129345907862e-02,5.133433189301502830e-01,2.967897049136655752e-01,3.797445717854542181e-04,5.058855218982846180e-01,1.188896666529882986e-04,2.186767403145703070e-03,-1.801603581149701641e-03,5.128605438560654983e-01,-2.985063139061286952e-01,-6.980371689764772181e-04,5.060400768778787750e-01,-1.906001299838445680e-04,2.231974528358931543e-03,1.723683433345979269e-03
-1.583959556987761183e-02,1.131714184868895556e-04,7.804221611624790889e-01,4.323298036576955273e-04,-1.415064618740872679e-02,-8.327146840042088738e-04,9.998994343881167923e-01,2.217052867952274894e-02,-1.095055229032406699e-03,2.938497875606679161e-03,-2.533064213851450933e-02,-9.447045747901287177e-03,4.000389982975207336e-04,2.260603719014326468e-02,-6.890013362022669391e-04,1.070068535747762317e-03,-2.626862405865045338e-02,-1.222153953086340013e-02,-1.074385661995133916e-06,1.298094005030498658e-03,1.984539240540149439e-03,-6.341177935283541511e-02,5.142689640779818383e-01,2.977763948726628307e-01,8.011491052167924419e-04,5.058773713719588727e-01,9.892231497432818054e-05,2.196082721858878470e-03,-1.827827165859548285e-03,5.138013998872709154e-01,-2.995068126966483613e-01,-1.119624568661914702e-03,5.060411620726723569e-01,-1.698279930873314162e-04,2.246208911230637793e-03,1.750526391634274568e-03
-1.575000537887443972e-02,1.206443782982437562e-04,7.804782440750739347e-01,4.253976164037814715e-04,-1.424958038681582023e-02,-8.490434585181457156e-04,9.998980186103351153e-01,2.286509307849372841e-02,-1.107316559390436649e-03,2.860379021938809843e-03,-2.577034449675174449e-02,-9.931608128567857505e-03,3.834203991937122505e-04,2.325952200604559233e-02,-7.109168614401118651e-04,1.048177743511138904e-03,-2.668175250279694599e-02,-1.262214976636177530e-02,2.586272266237510853e-05,1.335993856790148541e-03,2.030112724761421166e-03,-6.380714544226100127e-02,5.151228428405846271e-01,2.986715279077345464e-01,1.177780048432495227e-03,5.058878294001792897e-01,7.795477019502714639e-05,2.212975189368796523e-03,-1.866967477789508020e-03,5.146721858022894613e-01,-3.004144727761667300e-01,-1.496134465186018487e-03,5.060605904058067539e-01,-1.475678071449796562e-04,2.268207215189472093e-03,1.791321066805349246e-03
-1.566346678973423723e-02,1.193507999088046814e-04,7.805480975839523827e-01,3.952024789849884878e-04,-1.422695472780823901e-02,-8.851940617624821277e-04,9.998983218335989465e-01,2.349925222209699530e-02,-1.027171653065084549e-03,2.849094576752688075e-03,-2.653630009422143499e-02,-1.065731257003725563e-02,4.252259932360244010e-04,2.372223508129247052e-02,-7.222442409468394445e-04,8.497097265031201743e-04,-2.722892721409821831e-02,-1.329986024680924507e-02,-1.606743168005732829e-05,1.323754800770863584e-03,2.107994815186188271e-03,-6.424333846797082581e-02,5.160055689261225931e-01,2.995366216320716202e-01,1.468092585811660517e-03,5.058424237859434625e-01,9.847248263121742291e-05,2.215771792007248039e-03,-1.940175298793564689e-03,5.155495882309349964e-01,-3.013197107913143657e-01,-1.806065882816395868e-03,5.060418237330617242e-01,-1.307226386779496109e-04,2.299296777081012971e-03,1.865298139258167107e-03
-1.558481103907488792e-02,1.085837322364399259e-04,7.806297552386595173e-01,3.476105942294378868e-04,-1.409429556486113677e-02,-9.384138781245124784e-04,9.999001697063558680e-01,2.404420934597149839e-02,-8.758892774684663100e-04,2.879078164417066526e-03,-2.755607246946259817e-02,-1.162137802288729614e-02,5.133292332164719361e-04,2.399618491940008064e-02,-7.231928643115266434e-04,5.113341482121508928e-04,-2.788803722104074567e-02,-1.421759745197149864e-02,-1.084636988862662911e-04,1.262234317024564902e-03,2.202551766308494599e-03,-6.467460432641977675e-02,5.168879181251251342e-01,3.003695595401486562e-01,1.688928039656683233e-03,5.057466413724869270e-01,1.380174814190200628e-04,2.206272046689355081e-03,-2.031440874121086086e-03,5.164147748738034949e-01,-3.022060244221241310e-01,-2.067737550146401138e-03,5.059899445098009485e-01,-1.176032520425424955e-04,2.330132616840327464e-03,1.954622971325357429e-03
-1.552180977703112620e-02,9.992012214710927300e-05,7.807278877349638213e-01,3.007737694487946120e-04,-1.386019060515732322e-02,-9.755185521364918887e-04,9.999034218438717092e-01,2.449458199663008540e-02,-8.147677638649302801e-04,2.597385767204863673e-03,-2.883277762079312564e-02,-1.281989112112065336e-02,4.156402806613957606e-04,2.421863571204974433e-02,-7.627948293500308322e-04,3.732431163529258741e-05,-2.884250943592390343e-02,-1.545803928543303639e-02,-2.704561175167069509e-04,1.167422822086202489e-03,2.286051786134893175e-03,-6.497503101925222735e-02,5.177767359063828456e-01,3.012296946427564515e-01,1.849968349702455807e-03,5.056080186796747533e-01,1.942309161211189499e-04,2.204434751579885908e-03,-2.090184044695344787e-03,5.173205970312836355e-01,-3.030848013312714140e-01,-2.315482215800429393e-03,5.058552527542165000e-01,-1.087548914679386353e-04,2.348697880908072900e-03,2.034758707608232652e-03
-1.547854979495973116e-02,9.331412172545748064e-05,7.808400663503385353e-01,2.544673449774736995e-04,-1.352348770766976203e-02,-1.017750025966750443e-03,9.999080031240255018e-01,2.481217263725913821e-02,-8.196238958627169186e-04,2.092212738947417123e-03,-3.031223447478220007e-02,-1.423238989857466587e-02,1.709981039930770670e-04,2.432477017445880060e-02,-8.247957311643043608e-04,-5.120239836738227487e-04,-3.001875453204987457e-02,-1.699556856503029248e-02,-4.856202248692294407e-04,1.075360171687798991e-03,2.359244466254342785e-03,-6.513269733878546131e-02,5.186603519347375846e-01,3.021046535119322196e-01,1.977293682650800664e-03,5.054309075809656493e-01,2.564347248842727698e-04,2.201819577561954684e-03,-2.132027262332662852e-03,5.182400828176411123e-01,-3.039551109717620325e-01,-2.551208911983796328e-03,5.056541601956566767e-01,-1.023144428093254315e-04,2.352861694951553697e-03,2.107323181796176993e-03
-1.546942596352707255e-02,9.036371121289862125e-05,7.809585404233804207e-01,2.617353176893485425e-04,-1.306829499805024775e-02,-1.218511414676824809e-03,9.999138294825211659e-01,2.500228103032030996e-02,-8.600055380680650960e-04,1.908747041002825835e-03,-3.201872782132871020e-02,-1.588521465174878161e-02,-1.940997792478831117e-05,2.420703017312787406e-02,-9.171824741314189150e-04,-5.745738294075562963e-04,-3.146624372251375507e-02,-1.855484385932327368e-02,-6.175262092987560299e-04,1.302976838889605745e-03,2.291025421205206049e-03,-6.503519247069219911e-02,5.195855257614665490e-01,3.030472624648747337e-01,2.067154520049588762e-03,5.051552230312823522e-01,2.927343759973677958e-04,2.146899296758666108e-03,-2.185851361156155269e-03,5.192016116612924170e-01,-3.048524846778853381e-01,-2.763373584408904040e-03,5.053729539858123898e-01,-1.316086143150863670e-04,2.284156184523892987e-03,2.106930652906355630e-03
-1.549835597683931442e-02,9.160255691032141516e-05,7.810815334543872446e-01,3.136352918969397127e-04,-1.249988789331366382e-02,-1.532268847777392817e-03,9.999206501456688878e-01,2.500490729649906124e-02,-9.457063248986333215e-04,1.940937388454353537e-03,-3.387395314166648241e-02,-1.773953476384846836e-02,-1.681139056458080025e-04,2.385731644777484145e-02,-1.042903872677627833e-03,-2.480996009095391935e-04,-3.313755695287174535e-02,-2.013907605419974420e-02,-6.718593921205772389e-04,1.740048802004694108e-03,2.103264114475683795e-03,-6.465939481909528663e-02,5.205395591777742803e-01,3.040334368817523281e-01,2.146528854007289343e-03,5.048018670321822166e-01,3.158699131971539980e-04,2.053760039550790988e-03,-2.243808230180562892e-03,5.201653702211210817e-01,-3.057807370574807670e-01,-2.961292455737748672e-03,5.050251147769373450e-01,-1.768377657561419553e-04,2.172459923779195782e-03,2.071405871125549421e-03
-1.555029965478689838e-02,9.119850357896974627e-05,7.812621839785123257e-01,4.557625225688775113e-04,-1.199334932738611685e-02,-1.815824010982920473e-03,9.999263246037660702e-01,2.519628891406965748e-02,-9.493758721992158695e-04,2.056840220693389662e-03,-3.594077542167371103e-02,-1.969476145403555034e-02,-2.747844859195679602e-04,2.394727968048596459e-02,-1.580005574470765006e-03,-1.104490516610992935e-04,-3.533216714828411181e-02,-2.188336267246060798e-02,-7.013614652829094865e-04,2.265060297625162526e-03,1.688870355496821735e-03,-6.375368691261744380e-02,5.215294061775789247e-01,3.050573576666957276e-01,2.222817309410325681e-03,5.043935135957654525e-01,3.233419170972844461e-04,1.928563026014571032e-03,-2.263150173342387116e-03,5.210829362723961022e-01,-3.067148543262977478e-01,-3.127915378798311070e-03,5.046234386302321795e-01,-1.903068985784061857e-04,2.010508828452207269e-03,1.976778116062391250e-03
-1.562478807572866522e-02,9.015220299223912037e-05,7.815000688618367608e-01,6.791957639885183411e-04,-1.148858882305413276e-02,-2.083838353490415074e-03,9.999316019796985477e-01,2.539240501395653021e-02,-8.792527097090096231e-04,2.167389423098624746e-03,-3.814220488702863704e-02,-2.167222319072022521e-02,-3.574147052194142412e-04,2.423047694471628169e-02,-2.471815566809766693e-03,-1.352885250696840309e-06,-3.788879467871948681e-02,-2.372266655485620254e-02,-7.185629281248694490e-04,2.892168110101497446e-03,1.074921937909314399e-03,-6.246463481826089459e-02,5.225702016946456308e-01,3.060999061068905291e-01,2.309246277306919223e-03,5.039600544631887002e-01,3.236317479860257164e-04,1.782929476709092494e-03,-2.261727176347650293e-03,5.219550811932006651e-01,-3.076610890394356757e-01,-3.272654248930932566e-03,5.041801526334847017e-01,-1.891689572843003610e-04,1.822584265696878050e-03,1.858657586098399952e-03
-1.570723300508876721e-02,7.887658511939643808e-05,7.818211889170512130e-01,9.174120694833303759e-04,-1.111648754503326980e-02,-2.243348222636365116e-03,9.999352726294381544e-01,2.578339298132347954e-02,-6.357155467080006150e-04,2.084182994515263940e-03,-4.015253741442555840e-02,-2.406929476204272556e-02,-3.209523773101532270e-04,2.489685688132541388e-02,-3.701594265522697470e-03,-1.468571532324206149e-04,-4.051489587222863176e-02,-2.580577890727540555e-02,-6.743346237994379518e-04,3.238866727945628222e-03,3.616683804522722191e-04,-6.073617322517976813e-02,5.235588683895814333e-01,3.071210039832258376e-01,2.427338290457559285e-03,5.035232376768216112e-01,3.203828324989518514e-04,1.596339143660635042e-03,-2.200634682507585961e-03,5.226844826667922383e-01,-3.085687681671813176e-01,-3.389611658592542320e-03,5.037825046143667995e-01,-1.883163028907987367e-04,1.637535384033630059e-03,1.743899877566140776e-03
-1.579282598812760050e-02,5.830939144033834111e-05,7.822241549270522176e-01,1.163742544477675998e-03,-1.081690761378059466e-02,-2.334620560465480374e-03,9.999380929636616511e-01,2.626240126440809036e-02,-2.033967633339725306e-04,1.746758865336672708e-03,-4.201747254171046136e-02,-2.670471356787783995e-02,-2.039785885418574519e-04,2.574735952438569897e-02,-5.196505527919958317e-03,-2.740643430207144503e-04,-4.313612963796576577e-02,-2.799341102685935778e-02,-5.844356644962733381e-04,3.404281469446429967e-03,-4.299581453110500094e-04,-5.872871567339009446e-02,5.245078297510490373e-01,3.081239272445259192e-01,2.560843233367100531e-03,5.030923266022557794e-01,3.159190069238915904e-04,1.394159976767365625e-03,-2.112452578070634236e-03,5.233264312960875797e-01,-3.094396271607370297e-01,-3.491501317313967789e-03,5.034109614856356885e-01,-1.878025322134921511e-04,1.460699805985964366e-03,1.635531652906444802e-03
-1.587189164110155287e-02,3.892827074795387294e-05,7.827024800645763225e-01,1.527276583587033019e-03,-1.065814174036393107e-02,-2.293792312700384042e-03,9.999394031428636698e-01,2.684804604222140734e-02,1.647838222233480527e-04,9.580515475134132077e-04,-4.342953788250220742e-02,-2.942505875418016670e-02,1.933626896475943314e-06,2.693824689502626393e-02,-7.243821092995884545e-03,-8.269318412713537285e-04,-4.568508625313842664e-02,-3.047722947761844978e-02,-4.157973625727195998e-04,2.933895673690912684e-03,-1.399965625378348909e-03,-5.645775715110772780e-02,5.253546195606962899e-01,3.090968588042988796e-01,2.758992380234896562e-03,5.026946145150844591e-01,2.956003836402461196e-04,1.175700245553056630e-03,-1.995465959843660368e-03,5.238004040705569464e-01,-3.102106885221094790e-01,-3.563036432631676038e-03,5.031631940820393556e-01,-1.908871930914655501e-04,1.294156515915263934e-03,1.535482136459184570e-03
-1.593836594736563680e-02,2.323274118847439969e-05,7.832539923277370697e-01,1.993111408985154872e-03,-1.059039026197099685e-02,-2.204041405002060434e-03,9.999395048414160270e-01,2.752719065366404649e-02,5.367168052833115122e-04,-1.350695983047159147e-04,-4.451722130424399376e-02,-3.213198287985395696e-02,2.496894293175047110e-04,2.828683917069329395e-02,-9.733863895828297544e-03,-1.400601318846893999e-03,-4.810658568366444482e-02,-3.306385249767453127e-02,-2.047054719892659348e-04,2.043421535825010790e-03,-2.504337082598512374e-03,-5.406237116778697671e-02,5.260929486846160907e-01,3.100491181606386815e-01,2.976499282640971897e-03,5.023326108221976005e-01,2.691924012705012768e-04,9.627010997771653141e-04,-1.870227200125424609e-03,5.241998836094600156e-01,-3.108893873935928975e-01,-3.627711642314788206e-03,5.029845253068202515e-01,-1.947997718912764583e-04,1.142750037971783806e-03,1.440885109535427425e-03
-1.601452886029166092e-02,1.458208945044967556e-05,7.838338408935984214e-01,2.528073999032869491e-03,-1.059597509765306499e-02,-2.183493894183545243e-03,9.999382813494041011e-01,2.804902266365073144e-02,7.799537524156930149e-04,-1.540704429533591149e-03,-4.490604963748300732e-02,-3.497003541685515804e-02,4.675672628308276900e-04,2.917094442328592441e-02,-1.234889748307329942e-02,-1.698498259571898372e-03,-4.946204154934069619e-02,-3.609860538033685812e-02,1.662186423522123689e-04,1.039008901823938128e-03,-3.660601219485274879e-03,-5.152660385878554683e-02,5.266728678606230618e-01,3.109629729745660431e-01,3.219530638550907858e-03,5.020435775706393322e-01,2.246091043694929646e-04,7.963952207144658901e-04,-1.791232606833290889e-03,5.244951854465096375e-01,-3.114793976002344089e-01,-3.694592021808119995e-03,5.029005209006404131e-01,-2.415873730876661244e-04,1.047296188687098142e-03,1.314573144651515896e-03
-1.609110515196853983e-02,1.409240144917377942e-05,7.844379595507848801e-01,3.121319005047264693e-03,-1.068432625210574693e-02,-2.231519016363997781e-03,9.999355593552454735e-01,2.855015718188097171e-02,9.552651992481584007e-04,-3.157222887490551862e-03,-4.479103754805555809e-02,-3.783078111654195747e-02,6.507714018355407202e-04,2.976432962864227968e-02,-1.507927247710436590e-02,-1.629825002445542143e-03,-5.001229740738526164e-02,-3.932695872620707578e-02,6.339078930419891683e-04,-5.767933395727691329e-05,-4.841487073897082251e-03,-4.886331829257031106e-02,5.271174583051052576e-01,3.118487082029939850e-01,3.459131018563487391e-03,5.018008086460742367e-01,1.735254490490185128e-04,6.687171789064373954e-04,-1.739923304249686199e-03,5.247520022183125299e-01,-3.119956269410769645e-01,-3.766875667507226834e-03,5.028650191759623800e-01,-3.055881802542186445e-04,9.909487334120524026e-04,1.175331021142445162e-03
-1.616072364246986387e-02,2.948588258097107156e-05,7.850368852062796776e-01,3.805988645733936974e-03,-1.073217163881159605e-02,-2.324547646944193253e-03,9.999324634296966607e-01,2.880184635279237418e-02,9.387746955143073556e-04,-4.828341174916483958e-03,-4.435442237874100135e-02,-4.074253393917817018e-02,7.369462612676295349e-04,2.983914931444142313e-02,-1.791687920120572583e-02,-1.145472384595718797e-03,-4.982626786981381867e-02,-4.257831899951564775e-02,1.122657648503398329e-03,-1.120063854946280789e-03,-6.090456820488026647e-03,-4.635407722267598229e-02,5.275408152931443384e-01,3.127440675426554351e-01,3.663210593308241156e-03,5.015461874215020321e-01,1.492936990416637421e-04,5.461066050258707449e-04,-1.715705493639874731e-03,5.250369837080927082e-01,-3.124454892191421140e-01,-3.816338131249582665e-03,5.028378360354759380e-01,-3.522249490754086432e-04,9.328675992318517319e-04,1.103624531198814634e-03
-1.622059996413897226e-02,6.157385614928231627e-05,7.856270994808401964e-01,4.564828733170858167e-03,-1.077651922999029767e-02,-2.438973427155051443e-03,9.999285376368377554e-01,2.893874130325164995e-02,8.026780217560428509e-04,-6.511568459224735192e-03,-4.370489244377294413e-02,-4.359628673161465573e-02,7.144931971401042269e-04,2.961262356244729818e-02,-2.085097086128133090e-02,-3.076092086120752345e-04,-4.911059554631280744e-02,-4.578261159601559882e-02,1.603820736661101852e-03,-2.179663279884286840e-03,-7.365389286230965976e-03,-4.392136531159730045e-02,5.279284283686187518e-01,3.136418938780385912e-01,3.831220545804818640e-03,5.012748056106847150e-01,1.392962234436016908e-04,4.297055239179473898e-04,-1.709292847627636542e-03,5.253683111777542880e-01,-3.128397828824765470e-01,-3.849115551304595467e-03,5.027931486307322118e-01,-3.881310690596035231e-04,8.743028720031591119e-04,1.068450368533523445e-03
-1.626984661357476145e-02,9.712304743926952484e-05,7.861770137971497707e-01,5.313283835582852284e-03,-1.076066745704906333e-02,-2.612691184909777479e-03,9.999245726031210646e-01,2.908133540610482320e-02,6.237425474444339068e-04,-7.906188970556123075e-03,-4.319226854415551126e-02,-4.686601218240690758e-02,7.047055838063167894e-04,2.900649188238029960e-02,-2.359471120575365802e-02,1.049261380514008874e-03,-4.801428896031149224e-02,-4.871332540596193250e-02,2.125943701218495959e-03,-3.082729264307019178e-03,-8.597921487328415158e-03,-4.162588635608559240e-02,5.283481160152820877e-01,3.145504968133651658e-01,3.941788204834863370e-03,5.009260837521075649e-01,1.462651841547594719e-04,3.549707633908543531e-04,-1.670972502032148444e-03,5.257918288435374787e-01,-3.131891965657705446e-01,-3.903560917488943256e-03,5.026450238372985879e-01,-3.706382681298499857e-04,8.482506707583573231e-04,1.076228926492592318e-03
-1.630882255695275881e-02,1.355972119425667916e-04,7.866826373494280045e-01,6.039468384421885043e-03,-1.070477505447597205e-02,-2.801230656189192866e-03,9.999205397027696174e-01,2.924410943586505662e-02,4.414490526417492577e-04,-9.185970659377410211e-03,-4.280825297894046144e-02,-5.045249066280522998e-02,7.105194125778500902e-04,2.816564149648318263e-02,-2.616914670123947351e-02,2.695740068371073848e-03,-4.667282987404538369e-02,-5.141051225521797025e-02,2.660333765301770275e-03,-3.913230867747750572e-03,-9.763590046813350881e-03,-3.941695080397240175e-02,5.287852767711762603e-01,3.154636134165627603e-01,4.013330420010062169e-03,5.005098741235237680e-01,1.614127533480602227e-04,2.968788555635472944e-04,-1.621268344390617514e-03,5.262990224742316592e-01,-3.135033903677312828e-01,-3.969899996215243802e-03,5.024069867525553512e-01,-3.280572649001834199e-04,8.298778401428612284e-04,1.103674847460637490e-03
-1.633455712753103042e-02,1.777622065823282124e-04,7.871203292767917636e-01,6.763675650135230616e-03,-1.060245562616504884e-02,-2.958608665133726900e-03,9.999165401478076198e-01,2.935178851507484060e-02,3.632681372715352089e-05,-1.057382716322493796e-02,-4.245902844454554903e-02,-5.445161579891829445e-02,6.542635181191116134e-04,2.703307094431305763e-02,-2.861311130232451275e-02,4.405470149057148441e-03,-4.500365514532073813e-02,-5.378877850988127846e-02,3.190781822390947181e-03,-4.704480459803879466e-03,-1.096538800006793997e-02,-3.735519656457053639e-02,5.293182782827172694e-01,3.164374062240025154e-01,4.069495735950937575e-03,4.999700111479711828e-01,1.544780622390346122e-04,2.033932926389834216e-04,-1.610660989131973246e-03,5.268917690314147695e-01,-3.137879762724422039e-01,-3.979816534134773473e-03,5.020707531463252105e-01,-3.219464922603056892e-04,7.657636810387882234e-04,1.126006920132050339e-03
-1.634741695147904489e-02,2.264432525621877437e-04,7.874865711290002235e-01,7.458501087397875588e-03,-1.047625859531528189e-02,-3.062812451069586456e-03,9.999126151555762787e-01,2.945145014224430022e-02,-4.981704169029988133e-04,-1.206438215179027329e-02,-4.216343532337128025e-02,-5.879904801785985208e-02,5.652144418369693278e-04,2.573943004033133267e-02,-3.089026922841654754e-02,6.121395374035606268e-03,-4.312338497535954385e-02,-5.584035146530912097e-02,3.706842435190049918e-03,-5.486801288839655670e-03,-1.213199371478784067e-02,-3.538483368103915311e-02,5.299118379475693530e-01,3.174469217925101061e-01,4.112442566522427935e-03,4.993384762659334175e-01,1.384589902898568663e-04,8.106184057625969537e-05,-1.622579388903581726e-03,5.275704905522647925e-01,-3.140611532266505690e-01,-3.955286628986939487e-03,5.016353860422487765e-01,-3.325103361227390707e-04,6.659062629746214258e-04,1.146568921409922689e-03
-1.634677171378554061e-02,2.799827764186516108e-04,7.877707479904220156e-01,8.151206358474929678e-03,-1.032215379679934236e-02,-3.090695455244344032e-03,9.999087251231986162e-01,2.949183057631242846e-02,-1.236478266953290259e-03,-1.365286626447057526e-02,-4.186086188242234274e-02,-6.355613694223993804e-02,3.955047911917780818e-04,2.423833648272651770e-02,-3.302255805970039093e-02,7.962194976202294910e-03,-4.100729343947347172e-02,-5.725571297901418250e-02,4.221899277490965413e-03,-6.307955966213590546e-03,-1.331336888714364751e-02,-3.353441802114167508e-02,5.306255124713177285e-01,3.185251278564706356e-01,4.157474753635348984e-03,4.985537158206002628e-01,1.207176903952687894e-04,-7.151233528252228856e-05,-1.639356106376250923e-03,5.283351024150294561e-01,-3.143360973308026440e-01,-3.881110537585929880e-03,5.010580156899713256e-01,-3.440061083556093693e-04,5.344571681224084738e-04,1.167775509998325491e-03
-1.633278008192730335e-02,3.424670592354164302e-04,7.879718851073375108e-01,8.809027035806197073e-03,-1.016084566445566578e-02,-3.020807206908805546e-03,9.999050119795803715e-01,2.951767952623035249e-02,-2.075844744578078313e-03,-1.530125726182336374e-02,-4.158473455665537971e-02,-6.859629095150458766e-02,1.946471809673664939e-04,2.264488187390828119e-02,-3.496779601244724700e-02,9.852874261791384758e-03,-3.874116352857139012e-02,-5.808347646779492973e-02,4.723962601986020013e-03,-7.186290858522940798e-03,-1.442286684360514180e-02,-3.175530061689015027e-02,5.314044713656983498e-01,3.196403055258937864e-01,4.200731895548486146e-03,4.976779704841317598e-01,1.042857728189930806e-04,-2.501357285637469466e-04,-1.660208871753477387e-03,5.291874611950855289e-01,-3.146290430183958375e-01,-3.788365557752115028e-03,5.003625608604496122e-01,-3.548536837808060913e-04,3.711365735192538899e-04,1.189128077223319119e-03
-1.630944109395199987e-02,4.126782294898335849e-04,7.880871794285302379e-01,9.400349604523504723e-03,-9.986155432630606718e-03,-2.854998156446892851e-03,9.999018747419745612e-01,2.948657712071642636e-02,-2.909137508991598876e-03,-1.700746003123937769e-02,-4.131943776266561869e-02,-7.375716414984087588e-02,-3.660782582543247593e-05,2.094801497899700243e-02,-3.661593476204973857e-02,1.192026969923061161e-02,-3.633666282476291642e-02,-5.833532629137491710e-02,5.189860562945618205e-03,-8.174890333409789989e-03,-1.539474624941122340e-02,-3.002663641741610753e-02,5.322639299746881880e-01,3.207899821451377642e-01,4.247209767647763985e-03,4.967024625457943099e-01,8.855712737627425462e-05,-4.643112536738371651e-04,-1.680300906816699661e-03,5.301204618271488922e-01,-3.149718992540903595e-01,-3.681969608231894318e-03,4.995296469959724650e-01,-3.595436731120835237e-04,1.700860619275395235e-04,1.209959606895355836e-03
-1.627645502707718989e-02,4.928576841130715043e-04,7.881188106408661964e-01,9.913115978472154116e-03,-9.812845453921482594e-03,-2.576933273118413737e-03,9.998993937444913271e-01,2.942756426071860623e-02,-3.690325387306834983e-03,-1.875010818202034815e-02,-4.109057587919132809e-02,-7.889662221637858130e-02,-2.562993262898374683e-04,1.923256578577632256e-02,-3.798011278264496610e-02,1.406316016437347827e-02,-3.386103348750664488e-02,-5.803247284674486334e-02,5.620913928261197894e-03,-9.278532062246014692e-03,-1.619648844531194898e-02,-2.831831866941531689e-02,5.331504567625976465e-01,3.219572123682010734e-01,4.293485029696299769e-03,4.956875642039226815e-01,7.517628616555791117e-05,-7.008396381658290762e-04,-1.701321051512674765e-03,5.311292522904920155e-01,-3.153591445116891157e-01,-3.588115032764760751e-03,4.986109840658566328e-01,-3.609929470613539026e-04,-6.429669792822000052e-05,1.228497944554090594e-03
-1.623662416826129537e-02,5.826633679641392760e-04,7.880687655085393262e-01,1.031254434429646448e-02,-9.635387948310359524e-03,-2.200801297331594734e-03,9.998979783967376633e-01,2.930510417120953809e-02,-4.314664939707332954e-03,-2.055421438745991952e-02,-4.091460734062348642e-02,-8.363119763562752718e-02,-5.033813129995932684e-04,1.749134199660017791e-02,-3.898539760160382034e-02,1.628362046332255259e-02,-3.131800082619615178e-02,-5.729290082838250919e-02,6.014638518572734335e-03,-1.052057011399180723e-02,-1.677466228362202091e-02,-2.661810422386408706e-02,5.340575193725451975e-01,3.231340211934498607e-01,4.342716992825958536e-03,4.946433900293132346e-01,5.984797511722420846e-05,-9.640014784284473871e-04,-1.718330420563546346e-03,5.322134700434477672e-01,-3.158115220920665323e-01,-3.518387768878534182e-03,4.976065774809001474e-01,-3.556260826400455769e-04,-3.414739168563128919e-04,1.246801242604564765e-03
-1.618943415322054644e-02,6.816691664901743846e-04,7.879428102245786825e-01,1.061033203538050591e-02,-9.465382384338813862e-03,-1.722244084171289675e-03,9.998974253720891436e-01,2.913925705089402338e-02,-4.795187257572498286e-03,-2.239498610316783059e-02,-4.079396717925111437e-02,-8.787616215382593188e-02,-7.385222865120052299e-04,1.578295181363262301e-02,-3.969165883547734475e-02,1.850050151539388288e-02,-2.875878527984271696e-02,-5.610446032407836320e-02,6.377626112274596692e-03,-1.188742152837735273e-02,-1.715917255239631303e-02,-2.490692729336354411e-02,5.349414325948717019e-01,3.243181777069675253e-01,4.397656391076581496e-03,4.936224532611303006e-01,4.545258245951415069e-05,-1.237228022555417108e-03,-1.733807106094023076e-03,5.333541982042806495e-01,-3.163019605089364972e-01,-3.485640062327390997e-03,4.965883892236086505e-01,-3.476960400612653262e-04,-6.466270012156157031e-04,1.261421962192882428e-03
-1.613753858398096763e-02,7.907063140839933665e-04,7.877513733688109587e-01,1.076442501277628978e-02,-9.292321556450527237e-03,-1.147735856825420715e-03,9.998982261293595242e-01,2.883264492394787062e-02,-5.030351646445974621e-03,-2.432068351733824088e-02,-4.061312855687655710e-02,-9.148395371662411402e-02,-9.777955978220256601e-04,1.406750698076722830e-02,-4.007062159764931270e-02,2.049881546107019253e-02,-2.612780120897461103e-02,-5.470953045429460121e-02,6.689149643637566124e-03,-1.342061424668639959e-02,-1.725801620753910151e-02,-2.319417073507956673e-02,5.357716198437760813e-01,3.254722312047356736e-01,4.449476736567234240e-03,4.926936366735083506e-01,3.640478579065133731e-05,-1.527237993452063968e-03,-1.752389582798866705e-03,5.345313502277860840e-01,-3.168594138556505291e-01,-3.503493563445762588e-03,4.955977137279223288e-01,-3.420351385877343068e-04,-9.825545580098335018e-04,1.265482142340645846e-03
-1.607981960987797318e-02,9.070768886132212416e-04,7.875013030309263584e-01,1.080384506653407801e-02,-9.131221433555998523e-03,-4.952097722998716591e-04,9.998998212292030674e-01,2.844160419506871693e-02,-5.071524651692410103e-03,-2.628830869707533824e-02,-4.040683430755092481e-02,-9.439422718056232620e-02,-1.195913731671344443e-03,1.239917936619145192e-02,-4.019399934124406187e-02,2.228499349746939501e-02,-2.347682955139549638e-02,-5.305900479758132032e-02,6.961523609927527598e-03,-1.506984074095404566e-02,-1.714777984771943473e-02,-2.145519955900557912e-02,5.365253157143020646e-01,3.266081322929171860e-01,4.505638510511962742e-03,4.918743304286036788e-01,3.111695247409317929e-05,-1.810452981536266048e-03,-1.772288269142280629e-03,5.357223464478452213e-01,-3.174439878368963130e-01,-3.571808491564979794e-03,4.946950043732906144e-01,-3.384426117832910696e-04,-1.326099129463428547e-03,1.260244245306978280e-03
-1.601679397214981690e-02,1.030367994261763330e-03,7.872032744740442567e-01,1.070332168803812128e-02,-8.976035987043988473e-03,2.072113231173782367e-04,9.999024086110955833e-01,2.793017885201953474e-02,-4.854771733125822115e-03,-2.832847629253507082e-02,-4.012441608682037336e-02,-9.654911916153800788e-02,-1.473594336448091988e-03,1.073247998478728954e-02,-4.000277753428865823e-02,2.386700431070785250e-02,-2.074276580118709218e-02,-5.132868188722393421e-02,7.197461219940837727e-03,-1.680783178320267510e-02,-1.675504845340960308e-02,-1.970249132681817922e-02,5.371751015333355861e-01,3.276892532219007892e-01,4.559968550333466479e-03,4.912084825684903122e-01,2.988012615716528612e-05,-2.085701024099308187e-03,-1.789174694936261677e-03,5.369165189341797984e-01,-3.180757085968007325e-01,-3.698418201006180642e-03,4.939045874591105889e-01,-3.334726670883780483e-04,-1.676242315521871530e-03,1.247889830443455177e-03
-1.594674548151292851e-02,1.156860543760561324e-03,7.868647825974847132e-01,1.049953060807002486e-02,-8.840282312582875904e-03,9.424240336231228150e-04,9.999053560725565948e-01,2.735386995478579497e-02,-4.451844629543708770e-03,-3.039865872971749330e-02,-3.979754391109038142e-02,-9.792735103032638999e-02,-1.766976739517675792e-03,9.122557499170361184e-03,-3.958350074920070905e-02,2.525664881920353794e-02,-1.798499679184424951e-02,-4.946137051392945905e-02,7.411632559949877727e-03,-1.859455160727812792e-02,-1.617713359561849529e-02,-1.791734249485653005e-02,5.377160324578487138e-01,3.287331633588850832e-01,4.622654645578597003e-03,4.906941615135381185e-01,3.119780076055036295e-05,-2.334964650379388936e-03,-1.803370315978637889e-03,5.380909491490785124e-01,-3.187117786677384768e-01,-3.872967451238332019e-03,4.932734502504013130e-01,-3.290867945911172144e-04,-2.010008615706107386e-03,1.228578386835942537e-03
-1.586986487517145009e-02,1.275423233853612828e-03,7.864853569461320859e-01,1.020661249851008076e-02,-8.720334036022492005e-03,1.675996971216313445e-03,9.999084817470843545e-01,2.667906393919848920e-02,-3.862906784492000159e-03,-3.245479903560120200e-02,-3.934855340026668230e-02,-9.858082271674369068e-02,-2.100493759313568336e-03,7.489908264142797027e-03,-3.897037726275228570e-02,2.641078994645535555e-02,-1.514910679065482879e-02,-4.726245181241659626e-02,7.588314206332363171e-03,-2.037680272612014259e-02,-1.543745542554914724e-02,-1.611963748077699723e-02,5.381740860445299868e-01,3.297547459424511329e-01,4.692022061007209387e-03,4.902853319858443415e-01,2.616799149851483031e-05,-2.556226048966054286e-03,-1.813187835250157625e-03,5.392561364187263839e-01,-3.193483269091911825e-01,-4.090045345358027384e-03,4.927658737647990228e-01,-3.235915484218058785e-04,-2.327664319443890732e-03,1.197179600426868636e-03
-1.578374074540628627e-02,1.384025399044912013e-03,7.860746596962789878e-01,9.847938403777456440e-03,-8.630979424292316987e-03,2.396605266373324009e-03,9.999113863670977542e-01,2.596971854994733001e-02,-3.137415301340744627e-03,-3.448060697140500203e-02,-3.881483941997253273e-02,-9.850720307459377711e-02,-2.440276636370544271e-03,5.901872314118742149e-03,-3.821367954040406911e-02,2.735866292996183904e-02,-1.228502665942127550e-02,-4.476459633837628210e-02,7.747615176472686521e-03,-2.213102035127763670e-02,-1.459739769887024100e-02,-1.429161380238286143e-02,5.385400313532739958e-01,3.307531340259269870e-01,4.778648829386979158e-03,4.900058282859451331e-01,1.933941793617324081e-05,-2.744730804711909868e-03,-1.819102916938907790e-03,5.403877918738220210e-01,-3.199557164264599241e-01,-4.339255811441218233e-03,4.924291411376882088e-01,-3.188020733679907477e-04,-2.613714664269841011e-03,1.157575010479345353e-03
-1.568779787686847352e-02,1.478257651340284841e-03,7.856380082870897397e-01,9.442737417289997354e-03,-8.581737065659754415e-03,3.089375530049408985e-03,9.999138184152871478e-01,2.517351256560173417e-02,-2.302284456338511177e-03,-3.644363017455633930e-02,-3.804547580338386858e-02,-9.777641820722342281e-02,-2.811921075859417050e-03,4.284302736522672961e-03,-3.734538454970530441e-02,2.814583719991240948e-02,-9.241919120223629144e-03,-4.196163059018134106e-02,7.936088562744037997e-03,-2.385700754479942384e-02,-1.369672641428773020e-02,-1.245379848154810898e-02,5.388316911332147185e-01,3.317377030998738263e-01,4.879231903341656185e-03,4.898312226994291918e-01,1.447752876698886548e-05,-2.924791617549918257e-03,-1.822094608563178380e-03,5.414730083411887218e-01,-3.205321678690041254e-01,-4.600066420903234019e-03,4.922462293540709743e-01,-3.213415922244452637e-04,-2.882830787378734116e-03,1.117545341703614142e-03
-1.557788623963727269e-02,1.558645177466300331e-03,7.851858571088946581e-01,8.996242272011543278e-03,-8.587331147446969695e-03,3.749402477034752181e-03,9.999156301157684501e-01,2.437503547128461873e-02,-1.372580240749202455e-03,-3.834701152494372767e-02,-3.709480627716132961e-02,-9.645219073920160979e-02,-3.169875620873666665e-03,2.733441855075133178e-03,-3.637896970113444622e-02,2.878509006815887714e-02,-6.094586433238013967e-03,-3.896297922057333912e-02,8.162744921467325609e-03,-2.554008307670434241e-02,-1.274755887447765954e-02,-1.059468150133090550e-02,5.390370451303920785e-01,3.326906991359073196e-01,4.996542852798357623e-03,4.897924479366372319e-01,1.211740327357750847e-05,-3.081756718868561198e-03,-1.822358558709851004e-03,5.425042368556245442e-01,-3.210637382646003291e-01,-4.870639367570523022e-03,4.922460972564332016e-01,-3.280427099155256310e-04,-3.117293825840896249e-03,1.076505419483794659e-03
-1.545390535302592662e-02,1.615810486261083341e-03,7.847249403906043641e-01,8.491077695214569593e-03,-8.641497931493864401e-03,4.365093539543521417e-03,9.999170825980856492e-01,2.356105972360550763e-02,-2.937542462762830243e-04,-4.022581337418527220e-02,-3.592163533964780331e-02,-9.467106825159807282e-02,-3.564033366836088720e-03,1.152553068237737897e-03,-3.529856260403239215e-02,2.915732140477687168e-02,-2.710634549987378517e-03,-3.581287715526937365e-02,8.438755926754103187e-03,-2.718089057251967672e-02,-1.169842290378720132e-02,-8.739083997852463773e-03,5.391786168444780980e-01,3.335970712814694816e-01,5.116661380921146834e-03,4.898609659216490719e-01,1.340604459056065812e-05,-3.222865406835734043e-03,-1.818123127235285073e-03,5.434978800595808845e-01,-3.215758028340363062e-01,-5.151276893642497447e-03,4.923848621717585305e-01,-3.339787832105955740e-04,-3.325043970629293268e-03,1.034041596048792654e-03
-1.531108826109101907e-02,1.651468658613442549e-03,7.842651215227928185e-01,7.923306169970374332e-03,-8.755252942405540584e-03,4.937450940069327415e-03,9.999180908171766413e-01,2.280533438014671274e-02,9.364791599254084636e-04,-4.208768884479398287e-02,-3.457755094151393482e-02,-9.251024905035788726e-02,-3.923160746040918467e-03,-3.493726314279992171e-04,-3.407909768568998660e-02,2.931880202898614479e-02,8.130042924550415044e-04,-3.266197394132948351e-02,8.756460745823535508e-03,-2.877488499713629772e-02,-1.053823976971719582e-02,-6.885034907446131204e-03,5.392472891335691187e-01,3.344340250308931450e-01,5.238935104172839745e-03,4.900635679886946594e-01,1.783396158790791550e-05,-3.336200956593433908e-03,-1.811284810226077230e-03,5.444542067419734233e-01,-3.220627631025874127e-01,-5.442664089890792561e-03,4.926855642272231495e-01,-3.399451486724017267e-04,-3.494587762121977026e-03,9.901688140715612842e-04
-1.515077588010679821e-02,1.659572420071652376e-03,7.838140524584076285e-01,7.292976827620445759e-03,-8.915828512418217874e-03,5.464102948046929351e-03,9.999187287324424744e-01,2.209867872442190448e-02,2.340839257074132321e-03,-4.388379948671592562e-02,-3.306209059949429679e-02,-9.014043873295432552e-02,-4.232619002637188176e-03,-1.860700607552610722e-03,-3.272834433293444339e-02,2.918611295428409982e-02,4.569086812116904955e-03,-2.953954908606096219e-02,9.123582208238591174e-03,-3.028421482427754580e-02,-9.268416001714123442e-03,-5.053833433622609804e-03,5.392586601310541683e-01,3.352074130245503714e-01,5.351238179721374416e-03,4.903586829099301769e-01,1.941619910634437274e-05,-3.425899432790420300e-03,-1.802583750786655465e-03,5.454054833974926186e-01,-3.225335854536278135e-01,-5.748562682701160824e-03,4.931038119436138567e-01,-3.424276029900570487e-04,-3.639257740085207436e-03,9.427714030612843439e-04
-1.496845055810028247e-02,1.640762327976437495e-03,7.833770409554516867e-01,6.601703003130471141e-03,-9.128905670951257753e-03,5.952278786678428212e-03,9.999188221930601639e-01,2.149083243936514634e-02,3.911657844405275544e-03,-4.563886315121548631e-02,-3.141755036143755592e-02,-8.762617063388923599e-02,-4.487785441139552182e-03,-3.280552413123792501e-03,-3.122667871161966674e-02,2.884370597102070208e-02,8.451217795181834025e-03,-2.655505195132135815e-02,9.510566768559970685e-03,-3.172230224691508643e-02,-7.893779937712536166e-03,-3.252495138698624846e-03,5.392218545365161653e-01,3.359072107382998773e-01,5.455674004962036625e-03,4.907463097164739274e-01,2.048071252348306634e-05,-3.487200880764395206e-03,-1.793148479644537680e-03,5.463563500737097511e-01,-3.229850458394307178e-01,-6.062764871265037547e-03,4.936443515210610089e-01,-3.435729657912293218e-04,-3.749391348370803914e-03,8.936503335713192860e-04
-1.477018681098249582e-02,1.588044620047073408e-03,7.829663378656847028e-01,5.833309126869982465e-03,-9.382732146982363311e-03,6.396439750697778537e-03,9.999185078798199511e-01,2.094877778043793826e-02,5.737685196554635596e-03,-4.727051987426821034e-02,-2.961498268375439141e-02,-8.515600832294333011e-02,-4.732302149813855628e-03,-4.722182712804732022e-03,-2.950890882311204763e-02,2.817868846763772403e-02,1.254577317162638463e-02,-2.351835665666252018e-02,9.927631471325314844e-03,-3.307255035499541418e-02,-6.378562496354043751e-03,-1.498653429332226852e-03,5.391545649395421691e-01,3.365255338895136172e-01,5.555000961634361592e-03,4.912165691443963755e-01,1.990225363083731721e-05,-3.531105644916722117e-03,-1.778125326901808332e-03,5.473019853468281681e-01,-3.234293221972393551e-01,-6.380976114421399448e-03,4.943054022653534108e-01,-3.445252996371470566e-04,-3.833874563068280505e-03,8.462446348173618830e-04
-1.455160251067034831e-02,1.500793660316735367e-03,7.825821586365054872e-01,5.006454948729112224e-03,-9.681831696355122988e-03,6.811656181034034252e-03,9.999173960302534248e-01,2.051659061416642379e-02,7.764691200831794551e-03,-4.882235138942251501e-02,-2.769926719070222795e-02,-8.279308867637320823e-02,-4.951291691263361681e-03,-6.083049897093022358e-03,-2.761062868561879949e-02,2.732449459398432479e-02,1.674900663130017564e-02,-2.058422688894307948e-02,1.034560960821102708e-02,-3.436300777436376158e-02,-4.769716133278640094e-03,2.005651181213213060e-04,5.390795060883143419e-01,3.370753531603258302e-01,5.647591511336045970e-03,4.917389149642312773e-01,1.858005511061539336e-05,-3.552820830758360911e-03,-1.760785562932380569e-03,5.482592911082034837e-01,-3.238571729097169949e-01,-6.696114872832145508e-03,4.950646697108371797e-01,-3.456690346223553843e-04,-3.884920577893197745e-03,8.006406990895921288e-04
-1.431991151723032048e-02,1.381191436203699826e-03,7.822293045607503492e-01,4.145568083115443864e-03,-1.000860341177644761e-02,7.215117097812382384e-03,9.999152885161223248e-01,2.010237523140478641e-02,9.925961921895780707e-03,-5.034697183704397311e-02,-2.558823412035123729e-02,-8.068088731612739484e-02,-5.187801549575179333e-03,-7.425580661744334010e-03,-2.559457498536156853e-02,2.647716423420768198e-02,2.109213016737234922e-02,-1.777683470694176038e-02,1.077966025122289832e-02,-3.565255394995240495e-02,-3.120594070787365091e-03,1.833291047734964983e-03,5.390233835917221938e-01,3.375804101037657157e-01,5.741059311556833897e-03,4.922808267915652070e-01,7.378766771704198030e-06,-3.554105873039291579e-03,-1.741735325380642466e-03,5.492371605881227747e-01,-3.242645061610229806e-01,-7.004189131142301954e-03,4.959018559657495939e-01,-3.484635860018738440e-04,-3.907145292086885817e-03,7.497782421826021957e-04
-1.407130784304697589e-02,1.229094290246996379e-03,7.819073657711098635e-01,3.258704229934286743e-03,-1.036818914976698515e-02,7.611107082013107011e-03,9.999119724003127097e-01,1.976570991158079285e-02,1.220081016289689332e-02,-5.185512239314720578e-02,-2.335519302025721583e-02,-7.883397767773522857e-02,-5.424675219749965083e-03,-8.665373040754296291e-03,-2.347442497684843615e-02,2.561396667035226865e-02,2.547689878856759793e-02,-1.514789773420023231e-02,1.120591358285806180e-02,-3.694185475844196515e-02,-1.451488332933661019e-03,3.397015606217690820e-03,5.389959884931139200e-01,3.380490343853392310e-01,5.830447411002202644e-03,4.928281754811817406e-01,-7.828274385010797781e-06,-3.537487193869872596e-03,-1.722963954479901031e-03,5.502556311021126190e-01,-3.246468965241997573e-01,-7.304223762770349800e-03,4.967955823797214898e-01,-3.519618884497267928e-04,-3.899916310191662520e-03,6.972456296985025254e-04
-1.380726164369667185e-02,1.046083687939273858e-03,7.816138882217940065e-01,2.325744986719909153e-03,-1.075597599806538650e-02,7.970360933574675150e-03,9.999076823573141981e-01,1.952897090858766657e-02,1.457554344445041034e-02,-5.350043171218526322e-02,-2.105425916313526796e-02,-7.715090837558354064e-02,-5.640105536888079425e-03,-9.853430812648597548e-03,-2.119325360292341476e-02,2.461590048467487621e-02,2.994392276939825820e-02,-1.271149279257166066e-02,1.162213302667533879e-02,-3.817719390860646600e-02,2.908202686717673534e-04,4.895632757915947472e-03,5.390093720617454842e-01,3.384951058747673880e-01,5.893296389767669653e-03,4.933501742295760550e-01,-1.709912940718558995e-05,-3.515409739692111103e-03,-1.710873112660443816e-03,5.513531280381660515e-01,-3.250386469342452789e-01,-7.595658570892830329e-03,4.976817601035227190e-01,-3.600624359865942895e-04,-3.884556071899482408e-03,6.453482963310212600e-04
-1.352461057403296814e-02,8.308092217179896240e-04,7.813485578191886605e-01,1.364181981974570568e-03,-1.117091051808467503e-02,8.294373358342261096e-03,9.999022717927540382e-01,1.942105867989534981e-02,1.702723380748856138e-02,-5.523965856952981618e-02,-1.872633761132287689e-02,-7.568605875579373365e-02,-5.828443299950113350e-03,-1.093239633009078504e-02,-1.878744374413667678e-02,2.353316747265313258e-02,3.440584133813397172e-02,-1.048182480988859092e-02,1.201007624323045982e-02,-3.936381634999176760e-02,2.060679593289992811e-03,6.313444353482669871e-03,5.390798271150526455e-01,3.389280139669229586e-01,5.939418025754644205e-03,4.938383488633336649e-01,-2.306616445806630822e-05,-3.489908994465711067e-03,-1.703682580734545721e-03,5.525304808816761115e-01,-3.254277934458168486e-01,-7.874002659192502404e-03,4.985642877469086409e-01,-3.704194284828692812e-04,-3.858182259540596411e-03,5.961476188895379214e-04
-1.323748348708929726e-02,5.969861202403468469e-04,7.811118592190016141e-01,4.093596814133903757e-04,-1.157442850567407498e-02,8.604960163176748195e-03,9.998959044270606666e-01,1.927334483549533045e-02,1.939681518793549830e-02,-5.723705656288993054e-02,-1.628821813483275968e-02,-7.442373262202034434e-02,-6.027083703525224975e-03,-1.203244110422159278e-02,-1.636370016564429875e-02,2.241462356823723315e-02,3.890963858063581360e-02,-8.459815365654745067e-03,1.236779637344473382e-02,-4.053494655190831297e-02,3.786223692018097359e-03,7.604947864595047388e-03,5.392244297505296435e-01,3.393807574930026716e-01,5.967851966315415417e-03,4.942716258207263680e-01,-3.381634535753127199e-05,-3.464966018553266008e-03,-1.700159933505053121e-03,5.537951948371910849e-01,-3.258052103805559874e-01,-8.148711704350677931e-03,4.994325265410994863e-01,-3.768029877159296366e-04,-3.826956111128475627e-03,5.496232250015574850e-04
-1.294419504773857386e-02,3.437978152248696135e-04,7.809032273102068933e-01,-5.309145605096074298e-04,-1.197920764473552578e-02,8.891893435817626451e-03,9.998885692641260592e-01,1.916256097453399726e-02,2.170334028199743040e-02,-5.938880528330058722e-02,-1.381002734211040153e-02,-7.338969668302912364e-02,-6.230421375750605853e-03,-1.308161684938234821e-02,-1.393469322832333393e-02,2.128623883122154892e-02,4.337692613215272941e-02,-6.626819349841758799e-03,1.268470534438907900e-02,-4.167238383527843704e-02,5.446011538374907757e-03,8.792605500906576846e-03,5.394451888033920950e-01,3.398541596569039647e-01,5.990154155558850661e-03,4.946521019319831680e-01,-4.610127159138597533e-05,-3.443150473824919261e-03,-1.699432297488391629e-03,5.551403832644932201e-01,-3.261662844455452404e-01,-8.414721775123508787e-03,5.002866082702951411e-01,-3.811970938401043640e-04,-3.787993194064450623e-03,5.059528337438500521e-04
-1.265407054760108070e-02,8.780460181942868455e-05,7.807176506276610750e-01,-1.441709379715318436e-03,-1.236649161697572774e-02,9.181248639579156490e-03,9.998803408571302898e-01,1.895765316999193512e-02,2.391230308288796319e-02,-6.158939451084447653e-02,-1.122356180405130639e-02,-7.240185895772492664e-02,-6.481730032117934831e-03,-1.414864843479107272e-02,-1.156846131353503337e-02,2.008481407290706872e-02,4.784658644827785579e-02,-5.009390479887654637e-03,1.298448438879651681e-02,-4.275692013534764663e-02,7.017606518023479165e-03,9.888958323087554750e-03,5.397395402535476450e-01,3.403797359710128978e-01,5.997628025955851691e-03,4.949735891665364984e-01,-6.149583528079106021e-05,-3.428736364651689423e-03,-1.704894543783852133e-03,5.565766701937157057e-01,-3.265218199153617218e-01,-8.686939395450274382e-03,5.010907054481744671e-01,-3.865112676316479357e-04,-3.763325105753961668e-03,4.511661108226943068e-04
-1.236567317566485309e-02,-1.716676531675599368e-04,7.805554146996611653e-01,-2.316252079111704148e-03,-1.275106223055577116e-02,9.459613251467395914e-03,9.998712722673014364e-01,1.874486844982063000e-02,2.602762004360749393e-02,-6.378428756529311294e-02,-8.598115152571099776e-03,-7.150591663180366764e-02,-6.769386410554955116e-03,-1.516772266868710722e-02,-9.276079862001757742e-03,1.883701516758794908e-02,5.225340231559354870e-02,-3.579669267569860532e-03,1.326508933219065073e-02,-4.377084304130416520e-02,8.482415396142691660e-03,1.092072878326737911e-02,5.401099606639282458e-01,3.409510244963817605e-01,6.007925409982435051e-03,4.952451833081112920e-01,-7.731120515566534306e-05,-3.422320740359223110e-03,-1.713456770574985685e-03,5.580849664444810232e-01,-3.268695668651235287e-01,-8.956588534780778391e-03,5.018571560715687774e-01,-3.922006103195288486e-04,-3.743616215729797699e-03,3.925825280772406709e-04
-1.208871988920202575e-02,-4.214722215050265529e-04,7.804128060516342114e-01,-3.128845685181534230e-03,-1.311275717706805038e-02,9.742069582712684431e-03,9.998616694343973599e-01,1.840873152336564358e-02,2.795693674694397016e-02,-6.601863602127609754e-02,-5.866392976457912578e-03,-7.061551738486009089e-02,-7.154320458097177850e-03,-1.622765728301711619e-02,-7.140985530076750590e-03,1.758576208348016853e-02,5.665932491603951904e-02,-2.367875834899026838e-03,1.352292197918071245e-02,-4.468649116426277879e-02,9.788688773280478095e-03,1.187151994470121534e-02,5.405515589019637135e-01,3.415897539225173363e-01,6.020597111391995382e-03,4.954651518016009448e-01,-9.282418570861237855e-05,-3.416060066703974652e-03,-1.722470108696964658e-03,5.596656415359717585e-01,-3.272163018184650052e-01,-9.227276738872422848e-03,5.025844212149496171e-01,-3.971273601333732040e-04,-3.725884761137366295e-03,3.354424273431109082e-04
-1.182193704720081381e-02,-6.622064785423561681e-04,7.802896076499852285e-01,-3.877251808116712398e-03,-1.346914622930625062e-02,1.001664970579307055e-02,9.998515968617256444e-01,1.804349428600895283e-02,2.971426074859424490e-02,-6.823635738472311196e-02,-3.103863182149050725e-03,-6.976185590392006142e-02,-7.611418194427718720e-03,-1.725704915437109924e-02,-5.164233061375035974e-03,1.635065960446014863e-02,6.100180766816585415e-02,-1.348531231509855809e-03,1.375722084235320858e-02,-4.549344008647268622e-02,1.092894233198022334e-02,1.277535242847733198e-02,5.410687349831512227e-01,3.422867965464757578e-01,6.052251179609663759e-03,4.956427856746379312e-01,-1.073211660297421037e-04,-3.414088150853590055e-03,-1.730358957900327618e-03,5.612975840340197475e-01,-3.275629467310315901e-01,-9.490033651313241336e-03,5.032803429380517946e-01,-4.017602416772280641e-04,-3.705348344175034628e-03,2.815366797645358753e-04
-1.156934755823604485e-02,-8.907740643359563686e-04,7.801847798224874619e-01,-4.550473686561593359e-03,-1.379375017719484953e-02,1.029764307910827591e-02,9.998414795317774884e-01,1.753843717133697286e-02,3.129844690503724020e-02,-7.033997827123603108e-02,-2.389735389521667128e-04,-6.901052904919917352e-02,-8.151097856965959509e-03,-1.837019029451799138e-02,-3.382857949590490406e-03,1.511056281576191387e-02,6.537206047855151358e-02,-5.481927812435448714e-04,1.397605092552160061e-02,-4.615778223736613506e-02,1.189231265119927890e-02,1.360641660096297695e-02,5.416649182425676834e-01,3.430600484190028387e-01,6.096518984200914766e-03,4.957750209086852489e-01,-1.221276682144813110e-04,-3.415791993992270924e-03,-1.736994678408131489e-03,5.629799934150657714e-01,-3.279192063127916446e-01,-9.754173478164766126e-03,5.039331626429435218e-01,-4.009566877554680288e-04,-3.687985779859764834e-03,2.293587116106524657e-04
-1.132972705224928774e-02,-1.107161784486331317e-03,7.800970065392492936e-01,-5.150968664668838758e-03,-1.410712409467008294e-02,1.057952553080603042e-02,9.998312508674339627e-01,1.699266284309434993e-02,3.271683125832410693e-02,-7.232761569652970679e-02,2.646395099645401910e-03,-6.835570339806143481e-02,-8.751867001044988728e-03,-1.947926665118105555e-02,-1.790297161263201733e-03,1.387069737568611717e-02,6.969582918986171050e-02,5.819857936739832299e-05,1.417727058883380339e-02,-4.668441635644214605e-02,1.268361036424575476e-02,1.440677355823676530e-02,5.423455922078499469e-01,3.438970386583662942e-01,6.168232477081168896e-03,4.958681585978429451e-01,-1.363324940346790737e-04,-3.423837805410010274e-03,-1.740996977889559556e-03,5.646928393062117246e-01,-3.282915906101105397e-01,-1.001148616603882158e-02,5.045440601726363106e-01,-3.978243478205097171e-04,-3.669481991520958698e-03,1.805866390708655309e-04
-1.111017105437732584e-02,-1.306995605919906945e-03,7.800258892735131289e-01,-5.675197998604732640e-03,-1.438112967310540939e-02,1.086605826449728480e-02,9.998214360648585153e-01,1.629676767556556202e-02,3.392765771421703269e-02,-7.434764316059899736e-02,5.607789222960644915e-03,-6.772764059683356042e-02,-9.449750456184577777e-03,-2.068901420988938575e-02,-4.052373561748855071e-04,1.265007407890475846e-02,7.401820893523491929e-02,4.888006160046996784e-04,1.436253484342991590e-02,-4.703734470598149725e-02,1.330443610140331044e-02,1.512703225496694719e-02,5.431118947113782180e-01,3.448033236157800885e-01,6.258674923252407346e-03,4.959240405986454769e-01,-1.548996423751906740e-04,-3.429020805844691829e-03,-1.743959535031709696e-03,5.664413513960528945e-01,-3.286901869356448347e-01,-1.027018419904307013e-02,5.051042589841306940e-01,-3.889950013541876479e-04,-3.648435622480740350e-03,1.336012002562670374e-04
-1.091000467419055500e-02,-1.489792248807264704e-03,7.799689089571053557e-01,-6.129891551509393868e-03,-1.463906296779632528e-02,1.115235645082978191e-02,9.998118559061933697e-01,1.555272681667523547e-02,3.495380762199431363e-02,-7.634735038820582298e-02,8.561194785856474782e-03,-6.712962625626285595e-02,-1.019885798128757418e-02,-2.190977597738277133e-02,7.882711035894546161e-04,1.145092608815551777e-02,7.827249461499052874e-02,7.643784364982118351e-04,1.452932441422364815e-02,-4.722638718493137738e-02,1.377022370228038473e-02,1.581913257893049693e-02,5.439706079682542494e-01,3.457643854418461782e-01,6.381036843242312434e-03,4.959448855236072706e-01,-1.747892795154356823e-04,-3.437250491066447255e-03,-1.743725849633647297e-03,5.682036013678009034e-01,-3.291263292963976239e-01,-1.052306785322604243e-02,5.056102003381892640e-01,-3.779995703426230753e-04,-3.624674853267206929e-03,9.018881652208274660e-05
-1.073701936724960095e-02,-1.647870655203129012e-03,7.799283009793632759e-01,-6.504778221947496962e-03,-1.485506108693429063e-02,1.143991363656535892e-02,9.998030523039906914e-01,1.461465385019273741e-02,3.577384354173997194e-02,-7.829392924344513727e-02,1.163341737355324743e-02,-6.652264859232241700e-02,-1.102350701540954353e-02,-2.327640972175998302e-02,1.751642719707345672e-03,1.024819323658818920e-02,8.255819386397092452e-02,9.111236273844072406e-04,1.468518866207882238e-02,-4.728242783887470074e-02,1.407420661507127226e-02,1.640922207495367630e-02,5.449317571951508565e-01,3.467904821671731752e-01,6.528521247303777086e-03,4.959314425230146872e-01,-1.917626233358017554e-04,-3.448014975732111541e-03,-1.738355990244595545e-03,5.699670836736279167e-01,-3.296018531206720836e-01,-1.076268187663720344e-02,5.060761767927381971e-01,-3.683996217496134313e-04,-3.599662464975511220e-03,5.190411211056696072e-05
-1.059072624735216649e-02,-1.780484099255835034e-03,7.799020059355783463e-01,-6.808680807441201688e-03,-1.506002543108525549e-02,1.172066657002881693e-02,9.997947106655612481e-01,1.361354918211954423e-02,3.640894309795330436e-02,-8.016103104223092080e-02,1.472422721837870867e-02,-6.590582570571508481e-02,-1.188713038234393872e-02,-2.467969523368820917e-02,2.506565965209176135e-03,9.041152404648223131e-03,8.680303225578198112e-02,9.533716160982661034e-04,1.482612183306390025e-02,-4.720501380144697529e-02,1.423725565003692781e-02,1.696792989990092426e-02,5.459923803764737960e-01,3.478665452954147197e-01,6.710169308466544177e-03,4.958911775739878181e-01,-2.067065155831933766e-04,-3.464070752443978735e-03,-1.727813651323515656e-03,5.717121469143217061e-01,-3.301249382252839371e-01,-1.099048006033570557e-02,5.064953078729955704e-01,-3.601445136723824747e-04,-3.573056940066761649e-03,1.885803241164511263e-05
-1.047290373628440019e-02,-1.882178782893829169e-03,7.798907456304494668e-01,-7.040258953149434139e-03,-1.522100840420618183e-02,1.199525019822977705e-02,9.997874122180751000e-01,1.243346562692910703e-02,3.684564535940244856e-02,-8.195834920045000360e-02,1.789631522787768492e-02,-6.526880410993751713e-02,-1.279666243265149481e-02,-2.623795491450394216e-02,3.040375295824648740e-03,7.830450023299823092e-03,9.107173383612177098e-02,9.067806846748289193e-04,1.496689461578368935e-02,-4.700668108511197457e-02,1.428309699342410546e-02,1.740091689070491499e-02,5.471615474142086377e-01,3.489866429635264389e-01,6.910146804465497512e-03,4.958212627769553182e-01,-2.221244327862326900e-04,-3.481612969078023371e-03,-1.717584124805741127e-03,5.734503615164147083e-01,-3.307046302304867402e-01,-1.120615478266943736e-02,5.068604053365273199e-01,-3.511214994528867920e-04,-3.543613991585084586e-03,-1.041172743738241429e-05
-1.038367309884754945e-02,-1.952438149673185221e-03,7.798928190149027051e-01,-7.208400584786276918e-03,-1.537201704424720483e-02,1.225642496650321094e-02,9.997807360116731656e-01,1.120752439435558981e-02,3.710593789100206930e-02,-8.366649734876871469e-02,2.105706942940047122e-02,-6.460886851235773942e-02,-1.372711229184369816e-02,-2.783646714508320949e-02,3.375196280976442212e-03,6.613116591776186694e-03,9.529412319579874668e-02,7.955063892334694265e-04,1.510296394882107082e-02,-4.668761173204773879e-02,1.423134326569681050e-02,1.778855091536666114e-02,5.484309881592162039e-01,3.501370597494324333e-01,7.136794664618723028e-03,4.957311424900061603e-01,-2.371748110708866032e-04,-3.503399373555006729e-03,-1.705198811518046555e-03,5.751582522659858254e-01,-3.313451283442667705e-01,-1.141448963840713433e-02,5.071705499778437209e-01,-3.425169856993302213e-04,-3.514004128643575652e-03,-3.560399681053623796e-05
-1.032222537605275055e-02,-1.987825933640342043e-03,7.799075759336597802e-01,-7.313487574368549710e-03,-1.547114096397037182e-02,1.249735819716954119e-02,9.997754611585873974e-01,9.801189341660297358e-03,3.717859908521213563e-02,-8.530080575948176258e-02,2.428180323798093121e-02,-6.395423711585408733e-02,-1.468976001227269811e-02,-2.963035652290405692e-02,3.509412141642757801e-03,5.420452557754504123e-03,9.956858385187160321e-02,6.169946475896965436e-04,1.524344707409449294e-02,-4.623787692894288509e-02,1.410751972630951666e-02,1.801054873099068934e-02,5.498117241047767445e-01,3.513054487338871379e-01,7.373975372037416993e-03,4.956139739817949641e-01,-2.560019365725310137e-04,-3.517460983782134780e-03,-1.690498666531794732e-03,5.768522689252636448e-01,-3.320498404169769380e-01,-1.161778289168615384e-02,5.074162208025074783e-01,-3.298834141808738960e-04,-3.478121463171877405e-03,-5.946461340203023141e-05
-1.028934585444880520e-02,-1.987946565578619512e-03,7.799336504315027563e-01,-7.365267301348460936e-03,-1.555873184011186128e-02,1.271612234682214723e-02,9.997709632378656286e-01,8.356810525997630107e-03,3.708819196661892331e-02,-8.684663801975607555e-02,2.748105722234526690e-02,-6.329625972974876891e-02,-1.566362520663126812e-02,-3.148291515574516003e-02,3.465827205726191174e-03,4.242354917739022194e-03,1.038138947609203999e-01,3.981007428422196756e-04,1.538405607944488829e-02,-4.566802575542777687e-02,1.393162891442912589e-02,1.816493709134437556e-02,5.512898377052768417e-01,3.524788413240416141e-01,7.629913831930821427e-03,4.954817769610326272e-01,-2.759111437436861112e-04,-3.530860735503191586e-03,-1.672539063439354044e-03,5.785037906220777959e-01,-3.328211309158821130e-01,-1.182160590319052129e-02,5.076017201132574375e-01,-3.162842296916915661e-04,-3.442332890633133420e-03,-8.116974226603579433e-05
-1.028241023550256587e-02,-1.949256270948908614e-03,7.799679952801765737e-01,-7.369328571917640493e-03,-1.558582496444705680e-02,1.291179004682474658e-02,9.997680034559843776e-01,6.714059896916622222e-03,3.683925167832399761e-02,-8.826597458710781774e-02,3.073706458197579192e-02,-6.265567872666127913e-02,-1.663704311479317563e-02,-3.355076415730349343e-02,3.251060511193119579e-03,3.122874351368519659e-03,1.081153520893607806e-01,1.269358961952915380e-04,1.553932872253663451e-02,-4.498890349038956599e-02,1.374366504417947644e-02,1.810345365528115424e-02,5.528878487152562027e-01,3.536400277672469561e-01,7.879253740596132288e-03,4.953167604266222046e-01,-2.962774176371667754e-04,-3.538489384152095248e-03,-1.657357026746848804e-03,5.801396891449789317e-01,-3.336697716330863095e-01,-1.201995324487511486e-02,5.077093181638188124e-01,-3.018957490729309574e-04,-3.403790848970440677e-03,-1.018380545341171679e-04
-1.030308429296094425e-02,-1.871971125574162231e-03,7.800102440557250549e-01,-7.333448376765732551e-03,-1.560009482517519912e-02,1.308649833269630823e-02,9.997657731377588286e-01,5.029079117269617295e-03,3.645263998763685620e-02,-8.956329760464182277e-02,3.396335828078258373e-02,-6.201982182714816522e-02,-1.760033106235249847e-02,-3.567765458303526205e-02,2.883873511651530077e-03,2.047902613864679457e-03,1.123868028928966950e-01,-1.684919567179533916e-04,1.570483525866487109e-02,-4.421624227326156203e-02,1.355614048972031416e-02,1.794419425864566750e-02,5.545816319258501936e-01,3.547792112180171986e-01,8.131546787098731591e-03,4.951365171980077751e-01,-3.160712154932281506e-04,-3.547133539731624034e-03,-1.642312313610214125e-03,5.817243307226193094e-01,-3.345899646496925950e-01,-1.222209473505208623e-02,5.077533822865689661e-01,-2.882820546547331612e-04,-3.369723298288339157e-03,-1.209490090128414140e-04
-1.034511713289971817e-02,-1.763269387510377987e-03,7.800634949731101164e-01,-7.249549193153238293e-03,-1.554590829726415491e-02,1.323179305855231962e-02,9.997653166739514097e-01,3.114503359630633669e-03,3.591337392118939403e-02,-9.086482142961953279e-02,3.729511889989120532e-02,-6.141280695422122321e-02,-1.856407540691788066e-02,-3.806706927569462884e-02,2.362457427536611681e-03,1.136356062266931886e-03,1.167719307615835561e-01,-5.119721633233980697e-04,1.588125327460637032e-02,-4.332273976186269693e-02,1.334359626365304481e-02,1.751419559486913982e-02,5.563838650062874480e-01,3.558911501581011327e-01,8.369473206856379785e-03,4.949419058785873848e-01,-3.345739156680750648e-04,-3.549580628101479344e-03,-1.628765204355053179e-03,5.832550650225364341e-01,-3.355518926908635513e-01,-1.242011084652887461e-02,5.077610902696048090e-01,-2.755132928913120774e-04,-3.331786485553292661e-03,-1.377833581734990169e-04
-1.041044768260093387e-02,-1.622459399761697410e-03,7.801265858898341898e-01,-7.129874483687527985e-03,-1.547993106529048715e-02,1.335539550723237497e-02,9.997655575358194158e-01,1.151676139116015497e-03,3.525008532099879743e-02,-9.215606794057171203e-02,4.063108219255755216e-02,-6.082055067291832623e-02,-1.951642680762872076e-02,-4.052702945358274689e-02,1.713479636757012960e-03,3.697208889826213802e-04,1.211615835527083268e-01,-8.711485162983289340e-04,1.606428494966562204e-02,-4.233390048196833400e-02,1.313108422151121162e-02,1.695526452141252194e-02,5.582671071688489750e-01,3.569627243185825582e-01,8.601148413700764050e-03,4.947445426780646138e-01,-3.517492054076338235e-04,-3.551663144467417672e-03,-1.615240940215162662e-03,5.847022731639276438e-01,-3.365577290838230318e-01,-1.262247825592053771e-02,5.077288456415166573e-01,-2.638669583142575089e-04,-3.295600989318403333e-03,-1.530340669846427663e-04
-1.048966379091739384e-02,-1.453600950424374389e-03,7.802027336183624540e-01,-6.980177149441814562e-03,-1.533870142316562379e-02,1.345191142017036767e-02,9.997674966934857466e-01,-1.055966439711256318e-03,3.446334892649045162e-02,-9.353992321310050650e-02,4.411202762027666147e-02,-6.031954613343010890e-02,-2.045851345372135671e-02,-4.327441708901248046e-02,9.577029315417471145e-04,-1.334791715462289776e-04,1.256968196583580499e-01,-1.261701184019554207e-03,1.624934125683225386e-02,-4.123822409687873114e-02,1.293362599157273952e-02,1.607505097301232394e-02,5.602442691926202700e-01,3.579682126529446506e-01,8.805093839204684858e-03,4.945416231083020198e-01,-3.688480173388208254e-04,-3.541991126538474987e-03,-1.603487061038170406e-03,5.860735565254913126e-01,-3.375903829800462885e-01,-1.282154966092181186e-02,5.076579307452021572e-01,-2.509955394692535077e-04,-3.250328246228088511e-03,-1.677797528443087380e-04
-1.058503041652431552e-02,-1.256031389494293923e-03,7.802903741543860683e-01,-6.813234537234863844e-03,-1.518628874052366066e-02,1.353399321417331387e-02,9.997698672680181975e-01,-3.305926645536876388e-03,3.358634430551706018e-02,-9.499022827533125379e-02,4.761981089528595501e-02,-5.988272571900324359e-02,-2.137845355952015802e-02,-4.608910915846210765e-02,1.227787640381386739e-04,-4.053273702554299166e-04,1.302521142167796520e-01,-1.650350614261020385e-03,1.643316631551490145e-02,-4.006820420743829880e-02,1.277654381564420454e-02,1.503470557176808491e-02,5.622846711504841943e-01,3.588978369575750449e-01,8.988193443567101676e-03,4.943399339978405416e-01,-3.853294585535083799e-04,-3.528629427043916428e-03,-1.592719948082529837e-03,5.873408110071558497e-01,-3.386522428770485371e-01,-1.302589171600376447e-02,5.075423569849133454e-01,-2.380907538515382872e-04,-3.205784220178017462e-03,-1.822978691074674375e-04
-1.069158079112240804e-02,-1.031171245750456223e-03,7.803899531391149669e-01,-6.632434933668133678e-03,-1.495566194799616451e-02,1.360589274382182495e-02,9.997735837004264603e-01,-5.795729477052141178e-03,3.261078893656923355e-02,-9.654541880479071414e-02,5.124431697425288479e-02,-5.954635463442969900e-02,-2.226295218946547708e-02,-4.917315681385362597e-02,-7.778970266353804749e-04,-3.435598203152013001e-04,1.349256823120093263e-01,-2.048446863348653627e-03,1.657602804901791779e-02,-3.884536164768175731e-02,1.264819361675797137e-02,1.365524514247716537e-02,5.644120304849420400e-01,3.597271162080182272e-01,9.132710669025803987e-03,4.941133538007124737e-01,-4.041000673365505711e-04,-3.479003821473714616e-03,-1.583066849633428010e-03,5.885171243875844116e-01,-3.397231586569214867e-01,-1.322830540034222215e-02,5.073642226158735502e-01,-2.193905712685986407e-04,-3.128590768361904587e-03,-2.080093872480334922e-04
-1.081202110227398074e-02,-7.787503893564261519e-04,7.804996106851282978e-01,-6.448396722986566784e-03,-1.471353400881112751e-02,1.368265276250578248e-02,9.997773327646798380e-01,-8.319947062100339907e-03,3.156659010884990679e-02,-9.817954012084879889e-02,5.486991311223992501e-02,-5.928100950851189488e-02,-2.310300592821392870e-02,-5.230018812495739605e-02,-1.721568740247738250e-03,6.321887664625502196e-06,1.395927734127446196e-01,-2.428161385073791725e-03,1.668087517849369331e-02,-3.760029661793332090e-02,1.256820048555588529e-02,1.210586905196363132e-02,5.665884934319674882e-01,3.604533461646556858e-01,9.242594092964649677e-03,4.938737176741558876e-01,-4.233925679443986787e-04,-3.415137200100826047e-03,-1.575234721890872392e-03,5.895775154211571056e-01,-3.408022602880687035e-01,-1.343840643725359441e-02,5.071242147915901999e-01,-1.985330217868283684e-04,-3.044354192748465176e-03,-2.397604524211237255e-04
-1.094603489839272685e-02,-4.922412909447602871e-04,7.806221924296020687e-01,-6.255247684914576681e-03,-1.437197801213007178e-02,1.377024591212667494e-02,9.997823255348839977e-01,-1.118912426543531083e-02,3.041296132819750961e-02,-9.993669972651376965e-02,5.868524182356876090e-02,-5.911620684827499639e-02,-2.388215293577343121e-02,-5.576411583569782643e-02,-2.731528596420592161e-03,7.401067974113024941e-04,1.444121353440903366e-01,-2.783836563853267065e-03,1.676115675418792320e-02,-3.633363352348518982e-02,1.253982096382389930e-02,1.015334733193632745e-02,5.688099846353555922e-01,3.610643089521596294e-01,9.293005133037747501e-03,4.936112511296691374e-01,-4.411800726110109549e-04,-3.347523318383819561e-03,-1.574880328139718812e-03,5.905408305361886656e-01,-3.418439201380071846e-01,-1.361807808012975747e-02,5.068263514475784826e-01,-1.744572578086221748e-04,-2.961938770062767356e-03,-2.642495383752364651e-04
-1.109693972713475703e-02,-1.715578590828195009e-04,7.807556783863657257e-01,-6.063724995090374187e-03,-1.401316596928601187e-02,1.388288992176592816e-02,9.997870412173400778e-01,-1.414567837344677011e-02,2.918298817692395811e-02,-1.017869995862820121e-01,6.254510517365008404e-02,-5.901549834884867174e-02,-2.459510743655766649e-02,-5.929464924429453387e-02,-3.783558344080861693e-03,1.802193826131684657e-03,1.492436515890076532e-01,-3.088411299182048167e-03,1.681892017223272917e-02,-3.507216173183322350e-02,1.258163174986466799e-02,8.005528896686611717e-03,5.710334863756326707e-01,3.615585278364957245e-01,9.291442214003060515e-03,4.933291748739290772e-01,-4.577352654255406172e-04,-3.284340239318108041e-03,-1.580681144266513245e-03,5.913788160871884525e-01,-3.428461604969225140e-01,-1.377983449639612161e-02,5.064656071599927811e-01,-1.495967674692284094e-04,-2.892625311722951936e-03,-2.842552423089129737e-04
-1.126009608384616681e-02,1.774193365302984232e-04,7.808899692148345562e-01,-5.883489998512909935e-03,-1.354916043967565459e-02,1.403252213759316989e-02,9.997924250159516690e-01,-1.751107913239436861e-02,2.788679247465952749e-02,-1.036773857090732415e-01,6.665024634463063979e-02,-5.903028900463077461e-02,-2.520048331054853055e-02,-6.319978947218349297e-02,-4.846797804576168621e-03,3.298194224454618038e-03,1.543020546646613478e-01,-3.438678802443661132e-03,1.682417320131982669e-02,-3.384930699377042967e-02,1.269213519799961172e-02,5.435244956465029240e-03,5.732753984379130863e-01,3.619229103303578388e-01,9.224397267186587590e-03,4.929841520363301699e-01,-4.752141768105306338e-04,-3.214672770660241367e-03,-1.590940627122140998e-03,5.921120638856175455e-01,-3.437922732863072928e-01,-1.391648942428461155e-02,5.060042085805271928e-01,-1.231865106348819356e-04,-2.824558565292696784e-03,-2.930060577572170385e-04
-1.143867640002576951e-02,5.542472806737316600e-04,7.810239366749633927e-01,-5.722481902921707636e-03,-1.307281303921109354e-02,1.423795434193807219e-02,9.997967970624188627e-01,-2.099088995782884964e-02,2.655214215394037514e-02,-1.055912376242978123e-01,7.083798448325251407e-02,-5.912517720670106697e-02,-2.570341405267355037e-02,-6.716294986299317649e-02,-5.904151595982834975e-03,5.152488296213052557e-03,1.594146884429824551e-01,-3.806261771195279964e-03,1.678340773374719166e-02,-3.269331273889133915e-02,1.288198639317300262e-02,2.673842821535350658e-03,5.754814240386162405e-01,3.621615643574678245e-01,9.097873733579765754e-03,4.925909589956239953e-01,-4.925725616317225058e-04,-3.151332997322966144e-03,-1.606703674428460685e-03,5.927109617533081742e-01,-3.446749385506259200e-01,-1.403973878824279695e-02,5.054530432465696999e-01,-9.665916823829743610e-05,-2.774542233281269803e-03,-2.967923204409863951e-04
-1.163094016380659436e-02,9.472368821385910784e-04,7.811488217797681877e-01,-5.571407018929205868e-03,-1.249000104911545533e-02,1.450775240132663388e-02,9.998012224526865444e-01,-2.494153768438261282e-02,2.515046154688235086e-02,-1.075582690139104125e-01,7.535253851183963680e-02,-5.934842850200459929e-02,-2.608948979196478238e-02,-7.153662273448035958e-02,-6.955944709963991605e-03,7.441357606836323385e-03,1.648391842725827616e-01,-4.310736696698771499e-03,1.666459103133394876e-02,-3.161604289834573506e-02,1.309662090940350021e-02,-5.001678190340885267e-04,5.776484823243411837e-01,3.622839913023478409e-01,8.901798361481671681e-03,4.921268314348963835e-01,-5.081808340479296825e-04,-3.078959029976997049e-03,-1.628917801953949553e-03,5.931817372169119196e-01,-3.454506628047731009e-01,-1.413382130225800809e-02,5.048099758940346460e-01,-7.013144825763579983e-05,-2.724257334847862873e-03,-2.995840216917752038e-04
-1.183941264641862751e-02,1.355204511881851837e-03,7.812658203910031185e-01,-5.433848488678746577e-03,-1.190331931807933272e-02,1.485485792624393307e-02,9.998040395376521783e-01,-2.902470285396299698e-02,2.370557419805927393e-02,-1.095764531592949842e-01,8.000237647845329092e-02,-5.965472808908881680e-02,-2.637606652521093387e-02,-7.596230484672669703e-02,-7.992745007294448784e-03,1.008296848630104749e-02,1.703687492970288320e-01,-4.915954594013395920e-03,1.647896350226576642e-02,-3.063328373023376655e-02,1.333569402986598158e-02,-3.836911173348568280e-03,5.797180850177541256e-01,3.622944339926926216e-01,8.645982051915133623e-03,4.916176923520642061e-01,-5.223100656992752354e-04,-3.012693345556681675e-03,-1.657897438216096630e-03,5.934900911424212389e-01,-3.461075212520307587e-01,-1.420735289658851298e-02,5.040981016241351531e-01,-4.424204223574543314e-05,-2.690588129370485079e-03,-3.029078847711434946e-04
-1.206753834393794848e-02,1.766560110178017019e-03,7.813640976080915568e-01,-5.294760417218624150e-03,-1.122835016547559656e-02,1.528264595873371316e-02,9.998061464089864625e-01,-3.355046026882957388e-02,2.218021944208457830e-02,-1.116330998569851213e-01,8.497769342596821207e-02,-6.007155788765912441e-02,-2.653918294004660450e-02,-8.074039647533989839e-02,-9.023879725599068952e-03,1.308850539068027660e-02,1.761955810492668306e-01,-5.733085632105298403e-03,1.620285853528718664e-02,-2.977777807743473004e-02,1.352969688898727173e-02,-7.494238206129212945e-03,5.816818331353441618e-01,3.621992523543291487e-01,8.338367202400271197e-03,4.910341234469866034e-01,-5.434629909725431553e-04,-2.913181124623321575e-03,-1.680686260573027594e-03,5.936438129416504728e-01,-3.465969640666728413e-01,-1.425724768282729017e-02,5.033101418364517299e-01,-1.863845053016527841e-06,-2.621254160912165048e-03,-3.176812046985042371e-04
-1.231685359153946238e-02,2.179821556961037809e-03,7.814469682193027067e-01,-5.154393285521551883e-03,-1.056354101269074870e-02,1.579423789660269750e-02,9.998061741559706173e-01,-3.818125141684302476e-02,2.059294684364702810e-02,-1.137396395965400292e-01,9.008064680631151788e-02,-6.054731946704364903e-02,-2.659531419582880640e-02,-8.552211789606338488e-02,-1.004681578535177380e-02,1.638465373803611042e-02,1.821093369571659681e-01,-6.720676013635145177e-03,1.585580533469770070e-02,-2.904478304606303990e-02,1.367234518845856540e-02,-1.123765715872286630e-02,5.834821267768668385e-01,3.620029793313382926e-01,7.986188993961326407e-03,4.904160937152199917e-01,-5.669455367620108294e-04,-2.808012675224045001e-03,-1.703460378877441747e-03,5.936113734570852563e-01,-3.469075873382012620e-01,-1.428545079905527149e-02,5.024818417514309576e-01,4.707371963237750700e-05,-2.548986813075179280e-03,-3.394190167608220434e-04
-1.259578660286857048e-02,2.589753244648754140e-03,7.815004150911604164e-01,-4.985559207786932276e-03,-9.804994490827228723e-03,1.638816525710993025e-02,9.998051981870897942e-01,-4.336889292760540832e-02,1.885595247542024705e-02,-1.158825157906899911e-01,9.566334221477537647e-02,-6.114959232271972855e-02,-2.652309426928135122e-02,-9.073138100984268206e-02,-1.110537398238008351e-02,1.992599498667372085e-02,1.884245944466307054e-01,-8.001205331042683666e-03,1.544042242665523770e-02,-2.845490797089357538e-02,1.369015485166110747e-02,-1.527583133599038322e-02,5.850753103605369487e-01,3.617276606692623186e-01,7.585422124870533703e-03,4.897530860205435710e-01,-5.865905909331106107e-04,-2.698970104851942421e-03,-1.734975722470224416e-03,5.933941957498224395e-01,-3.470028263120775724e-01,-1.425169253974232358e-02,5.016125121935879339e-01,9.139210306721834280e-05,-2.478264887434963610e-03,-3.492751107612473071e-04
-1.290490043866749682e-02,2.995555719073508209e-03,7.815301635105429412e-01,-4.791699579047264956e-03,-9.063961095132048659e-03,1.705587884705548479e-02,9.998019710028402951e-01,-4.870950903863226211e-02,1.700236752055412498e-02,-1.180620084729377545e-01,1.014759077750426591e-01,-6.181645816652339004e-02,-2.634034382443694797e-02,-9.597460038635294288e-02,-1.218993805444577860e-02,2.365779034679202711e-02,1.948981716915709483e-01,-9.517847815473141557e-03,1.497419294671220071e-02,-2.798336650451227828e-02,1.358756852605359430e-02,-1.934994752655361944e-02,5.864051751172641991e-01,3.613668695764485350e-01,7.144958460566613358e-03,4.890847466888174067e-01,-6.032138856247311158e-04,-2.598382345859118030e-03,-1.773701299612245527e-03,5.929582509425178616e-01,-3.468743655666088888e-01,-1.416152074947778228e-02,5.007348277553683724e-01,1.321106134797411357e-04,-2.421704652242132917e-03,-3.522746930942000565e-04
-1.324501606764171002e-02,3.377575365926822112e-03,7.815188992406737478e-01,-4.568924636817641403e-03,-8.231594140010569174e-03,1.778943042437633112e-02,9.997974304581668248e-01,-5.466054458155421986e-02,1.501725982576951335e-02,-1.202771586000595389e-01,1.079058999659375656e-01,-6.273166826756255976e-02,-2.601355372604072930e-02,-1.016555419508934077e-01,-1.324690818312153698e-02,2.762056992008542211e-02,2.018131075825051191e-01,-1.146733531950217856e-02,1.443671125109409134e-02,-2.766978987595713341e-02,1.332687540860887782e-02,-2.363473845640112411e-02,5.874427019934734817e-01,3.609379352078058711e-01,6.668700710273380537e-03,4.884022057390583482e-01,-6.144199892742932892e-04,-2.479222361500096027e-03,-1.816698925251530178e-03,5.923136803883098933e-01,-3.464948703439645339e-01,-1.400713503508462139e-02,4.998474492184234452e-01,1.697065914739035646e-04,-2.349353843724083426e-03,-3.606099672758500906e-04
-1.361525389446571754e-02,3.735456642431792505e-03,7.814745238008657946e-01,-4.320250953587610222e-03,-7.422384988734696300e-03,1.856958022061271432e-02,9.997906852552722601e-01,-6.077783519235859661e-02,1.294357367234236569e-02,-1.225100675455225996e-01,1.146552216161311061e-01,-6.381414859886709590e-02,-2.556977179820712001e-02,-1.073639470996609752e-01,-1.427876085424901152e-02,3.170674465033129774e-02,2.089002444845858009e-01,-1.376060984175300067e-02,1.383831951102784848e-02,-2.747173211861526215e-02,1.291433552365301059e-02,-2.787156750979511571e-02,5.881394163557096544e-01,3.604282378967291756e-01,6.165186672388955728e-03,4.877470621083067615e-01,-6.220254401818561428e-04,-2.358051205172534241e-03,-1.863478248743621847e-03,5.914275831107781434e-01,-3.458603331986327412e-01,-1.379070292373471215e-02,4.989867515949565346e-01,2.047010638714209059e-04,-2.278069413079450607e-03,-3.702517663058624503e-04
-1.402863542521201254e-02,4.062800051902409545e-03,7.813790591335406654e-01,-4.014438936235380402e-03,-6.531096225825203279e-03,1.936991683555605581e-02,9.997829941461794379e-01,-6.753245650731151684e-02,1.069534185565719497e-02,-1.246952009448466098e-01,1.221124956482373541e-01,-6.514905381173570487e-02,-2.498565085360226687e-02,-1.135126154695452888e-01,-1.533652911870552783e-02,3.576802058418023650e-02,2.164300778697854644e-01,-1.653056503391362939e-02,1.317589719802287479e-02,-2.739118635440453142e-02,1.226037977503763830e-02,-3.221747911040742651e-02,5.884745755832513359e-01,3.598603260043724550e-01,5.654499430192089747e-03,4.870873043064696817e-01,-6.374583598167407822e-04,-2.210324362561206808e-03,-1.904891736811802246e-03,5.903075610330411616e-01,-3.449416420297393149e-01,-1.349996108844731500e-02,4.981352223856184702e-01,2.459385629169557404e-04,-2.176947157693712512e-03,-3.818173938203130646e-04
-1.448300654948229092e-02,4.360932868306128044e-03,7.812438411881004185e-01,-3.660654066969429733e-03,-5.672967045596181458e-03,2.016346433468265559e-02,9.997739003208300224e-01,-7.445348223012328293e-02,8.332895564512386374e-03,-1.268117879914551216e-01,1.299447821395292024e-01,-6.665151210772353452e-02,-2.429071113302384149e-02,-1.196924340775202406e-01,-1.641068333355644518e-02,3.976755179189739309e-02,2.241326815595716393e-01,-1.966979402120526410e-02,1.247003588586921216e-02,-2.737588172930056560e-02,1.139214405036692926e-02,-3.642037795101835118e-02,5.884027201907167104e-01,3.592070208111780572e-01,5.139775568949542066e-03,4.864801686216560506e-01,-6.550854108843291853e-04,-2.055689894182686963e-03,-1.943399134550242860e-03,5.889193694094680964e-01,-3.437449656769390183e-01,-1.313619242034927415e-02,4.973372984281459463e-01,2.887193486245440534e-04,-2.066796322234623617e-03,-3.917084869041712221e-04
-1.499360318254895630e-02,4.620181537776086797e-03,7.810583301773081910e-01,-3.273814128324836325e-03,-4.744848009796690663e-03,2.091184148061230388e-02,9.997647040400587937e-01,-8.205753285500112792e-02,5.886712943819675734e-03,-1.287608923973604935e-01,1.386141861894849281e-01,-6.838745649334823651e-02,-2.347651697248585509e-02,-1.263833178868570273e-01,-1.731750144424445623e-02,4.364098955552020431e-02,2.324404280429878400e-01,-2.352617467156131389e-02,1.174254402363926475e-02,-2.741063208441826826e-02,1.032473793055856993e-02,-4.064146675074368359e-02,5.878742335719867596e-01,3.584654965736403520e-01,4.627714718021305393e-03,4.859697776547654002e-01,-6.668279247375281330e-04,-1.859968054582125533e-03,-1.979654599011407279e-03,5.872489321523356454e-01,-3.422642479723067566e-01,-1.269082722533792888e-02,4.966307294665735506e-01,3.282393175287818318e-04,-1.913203118272049962e-03,-4.028188315937228023e-04
-1.555632131866042933e-02,4.843031510300808799e-03,7.808336018673602830e-01,-2.854348715736525210e-03,-3.865388651723665903e-03,2.159375125330004197e-02,9.997552807416374421e-01,-8.984065409134558977e-02,3.398392754994064308e-03,-1.305301841318673439e-01,1.477477766646903556e-01,-7.026817709192900718e-02,-2.256622319587829606e-02,-1.331369078538931494e-01,-1.812220895878189839e-02,4.733215834412522749e-02,2.410016687657104417e-01,-2.789498679544494958e-02,1.099602728545674528e-02,-2.745968458384690988e-02,9.069095164409986601e-03,-4.462934336400332935e-02,5.868688372804018449e-01,3.576106003385873811e-01,4.117125928762504529e-03,4.855822946321721179e-01,-6.747309901148050440e-04,-1.641972336517731222e-03,-2.013608151233810262e-03,5.852747119699919232e-01,-3.405115711791319444e-01,-1.216320356318217541e-02,4.960365674133933589e-01,3.648651574136175385e-04,-1.736218272190823359e-03,-4.102925545133420714e-04
-1.618765900175527309e-02,5.029501993921989440e-03,7.805636038319055947e-01,-2.395914222309587695e-03,-2.950775004588792987e-03,2.217010516090993713e-02,9.997469874718629690e-01,-9.826578133133170856e-02,8.425515209728416666e-04,-1.319299042766803598e-01,1.577931150004831806e-01,-7.236937267484482017e-02,-2.154061248950566582e-02,-1.403859614072295037e-01,-1.875479094436278277e-02,5.070216933038434320e-02,2.502213137606511539e-01,-3.300246480886931399e-02,1.024725186994980206e-02,-2.748862948959326577e-02,7.610914985529794799e-03,-4.847980297051628085e-02,5.853443687720129018e-01,3.566427823194023294e-01,3.631851914445899821e-03,4.853239256843191463e-01,-6.884704358123953406e-04,-1.366631305265129026e-03,-2.025072255390542204e-03,5.829762414709785956e-01,-3.384743122443112373e-01,-1.156016162952780944e-02,4.955556819749184494e-01,4.140585240759517153e-04,-1.495653848169649532e-03,-4.189581635826990181e-04
-1.688045026345339969e-02,5.182827008455194104e-03,7.802589318025993093e-01,-1.904156586252101066e-03,-2.110837140182269828e-03,2.262907253201065783e-02,9.997398879861717491e-01,-1.068264337338055703e-01,-1.727257762963760584e-03,-1.330033994789155127e-01,1.683415808290700255e-01,-7.461295891522504165e-02,-2.043447616361602007e-02,-1.476771195547226800e-01,-1.925727472038916976e-02,5.377130612808487392e-02,2.597146629433942921e-01,-3.867164028717259838e-02,9.501747641093009900e-03,-2.748385282583333533e-02,5.975196022300580112e-03,-5.197512437162644938e-02,5.833068722798911976e-01,3.555396835253735732e-01,3.161844934172615591e-03,4.852053480228101234e-01,-7.041067254841943367e-04,-1.059015775720854044e-03,-2.023378848769426860e-03,5.803512755791434552e-01,-3.361757834858674077e-01,-1.087609828313985255e-02,4.951964427409987213e-01,4.674912375002401236e-04,-1.220010255574134226e-03,-4.230938090906721013e-04
-1.764500497904042745e-02,5.293590335133041037e-03,7.798969317739443685e-01,-1.406986682198667609e-03,-1.251772104590162223e-03,2.296106951051022846e-02,9.997345861487474394e-01,-1.160281616263379167e-01,-4.250301916008347031e-03,-1.337610988839429138e-01,1.798920376819921896e-01,-7.718439385947023501e-02,-1.928801655965507733e-02,-1.554800217289604158e-01,-1.946731017599788796e-02,5.642915901455476668e-02,2.700539914904964145e-01,-4.538548694453004712e-02,8.734585956721279895e-03,-2.742206797674423546e-02,4.224454910322158682e-03,-5.523963945134566234e-02,5.807441830720327935e-01,3.543288771975927620e-01,2.697904341358279418e-03,4.852049181059466809e-01,-7.109729732054706746e-04,-6.968162386306552252e-04,-2.014661805143051678e-03,5.774374784637688052e-01,-3.336580130267663424e-01,-1.011128373063615096e-02,4.949132960628392919e-01,5.162670159541495095e-04,-8.945336746626747753e-04,-4.198976753170810322e-04
-1.847192707387221994e-02,5.365866708806885967e-03,7.794913401986062196e-01,-8.996059422913619532e-04,-4.808829224451372777e-04,2.315327902453752015e-02,9.997314064943518819e-01,-1.253434965904140219e-01,-6.695728210667197845e-03,-1.342206811384126786e-01,1.919934815094357927e-01,-7.997963603179834846e-02,-1.812839945925803428e-02,-1.633156062267197561e-01,-1.948377617102086193e-02,5.871680611717641773e-02,2.807391974789776312e-01,-5.282830699703960908e-02,7.949715869515070615e-03,-2.729403981326746290e-02,2.361247925698822196e-03,-5.807393115142122503e-02,5.776753170335916510e-01,3.529832543542474332e-01,2.236572618316105820e-03,4.853412969815789624e-01,-7.128992259429302921e-04,-3.061980056260520718e-04,-2.001579605009870619e-03,5.742261004908959521e-01,-3.309391415859899710e-01,-9.262698125098034127e-03,4.947363584869236552e-01,5.605820620720237436e-04,-5.444348464957490374e-04,-4.063025103139537332e-04
-1.937420546145494568e-02,5.398182633000622038e-03,7.790236636113798685e-01,-3.866921047910168506e-04,3.028849042771731702e-04,2.320242736452806515e-02,9.997306667769796373e-01,-1.353050694661183107e-01,-9.074540543086430724e-03,-1.342975566021685496e-01,2.051297742191635631e-01,-8.308832359585792415e-02,-1.697054166820438290e-02,-1.716622030598087267e-01,-1.922875447065591076e-02,6.064144945580829393e-02,2.922949975109598864e-01,-6.134716821764143319e-02,7.142323800156355137e-03,-2.706484682028114860e-02,4.090040584471981745e-04,-6.063445869117035925e-02,5.741110504346073062e-01,3.515260285908444748e-01,1.786270408924885015e-03,4.855999414236343292e-01,-7.157510271193973702e-04,1.365485406911366197e-04,-1.982460951813298875e-03,5.707535764727246219e-01,-3.280599969645531244e-01,-8.340966786566521990e-03,4.946291829434727449e-01,6.008813581652491364e-04,-1.555318370288127829e-04,-3.898662700413087017e-04
-2.034129788042279147e-02,5.395123627284386693e-03,7.785086560435852121e-01,1.355556850062678671e-04,9.924904014886788434e-04,2.310072139688733317e-02,9.997326408887539095e-01,-1.453701278164454547e-01,-1.135602751892572475e-02,-1.340383537061174968e-01,2.188245657806958122e-01,-8.641218881750903358e-02,-1.583702904287165314e-02,-1.800247527062483754e-01,-1.880745006202932945e-02,6.225781221326528309e-02,3.041689637288048087e-01,-7.056513573522157912e-02,6.287366150936176713e-03,-2.673880950141353796e-02,-1.626946148394985310e-03,-6.272828884737080557e-02,5.700803436719186212e-01,3.499292610012511573e-01,1.342139431468560972e-03,4.859964106091233527e-01,-7.184494703510140154e-04,6.052353536376040921e-04,-1.959073668453148714e-03,5.670107912551342055e-01,-3.250390448595972259e-01,-7.345709328665090548e-03,4.946238310101246927e-01,6.370883775233016381e-04,2.511882297563301260e-04,-3.648981358095687794e-04
-2.138482997926425058e-02,5.357153186429227873e-03,7.779198011146046809e-01,6.791065803591092532e-04,1.676798828693845493e-03,2.285331181890280089e-02,9.997371921154319940e-01,-1.560257943953439752e-01,-1.358864027222106939e-02,-1.333683826529406258e-01,2.335307295530205385e-01,-9.003513935308954386e-02,-1.474219968848405893e-02,-1.888201449560698297e-01,-1.827434394337389134e-02,6.353656078550917741e-02,3.168277243530486231e-01,-8.083155032352283553e-02,5.377454674824888939e-03,-2.629671472193334178e-02,-3.754382152404494525e-03,-6.448878011422749801e-02,5.656348117640064288e-01,3.482374742469732665e-01,9.114043439538195178e-04,4.864509199132223127e-01,-7.288834609981707834e-04,1.114185241881953878e-03,-1.925659477221970629e-03,5.630564300384034437e-01,-3.219308771458126439e-01,-6.290408430444772644e-03,4.946236086383214992e-01,6.769515909110434757e-04,6.868199422933608236e-04,-3.383080883662869446e-04
-2.249372785222211041e-02,5.288651855139507064e-03,7.772742190972276033e-01,1.244182384400945463e-03,2.256298555910515001e-03,2.245698985084010682e-02,9.997444897241793971e-01,-1.667467160205366172e-01,-1.573596057683374072e-02,-1.323465603204480312e-01,2.487706367036172928e-01,-9.386660726334335181e-02,-1.370633690742966565e-02,-1.975799374119356078e-01,-1.770149921937229018e-02,6.463683352629152890e-02,3.297016657477939150e-01,-9.159048302421410326e-02,4.422802764916916249e-03,-2.575257915491700050e-02,-5.960873402088319450e-03,-6.574520427176508419e-02,5.608004723670558800e-01,3.464207982600464031e-01,4.893977410887545218e-04,4.870003650758052971e-01,-7.419540160168914449e-04,1.636338653890044310e-03,-1.886203661074252556e-03,5.588745169549329539e-01,-3.187479883325850527e-01,-5.178811381943426717e-03,4.946847575835744415e-01,7.159019723789083111e-04,1.129188481067826787e-03,-3.039320726843621400e-04
-2.367631519319824546e-02,5.190794101159767505e-03,7.765397035801178127e-01,1.847462489074015030e-03,2.821427164874880291e-03,2.192275202699883394e-02,9.997539794242717992e-01,-1.780394983096295625e-01,-1.782061753928429818e-02,-1.308386255079705685e-01,2.650293725148405999e-01,-9.806802712582707304e-02,-1.276876018048712057e-02,-2.067095719136108900e-01,-1.727653035342100948e-02,6.540397125947254586e-02,3.432218166653268621e-01,-1.031495031597767786e-01,3.216024605175649229e-03,-2.509993408318088662e-02,-8.271736345149015290e-03,-6.664380749513092173e-02,5.556541135934992548e-01,3.445476245770031087e-01,7.460603256948585569e-05,4.875523648258941467e-01,-7.535383952294892130e-04,2.187911019323342254e-03,-1.838113419384976993e-03,5.545472447617361134e-01,-3.155551161753084033e-01,-4.017926321183352273e-03,4.947039673040379837e-01,7.538074747580053711e-04,1.591153072106157515e-03,-2.597818976301436615e-04
-2.492149862179362033e-02,5.067677435498067762e-03,7.757371272943549556e-01,2.474639461771748709e-03,3.276058485452275262e-03,2.124323164160998867e-02,9.997659069551007027e-01,-1.893747989795592224e-01,-1.979763632591242939e-02,-1.289680824729966535e-01,2.818163176007231208e-01,-1.025320193396808688e-01,-1.194292502573987384e-02,-2.157730128968817496e-01,-1.694604055825454231e-02,6.609184471226191293e-02,3.568607397752233124e-01,-1.149476657658436152e-01,1.955266598665914360e-03,-2.434485145893001967e-02,-1.064311572746136358e-02,-6.702508887143193705e-02,5.502102978356838703e-01,3.425767151034726510e-01,-3.331101336470742159e-04,4.881746489597709737e-01,-7.629276617384505438e-04,2.741965792876294855e-03,-1.785383069292287165e-03,5.500459886636108742e-01,-3.123589349623802081e-01,-2.818170854108717829e-03,4.947662440767238712e-01,7.881563100792412895e-04,2.051097360846280797e-03,-2.042643621281307398e-04
-2.624563740876519058e-02,4.919999159136036367e-03,7.748515274230519667e-01,3.111452693421411231e-03,3.690424344641137552e-03,2.042712829310389458e-02,9.997796917621354362e-01,-2.012121810231376207e-01,-2.156814325683086009e-02,-1.264976151501574775e-01,2.995681877623445621e-01,-1.074045454408178168e-01,-1.124248160059592577e-02,-2.252335987735926970e-01,-1.671541127344590080e-02,6.669144456514283781e-02,3.712596789651527174e-01,-1.273039942390640222e-01,6.898532808040584285e-04,-2.348755692356381194e-02,-1.302984260278595638e-02,-6.697012399451920950e-02,5.445109290931473556e-01,3.405310774159499010e-01,-7.208962357786782155e-04,4.888343551314142665e-01,-7.775965510421222783e-04,3.310363464526960928e-03,-1.721419141617071442e-03,5.453988252931184499e-01,-3.092091781072390244e-01,-1.608193244411834470e-03,4.948227192589512158e-01,8.315124835710745307e-04,2.522559268219915201e-03,-1.567866020283519067e-04
-2.763623730426171751e-02,4.751637171274254723e-03,7.739046644351900150e-01,3.736736013990605166e-03,3.974017845742708333e-03,1.947960056081222968e-02,9.997953736380835732e-01,-2.130345355039233446e-01,-2.312003415958564095e-02,-1.236387800566451506e-01,3.177944615372093606e-01,-1.125371841131867640e-01,-1.067965727358518267e-02,-2.346477051629384802e-01,-1.648180344669912534e-02,6.733779308977314026e-02,3.858526926791354117e-01,-1.397423208816919726e-01,-4.645386060474468361e-04,-2.255249189771461882e-02,-1.537506829613974335e-02,-6.633933591300893162e-02,5.385740057968024797e-01,3.383745732251152716e-01,-1.097058362029288640e-03,4.895926294798164657e-01,-7.931501479232335112e-04,3.877036054490207856e-03,-1.651745267683778825e-03,5.405894490394707042e-01,-3.061102156594650570e-01,-3.982793333581952956e-04,4.949531598578543745e-01,8.758297941561514911e-04,2.990303081878025338e-03,-1.090421153887996612e-04
-2.909638838237596156e-02,4.570859640595493351e-03,7.728802033267596627e-01,4.280965435957174298e-03,4.211839844368915273e-03,1.845625207075554317e-02,9.998116325086254808e-01,-2.253790622046364100e-01,-2.430786017945785887e-02,-1.203565182412350693e-01,3.370220445730203185e-01,-1.181062196840613893e-01,-1.029614073190959246e-02,-2.444064917156206218e-01,-1.614831756485839848e-02,6.801617400214164666e-02,4.013216140826420530e-01,-1.528043927267426216e-01,-1.498660177490373493e-03,-2.158387906481357144e-02,-1.749706250331200738e-02,-6.533120784648870083e-02,5.324277681991145261e-01,3.361090815495484385e-01,-1.474461694525606558e-03,4.904506448415782982e-01,-8.003499618296968385e-04,4.467503233698971905e-03,-1.575083878971769193e-03,5.357048671931793349e-01,-3.031656066722833165e-01,7.857358135341862768e-04,4.951136590211285826e-01,9.082050228565966433e-04,3.463061376902316565e-03,-5.086959062042454671e-05
-3.061358442913183348e-02,4.376878290999774469e-03,7.717977668566613492e-01,4.756949034031057386e-03,4.312715713017318750e-03,1.734811204204676424e-02,9.998288928249889906e-01,-2.377045296928931295e-01,-2.517143715376390228e-02,-1.167887553567588110e-01,3.567305379422969214e-01,-1.239535913720783977e-01,-1.008584363208877080e-02,-2.540614861271432434e-01,-1.571283298591817645e-02,6.871847917897226654e-02,4.169714847714711126e-01,-1.658961260469312415e-01,-2.366647013488511024e-03,-2.058356806368899158e-02,-1.943226844955799060e-02,-6.380186952257085875e-02,5.261124433172346126e-01,3.337344992693469514e-01,-1.851704458906580728e-03,4.914274597480938200e-01,-8.032606339097313241e-04,5.065530869620088125e-03,-1.495520771758618566e-03,5.307213961221560750e-01,-3.003466702170923264e-01,1.942484082610819625e-03,4.953814266458919091e-01,9.314946683226453224e-04,3.932901654989105419e-03,1.580576323290077800e-05
-3.219039648991781077e-02,4.177350379899616786e-03,7.706312720020588314e-01,5.140671473216673615e-03,4.359440267184475949e-03,1.620191132192158948e-02,9.998460215687605679e-01,-2.504891359092082936e-01,-2.566248112053082578e-02,-1.128700883600628757e-01,3.773632580171872863e-01,-1.302422727986367601e-01,-1.007367545954609110e-02,-2.640413904065952444e-01,-1.508305087332971993e-02,6.956240685560238779e-02,4.334147263805521733e-01,-1.792184802482782446e-01,-2.951486932070719778e-03,-1.956214491914269604e-02,-2.111635204262702487e-02,-6.192246044889414963e-02,5.197110845623421627e-01,3.312891391890503967e-01,-2.232240383927227602e-03,4.924337937935246434e-01,-8.124212609240322918e-04,5.659992262424353056e-03,-1.419607337038893136e-03,5.257263863222259026e-01,-2.977214056551622523e-01,3.051317888272853281e-03,4.956528489947188976e-01,9.568377558056351869e-04,4.395130978878101537e-03,8.003082844152123920e-05
-3.381462040713209549e-02,3.971033612717145798e-03,7.694023081195751068e-01,5.448838563879970613e-03,4.262473694767685353e-03,1.501656186733498453e-02,9.998633128313044738e-01,-2.631993284604159933e-01,-2.582836816314801331e-02,-1.087230752863144190e-01,3.984012061920004233e-01,-1.368213069377735847e-01,-1.024125139974245077e-02,-2.739016762969880281e-01,-1.429937673492668974e-02,7.045335987890564977e-02,4.500300608386317291e-01,-1.924035509291391055e-01,-3.308394767554496615e-03,-1.853249727962622342e-02,-2.259601941215843082e-02,-5.955283535535296074e-02,5.132478178562389637e-01,3.287715011214582539e-01,-2.613686260258605079e-03,4.935128826317383699e-01,-8.237762161337286665e-04,6.242826149181493478e-03,-1.346830064526069416e-03,5.206905130502486045e-01,-2.952517369170457040e-01,4.108368346908647904e-03,4.960216901277816337e-01,9.797348748986770602e-04,4.846426010348714106e-03,1.441044546766766135e-04
-3.548582313404662764e-02,3.773079478194384627e-03,7.681003893584193998e-01,5.606054149864666755e-03,4.111975542721615397e-03,1.386479246216100122e-02,9.998797084369631660e-01,-2.762578074091943670e-01,-2.546952819743842841e-02,-1.043757369502195664e-01,4.201524534714000114e-01,-1.439454910506623442e-01,-1.059246562912925273e-02,-2.840929960590563574e-01,-1.317988682179595944e-02,7.175026514551714751e-02,4.677142240733018208e-01,-2.058159965799110369e-01,-3.248763920944087915e-03,-1.751557258274161893e-02,-2.365673338973417819e-02,-5.689066225248525649e-02,5.067468793125387005e-01,3.261650983487395794e-01,-3.010615365493330385e-03,4.947022949487627219e-01,-8.265111812678709816e-04,6.837128506881948349e-03,-1.274904135016794284e-03,5.156757538148363240e-01,-2.930212953270013854e-01,5.071532973751365254e-03,4.964611835114835503e-01,1.002543240556886097e-03,5.296865091412093600e-03,2.080470697106514720e-04
-3.719126468251240242e-02,3.578045455180366239e-03,7.667416519894634241e-01,5.662746896677418700e-03,3.822286713503222043e-03,1.274430264881689853e-02,9.998954476203297803e-01,-2.891535045591956954e-01,-2.471435979173945002e-02,-9.990288187329605940e-02,4.421105158197225493e-01,-1.514326541097934797e-01,-1.109760529869596724e-02,-2.941250266658314017e-01,-1.191771562804898148e-02,7.306430182130406459e-02,4.856385598487273914e-01,-2.190905311532010402e-01,-2.926910758680481301e-03,-1.652440646671206326e-02,-2.443453044072595864e-02,-5.380131861716454938e-02,5.002600081591591641e-01,3.235059052111693423e-01,-3.415331997891446741e-03,4.959871410316429308e-01,-8.257413379949183566e-04,7.434419277695954176e-03,-1.205284062168343433e-03,5.106639314202141566e-01,-2.909711939952875914e-01,5.952756649931853147e-03,4.970352240102507424e-01,1.021967489805035000e-03,5.746657656996048344e-03,2.708043059838079300e-04
-3.892236636585681003e-02,3.391245867188843067e-03,7.652806514196606180e-01,5.637833674347447754e-03,3.495966155854947962e-03,1.167333720742669279e-02,9.999098590625754568e-01,-3.023673500935024627e-01,-2.360079778591955141e-02,-9.522201053042060603e-02,4.647131590699171699e-01,-1.594617274135756713e-01,-1.176763528966077652e-02,-3.043782820521843679e-01,-1.061901330676036370e-02,7.416087428700476880e-02,5.039838143442534335e-01,-2.323367073293886864e-01,-2.431564738255724990e-03,-1.555943713561058935e-02,-2.497711289734023954e-02,-5.053407142783731404e-02,4.939399472622687526e-01,3.208980817187219170e-01,-3.836244077829081660e-03,4.971796017330445960e-01,-8.239369130421136424e-04,8.015258133968430898e-03,-1.140279126863735131e-03,5.057832512717380657e-01,-2.891504867792602518e-01,6.760763132678531719e-03,4.975679965893523016e-01,1.040280811571519170e-03,6.179722126059275338e-03,3.325353923133318994e-04
-4.067053459358760392e-02,3.212330983238922359e-03,7.637433593206650606e-01,5.540527158488877356e-03,3.044806070249963127e-03,1.065698837591208537e-02,9.999232272097475782e-01,-3.153959206280216310e-01,-2.219946289688043070e-02,-9.046085492910994896e-02,4.874632129266167069e-01,-1.678457491622882825e-01,-1.258113922424330608e-02,-3.144625373023700043e-01,-9.273521766938427544e-03,7.508966369538605523e-02,5.224057987807898540e-01,-2.452543666299176195e-01,-1.722025346527950723e-03,-1.463462722558897186e-02,-2.531084464146767660e-02,-4.693888989237590681e-02,4.877606314858872194e-01,3.183147396261030160e-01,-4.260306164062039290e-03,4.983855224624333946e-01,-8.201698115302371488e-04,8.571016815495029889e-03,-1.080342240365314435e-03,5.009844830900245238e-01,-2.875153047240445736e-01,7.484690267459748365e-03,4.981849208749076774e-01,1.054910612661192444e-03,6.595372394678758812e-03,3.908118741826680084e-04
-4.242713815105751685e-02,3.046181123840301531e-03,7.620872152745610251e-01,5.374238735791636752e-03,2.564742547839045893e-03,9.696980129232661907e-03,9.999352520188731219e-01,-3.286527633898608802e-01,-2.053067866235065708e-02,-8.561173343645728240e-02,5.107298675916361885e-01,-1.767324512978005191e-01,-1.350431831111069923e-02,-3.248031534446933488e-01,-7.921683952811056292e-03,7.578391955632299282e-02,5.412730981891108462e-01,-2.578987859201806732e-01,-8.299883110922838059e-04,-1.373791149902384851e-02,-2.543590651066306163e-02,-4.327409114438560134e-02,4.818555765731362683e-01,3.158266536046191453e-01,-4.696030649689448416e-03,4.994410794393887576e-01,-8.161904005662416924e-04,9.085982847270938564e-03,-1.027173086216621014e-03,4.963898388312290022e-01,-2.861243530388367096e-01,8.132203361903339936e-03,4.987107134404207831e-01,1.069355312057006019e-03,6.981294636642733191e-03,4.457361525452756355e-04
-4.418513551226214281e-02,2.891464622512071245e-03,7.603372400797706598e-01,5.158943961593799414e-03,1.963966515729351735e-03,8.795169318665743349e-03,9.999460851112834670e-01,-3.416423682024434250e-01,-1.867467494814345833e-02,-8.075710594020538147e-02,5.340360150817401452e-01,-1.859472381432162591e-01,-1.451866632190949510e-02,-3.350022894942308316e-01,-6.618821257728565478e-03,7.625179503636655975e-02,5.602200854655372542e-01,-2.698591225469038068e-01,2.504832585973878816e-04,-1.287772533727671309e-02,-2.540491126005170464e-02,-3.937432739397900977e-02,4.761852825352766994e-01,3.134112360883303805e-01,-5.124864107633011687e-03,5.004651563172848316e-01,-8.108338769386241006e-04,9.558633272644447357e-03,-9.795898897566096466e-04,4.919364531245185579e-01,-2.849244444551773947e-01,8.692678936609792018e-03,4.992834341050786384e-01,1.080566916017200061e-03,7.339954270767279354e-03,4.954062053869920206e-04
-4.593727388103634873e-02,2.747000965979780416e-03,7.584503017025193694e-01,4.897400273232440683e-03,1.337161428379133720e-03,7.953088252902331540e-03,9.999554869378535216e-01,-3.547639450282578100e-01,-1.661583463699470992e-02,-7.583303676186384235e-02,5.577120650734568308e-01,-1.956442012749585457e-01,-1.556194594856144010e-02,-3.454868212349618828e-01,-5.385144440807371202e-03,7.643833267968437595e-02,5.796295514163367635e-01,-2.812128131618897298e-01,1.467603736851181249e-03,-1.203230309227757734e-02,-2.523355379409842822e-02,-3.549076401781854628e-02,4.708864617679215936e-01,3.111332918300063199e-01,-5.554085414377778890e-03,5.012913194688569662e-01,-8.083307483660814603e-04,9.973026402135248131e-03,-9.419004978579278075e-04,4.877361138950466746e-01,-2.839716072671216729e-01,9.186730465537749565e-03,4.997166522606983352e-01,1.086095878667062533e-03,7.652718013970888876e-03,5.372069700812239336e-04
-4.767834141490216032e-02,2.610992274131426240e-03,7.564514839684558511e-01,4.610260012733994120e-03,5.904945426114894874e-04,7.176621664011401634e-03,9.999634457920458797e-01,-3.675480701165172448e-01,-1.443136355198982104e-02,-7.091000899218875830e-02,5.813222255593524235e-01,-2.056644838690878940e-01,-1.661657777181018217e-02,-3.558540438963330166e-01,-4.294337635022089233e-03,7.633792455872688565e-02,5.991275886488585112e-01,-2.915206187518307179e-01,2.816843717863814264e-03,-1.121546824935477742e-02,-2.497617990462286386e-02,-3.144624380433255761e-02,4.658995186407031697e-01,3.089686514036419362e-01,-5.963486514815723519e-03,5.020600495409605069e-01,-8.056996347922733238e-04,1.033391801472901932e-02,-9.104281230058459788e-04,4.837138723033219678e-01,-2.832064747144293904e-01,9.598392902188085385e-03,5.001629797144120371e-01,1.086072993127950963e-03,7.926857105142978352e-03,5.713603034923772032e-04
-4.939753715734342132e-02,2.488600926941103401e-03,7.543037278377353605e-01,4.319661005761564650e-03,-1.655547009599189550e-04,6.470972736131317543e-03,9.999697193576836396e-01,-3.804876637825255759e-01,-1.213978629700467396e-02,-6.594398461573022785e-02,6.053089237130402367e-01,-2.162269206950047651e-01,-1.768771400162466242e-02,-3.664809328071093608e-01,-3.376774205332798429e-03,7.599566584624257992e-02,6.189548263231056113e-01,-3.007957125644940555e-01,4.259305242473202663e-03,-1.043322183148382050e-02,-2.468273811480427640e-02,-2.753302149237439253e-02,4.613380055833673499e-01,3.069913497719602979e-01,-6.359350863604128906e-03,5.026314818832074982e-01,-7.981210284792867975e-04,1.064023839913968983e-02,-8.787829480006322490e-04,4.799556651968783227e-01,-2.826470620985304105e-01,9.932541976071240786e-03,5.004815481145665768e-01,1.092681500854210397e-03,8.171121107214273857e-03,6.038781044815770029e-04
-5.109250487043455469e-02,2.378833684555484249e-03,7.520344443670594625e-01,4.041949347963915036e-03,-1.031789978178473954e-03,5.835283779807709861e-03,9.999742734281310552e-01,-3.931004245109578354e-01,-9.836316763997855761e-03,-6.103343759606544988e-02,6.292378431010169360e-01,-2.271474792188292458e-01,-1.878625710174278499e-02,-3.769901706491828319e-01,-2.667182205786043300e-03,7.543998153671220563e-02,6.388338030905287290e-01,-3.087774287740924772e-01,5.782853244762666857e-03,-9.683645676080845227e-03,-2.439429409666295234e-02,-2.354685990607429183e-02,4.571163740210323900e-01,3.051644544995412156e-01,-6.717478605726842633e-03,5.031719282788683634e-01,-7.865425601340435236e-04,1.089791614495203009e-02,-8.469951864589982159e-04,4.763707423611167058e-01,-2.822367968465914201e-01,1.017547614533266011e-02,5.008365584851987018e-01,1.099588924302377993e-03,8.388217353588805700e-03,6.300560326134362977e-04
-5.275776168234284219e-02,2.282691676171240414e-03,7.496165722735230741e-01,3.776505435878151160e-03,-1.892162571358098604e-03,5.265639324141932823e-03,9.999772151254270325e-01,-4.058078660893205125e-01,-7.529319311398755335e-03,-5.617303062695715166e-02,6.533866504659360253e-01,-2.384964339511777554e-01,-1.985529174189048715e-02,-3.878149134231002604e-01,-2.107110131840168703e-03,7.472295693524147464e-02,6.591458647909623769e-01,-3.158996743727564560e-01,7.340063525021856689e-03,-8.940397088656735700e-03,-2.410752296125310418e-02,-1.976603615061791122e-02,4.533332868213787448e-01,3.035290419891326086e-01,-7.050041841456062761e-03,5.035624285006523593e-01,-7.715615393777648179e-04,1.107800670795022931e-02,-8.180876404153491176e-04,4.730446271733351193e-01,-2.820059542480632953e-01,1.034936036975115520e-02,5.010760772159199572e-01,1.106173834405315901e-03,8.546056066836194356e-03,6.540790064428732634e-04
-5.439412731710844412e-02,2.200112525654890436e-03,7.470802168145107558e-01,3.523518393397088565e-03,-2.852433113153922568e-03,4.774099579547896183e-03,9.999783279734971719e-01,-4.181647151357109071e-01,-5.273618954526476839e-03,-5.145617184459302246e-02,6.773832588876748106e-01,-2.500955711416699145e-01,-2.089624881475280610e-02,-3.985682572192357775e-01,-1.701668913929793320e-03,7.385661883901098457e-02,6.796452927268585853e-01,-3.220410468387205905e-01,8.941152788855764519e-03,-8.222027235091149480e-03,-2.382453161440554676e-02,-1.596289574841795039e-02,4.498783006750378677e-01,3.020343129379352565e-01,-7.334625890337176379e-03,5.039806937908412054e-01,-7.531248735808026206e-04,1.120533842402825567e-02,-7.894145513725715161e-04,4.698734137819068901e-01,-2.819019427513544396e-01,1.043490120777166609e-02,5.013695151590750188e-01,1.109932591648211649e-03,8.663810901172391138e-03,6.705679960835636728e-04
-5.599041683423305882e-02,2.136453144392441977e-03,7.444110594696813354e-01,3.271298999552209839e-03,-3.788798924316321738e-03,4.368921115510212075e-03,9.999779278233361657e-01,-4.306191739091828619e-01,-3.022317271784358533e-03,-4.682731898148437266e-02,7.015299366266323222e-01,-2.620963434911441903e-01,-2.193601840307148748e-02,-4.096310708910699261e-01,-1.399363667632001372e-03,7.286030611886649966e-02,7.006590702776072099e-01,-3.278449029168354345e-01,1.053060546224604196e-02,-7.532661162722390641e-03,-2.351494185311263710e-02,-1.245901528561776592e-02,4.468402867638924247e-01,3.007024032664573077e-01,-7.588275807370738202e-03,5.043387448164731168e-01,-7.288721214295899994e-04,1.128898990202222355e-02,-7.639565024696396691e-04,4.669398846745803633e-01,-2.819475449145557588e-01,1.044219645010857796e-02,5.016003512448350410e-01,1.118609753307015951e-03,8.746093335228868892e-03,6.812942142673068455e-04
-5.755071728780764700e-02,2.092537896703336800e-03,7.416411705360725914e-01,3.014803523857162004e-03,-4.812486863138625177e-03,4.064465379496198100e-03,9.999756152282333055e-01,-4.427413297544579018e-01,-8.376098401741095476e-04,-4.239547621341184513e-02,7.254897241707274347e-01,-2.742845571562079199e-01,-2.296623462348532443e-02,-4.206137181210634624e-01,-1.196689874759602340e-03,7.174104581194590269e-02,7.219641277221382492e-01,-3.332713744448471127e-01,1.212930749233255036e-02,-6.890701202814158641e-03,-2.316745566004550089e-02,-9.000180042890501900e-03,4.440918618111041050e-01,2.994762989084641669e-01,-7.790924183881533550e-03,5.048112200561964968e-01,-7.001478259064249868e-04,1.135014161029761735e-02,-7.378215433582952561e-04,4.641311278276275543e-01,-2.820930341883150505e-01,1.035255132882288882e-02,5.019356031644165439e-01,1.127053016344395711e-03,8.807843815087715300e-03,6.810272192790382427e-04
-5.906747064467691988e-02,2.071647188935481654e-03,7.387459715753474931e-01,2.737585709611055091e-03,-5.805802634361807539e-03,3.845049390023481516e-03,9.999720065459041241e-01,-4.550027922457927088e-01,1.270414375771868141e-03,-3.820516589013548542e-02,7.496781916230661480e-01,-2.866762609255730787e-01,-2.388844464390876485e-02,-4.319205396964646004e-01,-1.039290701794665572e-03,7.049033419086062069e-02,7.438983962086587187e-01,-3.388883963677382649e-01,1.363710334113418798e-02,-6.297773548333037395e-03,-2.274350898252456774e-02,-5.888331706981937523e-03,4.417212694283130792e-01,2.983828037969976643e-01,-7.975005501088049814e-03,5.052267467219007102e-01,-6.656900153933850576e-04,1.136136351377820854e-02,-7.161055216405378147e-04,4.615506174641114123e-01,-2.823761845533999115e-01,1.020001700879855262e-02,5.021812928541796728e-01,1.136789991505029150e-03,8.824377417915611407e-03,6.780312703599057416e-04
-6.054690249031337290e-02,2.072808397834811304e-03,7.357591914411902856e-01,2.438557515833805842e-03,-6.886602367710519500e-03,3.723021270451425113e-03,9.999663830637963713e-01,-4.669768237272736155e-01,3.283286158754238765e-03,-3.429862106913893205e-02,7.737615465850866681e-01,-2.990682683067374947e-01,-2.471476960463972819e-02,-4.431400179562219876e-01,-9.303870684670631497e-04,6.912254854238294999e-02,7.662108408017277439e-01,-3.446093798506786321e-01,1.509388692972109432e-02,-5.767977671777168268e-03,-2.224744989884170493e-02,-2.845694146563259967e-03,4.395907626367994148e-01,2.973729342232162010e-01,-8.115673055852916373e-03,5.057597049044069148e-01,-6.272858542499513707e-04,1.134991628210807457e-02,-6.940580788611627186e-04,4.590692146841799937e-01,-2.827337647875916016e-01,9.964688682960017724e-03,5.025206273136461066e-01,1.144303943843456026e-03,8.815169499147047782e-03,6.659392275710910355e-04
-6.197972305325410297e-02,2.092816934094087616e-03,7.326568892071652073e-01,2.137512137752546181e-03,-7.927397744563632193e-03,3.685330409830800055e-03,9.999595020532737744e-01,-4.790756467640963079e-01,5.206893996622786666e-03,-3.057882249389719947e-02,7.979933893713497817e-01,-3.115900846456985951e-01,-2.549857868137435368e-02,-4.546701944974135823e-01,-8.839212634055294534e-04,6.767352349567580527e-02,7.891457561612481575e-01,-3.507276611345095940e-01,1.642291513234086370e-02,-5.255330328694216707e-03,-2.174028467884943014e-02,-1.910933183636187062e-04,4.378098064161476399e-01,2.965009403819464651e-01,-8.241787880490196797e-03,5.062325914986148812e-01,-5.792347674666310222e-04,1.130987922791970579e-02,-6.731921184422945750e-04,4.567831954263419925e-01,-2.831710582763276030e-01,9.682803671948717397e-03,5.027794855879373914e-01,1.150693178617688290e-03,8.773932009987309502e-03,6.518817477696525016e-04
-6.337412989723319179e-02,2.131462155837529279e-03,7.294724723745643624e-01,1.827527574249744775e-03,-9.048848618967616705e-03,3.749687511902975116e-03,9.999503579304324097e-01,-4.908985634128110176e-01,7.022277770763262622e-03,-2.710131496239063728e-02,8.220823418449640929e-01,-3.240119511593410606e-01,-2.622663220175826954e-02,-4.660907200219171487e-01,-8.960456542201442488e-04,6.614831243210265999e-02,8.124423352827957467e-01,-3.571413812704435364e-01,1.767939162100010120e-02,-4.783765265245432108e-03,-2.121019019343163212e-02,2.368494418509770310e-03,4.362320343300375991e-01,2.957117134004154102e-01,-8.326716067503136393e-03,5.068216319619435195e-01,-5.258514310454766869e-04,1.126064347481425115e-02,-6.502356382445082265e-04,4.545604189049625155e-01,-2.836327052695414852e-01,9.334663405649023041e-03,5.031327424673001092e-01,1.154171745303815685e-03,8.716516490879126083e-03,6.293894759937076122e-04
-6.472015534481224963e-02,2.192674583333906711e-03,7.261832707814019905e-01,1.519961420746894151e-03,-1.011872304772804855e-02,3.893032345607356799e-03,9.999400709344132832e-01,-5.028739576008229850e-01,8.649636159183991119e-03,-2.396527126086030191e-02,8.463417324280385623e-01,-3.365331476121759535e-01,-2.685550540299463593e-02,-4.777842110005983689e-01,-1.025636713614194772e-03,6.453778817135016888e-02,8.362799145098465115e-01,-3.641060475763066573e-01,1.878605985900032305e-02,-4.333237597500647249e-03,-2.067929236049418848e-02,4.510009749645972621e-03,4.349576317245805179e-01,2.950256527111066451e-01,-8.397546829986463762e-03,5.073569803809143686e-01,-4.726452836625776380e-04,1.118395907687174534e-02,-6.354187861272823099e-04,4.525074909247973065e-01,-2.841541510069360843e-01,8.952313800094105489e-03,5.033935046665390933e-01,1.160006398170439646e-03,8.629445036005153197e-03,5.993066694508060671e-04
-6.602730113510996146e-02,2.274173304933282611e-03,7.228215866528175937e-01,1.210884309673392577e-03,-1.126029030042261306e-02,4.126538237464403951e-03,9.999273530130646792e-01,-5.146060682785400520e-01,1.010466762010180791e-02,-2.115916066935990061e-02,8.704918072534173490e-01,-3.488972704995010332e-01,-2.738821298763317869e-02,-4.893279438485048649e-01,-1.228443421663869689e-03,6.289168749189147367e-02,8.603901341895664467e-01,-3.714757816247615252e-01,1.981784859113139979e-02,-3.917364847953104003e-03,-2.014870272470235812e-02,6.538754078211840570e-03,4.338432182453544339e-01,2.944012137712507249e-01,-8.427851660806798262e-03,5.079997119153850660e-01,-4.193996062608879960e-04,1.110012766515709910e-02,-6.212481521043104011e-04,4.504860439682055184e-01,-2.846723531055280754e-01,8.518310517825034012e-03,5.037352671649750757e-01,1.164513919420237910e-03,8.527956165249338250e-03,5.589016649232382084e-04
-6.728604297796329792e-02,2.378187512706909403e-03,7.193517321868282410e-01,9.205590680636562126e-04,-1.232818582033935045e-02,4.414781086739517045e-03,9.999138353444951832e-01,-5.265704043316554728e-01,1.131839079596460435e-02,-1.872709868372164285e-02,8.948762167780296428e-01,-3.613146640546807120e-01,-2.780912684365111076e-02,-5.011862316748652013e-01,-1.592707135889730088e-03,6.119854265480161731e-02,8.850098690236657406e-01,-3.794406340759982621e-01,2.067657063205763021e-02,-3.495704909358385987e-03,-1.965484792015704044e-02,8.094347852593157533e-03,4.330068326459033390e-01,2.938753876494081263e-01,-8.455967301555176660e-03,5.085329686486284029e-01,-3.667952725919138316e-04,1.098152832762436075e-02,-6.161899436516751977e-04,4.486288637955137548e-01,-2.852272151740904982e-01,8.075014450673425812e-03,5.039312558101621820e-01,1.168380050284894417e-03,8.385249968815360402e-03,5.156281456854595359e-04
-6.850753462843317543e-02,2.502038991358530688e-03,7.158059389877329259e-01,6.417464095939982632e-04,-1.345669417847775683e-02,4.766149527207054828e-03,9.998978894677283957e-01,-5.383475998271139984e-01,1.233980420616610611e-02,-1.662279675748231864e-02,9.192094653391154058e-01,-3.734984626783241501e-01,-2.812355005861387480e-02,-5.129108372164915552e-01,-2.047355687469290531e-03,5.951754995909076806e-02,9.098666647972081245e-01,-3.878522915577320429e-01,2.143810206186373690e-02,-3.079521970797391688e-03,-1.919212306352757400e-02,9.514178468628786689e-03,4.322961596090332814e-01,2.934052767364039305e-01,-8.450457885617967610e-03,5.091258973529869669e-01,-3.144508230444389985e-04,1.084771272975616763e-02,-6.118716368971757833e-04,4.467828872737872881e-01,-2.857552822660577307e-01,7.602551336783939205e-03,5.041640367312620885e-01,1.169598784160664129e-03,8.218790289399213050e-03,4.659842306614960503e-04
-6.968763405650350851e-02,2.642662888604463932e-03,7.121434463944815718e-01,4.262467248470302962e-04,-1.451136195254907821e-02,5.141437994869107672e-03,9.998813951181195758e-01,-5.504659908839331095e-01,1.299168096795325598e-02,-1.510498112763874155e-02,9.439269549435985729e-01,-3.854775717951607339e-01,-2.821741427894473159e-02,-5.250010646843724649e-01,-2.743469303046165535e-03,5.786185485822405855e-02,9.352449616426757872e-01,-3.967617508750098665e-01,2.198843799024995799e-02,-2.569046368183144306e-03,-1.886937744634386432e-02,1.045269129791553779e-02,4.318083843521476894e-01,2.930530219171863515e-01,-8.454401204962597519e-03,5.095703451204474099e-01,-2.506658200921605350e-04,1.068302153891802740e-02,-6.130497234679451162e-04,4.450612266039174481e-01,-2.862754325893929197e-01,7.150020543639861413e-03,5.042185186267136299e-01,1.159806610128790794e-03,8.007549488516261388e-03,4.209416161869486677e-04
-7.083594038125923253e-02,2.799501075152811304e-03,7.083941749115911790e-01,2.391033141291247347e-04,-1.563449013858908554e-02,5.556019593796069321e-03,9.998623086175343344e-01,-5.624100145878933033e-01,1.348252372917747161e-02,-1.386432270865383017e-02,9.686066785025035930e-01,-3.970544926836325206e-01,-2.818179654344582161e-02,-5.369728197071467202e-01,-3.567676516489016146e-03,5.624752184272169969e-02,9.608616601496475784e-01,-4.060438234862070450e-01,2.240429461828941787e-02,-1.994555477014338905e-03,-1.861122429900439329e-02,1.126080368741600585e-02,4.313980121320654115e-01,2.927556702653358323e-01,-8.433901268683213423e-03,5.100386754583281501e-01,-1.817061876011232598e-04,1.050193651941163861e-02,-6.133452875220603631e-04,4.433176559030027053e-01,-2.867497823038465121e-01,6.695469885312506364e-03,5.042646798805502373e-01,1.143596703670139931e-03,7.768951035447758946e-03,3.754192461761494981e-04
-7.194141563504538595e-02,2.958408564935478217e-03,7.045339134334367426e-01,6.550113556140789222e-05,-1.668394596928432852e-02,5.993975521553144767e-03,9.998428446080628307e-01,-5.744908865110789353e-01,1.389598969965066301e-02,-1.282727202167203290e-02,9.932447390493015504e-01,-4.083827478280547263e-01,-2.808401492717539985e-02,-5.492596097492571383e-01,-4.267070736301305928e-03,5.482959103131401779e-02,9.871713572751525945e-01,-4.168148140878385477e-01,2.261709168483716156e-02,-1.401767772056744651e-03,-1.839939387222466402e-02,1.164172483504164086e-02,4.311760151727559998e-01,2.925336308657933149e-01,-8.395709630361807355e-03,5.103649211088775450e-01,-1.189862675991081443e-04,1.029692503840528434e-02,-6.114045276387751904e-04,4.416414809260539864e-01,-2.872022713568761487e-01,6.260234236972198746e-03,5.041608401568237197e-01,1.143160756692031136e-03,7.514884480247944164e-03,3.274438646798163164e-04
-7.301423376398190335e-02,3.119783153176915267e-03,7.005897695206849685e-01,-1.012745217645574016e-04,-1.778889346230191210e-02,6.481898861675500743e-03,9.998207489345306564e-01,-5.863420312362648268e-01,1.424917090459274470e-02,-1.197558768937970891e-02,1.017630701619700151e+00,-4.192040835979749525e-01,-2.791479553718082679e-02,-5.613471460128244273e-01,-4.902049903258045085e-03,5.356836174642756743e-02,1.013619378223941769e+00,-4.281687794434341776e-01,2.276634167199799094e-02,-8.298324619562299619e-04,-1.821885184503331187e-02,1.191962979330411961e-02,4.309949027027425994e-01,2.923430851374628214e-01,-8.323143504333220880e-03,5.107080000096254624e-01,-5.987475872832423061e-05,1.008146887338804039e-02,-6.046039505673350212e-04,4.399087989066204907e-01,-2.875903718800214559e-01,5.819931701628273252e-03,5.040582580327025441e-01,1.148742277869880439e-03,7.250086467017451825e-03,2.744724933085083518e-04
-7.405186301490782053e-02,3.292118393517821321e-03,6.965241118348923788e-01,-2.552890327412718941e-04,-1.877320848718529861e-02,7.010675687695056349e-03,9.997991557793040052e-01,-5.986957512029454920e-01,1.436506153151424943e-02,-1.159239018107315576e-02,1.042397442005844388e+00,-4.299896666072404727e-01,-2.760047399577065727e-02,-5.737157116149267377e-01,-5.494921988026162454e-03,5.249974753979130132e-02,1.040339252960853500e+00,-4.402382863150189340e-01,2.277360006779411555e-02,-2.594485572322169798e-04,-1.807819008438511788e-02,1.173603413247001868e-02,4.309466270362912188e-01,2.922067882009058981e-01,-8.273987880966776967e-03,5.108789084720807283e-01,-3.150086429500609524e-06,9.822760210390543353e-03,-6.144934186098206623e-04,4.382707107872854668e-01,-2.879749735103232511e-01,5.400045399738348344e-03,5.037443674201588228e-01,1.153025403286427053e-03,6.935931196133422218e-03,2.176862247114944775e-04
-7.506623428214764804e-02,3.475175105827331325e-03,6.923658620260284557e-01,-4.073281799038703794e-04,-1.978490836147430570e-02,7.586745060796476134e-03,9.997753911675686389e-01,-6.110215350313200622e-01,1.437569302319622461e-02,-1.142189339385757917e-02,1.067171998858321924e+00,-4.405242566398014925e-01,-2.721829357532827565e-02,-5.858906840291719931e-01,-6.044338326006821159e-03,5.161589064516990122e-02,1.067030555105069833e+00,-4.527689155473199056e-01,2.276913821456529388e-02,3.023372549063274529e-04,-1.795489874514925518e-02,1.146370366772765138e-02,4.308761025528903832e-01,2.920739054561055648e-01,-8.217761022031496929e-03,5.110454514075284393e-01,5.215820072586388614e-05,9.540324728364189474e-03,-6.295335880246240474e-04,4.365751261369374969e-01,-2.883108150928133107e-01,4.976645020903370208e-03,5.033948159600595273e-01,1.154997537231065895e-03,6.589062310236504585e-03,1.561178494102217075e-04
-7.604936057118971693e-02,3.654543960034492556e-03,6.880747549576040623e-01,-5.236808036071058815e-04,-2.066147878268574656e-02,8.192564360326462514e-03,9.997528249233060826e-01,-6.237974967073941501e-01,1.421497772741356531e-02,-1.148462526396403470e-02,1.092236903457071362e+00,-4.512766049655583256e-01,-2.668658692312353073e-02,-5.984209199328273110e-01,-6.552986434794678787e-03,5.099370348256857671e-02,1.093947634503661837e+00,-4.656492817236430048e-01,2.279806570744246502e-02,8.870351273536221078e-04,-1.796982776268064852e-02,1.071855189898865759e-02,4.309101045247232253e-01,2.920184046726839178e-01,-8.183694256434450101e-03,5.110109064885225427e-01,1.102214361541474535e-04,9.214886119281123431e-03,-6.481037095862513279e-04,4.349548727876329512e-01,-2.886131749472959362e-01,4.570501398892063728e-03,5.028524369123658078e-01,1.163232727226597239e-03,6.208229792671000023e-03,8.695574733822478933e-05
-7.701623567639621915e-02,3.832004789840937845e-03,6.836811867647810681e-01,-6.202271843625137499e-04,-2.155875734326865439e-02,8.835173964149796444e-03,9.997283506038413536e-01,-6.365369718945810273e-01,1.395998410801765899e-02,-1.167963025571346417e-02,1.117290700821182980e+00,-4.619411849908394707e-01,-2.609546742319537524e-02,-6.108315982781928888e-01,-7.029740446750787006e-03,5.059076815253966963e-02,1.120851054978468930e+00,-4.787958414079594993e-01,2.289111954076894148e-02,1.485648249336425208e-03,-1.808064623508187294e-02,9.902213268966775922e-03,4.308745562239629789e-01,2.919730660472778516e-01,-8.137907928960045820e-03,5.109631149196998123e-01,1.694752733279414022e-04,8.864278377563138481e-03,-6.644766223631496218e-04,4.332454802174593445e-01,-2.888478201094947240e-01,4.156777979815191176e-03,5.022938349101437883e-01,1.172769821950443193e-03,5.805573903894231669e-03,1.079276072386661821e-05
-7.796583225241969506e-02,4.009524847465041272e-03,6.791524338772889635e-01,-6.814059666309408170e-04,-2.232834343855449530e-02,9.528725060218313017e-03,9.997050485837937206e-01,-6.497139500513408050e-01,1.350315648842257028e-02,-1.204283571206998457e-02,1.142534782408469507e+00,-4.725687476030863698e-01,-2.560189215518006434e-02,-6.235477203430841442e-01,-7.498008151955572707e-03,5.042917244811446348e-02,1.147898237203855976e+00,-4.922897318748875595e-01,2.291254228624034495e-02,2.057849441711193713e-03,-1.830325932476685111e-02,8.739934767938158794e-03,4.308744724336484588e-01,2.919781372274671272e-01,-8.118995350533004043e-03,5.107199133354728415e-01,2.311553523836846829e-04,8.481522290947191706e-03,-6.829237845769831278e-04,4.315727049321106956e-01,-2.890627352465723887e-01,3.760741820622199704e-03,5.015278099864423078e-01,1.185768051069940399e-03,5.343406150191056837e-03,-6.750083840612111370e-05
-7.891362099074313019e-02,4.187576595091889106e-03,6.745184904673009463e-01,-7.178846450921815090e-04,-2.312190046465582502e-02,1.027347826060119075e-02,9.996796076768634798e-01,-6.628967148983763158e-01,1.292955272140239829e-02,-1.250322935986834978e-02,1.167751695990523197e+00,-4.829384061208316092e-01,-2.515678316676996790e-02,-6.361174100786686214e-01,-7.969143580710420435e-03,5.047844331866534195e-02,1.174859814607518205e+00,-5.060205192160058818e-01,2.292857554412521676e-02,2.609084525968364578e-03,-1.860988896762858294e-02,7.623674451586903711e-03,4.307392426302901756e-01,2.919749101127752655e-01,-8.093171618116018137e-03,5.104649250513995096e-01,2.935364733865553273e-04,8.080749237018645947e-03,-6.988019691821821880e-04,4.297722240335072885e-01,-2.892166535165575092e-01,3.358151476304640018e-03,5.007337784237763101e-01,1.198493254503794035e-03,4.845420872212683611e-03,-1.496004085626877547e-04
-7.985350046479197661e-02,4.356740185287229575e-03,6.697374506203559452e-01,-7.301706585630530870e-04,-2.374395297037338107e-02,1.109759486553288377e-02,9.996562083718334435e-01,-6.766994693280262707e-01,1.224267972909123987e-02,-1.304534675153486839e-02,1.193299997405485202e+00,-4.937060726772387054e-01,-2.474448750318541598e-02,-6.492225434154148545e-01,-8.263871812985787088e-03,5.099721793418867527e-02,1.202115876731004507e+00,-5.196173681998838001e-01,2.289156588006922149e-02,3.137288120224229673e-03,-1.902536545320653721e-02,6.128172593895336862e-03,4.305902308074456841e-01,2.920336070928001293e-01,-8.121219626504510430e-03,5.100300723003213799e-01,3.815059976360253048e-04,7.637476436064948720e-03,-7.414754806301591646e-04,4.279856270565612908e-01,-2.893514781703167560e-01,2.996367681464846139e-03,4.997848063811534125e-01,1.204273634452149733e-03,4.335481930827536981e-03,-2.097778703117978837e-04
-8.080265113190567006e-02,4.520468652856176814e-03,6.648395616526621144e-01,-7.159090566854227735e-04,-2.436982570613442645e-02,1.199469888509350178e-02,9.996307949777912816e-01,-6.906283558176486981e-01,1.144234980179488839e-02,-1.364337691500559953e-02,1.218927696588245180e+00,-5.045081971646373509e-01,-2.436957191347744606e-02,-6.623164627393115511e-01,-8.538578415668667682e-03,5.176469513096049885e-02,1.229339627415280800e+00,-5.330076678314938921e-01,2.285556751793029265e-02,3.660439791418420956e-03,-1.953991746868748158e-02,4.706527027312768646e-03,4.302467728472924580e-01,2.920811791742969898e-01,-8.161175366664372155e-03,5.095976032132281119e-01,4.802148744658276780e-04,7.172395906638707498e-03,-7.944432955538594182e-04,4.260403957675953923e-01,-2.894326149525234815e-01,2.643753951423780460e-03,4.988507735299045343e-01,1.205118282720346514e-03,3.820914185272816094e-03,-2.611681558227957919e-04
-8.175313726873249809e-02,4.685517449269560077e-03,6.597901766668130552e-01,-6.982293086184560666e-04,-2.488009623459854977e-02,1.298186966628787735e-02,9.996059045179539471e-01,-7.051498422258259957e-01,1.047519979132002267e-02,-1.438740079013229624e-02,1.245074914800328170e+00,-5.159054431509564331e-01,-2.411319489803985527e-02,-6.757119106736456660e-01,-8.812341708938310411e-03,5.269718481058738302e-02,1.256589991375350213e+00,-5.461838743254975315e-01,2.264219782289170896e-02,4.133471582282702630e-03,-2.012022143923555134e-02,3.090059301869319073e-03,4.298099372430909115e-01,2.921371732567084600e-01,-8.225430396213791531e-03,5.090039167745785686e-01,5.723197605650117478e-04,6.684167802104699907e-03,-8.479608875108964050e-04,4.240889059743395140e-01,-2.895204620973247378e-01,2.302289524510669171e-03,4.977667615834293069e-01,1.217283433205030869e-03,3.284089219009448616e-03,-3.136297461894879137e-04
-8.272029640421499352e-02,4.852493829430403090e-03,6.546187142640258472e-01,-6.622542929153310207e-04,-2.543201681004722894e-02,1.403495147291815813e-02,9.995778079156105722e-01,-7.197800007892108942e-01,9.364869915426395769e-03,-1.520009554828820331e-02,1.271414463732439826e+00,-5.273634913479932074e-01,-2.392999229682380227e-02,-6.889593421413429120e-01,-9.163434218988309940e-03,5.374568503461636670e-02,1.283638675973507226e+00,-5.590407549507889762e-01,2.239923098276573599e-02,4.603058898764353021e-03,-2.079164350140021156e-02,1.681504013351352040e-03,4.291259615452856502e-01,2.921512224814354353e-01,-8.278617454662675831e-03,5.084169319160708467e-01,6.591346870213039095e-04,6.185748113439115334e-03,-8.962468217387140317e-04,4.219644396675744091e-01,-2.895685585206640433e-01,1.951544913828051576e-03,4.967070878173376891e-01,1.232510054799779977e-03,2.738450879356870218e-03,-3.696940533947756357e-04
-8.369549510386271873e-02,5.027661293647688739e-03,6.492978073094116676e-01,-5.880993329314056651e-04,-2.585595558782981945e-02,1.508744137714880876e-02,9.995516458955512329e-01,-7.351954187923730455e-01,7.930361695873874503e-03,-1.659051026012239513e-02,1.298773133238824595e+00,-5.395922816561742330e-01,-2.370377825041045106e-02,-7.025688385680668446e-01,-9.683641065736265166e-03,5.491105563063326811e-02,1.310578477786713325e+00,-5.716437480544995786e-01,2.200703610991702058e-02,5.090518531758772905e-03,-2.162084077412263633e-02,1.108883545078178084e-04,4.283056208372357787e-01,2.921688171765779440e-01,-8.341518486379644048e-03,5.076978683427632033e-01,7.379562306346230602e-04,5.668603880429884737e-03,-9.470860463299591615e-04,4.198028799754685014e-01,-2.896177780899417686e-01,1.609142010593301447e-03,4.955621986262768730e-01,1.253293245668955606e-03,2.181075906217673152e-03,-4.246336518959640746e-04
-8.469397400022803113e-02,5.208772925688379650e-03,6.438566765116238155e-01,-4.691195048743652344e-04,-2.631727596413759376e-02,1.611801296910407577e-02,9.995235817981710236e-01,-7.507687977416181990e-01,6.377552132700036597e-03,-1.814536984920811849e-02,1.326481811823266854e+00,-5.519092754417392888e-01,-2.351337454651235975e-02,-7.161174399882337394e-01,-1.036677776985720813e-02,5.621736860748011849e-02,1.337280759857944590e+00,-5.839044200351743985e-01,2.163455965591148597e-02,5.630060476535361617e-03,-2.261996269591239755e-02,-1.201166391462570081e-03,4.272050526672307447e-01,2.921481551859099191e-01,-8.379029832031367059e-03,5.070024757122837400e-01,8.109549877044858147e-04,5.145383517180969826e-03,-9.923626390706704031e-04,4.174359815860638756e-01,-2.896149711198463539e-01,1.260567313121058360e-03,4.944932903308658090e-01,1.273822666967956967e-03,1.627472710338624326e-03,-4.815757763665296952e-04
-8.570446783376300948e-02,5.397564914687404472e-03,6.382668059159397611e-01,-3.043195414476805257e-04,-2.665679515677685588e-02,1.705871653594553602e-02,9.994990359433730820e-01,-7.669409044838541023e-01,4.781458334907404475e-03,-2.006567475035307691e-02,1.355134682888276876e+00,-5.648834086851975966e-01,-2.324771952048583154e-02,-7.301505578171850752e-01,-1.127536484537608290e-02,5.758340617315106658e-02,1.363962584728851235e+00,-5.959017610264135678e-01,2.126130576396145083e-02,6.210161405949736133e-03,-2.379370012556335928e-02,-2.616106036387550945e-03,4.259670377664177554e-01,2.921391603644879487e-01,-8.422735575553808376e-03,5.061745972449787079e-01,8.895083766888519945e-04,4.592797230885967488e-03,-1.041415224876960765e-03,4.150074754043772129e-01,-2.896106489410825158e-01,9.316352934352839857e-04,4.933753273059244271e-01,1.296762965110722157e-03,1.072859102772511647e-03,-5.340541229531034885e-04
-8.674301519276422789e-02,5.591740587878109466e-03,6.325577683277583407e-01,-9.205707024552067992e-05,-2.703787527012290609e-02,1.790762045927815627e-02,9.994739926360560744e-01,-7.831236538549758430e-01,3.295309340352520211e-03,-2.202793147271341415e-02,1.384027909505553433e+00,-5.778425162960967310e-01,-2.300489617477401508e-02,-7.442567844003448174e-01,-1.238449700239347556e-02,5.902612677090698229e-02,1.390542761565684904e+00,-6.076020576782357185e-01,2.102565272506226601e-02,6.832298435387853044e-03,-2.514146769283626820e-02,-3.716481978891275541e-03,4.244404180745760535e-01,2.920986012186130854e-01,-8.440511953010900598e-03,5.053737967844239565e-01,9.686994071164416360e-04,4.029631040373697973e-03,-1.085723710159765005e-03,4.123573647091721694e-01,-2.895495743174757997e-01,6.028617242510333867e-04,4.923588457348617720e-01,1.317840037820393762e-03,5.304756503310702241e-04,-5.868230606528939373e-04
-8.779365692927519615e-02,5.795655415017622950e-03,6.266950357714325959e-01,1.491508197939252016e-04,-2.730825383882814344e-02,1.863568930943592175e-02,9.994533246281532834e-01,-7.997188307108054062e-01,2.044107349257963564e-03,-2.408380707224404629e-02,1.413835945097886793e+00,-5.915321045275615530e-01,-2.278244939434753008e-02,-7.589445450590355247e-01,-1.376095673872175171e-02,6.039846431199093202e-02,1.417225424253214072e+00,-6.188897438760517788e-01,2.084963243618607326e-02,7.479558006143366064e-03,-2.663296830122055189e-02,-4.906154315767239857e-03,4.227729879623827736e-01,2.920721364527403829e-01,-8.465891673639844989e-03,5.044481235425980481e-01,1.048889161953722249e-03,3.455958742691408667e-03,-1.132456144212104065e-03,4.096588800118880491e-01,-2.894870160150863625e-01,3.032190940882211264e-04,4.912986470013630536e-01,1.335650709414309273e-03,-3.880270138765357611e-06,-6.296153529961900398e-04
-8.887255537935677407e-02,6.006910556542469082e-03,6.207081131245040240e-01,4.184613782015490346e-04,-2.762786851326831314e-02,1.925791098753576458e-02,9.994326683853616000e-01,-8.161607977849743012e-01,1.089591267662285996e-03,-2.608346685456217756e-02,1.443775258741767153e+00,-6.050202923384498943e-01,-2.263926792347445080e-02,-7.737985981988614315e-01,-1.535554005380981510e-02,6.173601471937510687e-02,1.443950291083345494e+00,-6.298163913784133872e-01,2.085610104819662219e-02,8.126880391652088753e-03,-2.826245491399958024e-02,-5.775777634030613769e-03,4.208107037301804798e-01,2.920181259986615596e-01,-8.469160449131778526e-03,5.035580152300506152e-01,1.127666559835499831e-03,2.883446484009254129e-03,-1.174401686220768624e-03,4.067603868712633686e-01,-2.893651364385212976e-01,8.613893890225112013e-06,4.903424510219721033e-01,1.349197296246419870e-03,-5.218726293648986774e-04,-6.701656562699695929e-04
-8.997054915256422203e-02,6.231044069546186337e-03,6.145550576451112024e-01,6.803471006526334549e-04,-2.780026503275142072e-02,1.978957541821013341e-02,9.994173578123896062e-01,-8.329433754994356454e-01,6.067079307809021722e-04,-2.786301855268424540e-02,1.474729899913086006e+00,-6.188761675781442317e-01,-2.265956234523777701e-02,-7.895048742605541570e-01,-1.736851052501654780e-02,6.277873741228122417e-02,1.470940980620308203e+00,-6.400110443710472774e-01,2.106846760542732330e-02,8.719311672432596139e-03,-2.995176372026941980e-02,-6.791019333297733732e-03,4.186973870169330425e-01,2.919881138367874107e-01,-8.505961334841129901e-03,5.025302337213262138e-01,1.222012946841510546e-03,2.290347091825619026e-03,-1.219773509265346424e-03,4.038391455491058268e-01,-2.892467360426984602e-01,-2.540479350466202393e-04,4.893015458077716873e-01,1.358189066628262684e-03,-1.045422365481788775e-03,-6.990885293733249597e-04
-9.110503314796289387e-02,6.464493367987994218e-03,6.082665972753408257e-01,9.339353739332357162e-04,-2.799567314682938415e-02,2.025442122371793816e-02,9.994023856638851733e-01,-8.494663904142759625e-01,5.515372959496912418e-04,-2.945263967846507153e-02,1.505827652743203293e+00,-6.322331895410555624e-01,-2.281552167371504042e-02,-8.055700602665898380e-01,-1.968974821110794013e-02,6.361673310174939533e-02,1.498117222757064049e+00,-6.496699554030205270e-01,2.154155336228567516e-02,9.224372978239121432e-03,-3.169906717789849893e-02,-7.514812719343700112e-03,4.162644514761562053e-01,2.919426367716882464e-01,-8.539853701247889645e-03,5.015293046083268980e-01,1.321561727227285078e-03,1.692704599216291990e-03,-1.262788829668951961e-03,4.007382562818023186e-01,-2.890644295536600739e-01,-5.142448463716757252e-04,4.883378151305909354e-01,1.362756885946454994e-03,-1.565035833629125793e-03,-7.261285923215466667e-04
-9.225433874569075043e-02,6.702524617011674027e-03,6.018202703162167655e-01,1.143329015019391116e-03,-2.804101424187930430e-02,2.067412307910221000e-02,9.993923028290542243e-01,-8.661374121322662489e-01,9.414447689547911658e-04,-3.088073322840731438e-02,1.536759437811972218e+00,-6.451450129606973727e-01,-2.322205694956421332e-02,-8.223427149248594414e-01,-2.214847620238004702e-02,6.428402992202487953e-02,1.525636977941705386e+00,-6.593204184055769801e-01,2.218834042014045105e-02,9.576117938555969364e-03,-3.343941048552167422e-02,-8.370083568210956101e-03,4.137139253221066015e-01,2.919173603148532137e-01,-8.579219690237897128e-03,5.004420426021722879e-01,1.404040541540524292e-03,1.096874900735536357e-03,-1.305727723553410562e-03,3.976193283979679305e-01,-2.888504343289942100e-01,-7.562980814090234857e-04,4.873409270616452238e-01,1.378298888582760780e-03,-2.075736634941398404e-03,-7.442231629641751604e-04
-9.343627614961493022e-02,6.946094784422615284e-03,5.952421209548797165e-01,1.287415785404316323e-03,-2.809309652038485816e-02,2.107832340224722809e-02,9.993822215604206693e-01,-8.824236725071165077e-01,1.721916536090237291e-03,-3.222536632460615280e-02,1.566934257110477402e+00,-6.573229827138085124e-01,-2.376700524538965728e-02,-8.393894056456482344e-01,-2.467799561860234761e-02,6.477463058845064903e-02,1.553384845068271236e+00,-6.689656371499949072e-01,2.304369470159292610e-02,9.748369363198167506e-03,-3.511328652904366354e-02,-8.947793031521916046e-03,4.108729798988811632e-01,2.918596190948298807e-01,-8.608204276416666842e-03,4.994146271324086950e-01,1.477253165700000365e-03,5.145056766695327516e-04,-1.344983928250839591e-03,3.943616938274445149e-01,-2.885720180135786239e-01,-1.012465776447076709e-03,4.864261673998976354e-01,1.397831256991069904e-03,-2.573526449802967034e-03,-7.641421947550627609e-04
-9.463222063995788136e-02,7.199514273379978985e-03,5.885028550096611522e-01,1.318451770106819892e-03,-2.798754431596416417e-02,2.145586536222997276e-02,9.993771084478818567e-01,-8.988992371861085351e-01,2.940689202630089594e-03,-3.362535918937806234e-02,1.597078596583279442e+00,-6.691695338479055621e-01,-2.430621457737162580e-02,-8.571226941200426053e-01,-2.718455252584334528e-02,6.502570204748314708e-02,1.581456732833501189e+00,-6.786859417886828005e-01,2.396720742654123021e-02,9.814501118812987007e-03,-3.661811983683353755e-02,-9.667197005059243592e-03,4.079101726283363982e-01,2.917972507813663130e-01,-8.670738582552642293e-03,4.983217673181679630e-01,1.548836872340814651e-03,-6.239444904115019636e-05,-1.391183756335930347e-03,3.911446848737511472e-01,-2.882986275028754930e-01,-1.267939487114256528e-03,4.854413708182578890e-01,1.416364141671400123e-03,-3.075866499804371951e-03,-7.855206610095071679e-04
-9.586165199150606386e-02,7.462238080154011410e-03,5.816286941038532055e-01,1.235165250043117379e-03,-2.788545176061589873e-02,2.183505134880307438e-02,9.993718559572838389e-01,-9.150477686678082367e-01,4.505913317006160317e-03,-3.512864265652579365e-02,1.626598702699233234e+00,-6.803428600105319024e-01,-2.484499116032325497e-02,-8.751096055678654340e-01,-2.964947224120804276e-02,6.505500311375700395e-02,1.609736096766787972e+00,-6.884572444636445354e-01,2.501062382854977312e-02,9.743421928023963605e-03,-3.794513338026881538e-02,-1.010151438363296635e-02,4.046603320912511292e-01,2.916879907815119188e-01,-8.738223731707895486e-03,4.972936595673617122e-01,1.618603813586038309e-03,-6.241649504175321873e-04,-1.437435669375432181e-03,3.878247583458085401e-01,-2.879856875178002373e-01,-1.547847966527706809e-03,4.845205193736729643e-01,1.432959020079872152e-03,-3.574908030377449593e-03,-8.139561612050358764e-04
-9.710463909581275310e-02,7.736362208249822001e-03,5.745837095836393571e-01,9.859212591270410681e-04,-2.762136146178560681e-02,2.224030537858979334e-02,9.993705304675212231e-01,-9.316500028361541785e-01,6.495985209075275449e-03,-3.657052619367939100e-02,1.656650627424532951e+00,-6.914858402135671822e-01,-2.554037807502308050e-02,-8.937386999712344515e-01,-3.202098006601521163e-02,6.477909888917642023e-02,1.638308241892785455e+00,-6.983513004463534068e-01,2.613070269447344968e-02,9.545772783259527661e-03,-3.901904053043711573e-02,-1.065814042148901207e-02,4.013018574646998182e-01,2.915699005740758909e-01,-8.848285375756874405e-03,4.961843129970389121e-01,1.692219496698766116e-03,-1.187032395421339093e-03,-1.494902194256957952e-03,3.845742591028039059e-01,-2.876931125875258899e-01,-1.830917458186971918e-03,4.835097703221399312e-01,1.450211543481667517e-03,-4.089149855249408876e-03,-8.385503132600479739e-04
-9.838280171918523109e-02,8.019986718735022668e-03,5.673962408486421527e-01,5.912366086859092680e-04,-2.736776786696583363e-02,2.269153530212235717e-02,9.993676750560249733e-01,-9.481495661886029103e-01,8.769043188365407276e-03,-3.800776308285544469e-02,1.686505878132180447e+00,-7.021011300693269508e-01,-2.628969968058425186e-02,-9.125660988094019821e-01,-3.432179457041482917e-02,6.424729870215967198e-02,1.667062019988939436e+00,-7.083385154075082513e-01,2.736992026982633386e-02,9.206748614272277850e-03,-3.988344560842646547e-02,-1.087548382517995911e-02,3.976607566378356773e-01,2.914098909451046659e-01,-8.964562755386732903e-03,4.951280257488466785e-01,1.766355207136307290e-03,-1.740599581987399037e-03,-1.554154848154785419e-03,3.812276083205269894e-01,-2.873604223234689781e-01,-2.140749725295605643e-03,4.825641159240012801e-01,1.466031074718107587e-03,-4.606627929142939094e-03,-8.678110025071833879e-04
-9.967077634927204444e-02,8.317517395734648142e-03,5.600301789022817944e-01,4.903171593336677484e-05,-2.694565070040476004e-02,2.317028354659522726e-02,9.993683342314747531e-01,-9.650716301703284872e-01,1.117992996933926501e-02,-3.958019183534147722e-02,1.716932013258148038e+00,-7.128365692226826811e-01,-2.697652723212764364e-02,-9.320676902555385945e-01,-3.667227967792431598e-02,6.343458623089612280e-02,1.696142412286085754e+00,-7.186450816470453251e-01,2.858680620448943513e-02,8.723067300388357564e-03,-4.053400758082302546e-02,-1.119735715361248191e-02,3.939271618456056667e-01,2.912235204514875275e-01,-9.114233490686058856e-03,4.939928553616731999e-01,1.844600149954964520e-03,-2.289872984654068439e-03,-1.610077037761520162e-03,3.779507310848320145e-01,-2.870625265443148000e-01,-2.449332745682623533e-03,4.815461010626737037e-01,1.480683246202999827e-03,-5.128775179150842946e-03,-8.917836730076215794e-04
-1.009913338709481634e-01,8.624951888567079783e-03,5.525145703687229792e-01,-6.220662617137830272e-04,-2.652913593721849608e-02,2.368105930554497557e-02,9.993673125583792949e-01,-9.818669741514232108e-01,1.366651041912841577e-02,-4.128091514259089878e-02,1.747214799399851248e+00,-7.231465197109997467e-01,-2.762271381660699049e-02,-9.517980953769966668e-01,-3.902178109000256634e-02,6.240570819667989183e-02,1.725419910166164694e+00,-7.291878925475855366e-01,2.985556196624391742e-02,8.108271501914962945e-03,-4.101499388299435084e-02,-1.115394901349265472e-02,3.899267442612125989e-01,2.909870502897455302e-01,-9.259975316933880332e-03,4.929111097007666809e-01,1.922911286407250368e-03,-2.827855524064749708e-03,-1.659628882192265651e-03,3.745699210416105207e-01,-2.867290436045680235e-01,-2.780348120838932804e-03,4.806142389248611035e-01,1.492838799180365569e-03,-5.646171518659498338e-03,-9.194113237357874960e-04
-1.023162919100995272e-01,8.940744376312028882e-03,5.448190547131337436e-01,-1.415134366054978179e-03,-2.589317300166760552e-02,2.423128012479436669e-02,9.993699945716525423e-01,-9.989600283393234026e-01,1.598324303548278105e-02,-4.325107218331866732e-02,1.776885014771606874e+00,-7.339762209732683118e-01,-2.824653849105911163e-02,-9.723405160547521353e-01,-4.145103103400527705e-02,6.115718904198001737e-02,1.755206327926430054e+00,-7.407252381228710547e-01,3.088743507878567718e-02,7.319261070003224220e-03,-4.130835838117563608e-02,-1.131538945286375553e-02,3.858544686999186291e-01,2.907015161554531990e-01,-9.452363992480585647e-03,4.917671142981192567e-01,2.003692529702362328e-03,-3.373721871534297086e-03,-1.721661397074266027e-03,3.712989513605343683e-01,-2.864401052007615744e-01,-3.110472304884771486e-03,4.796209112907204863e-01,1.505289180200427212e-03,-6.177595200608370328e-03,-9.432034047983451144e-04
-1.036711085180096054e-01,9.262458071510109789e-03,5.369699848946747345e-01,-2.328652007129998047e-03,-2.523869754084381509e-02,2.480152003091051771e-02,9.993710372681545717e-01,-1.015938304481815546e+00,1.815943581854407435e-02,-4.546133429298339357e-02,1.805863258973284813e+00,-7.450792655873496040e-01,-2.892823903233137511e-02,-9.931851066067519662e-01,-4.384815478770725389e-02,5.974465744716207088e-02,1.785199199730480579e+00,-7.525974528466272684e-01,3.194681842629824853e-02,6.414859272788173312e-03,-4.141193970449677519e-02,-1.113882430404875695e-02,3.815280260228675058e-01,2.903316652653057384e-01,-9.651966995790560791e-03,4.906752114075038085e-01,2.083527135877152794e-03,-3.914645261729883877e-03,-1.785054389748252663e-03,3.679490922778906881e-01,-2.861435687005180473e-01,-3.464392130177349968e-03,4.787035648000311228e-01,1.516478896235148519e-03,-6.707683657622452895e-03,-9.711692444482230820e-04
-1.050291351285837782e-01,9.586937936480457653e-03,5.289511633114168943e-01,-3.380428821363128111e-03,-2.439423811796782512e-02,2.543376964971039156e-02,9.993731121103029968e-01,-1.033556115000288322e+00,2.013850290445157523e-02,-4.783626125907840948e-02,1.834533365417509776e+00,-7.569358851624783391e-01,-2.966368734631499512e-02,-1.014688754591200892e+00,-4.603914527162423359e-02,5.817344048638511955e-02,1.815541972975108997e+00,-7.651251344169958113e-01,3.291707118918962144e-02,5.404585795282867283e-03,-4.128521043138833058e-02,-1.111593131661130739e-02,3.771527588703393330e-01,2.899076395135322670e-01,-9.888108776972014125e-03,4.895092636449533963e-01,2.161303494592194292e-03,-4.462576579626350605e-03,-1.862449546968647637e-03,3.646935170813250249e-01,-2.858949006734236020e-01,-3.813872353555631655e-03,4.777336078648339868e-01,1.524211732641503163e-03,-7.247322440301747805e-03,-1.000238853236752384e-03
-1.064163298886051101e-01,9.911700038388161424e-03,5.207909515574431492e-01,-4.539620039022585797e-03,-2.359166644785816447e-02,2.608885865441104221e-02,9.993709004059622147e-01,-1.051454766053511403e+00,2.192114094709457506e-02,-5.039218572824829406e-02,1.863121105261513533e+00,-7.693019174614633693e-01,-3.043152512588658681e-02,-1.036301878185960756e+00,-4.799263239207499782e-02,5.652591369104795205e-02,1.845991665809780802e+00,-7.777946498454461066e-01,3.395855848530161120e-02,4.375890970488878831e-03,-4.098915197828122831e-02,-1.063116963154405251e-02,3.725472248391276109e-01,2.894010776963211184e-01,-1.011455255586919157e-02,4.883874836402911646e-01,2.235572470018828885e-03,-5.007767945428104502e-03,-1.939280118125766370e-03,3.613155301154228338e-01,-2.856309830851084808e-01,-4.178927167506395722e-03,4.768612405193907722e-01,1.528525537423383335e-03,-7.779468634646612493e-03,-1.034676862533097461e-03
-1.078031125502521143e-01,1.024599754848206506e-02,5.124931070713122372e-01,-5.795097704499322516e-03,-2.265382710883061951e-02,2.672944277984784511e-02,9.993691799573352075e-01,-1.070050868211371187e+00,2.333890255218474055e-02,-5.314456972259381379e-02,1.891815429892774958e+00,-7.823192028239487339e-01,-3.110141539200429392e-02,-1.058476073890037394e+00,-4.972436769457207195e-02,5.481481819141540562e-02,1.876975340989008645e+00,-7.920716285698617964e-01,3.506252132361713236e-02,3.450158716889652720e-03,-4.043260958133319816e-02,-1.018353590902337964e-02,3.679337055579427473e-01,2.887740703310829327e-01,-1.038965485309452721e-02,4.872580823287176455e-01,2.311093069726726304e-03,-5.551413556122687665e-03,-2.044019667664147277e-03,3.580275036746854433e-01,-2.854693869616166113e-01,-4.533420162072845407e-03,4.759691161387486491e-01,1.515506011235770141e-03,-8.306498657712378317e-03,-1.072666821439070091e-03
-1.092141215927077691e-01,1.058314977282550501e-02,5.040856190893996391e-01,-7.109572332951702434e-03,-2.181197447754941801e-02,2.730717149650463763e-02,9.993638026942405217e-01,-1.089001064044360589e+00,2.448996674685768871e-02,-5.606643140372583739e-02,1.920777092114811069e+00,-7.956067749074137163e-01,-3.171252981698916007e-02,-1.080661215911526529e+00,-5.116544275859775254e-02,5.310708344532207720e-02,1.907991616937014134e+00,-8.065150423607926333e-01,3.623598028318918141e-02,2.704634696169429860e-03,-3.970537199107563447e-02,-9.165038832073325523e-03,3.631689240806301733e-01,2.880203428366678309e-01,-1.065557487847861896e-02,4.862083385368682342e-01,2.383681062177236791e-03,-6.085372676256140846e-03,-2.152118331667888639e-03,3.545918818839293163e-01,-2.853267053091230743e-01,-4.886740021267158701e-03,4.752128437810115846e-01,1.492211543092759581e-03,-8.811280162204157551e-03,-1.113460427067302239e-03
-1.106430198415877808e-01,1.090778434624049137e-02,4.955906205226155992e-01,-8.482398175962316267e-03,-2.082259349590268038e-02,2.786336455156953121e-02,9.993588451788246729e-01,-1.109080495479570105e+00,2.540745421505665944e-02,-5.917452366128048147e-02,1.949985791631443366e+00,-8.084460790194667457e-01,-3.232883799119474350e-02,-1.103403718502493858e+00,-5.225499553231045813e-02,5.136818024089127854e-02,1.939240130985046440e+00,-8.219955759733821310e-01,3.752902761313759578e-02,2.067879896875332579e-03,-3.878447648487547139e-02,-8.174754510452663867e-03,3.584471551853499749e-01,2.871845531888148062e-01,-1.091974541451814704e-02,4.851639806410828482e-01,2.443797660307501542e-03,-6.609419428563047955e-03,-2.239312380843231764e-03,3.511514948118283908e-01,-2.851741609731457405e-01,-5.236773668182839042e-03,4.745262682866335791e-01,1.481436889031882654e-03,-9.299228391914366940e-03,-1.142858206143090730e-03
-1.121165829088908716e-01,1.121364484089914203e-02,4.870362448390879728e-01,-9.868193176526466118e-03,-1.991708343860519245e-02,2.837050190532630287e-02,9.993503105379860640e-01,-1.129704240254775227e+00,2.613484317380663016e-02,-6.239732814762121577e-02,1.979405179357475841e+00,-8.208824307978693779e-01,-3.294593638117733481e-02,-1.126159296827933698e+00,-5.297817908354961886e-02,4.966628868800792435e-02,1.970316488308050840e+00,-8.373929760612338624e-01,3.890005388143207704e-02,1.586941035660564261e-03,-3.777606617314848564e-02,-6.593613955204701699e-03,3.536085345920556011e-01,2.862678798204733588e-01,-1.113580268841319471e-02,4.842130429918709567e-01,2.494850158992427142e-03,-7.117302089878331170e-03,-2.303948689628739638e-03,3.474826060593181332e-01,-2.849334763881191668e-01,-5.586806046290975110e-03,4.740319919913837388e-01,1.474891253971833240e-03,-9.752410447988735936e-03,-1.169947994877379872e-03
-1.135968632186390298e-01,1.149654576581969449e-02,4.784246484611448524e-01,-1.128387006957934195e-02,-1.885597069684471355e-02,2.884406795226433090e-02,9.993423569474559898e-01,-1.151403607751642744e+00,2.670636955914931429e-02,-6.575592863633618335e-02,2.009045314954039263e+00,-8.328450512165724851e-01,-3.345186191939820974e-02,-1.149404640707110126e+00,-5.329374363291459332e-02,4.798261332468121976e-02,2.001213634139169084e+00,-8.526644257171387409e-01,4.023041765851163853e-02,1.187883814489904596e-03,-3.665936911811260024e-02,-5.193043776000102335e-03,3.489247937031912938e-01,2.853211697357964094e-01,-1.136351366511718225e-02,4.832384674697282056e-01,2.559158472091874019e-03,-7.641056194074861453e-03,-2.372271481915151463e-03,3.438196263462126590e-01,-2.846521326607631686e-01,-5.900319297535177275e-03,4.735855829678470852e-01,1.471208302638716929e-03,-1.019425392028035400e-02,-1.188788056730051080e-03
-1.151127090784789114e-01,1.175069831883241746e-02,4.697820660095470280e-01,-1.268436861234965331e-02,-1.787420917638377765e-02,2.927946149610176352e-02,9.993309424678703534e-01,-1.173553825435845077e+00,2.712410343514538510e-02,-6.917485611180856919e-02,2.038798111703582716e+00,-8.443716319643655988e-01,-3.386928857586400665e-02,-1.172593173269418809e+00,-5.323989273041393466e-02,4.637810292115417815e-02,2.031685998419925365e+00,-8.672051227996575573e-01,4.153488877857965111e-02,8.880699352678943920e-04,-3.553786022865988714e-02,-3.332725820600764347e-03,3.442100487811488030e-01,2.843451883624673604e-01,-1.155916883859750728e-02,4.823320571168339677e-01,2.626575025730172250e-03,-8.163444555645870196e-03,-2.433441033831288628e-03,3.399477425470439629e-01,-2.842533134490064506e-01,-6.194758332378853469e-03,4.732927418567888234e-01,1.467285221216058956e-03,-1.060884395372531375e-02,-1.207295523706446421e-03
-1.166225768178350414e-01,1.199812653100763328e-02,4.611155190031040463e-01,-1.408524330370231233e-02,-1.677036233844881805e-02,2.968963142190884225e-02,9.993192115906420758e-01,-1.196515977261679353e+00,2.733653708234209945e-02,-7.264138028730121599e-02,2.068646360813971796e+00,-8.555267873397334188e-01,-3.421808302638990745e-02,-1.196038041678835651e+00,-5.287890382241770826e-02,4.484190622650417041e-02,2.061387004501313402e+00,-8.802912596427849845e-01,4.260969471150126420e-02,6.102853609736268734e-04,-3.441100710936989548e-02,-1.617411833476251363e-03,3.397304945339018056e-01,2.833526828502693773e-01,-1.173775565888485889e-02,4.813903151881766540e-01,2.677565648293691973e-03,-8.676416488592330820e-03,-2.481945798130495446e-03,3.360914133893892486e-01,-2.837980826001097467e-01,-6.440631474404510080e-03,4.730101441198815704e-01,1.469480318221992599e-03,-1.099987339042943213e-02,-1.211708812568393356e-03
-1.181569522593511334e-01,1.223030591565123747e-02,4.524444125052257126e-01,-1.541859551207161276e-02,-1.575836450596331331e-02,3.006050360584262837e-02,9.993049119180261730e-01,-1.219717060670257869e+00,2.736326108479290170e-02,-7.602411425972209480e-02,2.098466407126992284e+00,-8.663126081803501632e-01,-3.450092974016762820e-02,-1.219356415406891880e+00,-5.221651008636371549e-02,4.350154176252093302e-02,2.089763380907750712e+00,-8.897464484246405680e-01,4.355442697037981842e-02,3.930936878227520546e-04,-3.343948667789635454e-02,5.572391738560375941e-04,3.353046247343874908e-01,2.823779119143206007e-01,-1.186505560410730520e-02,4.804760612834527156e-01,2.717236931535369718e-03,-9.175374027019060630e-03,-2.515108095272164130e-03,3.320469378810748107e-01,-2.832007857937316464e-01,-6.653633799620542466e-03,4.728180056755874605e-01,1.472943694795428434e-03,-1.136200197800989013e-02,-1.212820068963094437e-03
-1.196638237132680027e-01,1.247112071652477748e-02,4.437658201695010018e-01,-1.674113364325787237e-02,-1.463674113002280154e-02,3.038595183908241945e-02,9.992908456421797370e-01,-1.243527317772385343e+00,2.715797821171861068e-02,-7.940473893067398481e-02,2.128303253725543076e+00,-8.768299742757105220e-01,-3.475013438717398234e-02,-1.242877854739667054e+00,-5.122794639357001328e-02,4.226365481372507116e-02,2.116986232445625227e+00,-8.964123310161592473e-01,4.403116958752625182e-02,2.414052745749863745e-04,-3.252089854864880641e-02,2.529521644964136638e-03,3.311752402522523120e-01,2.814455734220460692e-01,-1.202222480188481352e-02,4.794987997502169197e-01,2.766633344114827458e-03,-9.666998225937795813e-03,-2.553671664051532925e-03,3.281394959921634658e-01,-2.825416733086295595e-01,-6.828803283119946367e-03,4.725482827119173446e-01,1.478824905439651101e-03,-1.172452810934908329e-02,-1.208175441079768547e-03
-1.212412448969048123e-01,1.267404453114213264e-02,4.351165274675955486e-01,-1.798292219190835567e-02,-1.347760191963255812e-02,3.105309966069048563e-02,9.992650668153056914e-01,-1.268424568869700453e+00,2.614397918529797263e-02,-8.262433425882184657e-02,2.157957788373972452e+00,-8.860549731204029333e-01,-3.498104026689009133e-02,-1.266405890447353855e+00,-5.052613337472111610e-02,4.125643642773528519e-02,2.143208923768786800e+00,-9.008220798596201506e-01,4.426718644792369123e-02,-4.850953119508668340e-04,-3.194690301725260084e-02,4.859072128417673067e-03,3.268365912194840517e-01,2.807253751506059158e-01,-1.216477182490781177e-02,4.785668054623116174e-01,2.817857679339538617e-03,-1.013391258854933440e-02,-2.595814718019829898e-03,3.240281958178069521e-01,-2.815275809069081037e-01,-7.060590655013742299e-03,4.723907581674920975e-01,1.484393095951752920e-03,-1.209777717154878959e-02,-1.226056451966851205e-03
-1.228313548120327919e-01,1.285477507744252519e-02,4.264660203619430878e-01,-1.920427332010976595e-02,-1.213441516428141742e-02,3.198216609163249957e-02,9.992302501960961258e-01,-1.294768563082806523e+00,2.447697511815703428e-02,-8.576142233688856253e-02,2.187624385677298999e+00,-8.939113286299021910e-01,-3.518057555819591870e-02,-1.290333955139170596e+00,-4.993196582772570224e-02,4.039817828423501733e-02,2.168729781179532079e+00,-9.034449297104402143e-01,4.414673504816359756e-02,-1.647284780405413197e-03,-3.157446656499681564e-02,6.901995842838272444e-03,3.225169595238421283e-01,2.802207158117568930e-01,-1.234222435742822824e-02,4.775667989978775729e-01,2.876758428297459657e-03,-1.058625044200087011e-02,-2.659006313237439675e-03,3.200414434688252374e-01,-2.802684984716175554e-01,-7.314566424907743315e-03,4.721326369765169173e-01,1.502901813048029356e-03,-1.248114823084097227e-02,-1.260048139140049900e-03
-1.244656752804358529e-01,1.301052535997570397e-02,4.178372365696791380e-01,-2.037197818527345869e-02,-1.088692274223262806e-02,3.312633974464666148e-02,9.991842187670619824e-01,-1.321771306259222678e+00,2.226450944994104453e-02,-8.874388880317402029e-02,2.217150263369245256e+00,-9.004767162768786415e-01,-3.535847177229626409e-02,-1.314096289295261233e+00,-4.935920450163550771e-02,3.977127427964240181e-02,2.193692117993672586e+00,-9.046813775491689968e-01,4.388895661869328391e-02,-3.103895322550985665e-03,-3.146101355544825978e-02,9.417441859288533043e-03,3.179814661600663395e-01,2.799025634436134724e-01,-1.250015042042170767e-02,4.765928578348944122e-01,2.938424192647266873e-03,-1.102337002669159446e-02,-2.729096944995929464e-03,3.159699502921913261e-01,-2.787375493656837344e-01,-7.591524998549811949e-03,4.718690876078174279e-01,1.528592378305822490e-03,-1.286785438010821549e-02,-1.313251351349721974e-03
-1.261081268589296922e-01,1.313501693087176792e-02,4.092485343749555637e-01,-2.148648535619740105e-02,-9.503801932286049664e-03,3.451287460817717423e-02,9.991280549469864214e-01,-1.349702880580262221e+00,1.954658165985104223e-02,-9.154009476937309542e-02,2.246258141514092088e+00,-9.059569544771247651e-01,-3.556780371961825588e-02,-1.338193775791021611e+00,-4.893491651577440427e-02,3.937018066637450187e-02,2.218225185139314881e+00,-9.047931233936173934e-01,4.343784184804804632e-02,-4.903357094374280641e-03,-3.159504541978749859e-02,1.172937310432388240e-02,3.134201890444905381e-01,2.797816378734701015e-01,-1.266662025522534950e-02,4.755662470431668010e-01,3.000398665088084473e-03,-1.145037203773698053e-02,-2.817369014344543905e-03,3.120626974667000675e-01,-2.769898910510124601e-01,-7.846293285968333059e-03,4.715195929691317622e-01,1.555905639067910358e-03,-1.326811088361757457e-02,-1.359320939825154131e-03
-1.277874387990896587e-01,1.323325905138459518e-02,4.007201254933704937e-01,-2.253873877527870148e-02,-8.243475048400811245e-03,3.607021431423352437e-02,9.990610541968243385e-01,-1.377875546421070574e+00,1.645230212893419516e-02,-9.413833544912508788e-02,2.274863691251078901e+00,-9.103634496248346197e-01,-3.581307681426114387e-02,-1.362095242887972457e+00,-4.855636398288644406e-02,3.921957269468848151e-02,2.242398508146514313e+00,-9.041180083630068198e-01,4.294533658405664395e-02,-6.868226362492601753e-03,-3.195828176334343518e-02,1.453400613301727290e-02,3.086273211602095223e-01,2.797901547481740359e-01,-1.279608439234786003e-02,4.745777205642980334e-01,3.061755313326957034e-03,-1.186633724325426853e-02,-2.907938625138955895e-03,3.081248264089206934e-01,-2.750447679060146200e-01,-8.084458767340227045e-03,4.711573829953172310e-01,1.584853773179309856e-03,-1.367115374581606181e-02,-1.407906009041460941e-03
-1.294624920285154801e-01,1.332500349807785173e-02,3.922689807082616054e-01,-2.356140736558857279e-02,-6.928007086062195480e-03,3.774195048573732864e-02,9.989856895743296494e-01,-1.406599486702276192e+00,1.311254640399107940e-02,-9.653929244769487994e-02,2.302908752582622842e+00,-9.136044029868610750e-01,-3.609055022892598830e-02,-1.386154573005791590e+00,-4.827261870155295093e-02,3.927223664598492037e-02,2.266251284866233728e+00,-9.029770193574202519e-01,4.226954355916920369e-02,-8.923672796190360718e-03,-3.244533735611112441e-02,1.719069267869566958e-02,3.038236627243477983e-01,2.798748738903800160e-01,-1.290208212004790092e-02,4.735636896735668233e-01,3.110275049705738242e-03,-1.228297106591929276e-02,-2.998760969708007089e-03,3.043894840060705764e-01,-2.729967043394894710e-01,-8.288204276034154272e-03,4.706820772473174208e-01,1.623011052522828910e-03,-1.409596392572031072e-02,-1.461055553630878721e-03
-1.311584432350343665e-01,1.341914844243568064e-02,3.839132722532247466e-01,-2.454180517135400724e-02,-5.786639189632888057e-03,3.944667870711843910e-02,9.989034859008132372e-01,-1.435216689175150773e+00,9.646798118171073452e-03,-9.874521701862086498e-02,2.330312092494061904e+00,-9.157145012206689971e-01,-3.640329986601689022e-02,-1.409895260901720793e+00,-4.801044849608634285e-02,3.954924844097793685e-02,2.289793529445466103e+00,-9.015847997708693606e-01,4.147568850201468343e-02,-1.090337486727328831e-02,-3.304159944089537365e-02,2.031344267091690636e-02,2.988536325458273080e-01,2.799646723475532895e-01,-1.294733453858780761e-02,4.725989779821945791e-01,3.151455509054925871e-03,-1.269655985675024502e-02,-3.077971807408374193e-03,3.006563400331621616e-01,-2.708769017538317225e-01,-8.459913815538034135e-03,4.701763185418319502e-01,1.664992124497827316e-03,-1.452707142889014640e-02,-1.517555967764347685e-03
-1.328227989382605168e-01,1.352733913241596468e-02,3.756605542779410389e-01,-2.550371524607982637e-02,-4.596939905450845784e-03,4.113408294878501820e-02,9.988175087933298668e-01,-1.464084863022571348e+00,6.166104159454661657e-03,-1.007968251628934969e-01,2.357021064436870095e+00,-9.166377404222763037e-01,-3.677766420422347998e-02,-1.433758800227717956e+00,-4.782582669318272139e-02,4.000197000580917733e-02,2.313072003932298504e+00,-9.002476325381758571e-01,4.048309477548633906e-02,-1.280354794570369437e-02,-3.365103999037932087e-02,2.313366532707133646e-02,2.939986295299582553e-01,2.800350052893241237e-01,-1.297256359110887658e-02,4.716167701510521892e-01,3.200451614766910546e-03,-1.311471472568298026e-02,-3.157013182278792067e-03,2.971772671209515493e-01,-2.687737335611755096e-01,-8.559579520561130112e-03,4.695822496694891379e-01,1.704739008833381329e-03,-1.495642965856881952e-02,-1.553282764247918652e-03
-1.344790596969784036e-01,1.365526602481131717e-02,3.675277799892456843e-01,-2.643549485198594395e-02,-3.577017114960950525e-03,4.274978844452802240e-02,9.987296056232820574e-01,-1.492546149090905772e+00,2.747438015308274230e-03,-1.027135735162009039e-01,2.382973103498089440e+00,-9.164641073492056922e-01,-3.717478217645873995e-02,-1.457260726402180850e+00,-4.763648029188657929e-02,4.064401979195973735e-02,2.336039388378498227e+00,-8.990005056761736224e-01,3.937769751052113548e-02,-1.451886270256709868e-02,-3.427169087260495406e-02,2.623812687839801108e-02,2.891180065438626046e-01,2.800392310429943299e-01,-1.294545840601416670e-02,4.706808086415469328e-01,3.250833892897483663e-03,-1.353259787775608000e-02,-3.223725410251586810e-03,2.937514431794325254e-01,-2.666916140939117885e-01,-8.603098453268748919e-03,4.689895615076435376e-01,1.741438316256163285e-03,-1.537726185672562071e-02,-1.576454848912835563e-03
-1.360742437673554683e-01,1.381949416292706581e-02,3.595252657948984631e-01,-2.736682014453120995e-02,-2.547424697669999853e-03,4.423116439491634605e-02,9.986431654394151147e-01,-1.520837847356823591e+00,-5.106859579749904385e-04,-1.045192497608293525e-01,2.408179544275851125e+00,-9.152611721223304908e-01,-3.751734499114660337e-02,-1.480717423959006629e+00,-4.735354053714180972e-02,4.141458173228475259e-02,2.358655878090734959e+00,-8.979121348239741396e-01,3.809973916425921092e-02,-1.606070951913894998e-02,-3.485273858147931725e-02,2.891417548288045813e-02,2.845106854424157561e-01,2.799638408138049317e-01,-1.288406624740210706e-02,4.697256417878850066e-01,3.290045414436319152e-03,-1.393948121017566343e-02,-3.292805248416281680e-03,2.906199245206118609e-01,-2.646811115968557004e-01,-8.571031631850354812e-03,4.683550604633864856e-01,1.777737937694015471e-03,-1.578856137826383649e-02,-1.575348361369859019e-03
-1.376312565915018271e-01,1.402172059766073134e-02,3.516684167120600613e-01,-2.829342784282489268e-02,-1.703228974510688932e-03,4.555243186925297255e-02,9.985597412787874383e-01,-1.548426801646679563e+00,-3.529092007165270280e-03,-1.062135753397792232e-01,2.432624941515058481e+00,-9.131794861753563808e-01,-3.776250686516827160e-02,-1.503673948076282851e+00,-4.692922160080290755e-02,4.230449459480126878e-02,2.380866170754285527e+00,-8.969732026344791054e-01,3.672578827445824312e-02,-1.738129367404811498e-02,-3.539207412821065296e-02,3.169795693973478240e-02,2.800409525225423524e-01,2.797892551708929809e-01,-1.276731236123994362e-02,4.688126864839431973e-01,3.321333695801473394e-03,-1.433834752610030523e-02,-3.350181612141225548e-03,2.875912929231195236e-01,-2.627253971674876065e-01,-8.485378773248045473e-03,4.677639685201909758e-01,1.811276377921465942e-03,-1.618445773843501037e-02,-1.560340512400438173e-03
-1.391023005658399148e-01,1.427693736523135901e-02,3.439565953428447287e-01,-2.926097316333090698e-02,-8.214386898063859126e-04,4.667388341332146667e-02,9.984811812423568522e-01,-1.575743878121467434e+00,-6.255845348664718086e-03,-1.078472414949997876e-01,2.456379414402217520e+00,-9.103612792138613408e-01,-3.790732760118932509e-02,-1.526574670785036281e+00,-4.630328452681860968e-02,4.323076888681909313e-02,2.402626281176186485e+00,-8.961593981216677829e-01,3.521929344947503232e-02,-1.849248103159855522e-02,-3.583477206127633902e-02,3.381859483881188844e-02,2.759671089304014391e-01,2.795296522471972245e-01,-1.262926896292697505e-02,4.678973325834108743e-01,3.356873955471275685e-03,-1.474271039771978160e-02,-3.396262908608537953e-03,2.849239110235118333e-01,-2.608383234176632759e-01,-8.329740147600029829e-03,4.671838713490833461e-01,1.845430764243535327e-03,-1.656618163869826715e-02,-1.516722838676706504e-03
-1.405175110814449457e-01,1.458379513180821895e-02,3.364048944184439560e-01,-3.026127903126274790e-02,-8.513860642308959756e-05,4.761020813083313707e-02,9.984074898680133092e-01,-1.602334375762187069e+00,-8.705396040307452482e-03,-1.093939475606821726e-01,2.479417668119344498e+00,-9.069264852594643989e-01,-3.792430377417985859e-02,-1.548977423287009270e+00,-4.549865816086821890e-02,4.420235172348925545e-02,2.423884171823007971e+00,-8.954592144109572160e-01,3.363768774864623473e-02,-1.941846407592336815e-02,-3.619680963031405435e-02,3.581952632412555709e-02,2.721213699747193626e-01,2.791818969513178983e-01,-1.244728688965628105e-02,4.670330898074881443e-01,3.391567277416105992e-03,-1.514584958708544565e-02,-3.425219415779481337e-03,2.824121599902835178e-01,-2.589882612301551146e-01,-8.133747836402145659e-03,4.666889649068825530e-01,1.877442590792307003e-03,-1.692772532689897080e-02,-1.460028781821725999e-03
-1.418530136605081204e-01,1.494121063430696797e-02,3.290619129949244326e-01,-3.129078778991713217e-02,6.303694184641083983e-04,4.829091035181843489e-02,9.983428655583581612e-01,-1.628121923871728383e+00,-1.039282859718635051e-02,-1.108373827709837750e-01,2.501783004023227619e+00,-9.036603863570032980e-01,-3.803316665209292846e-02,-1.571056796489789020e+00,-4.492310653927235331e-02,4.521138028784450064e-02,2.444628602446113685e+00,-8.954603109500171021e-01,3.226935585765051961e-02,-2.019260442810344100e-02,-3.654194909597580088e-02,3.743383820185341299e-02,2.686477961124016933e-01,2.787960511416238130e-01,-1.224600067005126268e-02,4.661784747148407515e-01,3.449302071415459060e-03,-1.553416459486420438e-02,-3.421864151881848833e-03,2.801856913983760133e-01,-2.571431588638931065e-01,-7.891393314842488904e-03,4.662596508837804077e-01,1.900051314223962428e-03,-1.727232427344841531e-02,-1.366227333348379955e-03
-1.431356014053156711e-01,1.534798876949829138e-02,3.219412118527604783e-01,-3.234712850819498192e-02,1.212047990302443949e-03,4.874971639113613586e-02,9.982863614057472246e-01,-1.652823832006466542e+00,-1.146487724730264196e-02,-1.121650546096907008e-01,2.523410471609544459e+00,-9.006205829485856018e-01,-3.815714416995005104e-02,-1.592525139098809106e+00,-4.457465000945379924e-02,4.625059857743420849e-02,2.464756893796566040e+00,-8.959575264331557376e-01,3.105942985315096605e-02,-2.086986612960413379e-02,-3.687597081453451026e-02,3.903118870183616002e-02,2.653999124708482094e-01,2.783718527616571015e-01,-1.201108688144384741e-02,4.653880029414305675e-01,3.514463920162335005e-03,-1.590729370436497550e-02,-3.395153440545610989e-03,2.780937723666537797e-01,-2.552805904545036308e-01,-7.623570546948686515e-03,4.659448552450878300e-01,1.916843591304480746e-03,-1.759264243051754384e-02,-1.258403986394958721e-03
-1.443156551145962918e-01,1.577683765035255495e-02,3.150220913455697991e-01,-3.345086601786162461e-02,1.955758433130418833e-03,4.901800142702328333e-02,9.982356686212456864e-01,-1.677149289020051670e+00,-1.198349296778408041e-02,-1.134935967516256250e-01,2.544208050702264856e+00,-8.975218624578981119e-01,-3.851380716159760742e-02,-1.614093100711406326e+00,-4.422363585004152747e-02,4.716293371105356735e-02,2.484307436511997924e+00,-8.966614662499263755e-01,3.008714766552242001e-02,-2.146899495705030872e-02,-3.706244252185775939e-02,3.966391402255299570e-02,2.626728483202804831e-01,2.778992094083055364e-01,-1.176490726469519091e-02,4.645977880449143615e-01,3.546388543457607619e-03,-1.628695861049375693e-02,-3.370744007594831185e-03,2.764308928332829818e-01,-2.534574454427330759e-01,-7.303520809548498527e-03,4.656602583947118124e-01,1.925632675557265982e-03,-1.792015021853384307e-02,-1.106910129842747677e-03
-1.454278011770537560e-01,1.622429522319931636e-02,3.083185803070818132e-01,-3.459395328671666103e-02,2.682181561055315983e-03,4.912373731476319533e-02,9.981898229947543388e-01,-1.700685198317026803e+00,-1.203656308449198298e-02,-1.147718202143770683e-01,2.564174009712466784e+00,-8.944674474256493202e-01,-3.893212815026858564e-02,-1.635316404822779957e+00,-4.386902295435974458e-02,4.793131865716217244e-02,2.503211647704965070e+00,-8.974814531624768499e-01,2.926708761774946335e-02,-2.201947011406017035e-02,-3.712039066713259533e-02,3.989089329139899887e-02,2.602633499970211650e-01,2.773861185111115568e-01,-1.148891395391496775e-02,4.638571092385772587e-01,3.560171501251366364e-03,-1.666372388092127524e-02,-3.340494111382816007e-03,2.749943856963043554e-01,-2.516404585609147149e-01,-6.966364162783268699e-03,4.654581437703150248e-01,1.929923913204319944e-03,-1.824049435862440394e-02,-9.414070582402639647e-04
-1.464526390859028360e-01,1.669180612521648302e-02,3.018432146999495691e-01,-3.577877518660399492e-02,3.490103534238548841e-03,4.903341316198304989e-02,9.981500001588697879e-01,-1.723566167593020726e+00,-1.157579114741528852e-02,-1.160241801364212677e-01,2.583315642056761341e+00,-8.915455226078873308e-01,-3.935088102638555768e-02,-1.656380633320009732e+00,-4.326747540454009555e-02,4.845234620949678828e-02,2.521440278639365484e+00,-8.983799613137598561e-01,2.841374322468485925e-02,-2.234017873261072776e-02,-3.700892663318706977e-02,3.934714174732477365e-02,2.582747871935698325e-01,2.768400252592865263e-01,-1.122389622480606149e-02,4.631366378986285226e-01,3.571459734030857716e-03,-1.704479519558051506e-02,-3.328579670983093652e-03,2.739651978632967055e-01,-2.498460997599363242e-01,-6.616339839404457128e-03,4.652867701714710202e-01,1.907951613236021820e-03,-1.857022556674190958e-02,-7.981036534306488756e-04
-1.474194634412424876e-01,1.717812849644119108e-02,2.956079048272275411e-01,-3.699332366658195786e-02,4.237581289316040556e-03,4.877466004453648307e-02,9.981155090701951949e-01,-1.745494580001250906e+00,-1.070229586863564314e-02,-1.172072544480434880e-01,2.601648783946588495e+00,-8.888070537290492235e-01,-3.964958278816621551e-02,-1.676926330275721577e+00,-4.246080439543426649e-02,4.875438961486982387e-02,2.538947302221179037e+00,-8.993140511704751372e-01,2.753530001350422418e-02,-2.248651483267976800e-02,-3.675329444286743602e-02,3.848215150304300225e-02,2.565589449230762376e-01,2.762600372535984894e-01,-1.094182418324552222e-02,4.624697158990764834e-01,3.579931075527521041e-03,-1.742202278627320855e-02,-3.318451464233573064e-03,2.731541841791718106e-01,-2.480594120854529017e-01,-6.267106300673248170e-03,4.651966326692767995e-01,1.874439852240518053e-03,-1.889010207526813437e-02,-6.726956426467003503e-04
-1.483560831317617956e-01,1.762437215280080946e-02,2.896647622377866993e-01,-3.820436030766529573e-02,5.121461213538038709e-03,4.842402665432870429e-02,9.980828177717018246e-01,-1.766827457804463153e+00,-9.488630720490198386e-03,-1.186608421925825774e-01,2.618892567951866646e+00,-8.865550191979663097e-01,-4.016181194608142019e-02,-1.697551610980327252e+00,-4.172181961514929288e-02,4.888245323615861282e-02,2.555524445333355654e+00,-8.995533694745078135e-01,2.693170504020438172e-02,-2.253920116670864518e-02,-3.628860146442029061e-02,3.718874926298607747e-02,2.550326173881282688e-01,2.756251242665928025e-01,-1.066125518582088615e-02,4.618634144997513236e-01,3.582558647801095328e-03,-1.778540209332418048e-02,-3.294988317001910829e-03,2.725848889266347386e-01,-2.462829864109830624e-01,-5.975068433054636467e-03,4.651820015911336537e-01,1.872695638057358860e-03,-1.918459396323049862e-02,-5.353197655080079234e-04
-1.492824068697258255e-01,1.802691073393370216e-02,2.840233357591207541e-01,-3.939321475537684025e-02,5.997701656046992152e-03,4.799765759364064965e-02,9.980523168008800239e-01,-1.787278227093682448e+00,-7.998082576573204219e-03,-1.203228589186051134e-01,2.635089345936324712e+00,-8.847190373017322917e-01,-4.075038257195846142e-02,-1.717827901949204428e+00,-4.101410055831887502e-02,4.885022877095769600e-02,2.571157377318023851e+00,-8.992069922510966817e-01,2.652288966163849140e-02,-2.252934383166904989e-02,-3.566402309066297321e-02,3.588223679076095463e-02,2.535964533225111839e-01,2.749573863945780627e-01,-1.036086350962003681e-02,4.613161069816049120e-01,3.580631956162784717e-03,-1.813059072777459604e-02,-3.258195746311690587e-03,2.721088527753987574e-01,-2.444994593382480152e-01,-5.724250462460415620e-03,4.652778159042518236e-01,1.886057136870055448e-03,-1.944565996172185549e-02,-4.012449627601736494e-04
-1.501589184927797638e-01,1.837952830976219074e-02,2.787009727145731142e-01,-4.059651970569672086e-02,7.076076926941734027e-03,4.755138613082678101e-02,9.980183953215214787e-01,-1.807262449598039833e+00,-6.419583227197206768e-03,-1.221890118326047769e-01,2.650121799264854694e+00,-8.837028036190656133e-01,-4.101390600093451216e-02,-1.737974491000958910e+00,-4.036325589620404219e-02,4.849638740965068334e-02,2.585885998817297082e+00,-8.986839439170853927e-01,2.590683852974564119e-02,-2.251599242027026854e-02,-3.475936639006071277e-02,3.400145924158293198e-02,2.524713334165820666e-01,2.742393033519918144e-01,-1.006199416464150648e-02,4.607857423927343987e-01,3.581355794825991957e-03,-1.849458348586068349e-02,-3.233552884496201322e-03,2.719717165559516481e-01,-2.427639370338540437e-01,-5.474179886024210621e-03,4.654513724184878298e-01,1.885168702360758746e-03,-1.971305985462775204e-02,-2.555676699427900469e-04
-1.510091476831287860e-01,1.867947635331948172e-02,2.737051085915107596e-01,-4.177885513224097874e-02,8.218102347410697131e-03,4.707883089124275527e-02,9.979832532360245478e-01,-1.826487389303868447e+00,-4.763820436101224784e-03,-1.242204759971534261e-01,2.664008397479300960e+00,-8.833124614566222332e-01,-4.103975246736658866e-02,-1.757663074029190975e+00,-3.971685030146430984e-02,4.784637965700271750e-02,2.599712715371170546e+00,-8.980399157233642793e-01,2.509638371505225687e-02,-2.248499674630538916e-02,-3.365740869894482540e-02,3.196354903673220837e-02,2.515414828445333706e-01,2.734961983725188173e-01,-9.745574400815193439e-03,4.602709796037862122e-01,3.581297741587823914e-03,-1.886146960560178970e-02,-3.208372099030002648e-03,2.720128460443212992e-01,-2.410541899858998083e-01,-5.226952882397337477e-03,4.657251852203925790e-01,1.877313038938899009e-03,-1.996370369831760791e-02,-1.107672458162960345e-04
-1.518124094944545144e-01,1.891612652136334671e-02,2.690221905961222015e-01,-4.296216878333435074e-02,9.510871405352686048e-03,4.658220809379676197e-02,9.979448347817870824e-01,-1.845222043067514806e+00,-2.955410360997355167e-03,-1.266090779951716816e-01,2.677072334802329756e+00,-8.841640953188178997e-01,-4.097837436364702018e-02,-1.777063429486201773e+00,-3.900583107110582731e-02,4.678033888175189836e-02,2.612688566508106103e+00,-8.973475889094832958e-01,2.405082145921477038e-02,-2.254444152478061320e-02,-3.233808579039416237e-02,2.948737071521850481e-02,2.509040582509748374e-01,2.727652883403200446e-01,-9.395339325904132621e-03,4.596745545133044675e-01,3.584221405375794412e-03,-1.924979368640480915e-02,-3.174519476119164706e-03,2.723309761165081389e-01,-2.393623559437764170e-01,-4.928435581642502498e-03,4.660542033035708354e-01,1.852124423950178914e-03,-2.020675187600572478e-02,9.491458836113482954e-05
-1.525922176316285850e-01,1.908731821849716029e-02,2.646582130711474523e-01,-4.410810247779492488e-02,1.085506247111689762e-02,4.608166280822598160e-02,9.979043657923259980e-01,-1.863212829666005321e+00,-1.037975503756311847e-03,-1.292600671958559211e-01,2.689171836425081619e+00,-8.858867858660052219e-01,-4.088732626877916720e-02,-1.795927473009242048e+00,-3.823645525942268031e-02,4.537503660199344174e-02,2.624814845168949251e+00,-8.966379172794307628e-01,2.281833638374507547e-02,-2.271360008045316195e-02,-3.088706033595948683e-02,2.690151705106053059e-02,2.504255770476578880e-01,2.720723629583595704e-01,-9.010492862407838005e-03,4.590252192429145617e-01,3.586627700911838770e-03,-1.964747851976853671e-02,-3.130914729803582850e-03,2.728005946651714253e-01,-2.376654370439330310e-01,-4.599284886518542094e-03,4.664513105591686082e-01,1.819435093416092676e-03,-2.042991376176013160e-02,3.234076512420885246e-04
-1.532736048054867684e-01,1.918959978157727675e-02,2.605304327294246658e-01,-4.512891257312180021e-02,1.257203028348336492e-02,4.562742930196103663e-02,9.978594405024246994e-01,-1.881372234168235957e+00,8.611824300168388104e-04,-1.318949443811493760e-01,2.700473145971868050e+00,-8.883519889949894610e-01,-4.050218074336900398e-02,-1.815206726929049275e+00,-3.756943684200229200e-02,4.403289078048787386e-02,2.636406685121953863e+00,-8.959381366811469682e-01,2.150392351139934766e-02,-2.290683934677437486e-02,-2.943078880217513127e-02,2.319081600999481005e-02,2.504585083419610947e-01,2.714513543661766226e-01,-8.706327192428725548e-03,4.582806501525984455e-01,3.580262584384539745e-03,-2.002617587282001094e-02,-3.145284711051558272e-03,2.739316183323892706e-01,-2.360087958216814663e-01,-4.252298328585247394e-03,4.667959961895770116e-01,1.788577559177109526e-03,-2.066343462415211676e-02,5.516624718202918932e-04
-1.538966010054498845e-01,1.921943340153568075e-02,2.566473182277240750e-01,-4.602053386548676100e-02,1.447096952601483431e-02,4.523435681056702656e-02,9.978108811130723677e-01,-1.899255008196140349e+00,2.727206935601989360e-03,-1.345371217924365703e-01,2.710878190972784374e+00,-8.912834756635358291e-01,-3.993053436792635275e-02,-1.834431715508489713e+00,-3.699222843226315088e-02,4.272783310770034843e-02,2.647436416255093405e+00,-8.952661490136564204e-01,2.015260620286504420e-02,-2.314562505533008033e-02,-2.797422386759497795e-02,1.895949381678660450e-02,2.507933332860306508e-01,2.708935877488968247e-01,-8.426233527915742358e-03,4.574831011328521768e-01,3.569222245514101603e-03,-2.039797426194001409e-02,-3.183172751576987883e-03,2.754652987792063357e-01,-2.343829121554706074e-01,-3.910109328099797485e-03,4.671413345909495307e-01,1.760027829666570200e-03,-2.089329114020522724e-02,7.691394287256170291e-04
-1.544448035855149060e-01,1.924678943831302502e-02,2.529130229770824578e-01,-4.718536366499481022e-02,1.682296505001539683e-02,4.477046966835342146e-02,9.977405145369221406e-01,-1.918595124456710099e+00,4.585394695238106250e-03,-1.378761437524777533e-01,2.721289280461636650e+00,-8.952304770321894978e-01,-3.924820146311910896e-02,-1.854253034774471676e+00,-3.642294206402225953e-02,4.076993615308623087e-02,2.657681581387624892e+00,-8.944122421547572310e-01,1.895190736066253157e-02,-2.332975177580550591e-02,-2.608981723441776424e-02,1.378791233377343883e-02,2.517670956955270212e-01,2.702783887093034298e-01,-8.208366065702703621e-03,4.565551151453419720e-01,3.614063156880575629e-03,-2.066947330619925416e-02,-3.153086518635559669e-03,2.776329969074475268e-01,-2.329439823500728812e-01,-3.478281353083990165e-03,4.672920145363986810e-01,1.760508662876359310e-03,-2.106590067738398769e-02,1.044107684893626035e-03
-1.549678535511257171e-01,1.926324427941060458e-02,2.493410096670176102e-01,-4.852087430300708326e-02,1.937800033697535673e-02,4.427352566189390881e-02,9.976522804992109528e-01,-1.938704427331381597e+00,6.405377528339618876e-03,-1.416712697889251915e-01,2.731502057061707234e+00,-8.997767310989355227e-01,-3.845394877986557658e-02,-1.874114124093206879e+00,-3.588252115001741571e-02,3.836010426338094803e-02,2.667182681218486451e+00,-8.934499649160032586e-01,1.791784267450930584e-02,-2.350454205470078883e-02,-2.401779444175446837e-02,8.456902297348901226e-03,2.530923133083614052e-01,2.696629790559130768e-01,-7.995842503940503443e-03,4.555665062874504345e-01,3.680583940742487674e-03,-2.089355589677382302e-02,-3.083739697479730060e-03,2.801080555177238307e-01,-2.316004837062109745e-01,-3.016463176147245271e-03,4.673781165768902679e-01,1.772749791737016989e-03,-2.121391416251822495e-02,1.337402628848571862e-03
-1.554013857850891911e-01,1.929164016955607977e-02,2.457865620738316492e-01,-5.025190609584438695e-02,2.233430886878117264e-02,4.382568134294242274e-02,9.975245531995258208e-01,-1.961009583216895669e+00,7.529185423067260782e-03,-1.460928319721032098e-01,2.741844454797218500e+00,-9.042003146285354509e-01,-3.753496511149875814e-02,-1.894596908531188673e+00,-3.599230962884338719e-02,3.537895955662914704e-02,2.676139211570011334e+00,-8.921018849760392611e-01,1.708519524262366515e-02,-2.381653295037566148e-02,-2.124992030580028640e-02,2.270391808776476422e-03,2.547374760427913998e-01,2.689175250020215402e-01,-7.890777830443855903e-03,4.545027032647254162e-01,3.708319557569172108e-03,-2.113009200733889648e-02,-3.087886647774561177e-03,2.830734424661150439e-01,-2.305618888121094279e-01,-2.597787633468542218e-03,4.671834716792875319e-01,1.800276234560561905e-03,-2.132703558033903837e-02,1.553176572533949799e-03
-1.558006339730803602e-01,1.931512893349585439e-02,2.422675176975401801e-01,-5.222540093778482023e-02,2.539948103913695562e-02,4.344056437132690074e-02,9.973666784221985049e-01,-1.984609652217290687e+00,8.070800400233195046e-03,-1.508862780954123017e-01,2.752164333003821461e+00,-9.083835277436750344e-01,-3.647263186834195925e-02,-1.915120944171620820e+00,-3.663317058294165984e-02,3.204481936881431459e-02,2.684636783590269360e+00,-8.905081722957580714e-01,1.644948610915920179e-02,-2.425956780408916602e-02,-1.816894237325814010e-02,-3.870215091133469461e-03,2.563984658029204167e-01,2.681525323182772924e-01,-7.823243263232854475e-03,4.533827378041165868e-01,3.714012367414054952e-03,-2.137836101574716943e-02,-3.124646083352100416e-03,2.861506851573940580e-01,-2.296771655070520279e-01,-2.268361599125806247e-03,4.668931950181295365e-01,1.832675335273139519e-03,-2.144008999979704969e-02,1.713067690438070624e-03
-1.560809895531585501e-01,1.935265107099465309e-02,2.386745301767259075e-01,-5.482887731806548176e-02,2.853900579837548301e-02,4.319784411541656433e-02,9.971525789084934033e-01,-2.010045096737343773e+00,7.162478757876055216e-03,-1.562723891154365607e-01,2.763103359579305973e+00,-9.114925907977825537e-01,-3.513431119602436481e-02,-1.935645402643902280e+00,-3.862439220941829565e-02,2.708801288949073266e-02,2.693091639152041417e+00,-8.887722016182766360e-01,1.552601082938195702e-02,-2.547427879891555128e-02,-1.398779524074432457e-02,-1.049322938108552053e-02,2.580880445907064447e-01,2.672129716399599952e-01,-7.789448382860318133e-03,4.522127042507510519e-01,3.748753335593983226e-03,-2.170049576883757714e-02,-3.129301295150576420e-03,2.894135576697476897e-01,-2.292706045007257276e-01,-1.879207978668502067e-03,4.663864176124229988e-01,1.834880545380833698e-03,-2.154749059893520946e-02,1.943653234217964732e-03
-1.562932900766447197e-01,1.937903242917067906e-02,2.350284466455344612e-01,-5.781490489713610181e-02,3.153008678642494483e-02,4.303974543634420807e-02,9.969006323158534633e-01,-2.036449294235742169e+00,5.132924519776108085e-03,-1.619956346095629551e-01,2.774446277288411533e+00,-9.137180421023797239e-01,-3.351270301731687495e-02,-1.955760345005784773e+00,-4.151611661702054451e-02,2.110815916786904639e-02,2.701487970712554976e+00,-8.869791126140872395e-01,1.452596536174269141e-02,-2.726654453732500760e-02,-9.331038122979071203e-03,-1.686819420978522346e-02,2.595001934792441345e-01,2.662968367094075695e-01,-7.759639546067526733e-03,4.509874768981346760e-01,3.792161018139303483e-03,-2.205637128920186207e-02,-3.116458061879702219e-03,2.925723581070464596e-01,-2.290861610362313894e-01,-1.527853361031934190e-03,4.658495709677780705e-01,1.819223424250742847e-03,-2.167592645363142223e-02,2.194121373688013524e-03
-1.565733386557015550e-01,1.940427390175407385e-02,2.316087847336604222e-01,-6.143664354905464114e-02,3.418732791822234884e-02,4.289662069989493010e-02,9.966025513572428496e-01,-2.062673910166112456e+00,1.668519594391648566e-03,-1.685191191847814629e-01,2.785449563622220293e+00,-9.144510438189410451e-01,-3.248735848442232954e-02,-1.974198548444292989e+00,-4.599986381764661902e-02,1.361814342396544183e-02,2.708253099744932335e+00,-8.831354920350331650e-01,1.397514172697232777e-02,-3.015129993947606238e-02,-3.865166866951015925e-03,-2.189831909109296940e-02,2.607144500076339355e-01,2.651395631967398137e-01,-7.572152961133653097e-03,4.499205891701744675e-01,3.769640854679014077e-03,-2.252871852931584429e-02,-3.112491996558809648e-03,2.953890421802108923e-01,-2.292876269657633526e-01,-1.048821889280733381e-03,4.653991927957591423e-01,1.774754674927222315e-03,-2.193893710543873277e-02,2.493715528427259062e-03
-1.569267371046035586e-01,1.940180225816923523e-02,2.284239368108360035e-01,-6.543126746467317623e-02,3.655849921297898292e-02,4.271101744225137831e-02,9.962720483694738061e-01,-2.088375005718902333e+00,-2.760077764430696797e-03,-1.751778131220391999e-01,2.796148853350427288e+00,-9.140512819733249694e-01,-3.177485047367394067e-02,-1.991130814587600106e+00,-5.159240823936822595e-02,5.078633018629378354e-03,2.713640439880176558e+00,-8.779124515846195020e-01,1.378558705555764027e-02,-3.391490548484832335e-02,1.728597354479748625e-03,-2.565668500458842191e-02,2.616286061862479473e-01,2.640162741155725468e-01,-7.332408917129790843e-03,4.489595373709145409e-01,3.713105997694119125e-03,-2.302128756782196445e-02,-3.116239873684049401e-03,2.979163635159299273e-01,-2.296013448052305894e-01,-5.466016586874048247e-04,4.651009929702591972e-01,1.713652031179798080e-03,-2.227212468032450585e-02,2.804615649507719195e-03
-1.573263404364537155e-01,1.943044699828236355e-02,2.255393700518567579e-01,-6.980198374307927667e-02,3.874430333639428820e-02,4.263851173317384502e-02,9.958958375963256060e-01,-2.113519580635482953e+00,-8.444570846220482777e-03,-1.817721249587038179e-01,2.806234511526710662e+00,-9.132547202124495778e-01,-3.096948623370018513e-02,-2.006581509973326849e+00,-5.911850250559237685e-02,-4.761025897676305144e-03,2.717922007243553040e+00,-8.718964425779640592e-01,1.317012810998597488e-02,-3.865548567574970951e-02,7.874896397645783641e-03,-2.852342216258548294e-02,2.625908348709059537e-01,2.628277109578969206e-01,-7.106713300339672149e-03,4.482574328506022665e-01,3.708117536547559778e-03,-2.336237833289913496e-02,-3.011725227306541897e-03,3.002418229964226581e-01,-2.302085944683779639e-01,1.959490512632772099e-04,4.647160994983249860e-01,1.660893250206849471e-03,-2.262744141701127434e-02,3.064880004908626752e-03
-1.577801582673472591e-01,1.946379755475313375e-02,2.229604743609104600e-01,-7.434972294674428717e-02,4.079067867448980117e-02,4.259938570051308160e-02,9.954865803058092766e-01,-2.137909527954349187e+00,-1.485437303065386891e-02,-1.877717478996725198e-01,2.815732781311151012e+00,-9.121999895493110300e-01,-2.994027798203647769e-02,-2.020691369624624478e+00,-6.796310824520829241e-02,-1.545918259685525632e-02,2.721205656538801865e+00,-8.655348559577108469e-01,1.241167578420489075e-02,-4.412595212953934753e-02,1.402455353831000111e-02,-3.056322510469597353e-02,2.635048975425903217e-01,2.618029157860144451e-01,-6.932985126845583532e-03,4.477593989580270772e-01,3.725683761121179570e-03,-2.357149455431339566e-02,-2.867702782786158561e-03,3.023922537273827649e-01,-2.308515299085596439e-01,1.044220299357656069e-03,4.643362714635237976e-01,1.608610496298069599e-03,-2.300217400029937534e-02,3.295596457854683883e-03
-1.582636628602493156e-01,1.958551168633567915e-02,2.206782297042247654e-01,-7.922940419982596461e-02,4.273901408913556577e-02,4.270231811888520329e-02,9.950239143920620588e-01,-2.161629919414024492e+00,-2.276603184971359023e-02,-1.922147436649697672e-01,2.824545165401905589e+00,-9.088751437909227127e-01,-2.842527909206755965e-02,-2.034037718785734583e+00,-7.937817634256177923e-02,-2.671846444506317114e-02,2.723528075749502619e+00,-8.587816000492312085e-01,1.212127260378902983e-02,-5.060039184834290438e-02,2.089103307205907034e-02,-3.181670522091226833e-02,2.645816688219666535e-01,2.608065266900003731e-01,-7.036198779738525935e-03,4.471300550645445071e-01,3.706729477766592534e-03,-2.405064984438423301e-02,-2.767724671008651473e-03,3.048649467804311897e-01,-2.316744152995095507e-01,1.966516157296295531e-03,4.638064828197782652e-01,1.504039976514375421e-03,-2.324799568493073412e-02,3.383618576268353911e-03
-1.587926039503526343e-01,1.976256452486818693e-02,2.186973838714945106e-01,-8.427294991141147384e-02,4.463677509060426374e-02,4.282162736124359853e-02,9.945209582773371082e-01,-2.184415584527838128e+00,-3.161104232547053139e-02,-1.950911233039645254e-01,2.832745078301138086e+00,-9.040344261757971012e-01,-2.649989494327250825e-02,-2.046710963920638893e+00,-9.262263325031401540e-02,-3.834509456768194630e-02,2.724965038858493394e+00,-8.521012769966729294e-01,1.242309267845472659e-02,-5.776225767529773875e-02,2.796583077009156745e-02,-3.233456520276181689e-02,2.656937453561308282e-01,2.600505645273091804e-01,-7.367736437181606618e-03,4.463247695211181587e-01,3.672478941482937038e-03,-2.466039554133652237e-02,-2.718357847275239356e-03,3.076083358896857800e-01,-2.324316022718422581e-01,2.876806764970716093e-03,4.632988856517583076e-01,1.376104743956330090e-03,-2.343617347310852222e-02,3.395295630716479475e-03
-1.593668682208653486e-01,2.011509912235598385e-02,2.169383885919609067e-01,-8.964496006658988214e-02,4.679078194213041192e-02,4.256274307674230706e-02,9.939631868241829427e-01,-2.207308713004737744e+00,-4.120406422162272569e-02,-1.965319985342452724e-01,2.841010680026365254e+00,-8.991002728584094328e-01,-2.499470095616524237e-02,-2.059783219898370099e+00,-1.070691160712459872e-01,-5.025283989935256518e-02,2.725363290020419438e+00,-8.456471709371239376e-01,1.240636286795173890e-02,-6.427408624863914510e-02,3.641848459334350724e-02,-3.245104405522323404e-02,2.669203710982339106e-01,2.593555757515250138e-01,-8.215068300840955295e-03,4.450850034199069771e-01,3.747827934819014314e-03,-2.532931121642735886e-02,-2.459810473542042158e-03,3.114919281647224314e-01,-2.337049312309600890e-01,3.824833423834581719e-03,4.622385069898231058e-01,1.301394223881167716e-03,-2.380449141975785055e-02,3.467889371058528996e-03
-1.600144580641403858e-01,2.061000778716182494e-02,2.154091587777032801e-01,-9.516134333200100548e-02,4.913078543987149660e-02,4.189710913128094627e-02,9.933655504917364709e-01,-2.229865731839403953e+00,-5.114239610825428717e-02,-1.963424871116367931e-01,2.849192064527322543e+00,-8.941532926215085553e-01,-2.374395262124760417e-02,-2.073122743253265288e+00,-1.222751484617124879e-01,-6.225380014907164195e-02,2.724783127305077546e+00,-8.397179081965431280e-01,1.229804523101071106e-02,-7.019854578736735295e-02,4.570517477121543992e-02,-3.190606134484828826e-02,2.682132704096384934e-01,2.588833041154356973e-01,-9.321612092011766215e-03,4.433775693547162833e-01,3.871241465719193336e-03,-2.606248792657427441e-02,-2.123107138838358724e-03,3.161301832948599233e-01,-2.352309548642696202e-01,4.787311179227046222e-03,4.610033036317647825e-01,1.246565096147171431e-03,-2.429214635261152735e-02,3.582861009444032047e-03
-1.607452441010868149e-01,2.135320827170012620e-02,2.140364777975025667e-01,-1.011214317046888467e-01,5.188769840609071260e-02,4.100673928360511894e-02,9.926734458710163578e-01,-2.253764247377947338e+00,-6.341537355638345030e-02,-1.952582042793289396e-01,2.856692109057773710e+00,-8.883385075088752192e-01,-2.380664981739484889e-02,-2.087467420820545705e+00,-1.390595887920673124e-01,-7.452464038885708852e-02,2.722933011403419812e+00,-8.332928944081570144e-01,1.108265056330834733e-02,-7.527217304932729003e-02,5.710279627428111598e-02,-3.054400885089600046e-02,2.696681832345579344e-01,2.581575015831043540e-01,-1.060157310057848606e-02,4.409179689497189636e-01,3.759598615782883298e-03,-2.722361387841281538e-02,-1.839377369441041240e-03,3.221795758177717905e-01,-2.376268806833938263e-01,5.756098717841720384e-03,4.589604088774266732e-01,1.147586112002146842e-03,-2.492476601226600863e-02,3.521289280888856808e-03
-1.615988283227692002e-01,2.230155723252725403e-02,2.128299277471954187e-01,-1.072572339652499152e-01,5.494968913436788782e-02,3.985174385594335983e-02,9.919114153682268009e-01,-2.278292734466903724e+00,-7.728679715004380113e-02,-1.929327341589167633e-01,2.863481157779914188e+00,-8.822167863836820612e-01,-2.461398260345939309e-02,-2.102623805071763385e+00,-1.568223520096384827e-01,-8.672967806881830277e-02,2.719941404171094756e+00,-8.270626568926501276e-01,9.267829749491775931e-03,-7.960984405072862868e-02,6.983550237419255957e-02,-2.798740771935248270e-02,2.712311726810719414e-01,2.574663618587805236e-01,-1.186637305791004432e-02,4.376538235476447603e-01,3.536490944172676013e-03,-2.867762357293102832e-02,-1.582999533893548159e-03,3.290749433997066653e-01,-2.405162222920960158e-01,6.688062635230826100e-03,4.566703613847308829e-01,1.021140762144980832e-03,-2.566308686223417110e-02,3.390359423320986679e-03
-1.627470286528435173e-01,2.334090250649664688e-02,2.119520066506154765e-01,-1.136249571395319680e-01,5.798549650491190838e-02,3.844294173870771436e-02,9.910848558728920787e-01,-2.302362005881026352e+00,-9.250966189486910241e-02,-1.902066941376075182e-01,2.868997240455019249e+00,-8.758544199181967915e-01,-2.547092077202352950e-02,-2.116687829899757123e+00,-1.755715485083958749e-01,-1.002005959257979140e-01,2.714844511529098448e+00,-8.200093239163634973e-01,7.484997858379069391e-03,-8.201865851982360900e-02,8.314354622886399593e-02,-2.262145353625222982e-02,2.727486409268817802e-01,2.566091065776945346e-01,-1.331001337300899597e-02,4.335889268442005839e-01,3.103900157015805888e-03,-3.075393722739243330e-02,-1.302361181742398618e-03,3.371724933934051038e-01,-2.436663053257156764e-01,7.370759772000160144e-03,4.539971091434233941e-01,9.849383421809822063e-04,-2.653625818705269632e-02,3.118693750732042577e-03
-1.641867859061210133e-01,2.444511744260056962e-02,2.114006626965097557e-01,-1.199455602188857356e-01,6.114311616057881149e-02,3.677875935825543341e-02,9.902130603006698006e-01,-2.325876855200435411e+00,-1.085077942575112253e-01,-1.866444898497400529e-01,2.873185136564530673e+00,-8.697228902101119541e-01,-2.622809294865156848e-02,-2.130042126097508426e+00,-1.948554359600169483e-01,-1.145879646657943091e-01,2.707853049493322839e+00,-8.132483960783183363e-01,5.946223683029892675e-03,-8.287788229816010765e-02,9.631516465514522451e-02,-1.490113286442812379e-02,2.745060710894369760e-01,2.557841140519591105e-01,-1.470942319608940091e-02,4.287011951892974460e-01,2.584219848049857347e-03,-3.322177250583940172e-02,-1.007469981722141066e-03,3.460499566833462048e-01,-2.468413694216301524e-01,7.990494099324247507e-03,4.514531698138414817e-01,9.813221731588229677e-04,-2.744029328126726397e-02,2.807199268927872398e-03
-1.659477297444505450e-01,2.556370083515252523e-02,2.112697904915225855e-01,-1.259773754772266774e-01,6.474978291367237959e-02,3.496979143562170544e-02,9.892998939489734411e-01,-2.348956746915840554e+00,-1.243708950314577066e-01,-1.821085648614582109e-01,2.874961066194553272e+00,-8.636991157031773669e-01,-2.639992572185064640e-02,-2.142795002722150066e+00,-2.143751363326006631e-01,-1.304531813903102022e-01,2.698836644484365888e+00,-8.065125434774108593e-01,4.540534830316882674e-03,-8.239287674433687370e-02,1.088240027027274764e-01,-5.445864653982876447e-03,2.773869658690278350e-01,2.551224393369260213e-01,-1.588287528098651646e-02,4.232369236369581400e-01,2.106798744013432464e-03,-3.572735996895095439e-02,-8.635392267715988682e-04,3.556899119295164335e-01,-2.498705347225544937e-01,8.729455621204054022e-03,4.491607868675643322e-01,1.018952611537581260e-03,-2.823700268136917699e-02,2.504246143263250124e-03
-1.680315209640923513e-01,2.669221308650151364e-02,2.115455050667356951e-01,-1.315975299598325376e-01,6.882949325569658050e-02,3.300094501610087439e-02,9.883600197269606369e-01,-2.371494967229614836e+00,-1.397831664003169605e-01,-1.764671520575384622e-01,2.874929261715727602e+00,-8.583254948945562290e-01,-2.615208351364255862e-02,-2.155050893522071576e+00,-2.337957811333142844e-01,-1.474956749221560948e-01,2.687973430872834690e+00,-8.006047152613990914e-01,3.354221097431471857e-03,-8.075102567203197579e-02,1.203990897860687109e-01,5.623303349430973375e-03,2.814427895375762878e-01,2.546863067162566385e-01,-1.677569552393564159e-02,4.173882981628428412e-01,1.662562677184165755e-03,-3.826041689966767217e-02,-7.782774047986687222e-04,3.658018123055381543e-01,-2.526943117907655689e-01,9.603694103558244738e-03,4.473369228133642905e-01,1.064733188736211337e-03,-2.889447688846360357e-02,2.283791559821078676e-03
-1.704217365081174274e-01,2.778685359089990217e-02,2.122436698700127522e-01,-1.369376019995991456e-01,7.354899597701283764e-02,3.063314484817040648e-02,9.873703706239530531e-01,-2.393213380429675574e+00,-1.542584507248702386e-01,-1.711834673123414918e-01,2.873218542913322349e+00,-8.554515889805670570e-01,-2.547082761307249005e-02,-2.167267863497001734e+00,-2.524134563231023032e-01,-1.653727586434369512e-01,2.674667317389860521e+00,-7.942718467543615768e-01,2.140154961310445324e-03,-7.768121928340931959e-02,1.314223269093586222e-01,1.772904256612044260e-02,2.869642442281413186e-01,2.544859657375947992e-01,-1.741481309609200015e-02,4.113523350459091787e-01,1.296678969131444259e-03,-4.047038930209730101e-02,-6.404070048484316159e-04,3.763433888921464132e-01,-2.552970803165419134e-01,1.056807274230269107e-02,4.460324870103690165e-01,1.058858009824408409e-03,-2.949989388808409163e-02,2.236724371967392481e-03
-1.731345058107335855e-01,2.883789371132087359e-02,2.133689073742672249e-01,-1.418351228873222236e-01,7.888692242625727769e-02,2.804613423217170928e-02,9.863432798677556068e-01,-2.413904805552978594e+00,-1.676905298347924345e-01,-1.658377592407588863e-01,2.869394036294568462e+00,-8.542864704206192261e-01,-2.449023500494866903e-02,-2.179540130854208613e+00,-2.702011242077080322e-01,-1.834206002105808198e-01,2.659386703252617057e+00,-7.884636189329389255e-01,9.458606243246134651e-04,-7.366496756123165623e-02,1.415255987414976435e-01,3.098207662162155707e-02,2.937886689573352417e-01,2.546134817511309656e-01,-1.777027134332103894e-02,4.054635782542884703e-01,9.758581541267964156e-04,-4.247326692130944104e-02,-4.613965396713037240e-04,3.870226166569906145e-01,-2.575784616321353249e-01,1.156390670005241587e-02,4.454300104169016672e-01,1.020353036883939147e-03,-2.998859781947181904e-02,2.362617252066770684e-03
-1.761435962308339209e-01,2.976561246540302894e-02,2.149553790285874122e-01,-1.464236307804457349e-01,8.464963657438941136e-02,2.504489684615099354e-02,9.852752470852295108e-01,-2.432284979671639036e+00,-1.795387642393490857e-01,-1.622055190569111904e-01,2.863473139159973258e+00,-8.544456033695385644e-01,-2.324587289854679675e-02,-2.191215398522789126e+00,-2.867986937966405803e-01,-2.019924831520322206e-01,2.641968082329717582e+00,-7.822168578018546814e-01,3.261928511114725289e-04,-6.805616149439210061e-02,1.506824184144004708e-01,4.515332285310216798e-02,3.018338144529216782e-01,2.551874772844834327e-01,-1.854423642316386373e-02,4.004077318103874128e-01,9.293351638056104522e-04,-4.328196949892174766e-02,-4.145725697225776415e-04,3.979912028080706543e-01,-2.593781565827924518e-01,1.224046684446142980e-02,4.458771921539177452e-01,8.816308761180484442e-04,-3.046062526451284030e-02,2.737429861252351111e-03
-1.794519391225762039e-01,3.057461972876588177e-02,2.170082817168845213e-01,-1.505271589348671224e-01,9.085545745284911989e-02,2.183733931266707007e-02,9.841798569803047458e-01,-2.448258776403738679e+00,-1.897266072240474111e-01,-1.596473130676653585e-01,2.855158406773852242e+00,-8.555096517582838622e-01,-2.172585123256857292e-02,-2.202528841407968674e+00,-3.023375817989484293e-01,-2.204506506852491055e-01,2.622904914100887552e+00,-7.765186676099299357e-01,5.415914511475947721e-05,-6.144720524366630715e-02,1.585623541596698494e-01,6.024529167695888421e-02,3.110181573859295279e-01,2.561395790639603987e-01,-1.952377695502141228e-02,3.965060566819146315e-01,1.017629948287596380e-03,-4.335373929721610120e-02,-4.555964475158423696e-04,4.090191801178588715e-01,-2.607175892217447610e-01,1.277058391837362743e-02,4.473650432658943243e-01,6.989599888751553457e-04,-3.077047262516686282e-02,3.252528481817421654e-03
-1.829867361629107514e-01,3.121044538654514644e-02,2.195429057899724867e-01,-1.544435861465253690e-01,9.760001891089652160e-02,1.832712806975173372e-02,9.829982356970470292e-01,-2.461992987925285092e+00,-1.984641638981689826e-01,-1.596983174875050149e-01,2.843769925164230550e+00,-8.545787441144578889e-01,-2.041008568142136520e-02,-2.212466084645694941e+00,-3.172925628815796983e-01,-2.393853122368732600e-01,2.601927171337913958e+00,-7.705327456552428789e-01,-4.094377288620221320e-04,-5.310700316469969817e-02,1.654307606608371173e-01,7.498222627580788946e-02,3.206474778988506746e-01,2.573986868381034632e-01,-2.134326880297380408e-02,3.952575499575206597e-01,1.523084917014705776e-03,-4.098554906858314223e-02,-7.558252168579350462e-04,4.206404048263110984e-01,-2.616157035031333455e-01,1.280047119244876776e-02,4.496927329805099904e-01,6.217913867497060557e-04,-3.098892534993095624e-02,3.923289569979382212e-03
-1.867317848024163673e-01,3.168468010956643210e-02,2.225431063867954473e-01,-1.580129930828781115e-01,1.048897598692519473e-01,1.465476717214000968e-02,9.817409383797183198e-01,-2.473557881992068719e+00,-2.057713262661142184e-01,-1.615795802784953106e-01,2.830129629684879689e+00,-8.524663428240213392e-01,-1.913629498423738418e-02,-2.221312159415852250e+00,-3.316877059907914482e-01,-2.582493327983418352e-01,2.579511759908692081e+00,-7.652778475087083088e-01,-8.207215839341689811e-04,-4.363557346786550717e-02,1.709604044962576286e-01,8.939702563705567706e-02,3.309689247870892803e-01,2.588071131147837711e-01,-2.359389433636378819e-02,3.965138893902798722e-01,2.216559276802726030e-03,-3.714103197028652964e-02,-1.206169557353167950e-03,4.325986422393223729e-01,-2.621960870902789731e-01,1.276017225423770052e-02,4.527836959669333528e-01,5.982828714053533680e-04,-3.100987771601074194e-02,4.625992959986875361e-03
-1.906571357667408984e-01,3.208077106878633178e-02,2.260046964406117742e-01,-1.613097320171416049e-01,1.127516829495412570e-01,1.055531095771752859e-02,9.803850334226795749e-01,-2.482873232800467900e+00,-2.110671788597480447e-01,-1.653984997816361213e-01,2.813828651663134561e+00,-8.468913638297114188e-01,-1.771764825160997148e-02,-2.228680069046973689e+00,-3.456148295017912875e-01,-2.776203027699943315e-01,2.555044397501640141e+00,-7.597737688992156624e-01,-1.223974065836513393e-03,-3.292838356361432739e-02,1.755738796116997624e-01,1.028056925534530930e-01,3.419054241105155545e-01,2.599612685440196302e-01,-2.543906663001712157e-02,3.987814701261149786e-01,2.310644350434369176e-03,-3.548058839828069355e-02,-1.402552792564105326e-03,4.445543039613061853e-01,-2.625827077474889859e-01,1.286285432414429296e-02,4.562227980641953007e-01,6.087030388657631904e-04,-3.080331781053052831e-02,5.435673310399536176e-03
-1.947433054450794510e-01,3.241127970052267576e-02,2.299011106428952289e-01,-1.642246046830166673e-01,1.211402600585592682e-01,6.192601800539104459e-03,9.789366518281916729e-01,-2.490023212362082461e+00,-2.145457487366961014e-01,-1.705283965201493113e-01,2.795420509544503940e+00,-8.397992547919539419e-01,-1.616806033970143164e-02,-2.234757560261280585e+00,-3.592155113600332128e-01,-2.971451742637055138e-01,2.529039059634570652e+00,-7.551241349672261904e-01,-1.374186762360421216e-03,-2.130367422793499887e-02,1.790553519447783126e-01,1.152877714888156102e-01,3.535340450871884976e-01,2.607722335078324627e-01,-2.659721367903973566e-02,4.004032572424982006e-01,1.666629675746346666e-03,-3.715763311258593604e-02,-1.245609781151743936e-03,4.565826758405766572e-01,-2.628034055402750924e-01,1.324306916781546432e-02,4.598618449518089291e-01,6.375383264233298744e-04,-3.041906809633422235e-02,6.219188907756929147e-03
-1.988715455702378399e-01,3.272160827853377862e-02,2.341522871528567973e-01,-1.669001671969098377e-01,1.300819933370767068e-01,1.693471044086253090e-03,9.773536419100907757e-01,-2.495594434257378147e+00,-2.168682940773402901e-01,-1.765927655408869312e-01,2.775550548576043219e+00,-8.322781111694858014e-01,-1.453070556608662342e-02,-2.239729682706166791e+00,-3.728838567476368548e-01,-3.172777272668542148e-01,2.502487198870812168e+00,-7.519015995856072054e-01,-1.091535194696824449e-03,-8.760679830184968028e-03,1.821201329082776377e-01,1.260666999715756298e-01,3.657837818729124946e-01,2.611797395858146964e-01,-2.731346257003235134e-02,4.009813738793163718e-01,5.466512410021915052e-04,-4.129968452646065602e-02,-1.003517837321579471e-03,4.690274879559296339e-01,-2.632186101752151397e-01,1.383094147277583001e-02,4.637845643875476154e-01,6.704888529179428786e-04,-2.978687219481541276e-02,6.705248642322913198e-03
-2.030401924460812635e-01,3.301917261234203760e-02,2.387359404511067429e-01,-1.692292734791100983e-01,1.394900160468802996e-01,-2.831533410437922157e-03,9.756515622083111738e-01,-2.499604708823832233e+00,-2.181212325214798575e-01,-1.831062496507660231e-01,2.754437782819880720e+00,-8.250752229179078023e-01,-1.281480340314384778e-02,-2.243619872636061885e+00,-3.866315665844508032e-01,-3.378709144747050752e-01,2.475588810337027379e+00,-7.503627661033357432e-01,-1.812320304546217098e-04,4.397617150573145464e-03,1.845711221335974983e-01,1.354090586349382397e-01,3.785817089571256178e-01,2.612717022856133053e-01,-2.766125411745957996e-02,4.002159559894530871e-01,-8.151454074624571965e-04,-4.702587008969241061e-02,-7.282361428401693242e-04,4.818278699063699433e-01,-2.637611858683145405e-01,1.470910783024221430e-02,4.677615187864691548e-01,7.019349567431333722e-04,-2.895549116683224927e-02,6.948857630841449515e-03
-2.071967455950277925e-01,3.329654247982089671e-02,2.435987215503536141e-01,-1.712437430879605593e-01,1.494653737997705678e-01,-7.683879827188081282e-03,9.737949683988511573e-01,-2.502412348530623998e+00,-2.182818100703239617e-01,-1.905950063366317060e-01,2.732614794724227636e+00,-8.191775475879288226e-01,-1.148893220661332745e-02,-2.246835870696135551e+00,-3.998723520184779834e-01,-3.597469160054023729e-01,2.448158666141472040e+00,-7.503736568810327467e-01,1.020265305646386907e-03,1.895548311671001879e-02,1.864049109565776574e-01,1.426445962766758058e-01,3.916708188818173730e-01,2.610292038979907803e-01,-2.804258427651271784e-02,3.984000910131691997e-01,-2.056176796653050656e-03,-5.297376214668537281e-02,-3.572790658941648592e-04,4.950762397252421732e-01,-2.642922721334509673e-01,1.564642380022014667e-02,4.720308035838184924e-01,6.404150189200518047e-04,-2.803983103478199096e-02,7.175555769493907089e-03
-2.113441722398570199e-01,3.356547612211260856e-02,2.487197936580698709e-01,-1.728088048051890091e-01,1.598873471618642295e-01,-1.269903767177096507e-02,9.718085653262957813e-01,-2.503987194204236211e+00,-2.174710023660834379e-01,-1.983692971293013196e-01,2.710078776446986470e+00,-8.146083002692514619e-01,-1.043046226091656238e-02,-2.249302792094101555e+00,-4.127338144100804462e-01,-3.827144086339107076e-01,2.420368780508710849e+00,-7.521970981522230204e-01,2.914062126636899567e-03,3.427390294134872312e-02,1.873681939267896612e-01,1.482516526874613216e-01,4.049313179567733956e-01,2.605751398580632983e-01,-2.866103155326765392e-02,3.968106426790424246e-01,-2.779924806319653430e-03,-5.689675269277932185e-02,-7.964264335565466018e-05,5.085581604206758088e-01,-2.648233908703520600e-01,1.687566715592715011e-02,4.762941204237669535e-01,5.336282299005015977e-04,-2.700477616372410489e-02,7.303946844723339417e-03
-2.154003959532916901e-01,3.386144188873883160e-02,2.540448220045417038e-01,-1.739426557702735687e-01,1.706267261274615199e-01,-1.814593308892425982e-02,9.696912900232420585e-01,-2.503993035468663475e+00,-2.160253332110848024e-01,-2.065026691352304655e-01,2.687740090809745297e+00,-8.131553913185833871e-01,-9.725987896641053246e-03,-2.250593803659204362e+00,-4.251960419082979614e-01,-4.078809420132459840e-01,2.391698122301685547e+00,-7.543516866045744118e-01,5.495782316816412785e-03,5.104832454067734226e-02,1.874376075630559135e-01,1.516439283711978336e-01,4.177964983527029386e-01,2.598902478000278404e-01,-2.990435264588225603e-02,3.968708308884471014e-01,-2.902035156159673591e-03,-5.764692018911475591e-02,-1.356431608931854549e-05,5.225346274452423723e-01,-2.653555780306963152e-01,1.827551323466295244e-02,4.805801231557128017e-01,3.454021879726538514e-04,-2.588901191832007620e-02,7.359413685044375805e-03
-2.193635745522825309e-01,3.418558602900876459e-02,2.595458364140915686e-01,-1.744989140441312592e-01,1.815753011257950078e-01,-2.380735927507366193e-02,9.674780352353442581e-01,-2.502465282691472837e+00,-2.140622805517153060e-01,-2.142924460228904093e-01,2.665354134689031262e+00,-8.139987768713995431e-01,-9.276544620124220486e-03,-2.250777384923045243e+00,-4.373135174350518128e-01,-4.346975707464958427e-01,2.362489763795994513e+00,-7.575366827528604574e-01,8.917439732763590352e-03,6.850843829560493425e-02,1.862928258295939998e-01,1.532875012305434381e-01,4.305087200210566678e-01,2.589753258715327133e-01,-3.152498380912739651e-02,3.983942219944249241e-01,-2.733608367039223452e-03,-5.649794395060152297e-02,-7.419413543068249849e-05,5.367890298446187369e-01,-2.658514950097783380e-01,2.010584237655470632e-02,4.846158445439508466e-01,1.207433427794639446e-04,-2.467576212796267557e-02,7.279849492857352715e-03
-2.232414186850545934e-01,3.450950304160585458e-02,2.651664530427620403e-01,-1.743472920736013621e-01,1.924307054831909947e-01,-3.007448485927456325e-02,9.652300092176432367e-01,-2.498931926956931449e+00,-2.104128017700366282e-01,-2.224177929055271563e-01,2.642937882399348570e+00,-8.159194009928932845e-01,-9.040244901873146707e-03,-2.249578788661493522e+00,-4.480134321221350691e-01,-4.636767645338409349e-01,2.331880172162002829e+00,-7.615732747980377138e-01,1.323339449301467845e-02,8.737491433261510010e-02,1.833983748379774403e-01,1.537379658668056870e-01,4.428071281875141652e-01,2.580509380451423418e-01,-3.342919034587047561e-02,4.011678513445216532e-01,-2.394364792636811609e-03,-5.416653189713745153e-02,-2.003397456444513014e-04,5.513484229119339775e-01,-2.661721352796209139e-01,2.227239659042242609e-02,4.884358728016657269e-01,-5.940202708040108427e-05,-2.342739818809649183e-02,7.184060209075134734e-03
-2.270092052984490349e-01,3.484406850990545007e-02,2.708767603139254909e-01,-1.734386813941172223e-01,2.031122917260891059e-01,-3.666477579207447213e-02,9.629746180259174393e-01,-2.493573591245041410e+00,-2.055077808057398925e-01,-2.301437393765969897e-01,2.620471988974949706e+00,-8.187108396220728057e-01,-8.990270559257156069e-03,-2.247237518252231947e+00,-4.576067646865724092e-01,-4.939089522924599018e-01,2.300646212322720707e+00,-7.663875431515871917e-01,1.810935838727072145e-02,1.067769671973123058e-01,1.787556640082809123e-01,1.533452136504908359e-01,4.549651644967704911e-01,2.570286572288327798e-01,-3.544739085133605250e-02,4.049478395154068044e-01,-1.986057853797548994e-03,-5.115713469334726843e-02,-3.618915392246092270e-04,5.660938717002903520e-01,-2.663403819474616796e-01,2.501840212937730956e-02,4.917353964767490204e-01,-2.191932002448973376e-04,-2.212616207925225884e-02,6.964754966197604646e-03
-2.306492838053720018e-01,3.527351337586014102e-02,2.766053148258946215e-01,-1.717315363617999968e-01,2.132742031799963189e-01,-4.365846774298489524e-02,9.607894315983533939e-01,-2.485909899188946337e+00,-1.994866014927833553e-01,-2.368468428493384348e-01,2.597750607447034454e+00,-8.199796702434521967e-01,-8.510429682234537871e-03,-2.243102834137045143e+00,-4.657651480683514533e-01,-5.250793480150346415e-01,2.268228242378931281e+00,-7.699923420539295238e-01,2.326091756677024086e-02,1.269179998040582402e-01,1.725607311185800297e-01,1.525477083393970146e-01,4.666145221564371171e-01,2.557725124614753098e-01,-3.751765160592004933e-02,4.097309207315600887e-01,-1.601455294928859872e-03,-4.779752816833725965e-02,-5.371983335077249247e-04,5.809174801351810746e-01,-2.664370113979186439e-01,2.827979513983248233e-02,4.943749421988284931e-01,-3.844086460176414366e-04,-2.079923499111959243e-02,6.582777338936723899e-03
-2.341215947085164839e-01,3.580160763864664170e-02,2.823185976224918403e-01,-1.692520691860116278e-01,2.228966441700581391e-01,-5.084596552839983075e-02,9.586894757341730688e-01,-2.476228102015999522e+00,-1.927983514326766235e-01,-2.421803344422309157e-01,2.575077826916507551e+00,-8.204114668373896357e-01,-7.948015630818414112e-03,-2.237536950531359370e+00,-4.728039449256414839e-01,-5.564329310662444739e-01,2.235654836624436648e+00,-7.728649566332891352e-01,2.838076775862799495e-02,1.471483183805949446e-01,1.649913763457315219e-01,1.514331652561165809e-01,4.781108715565433598e-01,2.542366495294109963e-01,-3.955392937270451464e-02,4.152141166980756193e-01,-1.244719879928568194e-03,-4.426445112456516701e-02,-7.106867448835468577e-04,5.957689883181535029e-01,-2.664792080752509951e-01,3.212944622843048881e-02,4.961962772855957327e-01,-5.560591635746024546e-04,-1.949264339202924287e-02,6.069453419040716016e-03
-2.374523311323307184e-01,3.655221907474171666e-02,2.880255712405838109e-01,-1.661083002786039597e-01,2.321136544010700686e-01,-5.801699879718492936e-02,9.566427294814402460e-01,-2.464964083208548651e+00,-1.862158381686493669e-01,-2.452669573663300573e-01,2.550979825373807852e+00,-8.146904011652734701e-01,-7.168162617090106069e-03,-2.230293399784914588e+00,-4.793101501323107083e-01,-5.880398524582612918e-01,2.202373396272916395e+00,-7.740091204800216840e-01,3.331072473897625508e-02,1.678918535442785187e-01,1.571422889322982297e-01,1.497374317611837313e-01,4.888050929440767578e-01,2.523050854537113308e-01,-4.177801178999061837e-02,4.213790272417283211e-01,-8.665604623380400830e-04,-4.071029725073888050e-02,-9.047414923878406004e-04,6.108719874416173035e-01,-2.666267149882382004e-01,3.614035455895371618e-02,4.970150302857840319e-01,-7.032680381306053927e-04,-1.826483998259911118e-02,5.515215567573615238e-03
-2.406049133762080128e-01,3.750997827558057857e-02,2.936961415865201319e-01,-1.623157839563566518e-01,2.408468446202233493e-01,-6.507316751628529350e-02,9.546789337701506728e-01,-2.452197955823774755e+00,-1.799146816778873503e-01,-2.461112671538361885e-01,2.526321252859675237e+00,-8.055480374140334687e-01,-6.442121404746785004e-03,-2.221623093640422653e+00,-4.853206760696927025e-01,-6.193658805405729550e-01,2.169284141687517486e+00,-7.742520929070535463e-01,3.800084273471491386e-02,1.886933815007434678e-01,1.490561683904450263e-01,1.476331908742274657e-01,4.991620254299565795e-01,2.500298685059819670e-01,-4.401567687519664096e-02,4.278033713576044894e-01,-4.997726929619236268e-04,-3.720752425924159223e-02,-1.100474366621784520e-03,6.260575297314314724e-01,-2.668791177559636796e-01,4.039753272931015382e-02,4.969141221395150243e-01,-8.416749102588823132e-04,-1.716887001189046705e-02,4.959060581044948644e-03
-2.435450069229358194e-01,3.859870273696919957e-02,2.992287596405938110e-01,-1.583665126020172287e-01,2.489449616734382975e-01,-7.258894874776092299e-02,9.527209970727942290e-01,-2.438561581986810722e+00,-1.727957013632171468e-01,-2.463766772888523193e-01,2.503372986841246650e+00,-7.956203723996546628e-01,-4.921915494850149370e-03,-2.211120784000565553e+00,-4.907381509596177027e-01,-6.524779955325603620e-01,2.135385504360580278e+00,-7.748683828958650155e-01,4.218551238574030221e-02,2.105036956367057344e-01,1.412873571776269987e-01,1.452366099689793855e-01,5.091111149802455271e-01,2.476522854207248436e-01,-4.610708986414084609e-02,4.341179799467537181e-01,-1.836812662242477169e-04,-3.379865535996233461e-02,-1.272528754448480669e-03,6.415421008270686398e-01,-2.672381788150434700e-01,4.491866882852468823e-02,4.962248224007535513e-01,-9.709378773357689799e-04,-1.621781353104838688e-02,4.538219419992815286e-03
-2.462511680316428198e-01,3.980842297774386807e-02,3.046000296448849731e-01,-1.541653556374507905e-01,2.563959961202994520e-01,-8.027378116760081062e-02,9.508155743106612157e-01,-2.424112421283484142e+00,-1.652624517913559299e-01,-2.455920952235315646e-01,2.482101998092432371e+00,-7.852596903690417518e-01,-3.043467785381302314e-03,-2.199430356606099757e+00,-4.957403543412293723e-01,-6.861541560843511522e-01,2.101691199094172458e+00,-7.756769691190570359e-01,4.604125273784014094e-02,2.324934477864928350e-01,1.337557490971089391e-01,1.426707049488572798e-01,5.189908736915520571e-01,2.452284267785723726e-01,-4.796761972197994411e-02,4.400707369966350146e-01,8.568545697648812095e-05,-3.056580756202825072e-02,-1.411161974613523318e-03,6.571273694082579997e-01,-2.676752994905162719e-01,4.973658831148655701e-02,4.949951805551641715e-01,-1.102136255838990055e-03,-1.540151352079313120e-02,4.198264018884230279e-03
-2.487669676151593456e-01,4.106260082882154383e-02,3.098070572175495863e-01,-1.496590945846096310e-01,2.631040849751745681e-01,-8.839094468559577367e-02,9.489812626048407251e-01,-2.408476023382843501e+00,-1.567893167896665108e-01,-2.444144965835409467e-01,2.462710670462692875e+00,-7.724450204581746471e-01,-9.560947321490122046e-04,-2.186443075318915241e+00,-4.994571929115494968e-01,-7.213283924448552487e-01,2.067678343093718674e+00,-7.771824623992708014e-01,4.957102648240203913e-02,2.548311767807678874e-01,1.258149212848263809e-01,1.405298942174692811e-01,5.290588679961434337e-01,2.429628697993566344e-01,-4.951907174929470051e-02,4.453893577945124971e-01,3.476580067942579028e-04,-2.776701131486686638e-02,-1.482630227510069350e-03,6.727548052670986323e-01,-2.681232606856465139e-01,5.483502252979345626e-02,4.935398291722933317e-01,-1.184363147905590245e-03,-1.480117490740168879e-02,3.963263549767616703e-03
-2.510649983313380518e-01,4.236477098376257439e-02,3.148245285915768910e-01,-1.447851318093295037e-01,2.691092358196087719e-01,-9.666959353064415172e-02,9.472446750920059388e-01,-2.391832453750447396e+00,-1.478792109757609829e-01,-2.423473855396404697e-01,2.445176517969151142e+00,-7.582274826811841173e-01,1.109424911811915382e-03,-2.172834144114324850e+00,-5.022418894513417387e-01,-7.568473444715446696e-01,2.034257183976110994e+00,-7.790040842624614825e-01,5.287173801939930307e-02,2.768251035413049066e-01,1.175487978836535080e-01,1.387411473057709732e-01,5.394914383239980404e-01,2.408472582317047750e-01,-5.078601383520339740e-02,4.500775814590813884e-01,5.882786817674183662e-04,-2.534247070940258070e-02,-1.504489010104485087e-03,6.883898130422827499e-01,-2.686177065536210495e-01,6.007210028265907997e-02,4.919276661087167435e-01,-1.249276413838696720e-03,-1.435108741138494542e-02,3.834183181117168694e-03
-2.531360878378908774e-01,4.368788486601749010e-02,3.196887513608246967e-01,-1.393749565515835509e-01,2.745665055078903571e-01,-1.053838899435116105e-01,9.455591421374986982e-01,-2.373881708175653582e+00,-1.381388603831187334e-01,-2.395435454963284472e-01,2.428747262767660509e+00,-7.398939626838224592e-01,2.952437394670842912e-03,-2.158769970730261001e+00,-5.029368952864429199e-01,-7.928207636596115160e-01,2.000228455661971605e+00,-7.814426444088364843e-01,5.530882661520054172e-02,2.990336620117928224e-01,1.083074370063627501e-01,1.366044495348312238e-01,5.501590131509173087e-01,2.391657044133198851e-01,-5.187023531727592840e-02,4.544667721913482339e-01,7.843216397670761631e-04,-2.309533926514598101e-02,-1.530856420113365680e-03,7.041191600265005457e-01,-2.689379985502623471e-01,6.534100207586253373e-02,4.906219943425282892e-01,-1.362513674820844695e-03,-1.380243944796144713e-02,3.744161266896947442e-03
-2.549546312835641593e-01,4.503950771619751048e-02,3.243760800975076797e-01,-1.334596190917296255e-01,2.793872106174134506e-01,-1.142982508169431699e-01,9.439635726422379580e-01,-2.354965242168950645e+00,-1.281227966376073391e-01,-2.358416092494425853e-01,2.413734354439741825e+00,-7.222337773160609764e-01,4.909706320113952499e-03,-2.144512476833869030e+00,-5.020892994760971506e-01,-8.284671094792304125e-01,1.966601847146693727e+00,-7.841273947929476851e-01,5.729726114669237563e-02,3.208519064010313393e-01,9.840243119085841095e-02,1.343276345074663758e-01,5.612229389099083754e-01,2.378137526291743964e-01,-5.274033876864138437e-02,4.585246730080393962e-01,9.477733417577992054e-04,-2.104037821156258883e-02,-1.546918527080464118e-03,7.199029477250767917e-01,-2.692281622755557380e-01,7.057074953649115912e-02,4.895508387116396798e-01,-1.497998879352127740e-03,-1.318011409180353498e-02,3.710537206980262220e-03
-2.565805358072074105e-01,4.638904405880799747e-02,3.289027519324765336e-01,-1.267332110326394867e-01,2.833559633162310853e-01,-1.234616244293623433e-01,9.425525548041071566e-01,-2.334809793501443131e+00,-1.171582970476539171e-01,-2.310932335735996768e-01,2.399874688462164229e+00,-7.055168679631452777e-01,7.460617535093347352e-03,-2.130114424809482987e+00,-4.993066060447519661e-01,-8.634040153764790393e-01,1.932860888618036510e+00,-7.863896788178802444e-01,5.928179485499881357e-02,3.424371485836507634e-01,8.709707477609215931e-02,1.329015346992029611e-01,5.724808716587745927e-01,2.368430554236008179e-01,-5.343922087558655026e-02,4.623020701665533361e-01,1.139692680808546132e-03,-1.910908746637885250e-02,-1.514242865159490118e-03,7.357025097790212964e-01,-2.693889194120432928e-01,7.608243051490330700e-02,4.888721413933778681e-01,-1.867167506293287331e-03,-1.253342146738069610e-02,3.043281535917416458e-03
-2.579900964042238232e-01,4.774914252774183770e-02,3.332411093823129389e-01,-1.193308222347166520e-01,2.865421277018708746e-01,-1.326498982912312219e-01,9.413064157861649184e-01,-2.313757951635092347e+00,-1.057836129535492248e-01,-2.251046053581719775e-01,2.387437226089963449e+00,-6.909648120014981743e-01,9.616384194080623490e-03,-2.115842825840508201e+00,-4.953067651040791719e-01,-8.972611090727686811e-01,1.899844661647001276e+00,-7.883757911074162905e-01,6.121034913243966064e-02,3.633186778368080461e-01,7.493471948280949757e-02,1.320584400514079604e-01,5.841099540874686857e-01,2.361129357980482346e-01,-5.397850902847792925e-02,4.658344060707700907e-01,1.335887152850091537e-03,-1.732390229659496947e-02,-1.450289065572911039e-03,7.516158503902056198e-01,-2.695815462773397120e-01,8.167018215815530224e-02,4.884425439616078557e-01,-2.334825838480111306e-03,-1.185271003743745485e-02,2.126592085773094422e-03
-2.592983810111438858e-01,4.908568475189784008e-02,3.375629421713011724e-01,-1.112554076160179595e-01,2.886604200211184135e-01,-1.418569376897979295e-01,9.403052724613943925e-01,-2.290781294193862117e+00,-9.400922447122825321e-02,-2.179808526652363687e-01,2.375701284422533810e+00,-6.791036944034496425e-01,1.125758262536507778e-02,-2.100542893253908971e+00,-4.892295612822381012e-01,-9.302201069519282495e-01,1.866048813898187220e+00,-7.900298284370489421e-01,6.318326929184024665e-02,3.836151800818625723e-01,6.193384355829286564e-02,1.330133352653257994e-01,5.959382769755703357e-01,2.355681955436166874e-01,-5.450411498287145023e-02,4.692229586760604532e-01,1.458329276947015413e-03,-1.574717923564371638e-02,-1.471158176744114541e-03,7.676866904729868768e-01,-2.698803411523831297e-01,8.717631795399899408e-02,4.875972312365846051e-01,-2.674014227922732936e-03,-1.099874517164170680e-02,1.823751491222065819e-03
-2.604589751763744521e-01,5.041029193899935340e-02,3.418227673568398073e-01,-1.026148913410243196e-01,2.898943593234514227e-01,-1.508918714104930670e-01,9.395015101902464139e-01,-2.266402708092424501e+00,-8.241016567863210240e-02,-2.095028684329696689e-01,2.364699462412063635e+00,-6.697951927100400660e-01,1.230785891531449225e-02,-2.084737696480530644e+00,-4.818703342649258703e-01,-9.619818807197559885e-01,1.832464245323737861e+00,-7.914845286199534424e-01,6.511281887166124605e-02,4.029310377369072493e-01,4.850191069269146893e-02,1.350523375901502288e-01,6.082744604441351344e-01,2.350920143678700003e-01,-5.502561961329113793e-02,4.725166833741897277e-01,1.543670722186555374e-03,-1.433629766914517115e-02,-1.535439006934764599e-03,7.840871135733349373e-01,-2.704560117632077709e-01,9.255347605368784147e-02,4.864515819185931678e-01,-2.943949820990706366e-03,-1.011207253220840901e-02,1.874587865592927671e-03
-2.615397710431591194e-01,5.170068275375497291e-02,3.461913512925883785e-01,-9.354590076788146802e-02,2.902833088626273206e-01,-1.597087640677243570e-01,9.388705319293225715e-01,-2.240433656957272035e+00,-7.082631741504151479e-02,-2.001165641645586135e-01,2.353720605371523167e+00,-6.624636161195975870e-01,1.308769672980850118e-02,-2.067783784276483239e+00,-4.728519074880869755e-01,-9.925870357005084355e-01,1.797681933862803172e+00,-7.933103747929329819e-01,6.699671473226208318e-02,4.216956248088941650e-01,3.496356417036597386e-02,1.381849445343479033e-01,6.210755544747682544e-01,2.347333396387248361e-01,-5.577137396815806669e-02,4.758545130972546833e-01,1.688485486056735211e-03,-1.311252620183113449e-02,-1.551177098197000382e-03,8.009352469483319581e-01,-2.712785942198137068e-01,9.774258069692495776e-02,4.852959932200466286e-01,-3.145227643643106700e-03,-9.518981548406253712e-03,2.209995697692341155e-03
-2.624939324932439311e-01,5.296498361943700883e-02,3.506227388837535597e-01,-8.412258859058847904e-02,2.899546915341654207e-01,-1.681441832482915566e-01,9.383907504797293075e-01,-2.213257632615760251e+00,-5.975125602875829695e-02,-1.896660058466051457e-01,2.342819231721492645e+00,-6.568576035188390394e-01,1.353047691917810477e-02,-2.050146069136933757e+00,-4.629301587481621238e-01,-1.021779385125814343e+00,1.762813444638168026e+00,-7.953128312268425981e-01,6.879435372386338843e-02,4.395086539650561175e-01,2.159283714364910317e-02,1.418115408089837826e-01,6.346791347110571913e-01,2.343858727817432208e-01,-5.665245715042069308e-02,4.792330413605206951e-01,1.858671651998222230e-03,-1.201908041876010268e-02,-1.551332431567870734e-03,8.183682199737349894e-01,-2.725043318617036414e-01,1.027203866332472848e-01,4.841384610931619426e-01,-3.310789207232104920e-03,-9.100285970808289285e-03,2.705338847738020681e-03
-2.633622764458895538e-01,5.420125302679585505e-02,3.551692033656836389e-01,-7.451126894991456917e-02,2.890607316723414755e-01,-1.762065575628521119e-01,9.379995806376313361e-01,-2.185019543712107826e+00,-5.019181758675311800e-02,-1.782580086038463574e-01,2.331811214387692566e+00,-6.531976829110873739e-01,1.392619196807147464e-02,-2.031323609006656206e+00,-4.521345693804562638e-01,-1.049406925459069884e+00,1.726953793119913483e+00,-7.974152131386802456e-01,7.035311498527593854e-02,4.566150641993256265e-01,8.375053125474797577e-03,1.459918852512048781e-01,6.493901303396817370e-01,2.340834088730660012e-01,-5.796051384584830629e-02,4.827003535144939184e-01,2.073727476449899534e-03,-1.120345325419109042e-02,-1.557499579381134164e-03,8.364460363468759763e-01,-2.742745389732659800e-01,1.074732795852408468e-01,4.829220947519042850e-01,-3.585091573954696589e-03,-8.840170854799992567e-03,3.137751968638156919e-03
-2.641046398774174464e-01,5.540159063677245477e-02,3.597916923023503077e-01,-6.474049749923384278e-02,2.877135665921276009e-01,-1.838104896105614283e-01,9.376797297006658205e-01,-2.156047642413069010e+00,-4.229395387336400136e-02,-1.658578599417191712e-01,2.320733774692887774e+00,-6.512623502317629320e-01,1.423852875815189399e-02,-2.011769567958799243e+00,-4.410102076887152944e-01,-1.075326705621384216e+00,1.691126016592145564e+00,-7.995524500367556797e-01,7.174146880134156523e-02,4.727547251621398994e-01,-4.653859313195510966e-03,1.502005703614056609e-01,6.654750389144429290e-01,2.337980318141551772e-01,-5.952681006623795207e-02,4.862572473712083454e-01,2.305158800454891899e-03,-1.054621978041778152e-02,-1.587063371911931909e-03,8.552342871155639292e-01,-2.766240351303294043e-01,1.119604786366626276e-01,4.817475925186872066e-01,-3.905662566321722005e-03,-8.670761512264788667e-03,3.547693354464518702e-03
-2.648469070343341669e-01,5.647591787401331359e-02,3.647970441491522053e-01,-5.472092369314984078e-02,2.860799311124307964e-01,-1.917496315915819538e-01,9.372278123857437082e-01,-2.126380145723094639e+00,-3.422380954102127726e-02,-1.545401105928299046e-01,2.308800980711815054e+00,-6.494882834059904075e-01,1.412960372280663846e-02,-1.990393135732166474e+00,-4.278116468908606529e-01,-1.099366762928143837e+00,1.653459587789767538e+00,-8.029893566386685499e-01,7.189270545701126336e-02,4.920574768745099026e-01,-1.875842123757134536e-02,1.545622729857494548e-01,6.810274477435999119e-01,2.347152039535195522e-01,-6.221126664483958568e-02,4.902049343306347229e-01,2.511904378042679759e-03,-9.746666249216979702e-03,-1.875372849128500953e-03,8.759299781785440109e-01,-2.781081530479207475e-01,1.154790253387441429e-01,4.812857273607241138e-01,-4.174379002772619571e-03,-8.569068597295339054e-03,3.666529479519929809e-03
-2.655530035576099124e-01,5.743431829726965143e-02,3.701562897117571804e-01,-4.442807194564794143e-02,2.840272704126316494e-01,-1.996993921380560422e-01,9.367362536300342102e-01,-2.095785766220569002e+00,-2.653719794303580765e-02,-1.436869429189467362e-01,2.296009921771493989e+00,-6.477269969778252090e-01,1.361436693094061554e-02,-1.967452087392898896e+00,-4.137149138316860708e-01,-1.121027553862543602e+00,1.615539481219914197e+00,-8.070282844672669320e-01,7.146354914388049206e-02,5.132719269195300527e-01,-3.369152760506625988e-02,1.593473304135430701e-01,6.966837984845164478e-01,2.363419611829360722e-01,-6.530475661002306531e-02,4.943744376567192900e-01,2.710598339766444841e-03,-8.910711428145751470e-03,-2.299235683342769690e-03,8.981232741929847663e-01,-2.792855574403569907e-01,1.185086480307950135e-01,4.814514208092755543e-01,-4.404279588288927648e-03,-8.372159166648414363e-03,3.655618714709186166e-03
-2.663017127373866755e-01,5.831297575048411536e-02,3.759627207767160528e-01,-3.380904152191881173e-02,2.815548497860266841e-01,-2.077804402011609597e-01,9.361683096234072465e-01,-2.064185910291903348e+00,-1.790644099797763372e-02,-1.326152721033122539e-01,2.281809475428435263e+00,-6.458411564907702296e-01,1.361002789015048828e-02,-1.941854735189948444e+00,-3.992303183253847476e-01,-1.141340062933791755e+00,1.578592785126434972e+00,-8.112868902907827140e-01,7.057500333978491969e-02,5.365435001168243900e-01,-4.948830427554755385e-02,1.651227440783775147e-01,7.125929071006545934e-01,2.387860252976643227e-01,-6.897651905138434125e-02,4.989913754451654193e-01,3.118437570291479784e-03,-8.308311294046343345e-03,-2.522840724530633124e-03,9.211562345553728770e-01,-2.802354034741771915e-01,1.213451039913277518e-01,4.821720016446332524e-01,-4.773333799131260560e-03,-8.417082100484666804e-03,3.456388564371277918e-03
-2.670399808447864176e-01,5.910923632688074025e-02,3.821639556611198807e-01,-2.291434095970590334e-02,2.787981741963108662e-01,-2.158161999737656933e-01,9.355051463632191311e-01,-2.031983542432080903e+00,-8.951202635444438505e-03,-1.211945470089545590e-01,2.266264385680817561e+00,-6.434761596954802210e-01,1.402394995196628961e-02,-1.914220392435205920e+00,-3.851196266193117057e-01,-1.159972348851071144e+00,1.543397350375330213e+00,-8.155199080809264478e-01,6.952892520664322173e-02,5.610464632546797725e-01,-6.605262758587893135e-02,1.713344584435128048e-01,7.294750127537084072e-01,2.417339110505764277e-01,-7.266392000492354064e-02,5.039214284853325010e-01,3.612698821804930654e-03,-7.848216701437395887e-03,-2.639112123048034317e-03,9.448942680925465076e-01,-2.813763104336207133e-01,1.242231245739332246e-01,4.833255665754326857e-01,-5.200494620309980415e-03,-8.471497513730006160e-03,3.230719511896464405e-03
-2.677946023972854750e-01,5.983291560710572027e-02,3.887391903314795227e-01,-1.167009140352415382e-02,2.756981414622624582e-01,-2.237753260520520815e-01,9.347614386629263805e-01,-1.999002731215184570e+00,1.115796146685507986e-03,-1.086966332835175714e-01,2.249182919368162281e+00,-6.410525909963290525e-01,1.485456997860300395e-02,-1.884484182355280701e+00,-3.711959794934721057e-01,-1.175913268364654485e+00,1.508486724447835048e+00,-8.283990482506053965e-01,6.862748934070715678e-02,5.863448380305363861e-01,-8.333563227804549611e-02,1.783116218527629748e-01,7.470971757994635531e-01,2.451124372038328281e-01,-7.613427835381823827e-02,5.092288604133600183e-01,4.086542165715430393e-03,-7.294036408361606084e-03,-2.651880846909126285e-03,9.687032796584674754e-01,-2.826160211725110005e-01,1.272874728131244415e-01,4.848170759285784226e-01,-5.652461901272440477e-03,-8.539687626453577179e-03,3.045306907791365744e-03
-2.685116734366461144e-01,6.048902429537764136e-02,3.956331595079788932e-01,-2.235699902354190130e-04,2.723997451741381748e-01,-2.315525087396964610e-01,9.339067215422935941e-01,-1.965666277653986826e+00,1.165361596043530158e-02,-9.531493633907313356e-02,2.230725469650291171e+00,-6.382924627855514066e-01,1.602692936807280713e-02,-1.853043563271016048e+00,-3.582361958150357961e-01,-1.189318724338224165e+00,1.474545098323625236e+00,-8.452978518066119884e-01,6.784062696017494065e-02,6.119531925057574151e-01,-1.010949729760790283e-01,1.853436163042752605e-01,7.660448616792890908e-01,2.487197831277573323e-01,-7.915894320194247213e-02,5.148935693646642386e-01,4.530740080333193337e-03,-6.682346234244869627e-03,-2.583909953950648195e-03,9.926507569928002539e-01,-2.843061163158610571e-01,1.305406878576343410e-01,4.864886166836106529e-01,-6.108537202212467078e-03,-8.530812298073901095e-03,2.951261067696739869e-03
-2.691674808759342841e-01,6.115097350420229533e-02,4.028013111170257177e-01,1.118064639997461140e-02,2.688627610218115582e-01,-2.389664541238782913e-01,9.329967002542214338e-01,-1.931907945938027726e+00,2.267463771093457259e-02,-8.081714269054174338e-02,2.210941536379997796e+00,-6.356138020963776336e-01,1.763882274937504657e-02,-1.819077842141060053e+00,-3.475686618609108436e-01,-1.199983950387616627e+00,1.439562379612243204e+00,-8.612794796452658552e-01,6.702739427506979042e-02,6.381970026189579537e-01,-1.185157928013422096e-01,1.922221288303399556e-01,7.853004108488621515e-01,2.522480376833346472e-01,-8.191489519091860183e-02,5.212964827744099860e-01,4.950553512627394424e-03,-5.783111581262495235e-03,-2.575720661019295817e-03,1.016567034175935191e+00,-2.863930365407520440e-01,1.336549284492362932e-01,4.877643254111628801e-01,-6.458111587230380528e-03,-8.506721369855847412e-03,2.949112141372426180e-03
-2.697021063667224272e-01,6.180388402428534794e-02,4.101864750933508219e-01,2.245095210715282799e-02,2.652607103950672673e-01,-2.459528891162104380e-01,9.320085228180983172e-01,-1.898083712128983525e+00,3.368432113329315747e-02,-6.542803442614725240e-02,2.189967695956725802e+00,-6.330327436540252872e-01,1.960489264096147710e-02,-1.783198941502111889e+00,-3.396007105812529625e-01,-1.208047033618486088e+00,1.404353163741830501e+00,-8.762317656724316617e-01,6.622432592747960756e-02,6.645985728480622301e-01,-1.356871613413027089e-01,1.981529633665307655e-01,8.055968588951781806e-01,2.556837722834844895e-01,-8.422560771881398844e-02,5.282234309696768326e-01,5.335587671781925369e-03,-4.707166446980454860e-03,-2.553297579447185491e-03,1.040431075361115898e+00,-2.891516288660105349e-01,1.367312320771117140e-01,4.887257796718651459e-01,-6.754516764498197726e-03,-8.453748893060580860e-03,3.045178909222285516e-03
-2.700590220206843806e-01,6.253071475615308572e-02,4.177373481743887895e-01,3.330454711934070777e-02,2.621142076208006211e-01,-2.524643275002554921e-01,9.308322688026759995e-01,-1.865609644370280762e+00,4.426583745314516261e-02,-4.972524616278616028e-02,2.167988317936762499e+00,-6.302736488090209255e-01,2.157207179622148627e-02,-1.743754574340022234e+00,-3.342948644047992746e-01,-1.216124323266851714e+00,1.366243721050436344e+00,-8.899044035448780976e-01,6.069549701830343619e-02,6.915974314225930009e-01,-1.523648472616116745e-01,2.014901678130612550e-01,8.264378024432166292e-01,2.589012259905962288e-01,-8.635330746650934919e-02,5.360814381765618419e-01,5.675364797104255447e-03,-3.465095051628933401e-03,-2.510611804439475368e-03,1.064315167081193225e+00,-2.928600947765999107e-01,1.396537035855275055e-01,4.894467003825362927e-01,-7.111682758495612051e-03,-8.244189652159969114e-03,3.184606687941344064e-03
-2.701772502923757147e-01,6.329592236987628684e-02,4.254022236197689266e-01,4.377492097643635727e-02,2.594240655729188050e-01,-2.583788240657572954e-01,9.295285330583022976e-01,-1.834497499064931647e+00,5.411839016033275634e-02,-3.357809396573362137e-02,2.145169233499020667e+00,-6.272706192035181205e-01,2.355780774598180763e-02,-1.701620554956329023e+00,-3.319917220665476454e-01,-1.223581350077475260e+00,1.326491241126812382e+00,-9.021719919115966935e-01,5.328720453036861482e-02,7.185697739625691582e-01,-1.689073721138593942e-01,2.019281949658393027e-01,8.485374205345566079e-01,2.620705284804786817e-01,-8.811437287846350663e-02,5.444753460795566102e-01,5.969864504613315616e-03,-2.106681980859801805e-03,-2.412030575272472357e-03,1.088130520342577068e+00,-2.976191285521760932e-01,1.424897624042771593e-01,4.900475507019129706e-01,-7.497578936123729283e-03,-7.925489898634376085e-03,3.391641680140665069e-03
-2.701717750828332432e-01,6.403279545195539324e-02,4.334453194999053349e-01,5.427986592316090542e-02,2.572803995249967612e-01,-2.638098326871255450e-01,9.280435681330972963e-01,-1.804956738750561396e+00,6.460405586022166524e-02,-1.594287761105384754e-02,2.120663584825626558e+00,-6.228721527363423327e-01,2.573389572175868723e-02,-1.655992277201276952e+00,-3.326893385611262022e-01,-1.231818087807742712e+00,1.285963720892174145e+00,-9.123259730728892070e-01,4.415605232888786258e-02,7.465814805120458697e-01,-1.863104490930992119e-01,2.007481646067624803e-01,8.695448192204365823e-01,2.650443859573577976e-01,-8.958405017587552088e-02,5.531785455299861320e-01,6.329394553638669103e-03,-2.271329474440872756e-04,-2.198901733147421746e-03,1.111453196919376829e+00,-3.026580867538908315e-01,1.450254275504315737e-01,4.907590509248801469e-01,-7.798406381078117761e-03,-7.941772211727629940e-03,3.699954632555748756e-03
-2.699939547609047641e-01,6.471778251073166677e-02,4.418110726237281516e-01,6.466132271145466626e-02,2.555782826488920412e-01,-2.686444480394558632e-01,9.264603689964414635e-01,-1.776768063425994137e+00,7.527245093645368312e-02,2.896899648893010160e-03,2.094781187678128376e+00,-6.170421464913393717e-01,2.796796716633201396e-02,-1.607319574937255080e+00,-3.366086145365357885e-01,-1.240341959540128158e+00,1.245396968451896624e+00,-9.205762699616849565e-01,3.469537482832824038e-02,7.750459937829062840e-01,-2.043975501795371186e-01,1.977682073295178034e-01,8.902449181335929662e-01,2.678316333084552747e-01,-9.070023500232850255e-02,5.619091830699313173e-01,6.694617921157799273e-03,1.876194311678942937e-03,-1.880509074054374438e-03,1.134232996180929209e+00,-3.083194739685045649e-01,1.473863888770429176e-01,4.914335508359413129e-01,-8.056811423950817688e-03,-8.082443922311959364e-03,4.085213390636966216e-03
-2.695782584318284769e-01,6.538403787539358303e-02,4.503525364259270969e-01,7.490954455456849681e-02,2.543965531689431070e-01,-2.727263564471255064e-01,9.248195977429661818e-01,-1.750805550102112251e+00,8.658400435447526078e-02,2.360631681030011392e-02,2.068192163789991156e+00,-6.092325124230613120e-01,3.023714101213031968e-02,-1.556614331066780599e+00,-3.432293398909586624e-01,-1.248323522604216418e+00,1.204142131816060113e+00,-9.274244463136566141e-01,2.716192760564200767e-02,8.037955137379855231e-01,-2.227842344598004454e-01,1.924586197290385214e-01,9.108476878345460603e-01,2.710342001394055456e-01,-9.155697131001154510e-02,5.708152630973480912e-01,6.906353490675047960e-03,3.949488004628742832e-03,-1.453508418983002429e-03,1.156491840909654956e+00,-3.140031419310096439e-01,1.498853732463944766e-01,4.922144017784178538e-01,-8.532326401482387065e-03,-8.021089504491835803e-03,4.452136182684998840e-03
-2.688844614116559506e-01,6.603169756414481451e-02,4.590245864851633106e-01,8.477751386589857385e-02,2.536211251892349638e-01,-2.759878568823868616e-01,9.232116771650633602e-01,-1.726790722182476756e+00,9.814872454666018209e-02,4.566857731304349577e-02,2.041259228677855031e+00,-5.994384393132486943e-01,3.246613433277874966e-02,-1.504014830601920760e+00,-3.525850817019465233e-01,-1.255511103466288692e+00,1.162787546667019223e+00,-9.329952017654807861e-01,2.086394883274900192e-02,8.323900065754701316e-01,-2.411137043297011950e-01,1.845320864918930381e-01,9.319932197171685306e-01,2.746199756467123110e-01,-9.210581625698126274e-02,5.796600776741460681e-01,7.032365019966666832e-03,5.937100838840062358e-03,-9.505119232335868234e-04,1.178280343845520273e+00,-3.200312307089050456e-01,1.524888867004348669e-01,4.929796573524222736e-01,-9.098822272393254987e-03,-7.815903397006830969e-03,4.842664172128336754e-03
-2.679360399157395545e-01,6.665453616853335428e-02,4.678162474337673182e-01,9.419062270494975297e-02,2.528200626652178373e-01,-2.783731498453459463e-01,9.218017856098935647e-01,-1.704120671948111010e+00,1.103033810407200860e-01,6.936269628152884337e-02,2.014460769899351078e+00,-5.870387467939516268e-01,3.412678358831987974e-02,-1.450057658634845703e+00,-3.651823868115104399e-01,-1.260406748089835993e+00,1.121421091123320002e+00,-9.374020252733800129e-01,1.598511741356547014e-02,8.609569157283267771e-01,-2.587304340424455562e-01,1.749356025793987746e-01,9.528112869626549353e-01,2.785964114012755011e-01,-9.247881374550517841e-02,5.883451686230263267e-01,7.207558573833670011e-03,7.933629322324407818e-03,-4.381534484229036722e-04,1.199572140709977308e+00,-3.260373140184950058e-01,1.550610641644902810e-01,4.932648704439042686e-01,-9.510804110504575415e-03,-7.691024669443321388e-03,5.238597979096407467e-03
-2.666918570026748370e-01,6.725942110096540250e-02,4.766813927407899665e-01,1.029050891072659374e-01,2.520298982558351608e-01,-2.798716428401142875e-01,9.206320310281155272e-01,-1.682821361963020568e+00,1.227842222879353684e-01,9.403521919471430346e-02,1.988137406558101672e+00,-5.720581425655448804e-01,3.517344571095761679e-02,-1.394914852565866115e+00,-3.806588387412940810e-01,-1.262882412878609806e+00,1.080283152415919545e+00,-9.408033857194435523e-01,1.195186768035173472e-02,8.891173796346365510e-01,-2.754818287035759039e-01,1.629538771783654583e-01,9.740015540752202661e-01,2.829514071855511181e-01,-9.265065931527291521e-02,5.967135939595057392e-01,7.393382391057752578e-03,9.832965072480133809e-03,8.861722313362196696e-05,1.220413719924916096e+00,-3.323468181292474344e-01,1.576054136693940955e-01,4.931178241934462414e-01,-9.840160617058038919e-03,-7.636454093378979881e-03,5.654787357480095533e-03
-2.650273379262123030e-01,6.787566911456839602e-02,4.854700201826903649e-01,1.111236103886917431e-01,2.512699438995013024e-01,-2.806290034518619247e-01,9.196533699870496070e-01,-1.663059783179024143e+00,1.350066990565196856e-01,1.195243693634740201e-01,1.963053445808339514e+00,-5.542894806470760605e-01,3.528637017120641456e-02,-1.337608345338766380e+00,-4.011424358792070044e-01,-1.274814035888062635e+00,1.044401821202172620e+00,-9.438829366561671819e-01,1.070213509290133744e-02,9.169585474509406309e-01,-2.919132038763422865e-01,1.482526275714474984e-01,9.952281666564570806e-01,2.878305832503247341e-01,-9.253498452638302119e-02,6.053444738782852719e-01,7.529109184904269822e-03,1.175847113241416768e-02,6.756036778859351999e-04,1.241125213968291119e+00,-3.389575397296523684e-01,1.601682996179480400e-01,4.922175657404953553e-01,-1.012489567886031179e-02,-7.782672129377600674e-03,6.046580647474470056e-03
-2.630557135700834492e-01,6.850302470035297964e-02,4.941690208193522671e-01,1.190410838543023708e-01,2.503055919922759220e-01,-2.809962213576158163e-01,9.188130683413953115e-01,-1.644188045685466948e+00,1.475232941632564354e-01,1.461247846184835497e-01,1.939178792397990625e+00,-5.338399208040462973e-01,3.446003764615322013e-02,-1.281268359628408460e+00,-4.241438906016543609e-01,-1.292691151047320242e+00,1.013298379467955757e+00,-9.470037940122641995e-01,1.302078784504623332e-02,9.447175036486188393e-01,-3.083328989804345333e-01,1.319620300654243406e-01,1.016854279677430695e+00,2.930563835991893407e-01,-9.215657694427251134e-02,6.136500393238613071e-01,7.623164969188510678e-03,1.357877917689376095e-02,1.311290130424545407e-03,1.261399396282820495e+00,-3.462259561382246553e-01,1.626268301711243369e-01,4.901981025741041775e-01,-1.037915839143340423e-02,-8.153674922780469736e-03,6.428197249283622468e-03
-2.608719118273901127e-01,6.912120509277737412e-02,5.027871681799044312e-01,1.267926571727393259e-01,2.485732197845958724e-01,-2.813427466531480126e-01,9.181400957362968462e-01,-1.624878323278118319e+00,1.604223974175818801e-01,1.739134301837145791e-01,1.916695731145576787e+00,-5.106134461170321881e-01,3.288463352533337741e-02,-1.227850815635831427e+00,-4.487432898991361996e-01,-1.310791883978153605e+00,9.873800117516117192e-01,-9.502788907348130865e-01,1.643724618704131557e-02,9.724566609634780479e-01,-3.243161005241981254e-01,1.157099397804430552e-01,1.038374507429530302e+00,2.987707296260352363e-01,-9.156473021188263339e-02,6.219719544659072508e-01,7.571641117854045581e-03,1.529284882447372491e-02,2.015973291125402328e-03,1.280648228488432405e+00,-3.542550351641102213e-01,1.649161880231105881e-01,4.866551726154215718e-01,-1.080296558670590552e-02,-8.873688521370702922e-03,6.757719608496349367e-03
-2.585088602596958829e-01,6.976646296536895275e-02,5.113545938872897656e-01,1.341730840624641707e-01,2.462608764409096040e-01,-2.818873351288029849e-01,9.175471075327427117e-01,-1.605377197011310653e+00,1.740427161305463932e-01,2.022332902240905061e-01,1.895594295560968368e+00,-4.847112600426487505e-01,3.054438911657745073e-02,-1.177613464419718925e+00,-4.737007513144576576e-01,-1.327996773742660119e+00,9.656105655261489895e-01,-9.536125613685928482e-01,2.008341222725860270e-02,1.000275197319282050e+00,-3.396618545820780932e-01,9.887995717024131159e-02,1.059938744421520251e+00,3.045534550302672061e-01,-9.083183494828558913e-02,6.304269360014977952e-01,7.457722969804301064e-03,1.691802452070362284e-02,2.747332471286012719e-03,1.298658603347432550e+00,-3.633357782665288527e-01,1.668115150433751304e-01,4.818542194463664718e-01,-1.128988305422514750e-02,-9.912031351777360680e-03,7.036784618685615680e-03
-2.559069971836586688e-01,7.032305754045910240e-02,5.198594476401490194e-01,1.410188916602614084e-01,2.434579398160865993e-01,-2.824762719718272308e-01,9.170872692979198382e-01,-1.585425584515096853e+00,1.874145244198081317e-01,2.297389221471587972e-01,1.876204330229547246e+00,-4.569804314219610419e-01,2.677176875159412855e-02,-1.130375723323911563e+00,-4.983891232855755526e-01,-1.343664063737236791e+00,9.472705514763823942e-01,-9.563228126777518767e-01,2.338041257101414541e-02,1.025797080449722953e+00,-3.552005583600409966e-01,8.013390279572152330e-02,1.082478101173477647e+00,3.102992969617862085e-01,-9.013960401811496603e-02,6.391694002003782682e-01,7.638076518960592969e-03,1.825157637130862126e-02,3.731409473624716904e-03,1.314988689754421625e+00,-3.744179970917604350e-01,1.680442125238466033e-01,4.758646858961934067e-01,-1.159374458060814274e-02,-1.107718184909633682e-02,7.334068385767999153e-03
-2.530832936795511245e-01,7.080978276544173944e-02,5.283487201999106375e-01,1.472250223075787789e-01,2.402164479265040675e-01,-2.832763267077573199e-01,9.167198992489825615e-01,-1.564909865263965916e+00,2.009419451405511092e-01,2.562392362727700101e-01,1.858451484539098253e+00,-4.275515199755514639e-01,2.192922812075126168e-02,-1.085587006949987332e+00,-5.222612735548733953e-01,-1.358028118312570642e+00,9.317327229537205602e-01,-9.583456957069471649e-01,2.622055545284410899e-02,1.049313645340483658e+00,-3.706622513245926842e-01,5.919562865501366844e-02,1.105741805662627808e+00,3.157338377711947919e-01,-8.960220168245801309e-02,6.483564977400064766e-01,7.955758328834961271e-03,1.950422541944365346e-02,4.785682134405876489e-03,1.329585297865241822e+00,-3.873319547163606158e-01,1.683542672676510976e-01,4.690544203757945341e-01,-1.180309121028640974e-02,-1.242447406113207815e-02,7.575440452931825851e-03
-2.502766997954499195e-01,7.100293552780172213e-02,5.369578590685690767e-01,1.534630239959324793e-01,2.361515319797459489e-01,-2.839214078131593877e-01,9.165534291000362321e-01,-1.542940795011743083e+00,2.165323661049441684e-01,2.847153368646248572e-01,1.841257693055986300e+00,-3.951538890187700770e-01,1.568227882956681543e-02,-1.042595666341042504e+00,-5.458467144148074768e-01,-1.370812623939208441e+00,9.176316469197570713e-01,-9.599268942235212876e-01,2.945082732218984312e-02,1.069304840358693776e+00,-3.873058295061378442e-01,3.865799008835069106e-02,1.129467272151282398e+00,3.201334515650911539e-01,-8.893788685122916426e-02,6.580769327908650990e-01,8.205195018203981921e-03,2.069294851271106725e-02,5.784328048246760792e-03,1.340901983679491982e+00,-4.025190971943089502e-01,1.677369003487792498e-01,4.611707196158671418e-01,-1.203750753955290867e-02,-1.372292007308842897e-02,7.670734324612316427e-03
-2.474572383379372298e-01,7.094460600961383090e-02,5.456774165114439690e-01,1.594824608257167931e-01,2.314551519465072316e-01,-2.844727809849560418e-01,9.165528321952186586e-01,-1.520001086336611351e+00,2.337251246583637032e-01,3.140754791636144461e-01,1.824776710809788982e+00,-3.598307980017239616e-01,8.304590734885642506e-03,-1.001101844769443083e+00,-5.688266631920546601e-01,-1.382405309713762520e+00,9.048412090967760113e-01,-9.609927616953721774e-01,3.269133884721121819e-02,1.086258188674874336e+00,-4.046658917428467839e-01,1.760451206350251846e-02,1.153438778710081491e+00,3.236419138022588737e-01,-8.852913447109364564e-02,6.684471426479807743e-01,8.416484239605375589e-03,2.200461705416822261e-02,6.672246958898435214e-03,1.349410095166639234e+00,-4.194889416166172058e-01,1.659633298831527382e-01,4.527212202952679565e-01,-1.227523568971502360e-02,-1.513372749094246336e-02,7.606277212067148394e-03
-2.449299839778091292e-01,7.070492191951738281e-02,5.546110398928156826e-01,1.654246867551801281e-01,2.258267497287733405e-01,-2.853521555354070482e-01,9.166302959482540702e-01,-1.496525162499798389e+00,2.540339936449013125e-01,3.436473624267105675e-01,1.810232075618013914e+00,-3.203877337883365706e-01,-1.105827738940596411e-04,-9.625580486538365399e-01,-5.904433121856258460e-01,-1.389489768817623760e+00,8.929195850991674677e-01,-9.596240957403169292e-01,3.710002676479353528e-02,1.100679741370583109e+00,-4.215101130010155406e-01,-1.824723641008375169e-03,1.176121184645890549e+00,3.256381122230496694e-01,-8.884514120015810090e-02,6.787941037686479051e-01,8.563867064153322592e-03,2.338408341784597305e-02,7.510514590262989780e-03,1.354677885888085465e+00,-4.385271853952331100e-01,1.625222345721792638e-01,4.436750462976113418e-01,-1.253037628058434327e-02,-1.652090438706244058e-02,7.311922089613264938e-03
-2.426245577596932990e-01,7.030951364123028124e-02,5.637295562825286321e-01,1.710785320609924665e-01,2.194545519033938297e-01,-2.862918922698183266e-01,9.168471998851835947e-01,-1.473025689790029347e+00,2.762110730222150368e-01,3.719110510178947338e-01,1.797555710530333251e+00,-2.770676527373654441e-01,-9.112751978316785753e-03,-9.263843901668268321e-01,-6.110080017035223188e-01,-1.392962348337592138e+00,8.818413981264954238e-01,-9.561546008533422514e-01,4.213418725976551121e-02,1.112395139193288252e+00,-4.375688517024012847e-01,-2.086171379447757795e-02,1.197471154520085124e+00,3.264086879829688481e-01,-8.998334756318096539e-02,6.891652548999015471e-01,8.682777952852070713e-03,2.490857312888387909e-02,8.192479603096968974e-03,1.357218568235250666e+00,-4.590996001607274835e-01,1.575429333739919169e-01,4.346065878738756827e-01,-1.277942066265428181e-02,-1.797098293512362430e-02,6.805711414451613532e-03
-2.406591150822742775e-01,6.962524139599660100e-02,5.727452955029775916e-01,1.767854448376317833e-01,2.120440410109860341e-01,-2.871209545442121591e-01,9.172490330476836817e-01,-1.449371868453869894e+00,3.004319768265312218e-01,3.970826445089176704e-01,1.786775849701333962e+00,-2.274662259351803995e-01,-1.723016726583996572e-02,-8.935413884402665374e-01,-6.324124900315004627e-01,-1.391307269006837100e+00,8.735234935664676348e-01,-9.537579487452542137e-01,4.620845161109108507e-02,1.121040687798510405e+00,-4.524548897450879625e-01,-3.772360561305908300e-02,1.217009522138226885e+00,3.264934308347431924e-01,-9.189419771111895230e-02,6.997325218677558079e-01,8.816194199246896179e-03,2.654656156915703724e-02,8.735420051073672018e-03,1.356778385816050925e+00,-4.805724493923570484e-01,1.512092689609528251e-01,4.255863522439876645e-01,-1.299146959856809121e-02,-1.968208651196577674e-02,6.131299280165093159e-03
-2.389787020676724105e-01,6.865547449898673493e-02,5.816321815764934344e-01,1.823039207902402425e-01,2.038601386372625168e-01,-2.879508134408462761e-01,9.177639420777301549e-01,-1.425546140943612539e+00,3.261301587183295103e-01,4.155513377378483586e-01,1.775918279403564837e+00,-1.647352979184758537e-01,-2.285925946433448736e-02,-8.637529976130795539e-01,-6.537378811636460618e-01,-1.385073111340078933e+00,8.673382532042839266e-01,-9.522332840344435168e-01,4.939953442628818026e-02,1.127122327968427484e+00,-4.661840177304290012e-01,-5.340467697199095809e-02,1.234764326903289744e+00,3.260825478500176677e-01,-9.446048646169954988e-02,7.103292253267450285e-01,8.958566228781930305e-03,2.833284032332033381e-02,9.094687999818018911e-03,1.353687466283999941e+00,-5.025616807313244561e-01,1.437819544343415246e-01,4.168352645299908121e-01,-1.317129309406069732e-02,-2.153693624135892201e-02,5.313580748455646457e-03
-2.376717545966611222e-01,6.736937467319671635e-02,5.902288771753075869e-01,1.880187762516554728e-01,1.951767047073982020e-01,-2.887380980167555955e-01,9.182512207833191109e-01,-1.402920332941868242e+00,3.535266210086925320e-01,4.276349020963575165e-01,1.766506185934919815e+00,-1.001501606603489164e-01,-2.730521848779053282e-02,-8.396662213893127946e-01,-6.761615227903619019e-01,-1.371310632668117035e+00,8.649468218036844291e-01,-9.512176249412001017e-01,5.015135932824862919e-02,1.130520015977827253e+00,-4.793659539446187834e-01,-6.692803924419907236e-02,1.250330324389378633e+00,3.257490703258316689e-01,-9.755815139048755469e-02,7.206114016690960966e-01,9.147781043570633874e-03,3.025592709427571761e-02,9.266224164036411179e-03,1.347772321140126683e+00,-5.246886530381064118e-01,1.354148797876671972e-01,4.084402097187675440e-01,-1.335569627449703992e-02,-2.326616355916861015e-02,4.347403069468539112e-03
-2.366750632433551604e-01,6.581586479543186097e-02,5.985418328016250955e-01,1.935601448522837331e-01,1.861398170072257330e-01,-2.893090448704763173e-01,9.187963405485518598e-01,-1.382099080033588612e+00,3.822104330556013729e-01,4.326301764699208019e-01,1.758261778349812676e+00,-3.711417428536807617e-02,-3.092416466633412728e-02,-8.197336104070493956e-01,-6.988995834313642685e-01,-1.352135720830531573e+00,8.653272739533083291e-01,-9.506113562600992939e-01,4.940871243000491408e-02,1.131186046058341166e+00,-4.915593410472445246e-01,-7.950736505957979594e-02,1.263618844703087385e+00,3.256504827549265846e-01,-1.010453785813441030e-01,7.305938242453726694e-01,9.366910529585508252e-03,3.231599616350544490e-02,9.239895341947438820e-03,1.339587916171979032e+00,-5.466001358001012500e-01,1.262651995452941378e-01,4.005865138923099256e-01,-1.352464619642311516e-02,-2.490591072465351413e-02,3.255828390911592700e-03
-2.359357049573013732e-01,6.419973462982468682e-02,6.066980826070579313e-01,1.988336876942101983e-01,1.768233703825834724e-01,-2.896967263588411945e-01,9.193880938218822463e-01,-1.362965003496295902e+00,4.108999657042213816e-01,4.308311341839177744e-01,1.750514352010471786e+00,2.140118903118973931e-02,-3.371901812375073526e-02,-8.051423449723763559e-01,-7.220344809393942631e-01,-1.325095674531739487e+00,8.689441123391095090e-01,-9.481919567890798595e-01,4.815060486654577226e-02,1.128943614330589762e+00,-5.019590068083710221e-01,-9.232083450775394051e-02,1.274443338190242248e+00,3.253352523221542669e-01,-1.049698416515068289e-01,7.407180747849837488e-01,9.735983538945369373e-03,3.456516168272955047e-02,9.245127044592642632e-03,1.329513164504417588e+00,-5.684051449013569624e-01,1.163280362037744098e-01,3.931556969614953823e-01,-1.382033023001516883e-02,-2.611744438648306785e-02,1.855665580448890824e-03
-2.353992983021618579e-01,6.253059832519762551e-02,6.147073619419050061e-01,2.036169080344101545e-01,1.672176367866253233e-01,-2.897065951379308446e-01,9.201350473944509556e-01,-1.345690013911703176e+00,4.394041293298901474e-01,4.222680024952927269e-01,1.742976464726519348e+00,7.525902580685978061e-02,-3.588571436534083309e-02,-7.938685193329958478e-01,-7.450598581191989478e-01,-1.292889478392666991e+00,8.746474504197196964e-01,-9.444403755518573362e-01,4.656979119851242799e-02,1.123754794069746543e+00,-5.102924016387679895e-01,-1.059093194845947689e-01,1.282826448796511531e+00,3.251797037884567865e-01,-1.090755185184547338e-01,7.506734152804340754e-01,1.016798089157184941e-02,3.697267542685875319e-02,9.190596711976851269e-03,1.317974745279216098e+00,-5.896097370533085469e-01,1.058415836483675432e-01,3.863836348514257946e-01,-1.415605806516086890e-02,-2.709479556377021592e-02,2.785306140614945015e-04
-2.351455532492589540e-01,6.077022656233748571e-02,6.225846031845723161e-01,2.083096489888163205e-01,1.573879353138728510e-01,-2.891116810368447032e-01,9.210051920829983585e-01,-1.331006340649344866e+00,4.668037409303029128e-01,4.082626877022298983e-01,1.734188786854672149e+00,1.222712777865251621e-01,-3.759208422384640452e-02,-7.875331138687267085e-01,-7.669871179727950627e-01,-1.254071246530966910e+00,8.800664560734356989e-01,-9.401732042644761478e-01,4.539500818445488250e-02,1.115297296819434791e+00,-5.174923079440764129e-01,-1.192606480912671713e-01,1.288770485842953395e+00,3.250664646001894531e-01,-1.130232734473494982e-01,7.602128038150139933e-01,1.054788871717067013e-02,3.932258936321462311e-02,9.025966408606936331e-03,1.304610388748949301e+00,-6.100525696306059453e-01,9.514618627609774948e-02,3.800033288311109869e-01,-1.447344254407137605e-02,-2.798285386718901702e-02,-1.332867487799239753e-03
-2.351111780919382666e-01,5.894452551815144298e-02,6.303437875386217470e-01,2.126560174451130880e-01,1.472043342441475833e-01,-2.877297101611259733e-01,9.221279282804063504e-01,-1.318833287449799219e+00,4.930381947560321665e-01,3.890981742767258278e-01,1.724275288849184129e+00,1.637539031468707440e-01,-3.886952896804311830e-02,-7.837142995059497297e-01,-7.878933121333383527e-01,-1.211254719795763268e+00,8.850779923352690703e-01,-9.356705502413271702e-01,4.469517306602319162e-02,1.103687977236410322e+00,-5.230680562868262884e-01,-1.327203496218417600e-01,1.292268802747755574e+00,3.254864060547212889e-01,-1.167019578422266723e-01,7.691357430625187508e-01,1.089301930753535687e-02,4.164687350515136610e-02,8.770046716271512680e-03,1.290014048941658498e+00,-6.292144561718507889e-01,8.437637201307865431e-02,3.741644764184110517e-01,-1.476185764787538678e-02,-2.884445358656950384e-02,-2.965977700614188042e-03
-2.352579868512450212e-01,5.721042794239907664e-02,6.381803879172019967e-01,2.159958030091343739e-01,1.365423353696923192e-01,-2.850241855151743331e-01,9.238307298448347193e-01,-1.310817120140978842e+00,5.173440765139581954e-01,3.638667358350824999e-01,1.712496222889275055e+00,1.992885958441916738e-01,-3.933691910488601451e-02,-7.807694354854477492e-01,-8.062020678737005230e-01,-1.164608602896163969e+00,8.877885850575235605e-01,-9.322411675074311344e-01,4.382855961345102219e-02,1.088088465138922878e+00,-5.256008114196262238e-01,-1.483001929982210865e-01,1.292613048067164927e+00,3.261952817126448356e-01,-1.198056458699218729e-01,7.780969878208292556e-01,1.114774376772556704e-02,4.420292560318334757e-02,8.364707562087386056e-03,1.274622016777027689e+00,-6.469295118029344538e-01,7.341560186565752877e-02,3.690474796790859102e-01,-1.501208757103147939e-02,-2.951756891960127804e-02,-4.525495134195834171e-03
-2.355322735247886712e-01,5.551337662898044034e-02,6.460869727743211444e-01,2.187016443709194069e-01,1.253437396387804270e-01,-2.810278294162300572e-01,9.260031839990737756e-01,-1.306360870201103364e+00,5.400129844482732810e-01,3.345799045361957380e-01,1.698995060305444005e+00,2.300484891731965631e-01,-3.927351176325145216e-02,-7.786511969641605191e-01,-8.227280704445545378e-01,-1.114195622973067179e+00,8.885783664551061278e-01,-9.297152456842716628e-01,4.293038452281057460e-02,1.069352064903019262e+00,-5.261016063322624392e-01,-1.648767624507839480e-01,1.290154350065721101e+00,3.279007338132328142e-01,-1.221042387069128238e-01,7.863605435986300574e-01,1.134355157471155992e-02,4.682020499903682270e-02,7.938667741288327542e-03,1.258521163713098634e+00,-6.625516435621596756e-01,6.276919310298412213e-02,3.647974837915043955e-01,-1.523258951991809766e-02,-3.007421219274829249e-02,-6.015986427626436941e-03
-2.359634937461169146e-01,5.385315525244482870e-02,6.540405011238892286e-01,2.210424415942790488e-01,1.138222788137237679e-01,-2.757104654939869781e-01,9.285302725688475700e-01,-1.305818254843267523e+00,5.602822510212259743e-01,3.029819771061222911e-01,1.682415429074449964e+00,2.555974491722791120e-01,-3.923314283327561380e-02,-7.791840930662647935e-01,-8.376566171413405426e-01,-1.057767123149899957e+00,8.880053930645963600e-01,-9.270399778892367548e-01,4.251013139877743430e-02,1.047620372617636741e+00,-5.255397785789962528e-01,-1.817116919977736222e-01,1.284683293922123992e+00,3.305928253075527956e-01,-1.232064975663525602e-01,7.937383953757654043e-01,1.149828253488436106e-02,4.936789346013507884e-02,7.560284258196485474e-03,1.241340132374837424e+00,-6.758529768851403441e-01,5.259666046091637792e-02,3.618373287006944605e-01,-1.542199986592416791e-02,-3.034763530546214297e-02,-7.407860314485586496e-03
-2.365377289443411635e-01,5.224177856710208318e-02,6.620329390005622594e-01,2.230447101184941938e-01,1.016464517686746505e-01,-2.692063706390604994e-01,9.313683407429839134e-01,-1.308281381908904306e+00,5.786683942990493712e-01,2.704116069376137355e-01,1.663663909361416948e+00,2.770768095637639039e-01,-3.910341471883259368e-02,-7.815504412092839637e-01,-8.511567444235208502e-01,-9.952712511184449440e-01,8.864002401699931921e-01,-9.243687344653025439e-01,4.262603185609874917e-02,1.023825394942349920e+00,-5.236034923697693300e-01,-1.978479659317748662e-01,1.276156389652728818e+00,3.346228371563793602e-01,-1.232356269451775205e-01,8.000929843965834953e-01,1.163051424804933433e-02,5.178157608988123023e-02,7.273973767591595738e-03,1.223609076280651298e+00,-6.866065514096675315e-01,4.296104894841511201e-02,3.598802430625884785e-01,-1.557824142649931465e-02,-3.042284878055847436e-02,-8.751122082901914567e-03
-2.374879300449652120e-01,5.066763806623508781e-02,6.699591308740943107e-01,2.248505415752852232e-01,8.867940428619469628e-02,-2.622267002067646402e-01,9.342458749747931668e-01,-1.313069095224167482e+00,5.965029084569408724e-01,2.391219103624981912e-01,1.641158510272738846e+00,2.944545641153677451e-01,-3.878339590672440912e-02,-7.882706431003000391e-01,-8.617535832782786676e-01,-9.230687048462311584e-01,8.846652205273088931e-01,-9.214170082596624400e-01,4.209695351408942326e-02,1.001052012354425536e+00,-5.203869995715100227e-01,-2.101054302838827048e-01,1.263813922686598090e+00,3.402314245102013857e-01,-1.220258198852660070e-01,8.050694915841779542e-01,1.167099872434596529e-02,5.413258811720886299e-02,6.971738704171757256e-03,1.204697153931540088e+00,-6.941802391150808660e-01,3.391932111316726950e-02,3.590211766495203238e-01,-1.571178797927820156e-02,-3.046782854372389812e-02,-1.006316076504782525e-02
-2.387075993614831693e-01,4.916415395826331108e-02,6.778256252883142485e-01,2.260072819962307411e-01,7.466318379298690633e-02,-2.543585695960802195e-01,9.373621688246254191e-01,-1.320505570676616225e+00,6.132584722485123763e-01,2.088193894929375460e-01,1.616169529540751437e+00,3.086216200558670186e-01,-3.830081038201054583e-02,-7.951178717428478704e-01,-8.700733538296436809e-01,-8.455358941459758526e-01,8.828509958867163387e-01,-9.182034701543509980e-01,4.104478868453509399e-02,9.783397512640161775e-01,-5.151141358201696274e-01,-2.193851277980596870e-01,1.248146885542578355e+00,3.475933800647066918e-01,-1.197044001338124497e-01,8.087321304576544634e-01,1.167697901316016446e-02,5.629405392341305103e-02,6.753617262661417743e-03,1.185444676660900143e+00,-6.987946691449361536e-01,2.557382862604880638e-02,3.590041138892550721e-01,-1.581498226312328878e-02,-3.042232365938135272e-02,-1.134906668927207138e-02
-2.402866367830552019e-01,4.779542653684035192e-02,6.856594633405923567e-01,2.256608165537992983e-01,5.889718989999973009e-02,-2.457355717443548138e-01,9.408625540819604005e-01,-1.329822900456239188e+00,6.291749196689925272e-01,1.788550373832326901e-01,1.588122428129047581e+00,3.198466775384685157e-01,-3.730564464790459001e-02,-7.976296653635036593e-01,-8.748387683019330785e-01,-7.653937637002518057e-01,8.805850414997880016e-01,-9.143945775393577113e-01,3.888166979746678076e-02,9.563682218625019216e-01,-5.052282232628125813e-01,-2.250705463666224926e-01,1.228229722378976652e+00,3.561976208732267613e-01,-1.164529624253011764e-01,8.109323055339001662e-01,1.170855719617436112e-02,5.816740854721973858e-02,6.748769961366796882e-03,1.165859062658179734e+00,-7.004238197417563816e-01,1.776768376944713387e-02,3.605478499827891037e-01,-1.599858819290867970e-02,-3.038534819155159009e-02,-1.255713069838885511e-02
-2.421347166191201716e-01,4.656572531503892082e-02,6.934523869453337319e-01,2.236593177126324494e-01,4.118199933465845064e-02,-2.361228792830947776e-01,9.447362268962590237e-01,-1.341175803814008471e+00,6.438822993549542240e-01,1.497233821384581498e-01,1.558194290003905635e+00,3.287044750364389589e-01,-3.604468046939415110e-02,-7.931755037310614931e-01,-8.769059379288554057e-01,-6.853264277458015474e-01,8.781657327472530694e-01,-9.100610527703354435e-01,3.651202929445825085e-02,9.345043875180140125e-01,-4.906052144536567350e-01,-2.273896472543317782e-01,1.204634561452120112e+00,3.660108377257448309e-01,-1.123227839964507091e-01,8.115839406978279102e-01,1.176100308407892689e-02,5.966551369154651091e-02,6.946438569436772133e-03,1.146451044970023814e+00,-6.994931615868391628e-01,1.072919211464385889e-02,3.632304202859503173e-01,-1.619655578538482452e-02,-3.020566586794422997e-02,-1.369519679130218152e-02
-2.443549399969880409e-01,4.549298232177408779e-02,7.011494200961161383e-01,2.208701497394595648e-01,2.229324030255596181e-02,-2.258280399607777988e-01,9.485362854199903548e-01,-1.354692105567115057e+00,6.562173356646145983e-01,1.229384474438755120e-01,1.526480380151820082e+00,3.340270647780415048e-01,-3.454018710983333684e-02,-7.888183762076105277e-01,-8.742159348981938249e-01,-5.972655797526978949e-01,8.760879015389816393e-01,-9.029727992291467498e-01,3.542897706587069123e-02,9.119791281157135776e-01,-4.730563406029183460e-01,-2.262066164257034995e-01,1.177654377129037755e+00,3.761041479602681981e-01,-1.075345164458224312e-01,8.095056762066161760e-01,1.183667768083230404e-02,5.995571270638884454e-02,7.072008622459193851e-03,1.125759588974735159e+00,-6.967617704205801843e-01,4.517558395820844494e-03,3.670999546072707953e-01,-1.624246486650540028e-02,-2.948597292186042398e-02,-1.459568549946630572e-02
-2.468407491306670032e-01,4.455088791001265980e-02,7.087275714365044443e-01,2.172247035648826319e-01,2.071587655147705351e-03,-2.145558373867090529e-01,9.522473047108207522e-01,-1.370201865659878671e+00,6.658329516820250538e-01,9.916641643893560343e-02,1.494095369295724174e+00,3.370242536696264057e-01,-3.295488739262608657e-02,-7.810304803392670303e-01,-8.680556240249150957e-01,-5.057092236474993729e-01,8.739968698380646828e-01,-8.931356793447371434e-01,3.381415286501971568e-02,8.881079881265718790e-01,-4.527148717439629100e-01,-2.216880052124887146e-01,1.147757968272610229e+00,3.866461215063621282e-01,-1.021919608037451938e-01,8.048141894415530295e-01,1.191809079812454313e-02,5.926622358793298684e-02,7.239368047835476397e-03,1.104363958775703036e+00,-6.924063526765231735e-01,-7.099822795388274765e-04,3.716810980686338084e-01,-1.621015713169436309e-02,-2.838688664260525726e-02,-1.532734498619730407e-02
-2.496574356571294173e-01,4.379169446067115307e-02,7.161811653278737921e-01,2.131437169851166935e-01,-1.879026743839611047e-02,-2.025175106312126494e-01,9.556167326115095895e-01,-1.388378099102784091e+00,6.718767130216308781e-01,7.951376190896175533e-02,1.460458049803828429e+00,3.372702535144413982e-01,-3.148986978348290722e-02,-7.709269463254687649e-01,-8.566658761235672603e-01,-4.108166625054616716e-01,8.698726176678912569e-01,-8.810958420525355494e-01,3.053913981847728581e-02,8.639919954079540165e-01,-4.309254434218614538e-01,-2.136172214172082362e-01,1.114433044051338362e+00,3.977435345416855395e-01,-9.616701108443603818e-02,7.971905554500773317e-01,1.183933459217220881e-02,5.788374531360793857e-02,7.511967638320357979e-03,1.082146330113915367e+00,-6.863645690024879897e-01,-5.286778844086442893e-03,3.772278152008516905e-01,-1.612670354930739736e-02,-2.682055414251953082e-02,-1.607937668099652592e-02
-2.527666466589866268e-01,4.313980551645776873e-02,7.233573424344458269e-01,2.086377767642832171e-01,-4.082092548974216445e-02,-1.894512762355655411e-01,9.585990528274749289e-01,-1.408072642923258178e+00,6.742948499880703217e-01,6.493909149545261383e-02,1.426804276500476476e+00,3.359112486000084274e-01,-3.015122266445648125e-02,-7.556345702297421196e-01,-8.414956610429445982e-01,-3.145298805271098397e-01,8.616518324346948976e-01,-8.502171757397721796e-01,3.434139431892437033e-02,8.390334063590276781e-01,-4.074436287176833593e-01,-2.008040892015999779e-01,1.077845613628245269e+00,4.093570050764569479e-01,-8.963783316243732757e-02,7.866254739457672063e-01,1.168298274012116895e-02,5.574404948734412030e-02,7.918803035795309725e-03,1.059314789079733643e+00,-6.789989654280016440e-01,-9.118021760415043891e-03,3.829457346525292905e-01,-1.600321787000342708e-02,-2.499022767432609871e-02,-1.681395964209150828e-02
-2.562020173767240450e-01,4.265112652811609006e-02,7.302904947298389793e-01,2.035557051946357832e-01,-6.370532483478655306e-02,-1.758845408958495948e-01,9.610261883758753898e-01,-1.428838433960488041e+00,6.732586430279436929e-01,5.582696981895320792e-02,1.392800043362873552e+00,3.320913642882172834e-01,-2.847769149878939809e-02,-7.346698656509774716e-01,-8.206021491093287157e-01,-2.172341230837900872e-01,8.504295114128554989e-01,-8.113324830239980745e-01,4.221031989662979433e-02,8.151734521350806340e-01,-3.822065597143317062e-01,-1.834247918901132368e-01,1.037059253087992072e+00,4.214097354795185435e-01,-8.253895280330032780e-02,7.732144370455020788e-01,1.144841107251410965e-02,5.292614562144661722e-02,8.281011880539130773e-03,1.036195983073769478e+00,-6.700216777384103706e-01,-1.251797862786950891e-02,3.896187001351119061e-01,-1.585112524419688557e-02,-2.280590174928043973e-02,-1.759870392629718505e-02
-2.598594795315287143e-01,4.228506118638582917e-02,7.369151379298786164e-01,1.980266150044917572e-01,-8.749182131666119466e-02,-1.617132411081046162e-01,9.627977298492486069e-01,-1.450051907405619289e+00,6.688888409222317755e-01,5.295352918794573455e-02,1.359428038740482014e+00,3.270264394047661116e-01,-2.679206138526934317e-02,-7.067241323714362755e-01,-7.962150319341539939e-01,-1.215237838228102052e-01,8.374518298313727849e-01,-7.686281513646214814e-01,5.223989280240139144e-02,7.917695864619065382e-01,-3.556638276385780117e-01,-1.615276517388536670e-01,9.927061247264715727e-01,4.337831435913137024e-01,-7.508833583972311654e-02,7.570969121521580192e-01,1.117812150392586551e-02,4.936993027517564553e-02,8.692553631902830841e-03,1.013008315113237856e+00,-6.600045526766352699e-01,-1.518240222069844846e-02,3.965804323089273109e-01,-1.567760475095210035e-02,-2.038598667207310033e-02,-1.834702744225144913e-02
-2.637109411532118086e-01,4.212687909572189471e-02,7.430377846951627951e-01,1.918700559658627902e-01,-1.118254626839381427e-01,-1.470637085348985018e-01,9.638740649852245435e-01,-1.472199575577048503e+00,6.597496964106510653e-01,5.474630767067818760e-02,1.326634638378801467e+00,3.201178056781738834e-01,-2.423376946133734555e-02,-6.730660257297580440e-01,-7.682320756250422544e-01,-2.699361265471111881e-02,8.256379843176383515e-01,-7.278685424637783008e-01,6.381661165642125988e-02,7.687739456864670640e-01,-3.272017884974274260e-01,-1.363073800324955953e-01,9.449912953306367491e-01,4.460841638082049254e-01,-6.670524469124275435e-02,7.376135781247596945e-01,1.074085418895739767e-02,4.493708473793629060e-02,9.104792578725522806e-03,9.896332371367675407e-01,-6.495491453159714101e-01,-1.743887076831586447e-02,4.032800639665869991e-01,-1.541830999902017198e-02,-1.783044670488865766e-02,-1.911498594310710036e-02
-2.676037215045398154e-01,4.213567918032778276e-02,7.486554167286193495e-01,1.851391012048217155e-01,-1.363142730142054282e-01,-1.320774060056978394e-01,9.642082197328977200e-01,-1.495446623077397730e+00,6.467845323752571263e-01,6.165612880236337467e-02,1.294988315086371022e+00,3.124560462121090954e-01,-2.143929905941488467e-02,-6.339342368634708347e-01,-7.379450984597278884e-01,6.454730279842807450e-02,8.149458581892758957e-01,-6.889127764488883754e-01,7.599836134953615041e-02,7.458929104711372604e-01,-2.976085677156279363e-01,-1.090069473977743342e-01,8.946861622350349430e-01,4.584818241655534976e-01,-5.790305858929267746e-02,7.152022362368036790e-01,1.022484179241462364e-02,3.966196976774055694e-02,9.596041676647780808e-03,9.663403224263006353e-01,-6.390136969449887738e-01,-1.889511597477198934e-02,4.094189066082196682e-01,-1.512998032652315521e-02,-1.524944422859181824e-02,-1.979172053710631998e-02
-2.714175503787702448e-01,4.232274607434065999e-02,7.536863200625258941e-01,1.780376003343199787e-01,-1.601297333406251078e-01,-1.172857933386057955e-01,9.637972421875824480e-01,-1.519773031247707351e+00,6.304597315382134415e-01,7.297181615773344621e-02,1.264081432295425023e+00,3.041888275249140516e-01,-1.812256161965724449e-02,-5.941502780940284278e-01,-7.063388949684253904e-01,1.541795243014771333e-01,8.097793721502418718e-01,-6.557519266158148286e-01,8.459345487016892151e-02,7.235033199391638359e-01,-2.677877501406469851e-01,-8.174143583283430270e-02,8.427664587246723737e-01,4.708078231041312733e-01,-4.881812870326423387e-02,6.895791299208747782e-01,9.599563644293951717e-03,3.400139191263026189e-02,1.008722410693585828e-02,9.429927183983521921e-01,-6.289358781307554658e-01,-1.943534603203004793e-02,4.148280127176912080e-01,-1.484347941387676763e-02,-1.265459448916735237e-02,-2.006779526166167435e-02
-2.750614676509875456e-01,4.270569618921653265e-02,7.581767478929980486e-01,1.705035147054795031e-01,-1.830434128900160773e-01,-1.030266939452135488e-01,9.627092815618695232e-01,-1.545449069678836329e+00,6.117990242864458361e-01,8.822018095639229396e-02,1.234380963651600993e+00,2.958368052451862407e-01,-1.475938356280937815e-02,-5.545399679172863250e-01,-6.744776778583682075e-01,2.388713772106177413e-01,8.084368813090718753e-01,-6.267087596136584615e-01,9.120724867848949147e-02,7.019920805349886272e-01,-2.377357701970502779e-01,-5.553197790438794273e-02,7.893240331812001465e-01,4.829621882171640235e-01,-3.988226916153469331e-02,6.618425758835662087e-01,8.950968621201378650e-03,2.788298172400800051e-02,1.061851522579419609e-02,9.198609244914565108e-01,-6.194599549904952207e-01,-1.903677170543437158e-02,4.195762172113717825e-01,-1.458205708150382349e-02,-1.014728805208049353e-02,-2.004945269373583153e-02
-2.784641316939622802e-01,4.332245274460187756e-02,7.621380110041015010e-01,1.628128525350681366e-01,-2.040383077635544717e-01,-9.010979321953437038e-02,9.611142331587386733e-01,-1.573377164338331857e+00,5.916876239855212161e-01,1.056568545234017470e-01,1.205721594169265165e+00,2.863796020470487091e-01,-1.122657957957507238e-02,-5.229998921539550372e-01,-6.440068517076869004e-01,3.135918121438992512e-01,8.160570886572529048e-01,-6.008621400094329434e-01,9.605560762715266432e-02,6.825964748462360898e-01,-2.086763802989065886e-01,-3.273914393869924166e-02,7.349852999019081956e-01,4.945735677646448947e-01,-3.092329263704093195e-02,6.326224860876332734e-01,8.290002020771325073e-03,2.179557398382363578e-02,1.128894680719443565e-02,8.966944225930087997e-01,-6.111912053143914170e-01,-1.794756619347630602e-02,4.240911502254242627e-01,-1.437522466806797489e-02,-7.360621147379735503e-03,-1.969446905243893431e-02
-2.816411924341066242e-01,4.419723429982479190e-02,7.656042134955785006e-01,1.548478880873163377e-01,-2.235037939034012489e-01,-7.883407195047306693e-02,9.590898679296897544e-01,-1.602958334698085352e+00,5.708063988267760847e-01,1.245145948098424493e-01,1.178375919870388033e+00,2.766179154531109852e-01,-7.776234953581327540e-03,-4.990874037681095055e-01,-6.148108196685031501e-01,3.776733658726931786e-01,8.288752051966853385e-01,-5.776264144124640953e-01,1.000393091198853307e-01,6.656799553456329566e-01,-1.795555822345351604e-01,-1.303540568613767089e-02,6.793707235974165703e-01,5.050636760143006887e-01,-2.227391947650905063e-02,6.030163337829992365e-01,7.664465699724942564e-03,1.564580311146969785e-02,1.207477547958136707e-02,8.732611605615205885e-01,-6.043218902027032158e-01,-1.632033824359405139e-02,4.285324943592833113e-01,-1.421416413481218187e-02,-4.466056310197120092e-03,-1.911712279846736542e-02
-2.845567697932852025e-01,4.531567980801410461e-02,7.684876038736129233e-01,1.467599957484539419e-01,-2.407102277908615418e-01,-6.977787692091140526e-02,9.568966181240237123e-01,-1.635793895640463180e+00,5.501346470326297089e-01,1.428066197765207879e-01,1.152013299793612555e+00,2.661207346588239098e-01,-4.267767974390763823e-03,-4.911205029944067935e-01,-5.883762644680279319e-01,4.250586602715479834e-01,8.544192903143452700e-01,-5.562938433440035579e-01,1.027765686926975924e-01,6.515015552043682545e-01,-1.512704862607106571e-01,2.083621549550742497e-03,6.237905645740989824e-01,5.138978073672381131e-01,-1.402059876328945638e-02,5.727190695987550706e-01,7.002765225291211239e-03,9.347310981577825265e-03,1.275366811748643650e-02,8.485971112291131879e-01,-5.998696330337059957e-01,-1.489930591900686177e-02,4.337860746751497909e-01,-1.440622029616805619e-02,-5.292643618041246306e-04,-1.910241519437136382e-02
-2.872784444706786289e-01,4.666928260093974878e-02,7.708159078212643012e-01,1.384659312675527720e-01,-2.566163371452630515e-01,-6.305353810184273489e-02,9.544629341787954635e-01,-1.670075595404467261e+00,5.298715260695792129e-01,1.602291545608300338e-01,1.126871644089169733e+00,2.555292985234447478e-01,-8.540725124256401055e-04,-4.956832668469827730e-01,-5.635972656870329445e-01,4.576699085097629127e-01,8.870225564846749844e-01,-5.366135964005035452e-01,1.050280318336322821e-01,6.400697185324443206e-01,-1.223013647237348456e-01,1.441528586786114223e-02,5.677408034432149808e-01,5.205670183798433159e-01,-6.232522276936328792e-03,5.426133035791341763e-01,6.356565387872631367e-03,2.947976424240800197e-03,1.343014074711021931e-02,8.221760344031358025e-01,-5.978984843369337110e-01,-1.388604557741777643e-02,4.398411699152773302e-01,-1.476013428575873553e-02,3.993904915095850168e-03,-1.935495555297299386e-02
-2.896968332779159550e-01,4.817869956576294188e-02,7.725115401366199341e-01,1.301872062242824535e-01,-2.710200064379797436e-01,-5.905151173413263066e-02,9.518993467839892419e-01,-1.706880305861919744e+00,5.114531475808574701e-01,1.749027988108186604e-01,1.103503556075267955e+00,2.438290779152394450e-01,2.613348821467241165e-03,-5.174211255419356448e-01,-5.408598808085212095e-01,4.733362417318086601e-01,9.334604477457315586e-01,-5.187390475032329640e-01,1.067452889018841167e-01,6.308272501667105958e-01,-9.336972856399977649e-02,2.342066148113574470e-02,5.129841111678888899e-01,5.250733737659873945e-01,1.443693505473736885e-03,5.119940117718861927e-01,5.598544234309778614e-03,-3.596301889269152771e-03,1.415611078920133055e-02,7.931006631476945623e-01,-5.994940415807163969e-01,-1.336266994506347949e-02,4.476980588952136353e-01,-1.533684865739695820e-02,9.903094584717426693e-03,-2.000691832377483187e-02
-2.918525262475174520e-01,4.980307074701346287e-02,7.736193578437794427e-01,1.219400943095929890e-01,-2.849820102024965274e-01,-5.749319663310753503e-02,9.490049523588466318e-01,-1.743920746800988741e+00,4.943107883912489231e-01,1.872405032032684324e-01,1.081929111628319617e+00,2.319565560677208371e-01,6.000288117826956848e-03,-5.505888072672000533e-01,-5.194081529482585946e-01,4.752539330804638751e-01,9.875230295734386265e-01,-5.020500645615391111e-01,1.082816501102436130e-01,6.232481991531162446e-01,-6.341061699668734675e-02,3.140679391262767017e-02,4.589827320901598284e-01,5.276801576460443677e-01,8.988453395549374919e-03,4.815847538234936942e-01,4.808549436081819596e-03,-1.020066670213360532e-02,1.496238799208834958e-02,7.611052018866097946e-01,-6.041331892675538828e-01,-1.362282675318401276e-02,4.570752482464415234e-01,-1.599990887881515278e-02,1.659747235147017441e-02,-2.084234688975310917e-02
-2.935889801625224393e-01,5.144037651185197346e-02,7.741116579733221537e-01,1.140958555565946830e-01,-2.983496099725271855e-01,-5.869595146037106387e-02,9.457930171322950219e-01,-1.782059220299413216e+00,4.806391122092260049e-01,1.964188839008832732e-01,1.062438162409974574e+00,2.178510790340474623e-01,8.961649570391611030e-03,-5.969467926193281482e-01,-4.991975007794032804e-01,4.642729890899023326e-01,1.053029049538289907e+00,-4.856825292826893459e-01,1.088860242772931031e-01,6.163400711618272076e-01,-3.338659560746735921e-02,3.797853024184807275e-02,4.077190441252785402e-01,5.291643832447767704e-01,1.685288569885927401e-02,4.504337279542108829e-01,3.991421999985677802e-03,-1.692597788202450035e-02,1.567972322762876958e-02,7.251443771366625768e-01,-6.124085630611209030e-01,-1.463099120610310971e-02,4.675401162046641246e-01,-1.681629479255595389e-02,2.359224180249973671e-02,-2.179455254497979222e-02
-2.949096233965350367e-01,5.305570359231379096e-02,7.740609462836791632e-01,1.066519589426986464e-01,-3.119891873278343164e-01,-6.206877598445739719e-02,9.420379895163422113e-01,-1.819312249584448482e+00,4.691358868611686384e-01,2.030424337580839511e-01,1.044864995327898338e+00,2.031484507135874473e-01,1.163449795658099729e-02,-6.504134769819690520e-01,-4.801386742081303893e-01,4.430419448798416648e-01,1.124489396407168273e+00,-4.694753560878829335e-01,1.091404071364482642e-01,6.093213050580786883e-01,-2.684299141102693131e-03,4.510136569580247556e-02,3.582906518910327631e-01,5.303443990276310860e-01,2.490751230019729728e-02,4.194842000123426562e-01,3.184480522032704340e-03,-2.365044675956860104e-02,1.637459239011691825e-02,6.853982603832936560e-01,-6.232238251653766659e-01,-1.670301987761135809e-02,4.788122144741899788e-01,-1.767312957947624399e-02,3.064524424431540328e-02,-2.282323052719334791e-02
-2.956662156459939350e-01,5.460466576870516564e-02,7.734900629914426284e-01,9.984703916423341707e-02,-3.257437475961298401e-01,-6.776803530859565328e-02,9.377254785184074848e-01,-1.856867758590578399e+00,4.607739268571937608e-01,2.058613538722006142e-01,1.029987321145474199e+00,1.873643180180297185e-01,1.477753336135822007e-02,-7.112082223851364793e-01,-4.623471747164571433e-01,4.119139287541651595e-01,1.203189242228914768e+00,-4.529648209269906967e-01,1.085155210986835511e-01,6.016083776528058369e-01,2.803213781394450418e-02,5.237949620609368140e-02,3.118374203436682368e-01,5.321124062602401450e-01,3.375248132010187641e-02,3.888711433588760147e-01,2.086247856624067094e-03,-3.013356889608770697e-02,1.697175222966285091e-02,6.410314215840988705e-01,-6.366158848669745129e-01,-1.989315348595697974e-02,4.901644671400982034e-01,-1.855341839767421161e-02,3.729098846487104157e-02,-2.442855183578912862e-02
-2.958560403598657906e-01,5.606478153298063288e-02,7.724877194999527630e-01,9.368967580563464237e-02,-3.401493672775051103e-01,-7.520168720106078231e-02,9.326657272733143156e-01,-1.893236848905873737e+00,4.544019882025118751e-01,2.057124926333749881e-01,1.017326676153930354e+00,1.716957714726465023e-01,1.804352419538907820e-02,-7.746843665534878243e-01,-4.458938760797671041e-01,3.727388873624446486e-01,1.284892549361373870e+00,-4.362255002928098757e-01,1.076556447334267308e-01,5.926663542938374052e-01,5.895032404976583568e-02,6.113185856194434942e-02,2.672621214169391690e-01,5.352394403912760223e-01,4.308499453614205582e-02,3.595894595561315854e-01,8.973379316509651465e-04,-3.629762396680590725e-02,1.751246111482985743e-02,5.924551015648050756e-01,-6.512417848915841301e-01,-2.441084698954745780e-02,5.014576318881087680e-01,-1.940424287092761338e-02,4.348585064447110793e-02,-2.637148343470035322e-02
-2.953277935262075271e-01,5.740934758935249682e-02,7.711210461140833861e-01,8.859820735017180648e-02,-3.548314707352630548e-01,-8.435439369884922822e-02,9.268922921752473787e-01,-1.929727125408632782e+00,4.506922890503402557e-01,2.018886879502826970e-01,1.007753466884195204e+00,1.556485277599953809e-01,2.017476384919664537e-02,-8.420217667131975059e-01,-4.321133114162063471e-01,3.248444403536855374e-01,1.370241248406786294e+00,-4.190068170079321863e-01,1.064945281916333392e-01,5.827472872398590242e-01,8.879791797161229461e-02,7.071952033348632982e-02,2.249481805417060665e-01,5.406740403574750164e-01,5.309923890723577955e-02,3.325943023791915754e-01,-2.600357587800507676e-04,-4.182877356729935298e-02,1.806369944136400341e-02,5.394020609012127876e-01,-6.660470990804905345e-01,-2.944970240396499114e-02,5.127030632818816436e-01,-2.000172136942111184e-02,4.915916925713391394e-02,-2.817278291510101618e-02
-2.941008851794520429e-01,5.863508541077280117e-02,7.694765792790603243e-01,8.452413979365834551e-02,-3.701307637570944165e-01,-9.475506797462346364e-02,9.202610306895837589e-01,-1.965235316132049714e+00,4.487899638398379354e-01,1.951573890713478310e-01,1.000503989295928875e+00,1.401348052133225830e-01,2.175860094764560035e-02,-9.097525720309657116e-01,-4.205560635368686961e-01,2.696331036474445830e-01,1.455971617229577575e+00,-4.014239053946865310e-01,1.054444626824312253e-01,5.715820053789039124e-01,1.177746329192751046e-01,8.193074336077198205e-02,1.839105606838133400e-01,5.485647096193143613e-01,6.346432480229466377e-02,3.086974355536107328e-01,-1.335424648681320667e-03,-4.669049637798785429e-02,1.856935226724892515e-02,4.825396964055678195e-01,-6.798894894947583589e-01,-3.517454169119691582e-02,5.236447406914020997e-01,-2.044626668182647142e-02,5.428852897172015829e-02,-2.994510200915605214e-02
-2.920946529730616970e-01,5.970920514548556934e-02,7.676687678685160110e-01,8.162478322121871632e-02,-3.857773283316924262e-01,-1.060596031892107466e-01,9.128332861375598739e-01,-2.000446529510353066e+00,4.487021262838410407e-01,1.857697087721017770e-01,9.957080277108373290e-01,1.246955663104797746e-01,2.321227021700248555e-02,-9.774156791622850005e-01,-4.124446706009850527e-01,2.057791976823949431e-01,1.540512116323786485e+00,-3.829432100309654863e-01,1.042261020146322131e-01,5.585466999068547933e-01,1.447785196270929831e-01,9.423023911023603594e-02,1.447829713278766528e-01,5.590779245363102223e-01,7.441329223418774452e-02,2.886025743075349981e-01,-2.541901619181797904e-03,-5.055059571936202506e-02,1.874251733768882502e-02,4.218578593558821588e-01,-6.918499889248623802e-01,-4.121312026074306495e-02,5.340084352822660474e-01,-2.081710893066817530e-02,5.849466278100325101e-02,-3.168254531861057488e-02
-2.893486873522421177e-01,6.063530565098823599e-02,7.657552639293915275e-01,7.999520240797435011e-02,-4.018908908376659928e-01,-1.179957293494470483e-01,9.045227953505123875e-01,-2.034687762431977909e+00,4.501530392062634278e-01,1.742894093159068625e-01,9.926330377076909572e-01,1.099679799732946883e-01,2.458984444969709859e-02,-1.043284998227469007e+00,-4.067567008931086692e-01,1.347148738554166947e-01,1.621789061736372384e+00,-3.639912052937414599e-01,1.032475117886659660e-01,5.440199606590225834e-01,1.696701568966701712e-01,1.080680429212413224e-01,1.066591705018704039e-01,5.719791656796145984e-01,8.541343729534763007e-02,2.727683643118887780e-01,-3.728216033505401053e-03,-5.345528675841032529e-02,1.866942614345107679e-02,3.584023143733565675e-01,-7.010742676348270530e-01,-4.770741018248890464e-02,5.433644869307628911e-01,-2.111423929038865402e-02,6.187408304009395926e-02,-3.347144737054066899e-02
-2.858601258587620819e-01,6.141049699558291664e-02,7.638325032712481866e-01,7.995426501529610819e-02,-4.182081994334022057e-01,-1.303183209745667481e-01,8.953917313952055590e-01,-2.068272204929756608e+00,4.531856946183838164e-01,1.608728420046073859e-01,9.913877228514925699e-01,9.572179277786276030e-02,2.592870763392116779e-02,-1.107353248513795130e+00,-4.037652789882035242e-01,5.588991160505986378e-02,1.697299636819228352e+00,-3.440141173957930731e-01,1.022132062755620602e-01,5.284364160214595207e-01,1.913416033440281938e-01,1.230349134472149830e-01,6.967094850241845050e-02,5.868415693741010353e-01,9.613020747099598751e-02,2.620477918996546585e-01,-4.795191225536864221e-03,-5.517034731685069998e-02,1.832722788075059894e-02,2.928582490711289510e-01,-7.066975995014601608e-01,-5.463361512747662296e-02,5.516095502994632360e-01,-2.128834026127217338e-02,6.419699912174997580e-02,-3.522062452020559287e-02
-2.816663420614498037e-01,6.203716609645987257e-02,7.619302839850179421e-01,8.168310584589762169e-02,-4.347789452794306175e-01,-1.426414642777555641e-01,8.854086918648190752e-01,-2.100566088450918745e+00,4.576132240098603754e-01,1.461478554346497538e-01,9.912848820058854926e-01,8.230862211416217766e-02,2.721948137275119473e-02,-1.169053570445843127e+00,-4.023821443768413331e-01,-2.924273772100392799e-02,1.765862326399565641e+00,-3.237983198314705047e-01,1.015069614395419095e-01,5.120751197360583484e-01,2.093002952333217759e-01,1.393674613458675826e-01,3.320895214836266235e-02,6.031568385592670500e-01,1.060872977627373287e-01,2.562292559339341969e-01,-5.721124937431721832e-03,-5.577401008717048497e-02,1.775086952744583599e-02,2.264889597071619853e-01,-7.084634898179337226e-01,-6.194694013764120988e-02,5.582820845013787281e-01,-2.135788313012218498e-02,6.562629649718094982e-02,-3.703143200835334881e-02
-2.767868387196577018e-01,6.252341388105668585e-02,7.600984869082549888e-01,8.560911929150682997e-02,-4.514418838027655090e-01,-1.543535384536335320e-01,8.746692457206806104e-01,-2.131352286244233785e+00,4.629941785204113036e-01,1.307720032793749654e-01,9.923193566599012305e-01,6.923458266455818910e-02,2.878083410615190144e-02,-1.229099674072181569e+00,-4.033076225992180408e-01,-1.200815041336574657e-01,1.825112977476046172e+00,-3.032424857546586194e-01,1.010198794082028811e-01,4.957040278197978322e-01,2.221215558836615589e-01,1.569553614335299774e-01,-3.252783069254971959e-03,6.205271322232587261e-01,1.146694382285147196e-01,2.555823788225631832e-01,-6.527602762211931996e-03,-5.530021808477014050e-02,1.659725569402405523e-02,1.606377092998740042e-01,-7.058512217377903575e-01,-6.962476040560841573e-02,5.634349891264376353e-01,-2.130810814091774544e-02,6.632993620037978821e-02,-3.865559767013219961e-02
-2.712356056229791590e-01,6.288014371621962473e-02,7.583667287153967873e-01,9.173340393497192435e-02,-4.682943125958197728e-01,-1.649626197242778647e-01,8.631759690159440668e-01,-2.159980818359568122e+00,4.690715734022707362e-01,1.152784404859937134e-01,9.940195585341699003e-01,5.686084763539248771e-02,3.040549254809394447e-02,-1.287427984008562509e+00,-4.052711399901492983e-01,-2.147824837017913158e-01,1.874539424281786326e+00,-2.832089672840581995e-01,1.009601403067852954e-01,4.792223218454085276e-01,2.295198343617479153e-01,1.756873059279625560e-01,-3.989287264455079751e-02,6.381742204702220977e-01,1.216333547578453411e-01,2.592750010357134371e-01,-7.195567379607392330e-03,-5.381603905538582394e-02,1.507032201380264363e-02,9.651213151328891238e-02,-6.994214820805410016e-01,-7.744526958008078610e-02,5.667943296424698962e-01,-2.115228627519235780e-02,6.640562361611772324e-02,-4.024621384146537945e-02
-2.650270088689850034e-01,6.313331800044838515e-02,7.568060669736290658e-01,1.001492119498492567e-01,-4.853432349171127314e-01,-1.738189970616348667e-01,8.509988460194894966e-01,-2.186349941333838309e+00,4.755390794274619859e-01,1.001926877265169324e-01,9.972783071501954977e-01,4.436076326965389394e-02,3.162500748394508204e-02,-1.344504760101916885e+00,-4.085509121965401613e-01,-3.117940430364982696e-01,1.911780100413179584e+00,-2.640872296221535298e-01,1.010242164860570280e-01,4.625870460400131612e-01,2.307727508692356821e-01,1.953903433831016279e-01,-7.669856842482222770e-02,6.550726246418315801e-01,1.267958811191627344e-01,2.668411067980127060e-01,-7.737242859311477955e-03,-5.120940686897710453e-02,1.316306028788974403e-02,3.516492310546074501e-02,-6.895165143695054510e-01,-8.468039303688586206e-02,5.686539466502025242e-01,-2.086484459183723938e-02,6.624394553053847279e-02,-4.167755683690152479e-02
-2.581524748438040473e-01,6.330338309514263462e-02,7.554745835674681054e-01,1.105498911157146297e-01,-5.027355116500247245e-01,-1.804143574370851155e-01,8.381446095578339861e-01,-2.209769436743794557e+00,4.819208590030751305e-01,8.605333819471522316e-02,1.001567836471063400e+00,3.237848041145043043e-02,3.260331123712340018e-02,-1.400534983355480989e+00,-4.120860490378342456e-01,-4.086617485312172837e-01,1.937209750082969695e+00,-2.465937288967773866e-01,1.013750489906790064e-01,4.454475246094665164e-01,2.260992283902716338e-01,2.156320286793135810e-01,-1.136500416928951096e-01,6.703811804462711521e-01,1.299874145683517224e-01,2.772868076705178875e-01,-8.153775286301647579e-03,-4.769569254506719064e-02,1.102772820674981745e-02,-2.239496954101629494e-02,-6.771168538192186004e-01,-9.158155022034160375e-02,5.687261032046777576e-01,-2.048849741202644903e-02,6.554074440114426858e-02,-4.330625316120143009e-02
-2.506256646108525055e-01,6.343687646596109231e-02,7.544625643893242417e-01,1.226566173357191147e-01,-5.205640443165205911e-01,-1.843448021059250763e-01,8.246122870325863774e-01,-2.230252257562056251e+00,4.878741273821840529e-01,7.308344922138403088e-02,1.007905092630620780e+00,2.041600310178147068e-02,3.356200379269172474e-02,-1.455891504861510422e+00,-4.154224342403900483e-01,-5.028318825166481210e-01,1.949298308076447883e+00,-2.309817440025132285e-01,1.016542486464957623e-01,4.277007084856582209e-01,2.157819677543280634e-01,2.360858457401180666e-01,-1.505461780224704726e-01,6.828595447521101924e-01,1.314325943455468271e-01,2.898524399950763719e-01,-8.495847151580030593e-03,-4.339039288227353880e-02,8.945308915967332269e-03,-7.561855390330281257e-02,-6.631658927670353032e-01,-9.834338660968763857e-02,5.670729430151503214e-01,-1.997721707783899417e-02,6.372226661521322721e-02,-4.543761531345447829e-02
-2.424358810732489822e-01,6.356334691854625962e-02,7.538767523019227479e-01,1.358359206408694675e-01,-5.389958537679320205e-01,-1.852992626243535612e-01,8.103679754009872616e-01,-2.247227799544901039e+00,4.927684432254066937e-01,6.177385503133935724e-02,1.015709334247195450e+00,9.124144703402571263e-03,3.446516759800695440e-02,-1.510700958118442294e+00,-4.180979280362364658e-01,-5.918108550268674772e-01,1.949577238550922464e+00,-2.178141274432880969e-01,1.019766847404870030e-01,4.089191451790880061e-01,2.007974586001915751e-01,2.561320772697772696e-01,-1.871659743416468624e-01,6.916428223709646383e-01,1.310015669698005591e-01,3.036596924573526368e-01,-8.760656600093334745e-03,-3.853132624383967531e-02,6.909063254056265618e-03,-1.240005025851660808e-01,-6.489129138849555334e-01,-1.051879190879465159e-01,5.634792212051297211e-01,-1.946692577136256361e-02,6.094053649025581859e-02,-4.806267840142496028e-02
-2.336162421587463511e-01,6.371114807475392050e-02,7.538370021704277057e-01,1.495778634484921932e-01,-5.582463284564509465e-01,-1.831194363639845335e-01,7.952702506423913187e-01,-2.260518628205314240e+00,4.964305052616521663e-01,5.254440778678309831e-02,1.025545664035655724e+00,-1.721865240343413081e-03,3.517186881865357745e-02,-1.565110489751210698e+00,-4.199389244373868402e-01,-6.723275668744235212e-01,1.938454621659700061e+00,-2.074761727397926303e-01,1.018740802917690036e-01,3.892238887975216777e-01,1.820360709655639841e-01,2.756698520059921442e-01,-2.233863441710415287e-01,6.956730686480662174e-01,1.285776137232943761e-01,3.174610358790121989e-01,-8.918402322285938141e-03,-3.252927722384783144e-02,5.335153537391008893e-03,-1.673889793824818728e-01,-6.348503719998278561e-01,-1.125331080010677082e-01,5.582806318008639579e-01,-1.907871719370098085e-02,5.731999007375710581e-02,-5.069938555406192787e-02
-2.241916514614297473e-01,6.391748914888319144e-02,7.544896084917516177e-01,1.630881159543569880e-01,-5.783946425926356216e-01,-1.779851628327239199e-01,7.792196004118497887e-01,-2.270141655420454541e+00,4.983259736272110385e-01,4.535461488241281092e-02,1.036895869936082182e+00,-1.165200388301961681e-02,3.576340333988049791e-02,-1.618887671167962061e+00,-4.209500535394994358e-01,-7.431765260671211459e-01,1.918423498405498639e+00,-1.999966579167213043e-01,1.015295382189690815e-01,3.684739757857276587e-01,1.612389811127714068e-01,2.940347277477534660e-01,-2.586554979788524000e-01,6.940512071388263982e-01,1.242408113632269689e-01,3.308241921525346130e-01,-9.007679722305771824e-03,-2.603937316066769203e-02,4.031569608170321867e-03,-2.058183783220000340e-01,-6.223544377441216913e-01,-1.201368171995564060e-01,5.517600501228822063e-01,-1.871821866949641491e-02,5.372868347774770181e-02,-5.221246246089682186e-02
-2.142452634737448958e-01,6.421747210489027469e-02,7.559668853668685129e-01,1.757129339932226864e-01,-5.996063713099135661e-01,-1.703069894071306545e-01,7.619663336861607350e-01,-2.276255174260997105e+00,4.982870437001057362e-01,4.014656628426964413e-02,1.050118647931861382e+00,-2.123831954706080147e-02,3.655929692985401130e-02,-1.671562510449366545e+00,-4.207276549823295020e-01,-8.023784549314755266e-01,1.891141758031646525e+00,-1.953765767700237632e-01,1.008587527058794203e-01,3.470250888056602978e-01,1.401916544491883243e-01,3.112930038840223679e-01,-2.923950815875723253e-01,6.857322157006120467e-01,1.185214094278254360e-01,3.429869647307869363e-01,-9.128300176884389730e-03,-1.891346505542839534e-02,2.763602229209217997e-03,-2.394002945443327035e-01,-6.123888208092210794e-01,-1.279440254960242940e-01,5.446898139392459814e-01,-1.830779385071767615e-02,5.038776602385992148e-02,-5.191163219735461798e-02
-2.038665818621807901e-01,6.462216710708440504e-02,7.584064736472376778e-01,1.868196522125863956e-01,-6.218183555115930350e-01,-1.606305315225292907e-01,7.433963832564797203e-01,-2.279356241867064536e+00,4.961397066290359481e-01,3.659755867503317051e-02,1.064639771232040566e+00,-2.998387049711818964e-02,3.743244332948490738e-02,-1.722642661292402178e+00,-4.197097130685371047e-01,-8.503732772795279393e-01,1.859472598937046195e+00,-1.933015443669813815e-01,9.995688834081202512e-02,3.250483432000429995e-01,1.206207562506989572e-01,3.270206705299008587e-01,-3.238908235930329504e-01,6.703115057095104801e-01,1.114296610286056866e-01,3.538433517658947647e-01,-9.273447341935804958e-03,-1.174625021515067827e-02,1.598605495917162491e-03,-2.682004238962443221e-01,-6.057720493534489714e-01,-1.355310185840442327e-01,5.378821572056665667e-01,-1.782538165919803075e-02,4.789652014251038342e-02,-5.054529694603157597e-02
-1.932145207039303592e-01,6.509873866388903030e-02,7.618786017878830252e-01,1.960135580956710033e-01,-6.449521723524732630e-01,-1.495316460489513610e-01,7.233641318522716634e-01,-2.279514496181058725e+00,4.919538407429230875e-01,3.483098309108051405e-02,1.079033834516723189e+00,-3.835386918485045316e-02,3.923446257954805311e-02,-1.771508170673493643e+00,-4.174884147317767247e-01,-8.868477149005559168e-01,1.824584353582920926e+00,-1.934518728591366477e-01,9.896061986844066627e-02,3.030116185874757728e-01,1.035762129474503135e-01,3.413003785864645589e-01,-3.522364697421718205e-01,6.479519314646332573e-01,1.035449836147209202e-01,3.632918572854492711e-01,-9.477372480282190287e-03,-5.055982067783600445e-03,2.073054923716962251e-04,-2.914801728180611562e-01,-6.033715465271719536e-01,-1.409246000696693923e-01,5.319301327256772405e-01,-1.710710649611303300e-02,4.650568728437750460e-02,-4.889432916663172951e-02
-1.824305642213583378e-01,6.562654372802145808e-02,7.664706128302686272e-01,2.030134169342884820e-01,-6.688165637642999872e-01,-1.376949082020408055e-01,7.017906160917296576e-01,-2.277593604338523647e+00,4.859784854897915007e-01,3.417237834431641891e-02,1.093183401376212283e+00,-4.603798947060062929e-02,4.140626559851669219e-02,-1.817514216046542730e+00,-4.147987706909595507e-01,-9.134280717832456986e-01,1.789156120866507882e+00,-1.953722398510916169e-01,9.784497384097168293e-02,2.813488574179426327e-01,9.021505959480875803e-02,3.538878603428851632e-01,-3.768259758264869141e-01,6.189225985614770220e-01,9.471026393649190078e-02,3.713278611923113148e-01,-9.735954261001572574e-03,1.068964744903714605e-03,-1.215086335030888870e-03,-3.090947338221305962e-01,-6.051381638859043566e-01,-1.437510209631547853e-01,5.273108831323384260e-01,-1.629552260100521760e-02,4.579747124275574538e-02,-4.750774821800181347e-02
-1.716865238250157577e-01,6.618016080803085233e-02,7.721816386016638889e-01,2.077972791194661606e-01,-6.932123431988919116e-01,-1.257416882012886150e-01,6.785764259650769459e-01,-2.274171587375361181e+00,4.787973005626761092e-01,3.441883904035756420e-02,1.106735398269266257e+00,-5.365582430029250394e-02,4.405704582864912455e-02,-1.860603393306598630e+00,-4.114949473908108279e-01,-9.305586845691803388e-01,1.754201985254558505e+00,-1.985019953543860072e-01,9.637184927497972897e-02,2.605682831014743961e-01,8.119614241919749509e-02,3.650965294296433794e-01,-3.971074915846154463e-01,5.838527697329095600e-01,8.496451275286810711e-02,3.778951777377476673e-01,-1.006727339969365996e-02,6.697179935919485294e-03,-2.760548380610228919e-03,-3.213626516178469394e-01,-6.103673450444169202e-01,-1.451136020658475578e-01,5.244183986589349145e-01,-1.551986786190508172e-02,4.539479796402130091e-02,-4.597689825616588927e-02
-1.611368138510844428e-01,6.673215545079763666e-02,7.790183786663923415e-01,2.104157910599540604e-01,-7.178464477596614435e-01,-1.142954806586215510e-01,6.537264071555189959e-01,-2.269935014720892319e+00,4.702020296111332209e-01,3.426410108997771098e-02,1.119338681197919350e+00,-6.089056996628560564e-02,4.685843115717105989e-02,-1.900569494645370838e+00,-4.080780364010829775e-01,-9.399653521088611186e-01,1.721571181296562614e+00,-2.024549189718964082e-01,9.471227730522670252e-02,2.411673191296668239e-01,7.711195966590585205e-02,3.747956111890782260e-01,-4.125416783825092137e-01,5.442048563096049119e-01,7.547799414962627629e-02,3.846084763998109390e-01,-1.050233111932984131e-02,1.076470558905252319e-02,-5.228978283683804323e-03,-3.287192233374849892e-01,-6.182872721039661679e-01,-1.458478434572134108e-01,5.237052499691673413e-01,-1.486953973514887860e-02,4.506013618509578655e-02,-4.452597554835929089e-02
-1.509354890941986271e-01,6.723605922694879389e-02,7.869329361285978264e-01,2.110949702334959932e-01,-7.425451395701673230e-01,-1.037960574912513423e-01,6.271299767130513736e-01,-2.264767629006727567e+00,4.600831228424439034e-01,3.273284880400299801e-02,1.131092882439267866e+00,-6.868473362608173982e-02,4.969406970162387749e-02,-1.937645787752532822e+00,-4.044603082831418894e-01,-9.421452231209669348e-01,1.692065326963675176e+00,-2.069317524164701882e-01,9.228074232207750249e-02,2.236086691982839825e-01,7.805776063685108956e-02,3.833675416916410561e-01,-4.219978273429048632e-01,5.030728668122633751e-01,6.605671432501922236e-02,3.913781271306664977e-01,-1.120168059371492476e-02,1.275678562229705208e-02,-9.290140539359538485e-03,-3.314437249328034962e-01,-6.278440258138324737e-01,-1.466691791972962733e-01,5.253396953951373627e-01,-1.432400575963660612e-02,4.478545279659237877e-02,-4.323656144962682857e-02
-1.412473703060841967e-01,6.766105189578916490e-02,7.958793459452028207e-01,2.100674766074656918e-01,-7.669654246189249180e-01,-9.465991138044692332e-02,5.988949773443831281e-01,-2.259513706886878914e+00,4.491060529567144077e-01,2.968669545397504411e-02,1.142032537372745349e+00,-7.635532469434194724e-02,5.248498036599328481e-02,-1.971706732969626286e+00,-4.011524668593277054e-01,-9.389178639926226699e-01,1.666640431259438282e+00,-2.116006298565190902e-01,8.953077745213257332e-02,2.081965295327646293e-01,8.413879289939606154e-02,3.904695518583343183e-01,-4.257246406657870796e-01,4.610269141758626676e-01,5.668275857947264323e-02,3.984295033781206641e-01,-1.203564761123290978e-02,1.247253170007867583e-02,-1.404760673453296291e-02,-3.299863096167744980e-01,-6.380774019674733122e-01,-1.478945835570870393e-01,5.293459559693776129e-01,-1.392653065745152151e-02,4.484926310449592612e-02,-4.232496061625678346e-02
-1.322304755328166659e-01,6.796369309335953401e-02,8.057532392252654274e-01,2.077005801351759495e-01,-7.908872106528670454e-01,-8.695881247649088486e-02,5.690308023032818463e-01,-2.254101207575970545e+00,4.379376154231993112e-01,2.543692528789417290e-02,1.152370309379233460e+00,-8.442441874804630653e-02,5.488652523421315432e-02,-2.002970889113330877e+00,-3.977066146580838235e-01,-9.306469465431281840e-01,1.644874533689854923e+00,-2.161296466455197851e-01,8.627754133084147847e-02,1.949722508974698065e-01,9.469371683431045128e-02,3.960249408053909126e-01,-4.243393047332907342e-01,4.183139852277156234e-01,4.796968138939781967e-02,4.066803961055841521e-01,-1.292590249823847084e-02,1.105298834055701805e-02,-1.876425801512782501e-02,-3.242153810600512109e-01,-6.485687861107385377e-01,-1.493517825821230049e-01,5.352981027719999618e-01,-1.355693622412509208e-02,4.521960475881590946e-02,-4.156742050902308833e-02
-1.240246810687017781e-01,6.811924107761124780e-02,8.164624456001166042e-01,2.042711537620180151e-01,-8.140052756266796807e-01,-8.087178773302781953e-02,5.377066681207611776e-01,-2.249136517690858206e+00,4.269566094890283048e-01,1.980320182666795575e-02,1.162064888576837651e+00,-9.227490952409486691e-02,5.702690999433239483e-02,-2.031376168887389699e+00,-3.944438471371156107e-01,-9.188621473155270669e-01,1.627150536133433301e+00,-2.204683511337508228e-01,8.287772925431229065e-02,1.838835268903921683e-01,1.093911940909680636e-01,3.996647160386225806e-01,-4.178823153641849641e-01,3.760883520594027196e-01,3.924636797830670376e-02,4.160585491652059598e-01,-1.385640882743716974e-02,7.699375134659245182e-03,-2.369909500496821669e-02,-3.144721314313815297e-01,-6.588437349800206899e-01,-1.509898915101542116e-01,5.431933085573628084e-01,-1.322636751320708376e-02,4.597104921317657356e-02,-4.092541454821960883e-02
-1.167484493090764214e-01,6.807612883962708972e-02,8.278601343389602185e-01,2.001040206956100076e-01,-8.361047079255490289e-01,-7.628142887588644505e-02,5.050430099455248678e-01,-2.244440356250756441e+00,4.164702618670981238e-01,1.308909832290585523e-02,1.170889550762472364e+00,-1.005717608035159583e-01,5.910830957426439075e-02,-2.057133077433913826e+00,-3.906727975825631805e-01,-9.039954491936603720e-01,1.612590915881396691e+00,-2.249139112675579977e-01,7.908413560363991568e-02,1.745487971777316127e-01,1.271989161822409398e-01,4.011432340558888643e-01,-4.067085008499090049e-01,3.354294300097083181e-01,3.042514143321294745e-02,4.268110607112097221e-01,-1.477469680801498687e-02,2.818807418129106422e-03,-2.873511835481738774e-02,-3.008984972867481122e-01,-6.681858931951306646e-01,-1.528029109270581942e-01,5.529779192217721961e-01,-1.291368232517613526e-02,4.712373727402002083e-02,-4.037165402631066186e-02
-1.105104299680524649e-01,6.782091227700817737e-02,8.398178405176414119e-01,1.954499802915775075e-01,-8.569784480458865206e-01,-7.319301599403454928e-02,4.712006230880663171e-01,-2.240393859351903938e+00,4.067013056874249632e-01,5.284238669751493110e-03,1.178951051204670586e+00,-1.086846463350914505e-01,6.109350628052916121e-02,-2.080216625800217933e+00,-3.866990078448454549e-01,-8.871698420927648376e-01,1.601403804852729040e+00,-2.292466333968408709e-01,7.522962579798819771e-02,1.668100514175087368e-01,1.475892352790231787e-01,4.002883885639806905e-01,-3.912145829613885017e-01,2.970923304049015723e-01,2.144009518266571518e-02,4.393794087763099876e-01,-1.564370888155056441e-02,-3.538542817718683120e-03,-3.356316514532588224e-02,-2.838918897313568168e-01,-6.762602426026546043e-01,-1.546410324650494827e-01,5.645524770549836813e-01,-1.262335249913656976e-02,4.870995221984310980e-02,-3.990187993616058776e-02
-1.053808251169119498e-01,6.732117746200599884e-02,8.521386616749309084e-01,1.904752024845998426e-01,-8.765203286652160086e-01,-7.125833448618751342e-02,4.362952674982000789e-01,-2.236397084531548174e+00,3.975174916747566956e-01,-3.206988666565001138e-03,1.185646309330680159e+00,-1.173436073298664561e-01,6.276194732533547926e-02,-2.100793014070782672e+00,-3.819691604719939182e-01,-8.684461876794170587e-01,1.592267570002469768e+00,-2.339525729915795382e-01,7.137299058670322494e-02,1.598316700288699432e-01,1.692691833605084739e-01,3.971509875708021386e-01,-3.722886888452980880e-01,2.617579565925360341e-01,1.224152011346254024e-02,4.546264765366099803e-01,-1.650284157407943403e-02,-1.138878186977497660e-02,-3.795490491134972250e-02,-2.639130796841774873e-01,-6.823840124742682756e-01,-1.564240362009324814e-01,5.777508256846719537e-01,-1.233335161840837767e-02,5.062641556556683742e-02,-3.944532216687456766e-02
-1.014256390103529804e-01,6.657405811658698158e-02,8.646796683218812563e-01,1.853876156926858865e-01,-8.945958973961073424e-01,-7.040252455980265667e-02,4.004660994958746389e-01,-2.232748505019475527e+00,3.891501310281815784e-01,-1.233463437160644757e-02,1.191296884766444242e+00,-1.258935023906139483e-01,6.422226158371691085e-02,-2.118825815745708940e+00,-3.767297085664501610e-01,-8.486749044778137963e-01,1.585424008711769250e+00,-2.386648811147518701e-01,6.763855687478144418e-02,1.535241956320775314e-01,1.916406208436447767e-01,3.917532394589189892e-01,-3.504008254307446890e-01,2.296528308793237549e-01,3.047995281664675482e-03,4.726830509927622548e-01,-1.729384616640254960e-02,-2.037250921892579114e-02,-4.181400027726225183e-02,-2.413400552928277598e-01,-6.864290935403589700e-01,-1.579475692305246926e-01,5.923574365258684749e-01,-1.204647562418881615e-02,5.291378647128051199e-02,-3.902275795209923792e-02
-9.866078813593570640e-02,6.555901354891663368e-02,8.772539513962327451e-01,1.802352109610119435e-01,-9.111143483503735263e-01,-7.016285828379734135e-02,3.639547860344198860e-01,-2.229067368543356409e+00,3.813519207218684648e-01,-2.153643813045811456e-02,1.195562324704838142e+00,-1.357683197204164194e-01,6.588180731455482719e-02,-2.134822629344204969e+00,-3.708320111487004023e-01,-8.279207716326285604e-01,1.579351053284521633e+00,-2.440150932351127233e-01,6.377807448022629333e-02,1.471151045044346295e-01,2.133160654696089342e-01,3.840860843255471946e-01,-3.261999443819680322e-01,2.013452069803974842e-01,-6.170098912983987618e-03,4.933370256158801648e-01,-1.808034155746699248e-02,-3.043779465068602308e-02,-4.559668927206107086e-02,-2.167065808758201761e-01,-6.877990518849592672e-01,-1.591188175309794228e-01,6.081282005460649787e-01,-1.175971873059774436e-02,5.555769645111326149e-02,-3.855457017032143385e-02
-9.710809689037049053e-02,6.428623725450546833e-02,8.897147098123966424e-01,1.751663222843101442e-01,-9.260217545186369970e-01,-7.047538742163260428e-02,3.268542327450938978e-01,-2.225517205178419111e+00,3.743479990413838832e-01,-3.081087225778379735e-02,1.198785886901622799e+00,-1.459237716474924285e-01,6.755804664621042899e-02,-2.148645641603863510e+00,-3.644679523244922503e-01,-8.068380383044815307e-01,1.574385213979210274e+00,-2.495002762901616100e-01,5.998719942812771877e-02,1.406845678240331021e-01,2.338752930114675055e-01,3.743959058552706054e-01,-3.001517440682434090e-01,1.766102217071973679e-01,-1.509287832745212499e-02,5.163220075007707299e-01,-1.880050080952770999e-02,-4.093869219438228679e-02,-4.904624235267029259e-02,-1.902957358499459684e-01,-6.866468061464146011e-01,-1.597545158362941309e-01,6.247780076260277538e-01,-1.146675861935526203e-02,5.854119785108073681e-02,-3.807769099947271030e-02
-9.672997338780026100e-02,6.275432605096760430e-02,9.018695799148395142e-01,1.702514797417258308e-01,-9.392997222592021078e-01,-7.088856320963894675e-02,2.893186427031799179e-01,-2.221390414182147666e+00,3.682166666762764495e-01,-3.961525658473862704e-02,1.200615168183079895e+00,-1.573605178590152254e-01,6.846328528400852376e-02,-2.160416827003596385e+00,-3.574642895252757580e-01,-7.855219620291540306e-01,1.568816396150194192e+00,-2.557532496857670146e-01,5.633398706335884104e-02,1.340083397165174606e-01,2.520903106953290007e-01,3.628611206119983779e-01,-2.728439833087412669e-01,1.555282164272348555e-01,-2.350456596481762667e-02,5.412381372986074801e-01,-1.940277722994745990e-02,-5.165046698617369036e-02,-5.252873718829970118e-02,-1.625511098845712210e-01,-6.827569341318368012e-01,-1.599349992146299193e-01,6.416790191987418179e-01,-1.109535903473709249e-02,6.175427870344514514e-02,-3.758764650809387486e-02
-9.750928341864074922e-02,6.098365910032664539e-02,9.135928324098139264e-01,1.655618028446740886e-01,-9.509286334419646547e-01,-7.138384176090084576e-02,2.514525217103072419e-01,-2.216790979879021073e+00,3.629603377204491110e-01,-4.815533875585243512e-02,1.201352178398338078e+00,-1.690703852840725052e-01,6.897026739626817282e-02,-2.170041668156775572e+00,-3.500832258516635709e-01,-7.644815480421424114e-01,1.563206592351152890e+00,-2.622174765260665841e-01,5.286832266813421000e-02,1.273216467498762272e-01,2.678745796495646814e-01,3.496347423823756295e-01,-2.443678269421160620e-01,1.379184740210809279e-01,-3.103177049853460961e-02,5.672837124985079527e-01,-1.986953247682599066e-02,-6.193819888988098821e-02,-5.596738609884484988e-02,-1.336040160976719737e-01,-6.764984511206404427e-01,-1.594938310347784050e-01,6.586290430124736028e-01,-1.067982116331844637e-02,6.514723780654399499e-02,-3.708939928036331102e-02
-9.936751730230340696e-02,5.898767397699524601e-02,9.247141366190452239e-01,1.609789842269747917e-01,-9.609420472225185250e-01,-7.164839433108109723e-02,2.134072541101244835e-01,-2.210637267272615780e+00,3.581745442046985750e-01,-5.602404708371417491e-02,1.199890350474100309e+00,-1.815216048916400149e-01,6.937138082116452165e-02,-2.177502276279313254e+00,-3.421782964805790139e-01,-7.435323078902789096e-01,1.556308534068755689e+00,-2.692176864210736320e-01,4.952844445400620549e-02,1.204033346203029903e-01,2.806519159538145569e-01,3.347072237088754010e-01,-2.148275477455764970e-01,1.240158560794612230e-01,-3.718465156166071012e-02,5.933706377915777264e-01,-2.014804222149113588e-02,-7.169304232270433397e-02,-5.981575062822413330e-02,-1.036451195767173622e-01,-6.680197762189706845e-01,-1.585460291186071291e-01,6.751163072981841706e-01,-1.022445424004878381e-02,6.862560358285503537e-02,-3.654592953515580639e-02
-1.022829852554145852e-01,5.679571329758651560e-02,9.351422227567988132e-01,1.565811627620747326e-01,-9.693044491499196447e-01,-7.189589594381583237e-02,1.753915746912670104e-01,-2.203068593959843557e+00,3.538941287004557235e-01,-6.357076947816517332e-02,1.196448533953845761e+00,-1.941800070718103233e-01,6.971236494074052603e-02,-2.182689141490094187e+00,-3.341276732793431736e-01,-7.234125518649807685e-01,1.548838489135162755e+00,-2.763415970460500470e-01,4.638200563418012207e-02,1.140438106192545042e-01,2.912115680355132352e-01,3.175800816069409560e-01,-1.831055525517933935e-01,1.143416434188486153e-01,-4.176357055669028401e-02,6.161965015085868469e-01,-2.008615606467826012e-02,-7.927226717172419779e-02,-6.444559969113952680e-02,-7.228404716710420952e-02,-6.579774358828257563e-01,-1.571319499481323156e-01,6.909350575692954077e-01,-9.746726743544934651e-03,7.213952057188330325e-02,-3.598613136740603374e-02
-1.061791258975510882e-01,5.447645768897049767e-02,9.447261750684030623e-01,1.522324736670676859e-01,-9.760268632079196482e-01,-7.218349220195820204e-02,1.377910726834044031e-01,-2.193385552737543431e+00,3.505383893838701637e-01,-6.957353402542131027e-02,1.189450445783750920e+00,-2.077162772910633171e-01,6.965491837027573685e-02,-2.185556189104849611e+00,-3.262031695232689432e-01,-7.042678989683502921e-01,1.539256307163204607e+00,-2.840736367917349181e-01,4.325632631534678113e-02,1.086047678071334621e-01,3.003734117934682701e-01,2.973316459917895727e-01,-1.485400872187109256e-01,1.083730291448862793e-01,-4.602404988419400017e-02,6.305169746689728294e-01,-1.974032514457887966e-02,-8.168616420508303944e-02,-6.921150198638975626e-02,-3.913151833502476196e-02,-6.470724130163558740e-01,-1.555868487384672039e-01,7.055303607582337211e-01,-9.227246106246395074e-03,7.558755338849904026e-02,-3.541135917889560308e-02
-1.110108194811615101e-01,5.209796082411886214e-02,9.533582027170817152e-01,1.479492521561116547e-01,-9.811638074373857377e-01,-7.267962729378386888e-02,1.007287125791622995e-01,-2.182014302210228074e+00,3.485593993869050555e-01,-7.368488298546678472e-02,1.180132678921773204e+00,-2.214576078121547886e-01,6.942264553064678156e-02,-2.186039811329308691e+00,-3.189327465235189951e-01,-6.863242734450533122e-01,1.528563024772630952e+00,-2.920083664929793432e-01,4.028440124329506211e-02,1.042826488895826492e-01,3.088403848335837809e-01,2.737746227206301897e-01,-1.118099284576946628e-01,1.048266060265833077e-01,-5.067036966107606871e-02,6.361849530185464952e-01,-1.942599869987916492e-02,-7.947542936082298282e-02,-7.308679413350781251e-02,-4.288802740722026663e-03,-6.358848856694890861e-01,-1.537846206674445271e-01,7.190350795108637616e-01,-8.693180372445255197e-03,7.892624089568153756e-02,-3.480782025015426856e-02
-1.165888564318810772e-01,4.969612039718725865e-02,9.608788290022295397e-01,1.435580403632234769e-01,-9.848401804589389519e-01,-7.311840458020824052e-02,6.430090910958843886e-02,-2.167997747408305198e+00,3.476048198634509867e-01,-7.557169774409706886e-02,1.167353009448487855e+00,-2.364792218833134951e-01,6.894603824610838483e-02,-2.183968815806150321e+00,-3.121416917498239796e-01,-6.690102131802709851e-01,1.515027021613592151e+00,-3.009104300326387316e-01,3.734933839348784923e-02,1.004277904620551748e-01,3.159746438445819039e-01,2.473775308611744772e-01,-7.440321624271784007e-02,1.033430014854035683e-01,-5.573305333246741933e-02,6.356100507969230096e-01,-1.927795290950525681e-02,-7.488020048154558905e-02,-7.624871829948130786e-02,3.146080020952225081e-02,-6.244096090452615488e-01,-1.517184417678415775e-01,7.313154939963253387e-01,-8.145067134543054407e-03,8.208847086432795315e-02,-3.414013771648372747e-02
-1.228207556525330174e-01,4.730515305286160654e-02,9.672196594959228122e-01,1.391216496332272345e-01,-9.871266058676916311e-01,-7.358253209145264317e-02,2.849283352827253896e-02,-2.151709149941026133e+00,3.475882055076923161e-01,-7.578258931571460466e-02,1.152684216358694336e+00,-2.518227402561463713e-01,6.834378482219816142e-02,-2.179250085926604186e+00,-3.060774195346362969e-01,-6.524443351775994770e-01,1.499839638710949163e+00,-3.101877339723352334e-01,3.455774072101468197e-02,9.701058013888386178e-02,3.219440578921400342e-01,2.184604657930594995e-01,-3.687065536697108764e-02,1.034176951582838205e-01,-6.084312895288982587e-02,6.302540848168464160e-01,-1.927030002259736211e-02,-6.933377802456526517e-02,-7.879101011125724807e-02,6.776652617132596090e-02,-6.128680352966091593e-01,-1.492547179594128359e-01,7.425384061342589215e-01,-7.600354096557048085e-03,8.504524400459113898e-02,-3.339685687236396833e-02
-1.294696911318929944e-01,4.495170740838692197e-02,9.722907684465609268e-01,1.344615583313802376e-01,-9.881508979004355320e-01,-7.371704117377161913e-02,-6.609852512982973202e-03,-2.132638494074497792e+00,3.478336596893388255e-01,-7.440012230233042367e-02,1.135474885487826491e+00,-2.683934838158634206e-01,6.741447227174575396e-02,-2.171890392696315342e+00,-3.004437524210946675e-01,-6.359346008836798125e-01,1.480698908822951188e+00,-3.207887040330844597e-01,3.178167875221964145e-02,9.318201864092770514e-02,3.256977553126136904e-01,1.878740649567833265e-01,-1.522908061635255828e-03,1.046644669061029542e-01,-6.643518942991952225e-02,6.253384480563692893e-01,-1.922631933545521088e-02,-6.015575782128378124e-02,-8.065449696950968694e-02,1.035303859935905041e-01,-6.010552267496135359e-01,-1.463046718180777417e-01,7.526020072970480701e-01,-7.038374285098176857e-03,8.776347240430294738e-02,-3.251701966647409237e-02
-1.364293414164394758e-01,4.264334042629600030e-02,9.760859529705874227e-01,1.296337895957684616e-01,-9.879768253023925029e-01,-7.353897163848586993e-02,-4.109614228609463626e-02,-2.111334487067701104e+00,3.481068046739047017e-01,-7.222446374866055285e-02,1.117449048937862566e+00,-2.850507670048317843e-01,6.635085920950926919e-02,-2.161857768205721619e+00,-2.954032580199613123e-01,-6.195978789901079864e-01,1.459100957790791631e+00,-3.319100528116120663e-01,2.911565429270134009e-02,8.873466045706013272e-02,3.271201493812791461e-01,1.562404778424905105e-01,3.097476917486827880e-02,1.066905372259911028e-01,-7.191001597452320593e-02,6.236262728958644752e-01,-1.893443208437087244e-02,-4.633660567417459408e-02,-8.175293174318115641e-02,1.383378248556131895e-01,-5.890210489828822116e-01,-1.427661406729753557e-01,7.616381304672713570e-01,-6.479720813295451395e-03,9.021940784962681481e-02,-3.151044586721531843e-02
-1.434814741868296051e-01,4.039300658023793622e-02,9.785872265833007733e-01,1.244929012979822947e-01,-9.866884246717426699e-01,-7.299777210873119315e-02,-7.495862466965595716e-02,-2.086972277612556770e+00,3.476472889605283223e-01,-6.937880778589929076e-02,1.097210549002348268e+00,-3.032520849746276892e-01,6.500654230798823263e-02,-2.148516574604024676e+00,-2.905701261770358146e-01,-6.031028471876322961e-01,1.433461830010287263e+00,-3.440650106064568892e-01,2.651284802371859164e-02,8.329830792913453519e-02,3.260111257363910719e-01,1.240675589127584605e-01,6.077456055909794680e-02,1.094128982865663624e-01,-7.599713890138228012e-02,6.252526585964421901e-01,-1.842791150654686516e-02,-2.996969512460280483e-02,-8.231157335356809046e-02,1.717082859535682404e-01,-5.767769645279653412e-01,-1.388120739583451890e-01,7.693840792981065935e-01,-5.915558251929148997e-03,9.235315864769644278e-02,-3.037229619560097293e-02
-1.505565615074539454e-01,3.820441508766088401e-02,9.798320457052002164e-01,1.191556715142172984e-01,-9.843160763650123934e-01,-7.218976254830151984e-02,-1.082239619428238958e-01,-2.060075093474785124e+00,3.465741767605803325e-01,-6.633349052616438479e-02,1.076065471003879948e+00,-3.217586810392556451e-01,6.359628131949598973e-02,-2.131969995048504707e+00,-2.861891284348817011e-01,-5.867762246241571278e-01,1.405445258648474027e+00,-3.565551532760837805e-01,2.404428420942571545e-02,7.715030584773130418e-02,3.226430764221663305e-01,9.152365606074859550e-02,8.884526423958799546e-02,1.126657601793378538e-01,-7.813389887890337393e-02,6.292839238919875067e-01,-1.777426716690598540e-02,-1.301425680891811487e-02,-8.219061822911490067e-02,2.037878094240591076e-01,-5.644825782505680234e-01,-1.345097914258025773e-01,7.758709198173063815e-01,-5.358502124065910553e-03,9.414057841329387388e-02,-2.915184500717245275e-02
-1.574725115300542322e-01,3.610173579723789661e-02,9.798668732408702953e-01,1.135484456937633641e-01,-9.809345019037951641e-01,-7.104830577233234301e-02,-1.408062203958475866e-01,-2.030281342465971584e+00,3.447467133647045268e-01,-6.285039170250346363e-02,1.052753697525076415e+00,-3.409351753250358108e-01,6.212383278914358070e-02,-2.112273475378140475e+00,-2.822988784840356202e-01,-5.702897987974809846e-01,1.373539630640762788e+00,-3.697897746615944614e-01,2.114271054485865678e-02,7.028528820950359635e-02,3.169371309039289986e-01,5.909584986105477500e-02,1.155777663482303041e-01,1.163816335059340984e-01,-7.837483840823901426e-02,6.350626977731061995e-01,-1.699179104076621594e-02,3.174610687609092513e-03,-8.094602333590235343e-02,2.343127698652753554e-01,-5.522324488061365333e-01,-1.300108939097131822e-01,7.808173402088924853e-01,-4.794516499466818134e-03,9.556241853278842069e-02,-2.784598891475942653e-02
-1.641885495728516997e-01,3.409884207474977308e-02,9.787516281876279534e-01,1.077911890928361649e-01,-9.765635109962670368e-01,-6.968424599266581643e-02,-1.727682679343314209e-01,-1.998153080969201190e+00,3.423438492312583237e-01,-5.927256551265928930e-02,1.028689917445577695e+00,-3.599202941384166410e-01,6.069939159389081684e-02,-2.089570059323794915e+00,-2.791817783994241520e-01,-5.539547267144233622e-01,1.339485497920966939e+00,-3.831626864137326893e-01,1.816954592843663188e-02,6.304331955604171311e-02,3.093202345360049899e-01,2.691103033789653959e-02,1.417879287193081761e-01,1.204453779221497656e-01,-7.716856746419242796e-02,6.413705755464794711e-01,-1.616082211763069515e-02,1.772089346923864939e-02,-7.876890790151180877e-02,2.635083280235301917e-01,-5.402139349161371173e-01,-1.253923750466797993e-01,7.843578301180601509e-01,-4.239870761561443865e-03,9.659109622948416907e-02,-2.650702903173226058e-02
-1.705616661368987985e-01,3.222357948937914357e-02,9.765578891428249309e-01,1.018359161130670265e-01,-9.712389267896139877e-01,-6.813168412326395251e-02,-2.041628440644822073e-01,-1.963249492827816800e+00,3.391383472218491568e-01,-5.548528566342562918e-02,1.002929425936386787e+00,-3.794704539157350842e-01,5.916634258524637591e-02,-2.063619923373134046e+00,-2.768561187772429766e-01,-5.375655737919526889e-01,1.302597351667536874e+00,-3.971991016669962904e-01,1.503664146863473508e-02,5.557605887504576264e-02,3.000209467486980031e-01,-4.583756838120699173e-03,1.674889985697606831e-01,1.248450757960102575e-01,-7.481289549181674436e-02,6.474366725760382080e-01,-1.525997754921122607e-02,3.014289563373826614e-02,-7.563899889878908378e-02,2.912295622199543299e-01,-5.285138938851867696e-01,-1.208525004828447241e-01,7.862764846029395294e-01,-3.674864676466146896e-03,9.718822459402853831e-02,-2.514056067384919449e-02
-1.765779169872726262e-01,3.048507512234370151e-02,9.733572248127498883e-01,9.580074890298496959e-02,-9.649750577359432757e-01,-6.649645054472766437e-02,-2.349969713040828689e-01,-1.926299767187550138e+00,3.353167835631667426e-01,-5.174428164476611164e-02,9.768359822240408885e-01,-3.987137144880044115e-01,5.766742292149681232e-02,-2.034763697750300082e+00,-2.755535359164859033e-01,-5.213676346537218231e-01,1.264440566889591278e+00,-4.112686716328285974e-01,1.197327767376307577e-02,4.820970672431135196e-02,2.894727514345823982e-01,-3.545315456332659432e-02,1.931177453221715468e-01,1.295821048303533729e-01,-7.170454707193639476e-02,6.522744262072874832e-01,-1.436441614785489811e-02,4.027387790198364015e-02,-7.214326783288502187e-02,3.176625326540686856e-01,-5.172579833719062048e-01,-1.164017387389125469e-01,7.868245678256819975e-01,-3.123275015793273816e-03,9.736041927144271912e-02,-2.379042322249364655e-02
-1.821216561449453819e-01,2.889451715326169651e-02,9.692386817785931807e-01,8.963036243818442439e-02,-9.577969465764056833e-01,-6.482481457035295380e-02,-2.653095374728017264e-01,-1.886843027542181250e+00,3.306978722663606041e-01,-4.779735118608807731e-02,9.491032103367147421e-01,-4.187550643702686037e-01,5.601241790386982111e-02,-2.002820896999875533e+00,-2.751463821893825323e-01,-5.051028304766023158e-01,1.224330690757607920e+00,-4.261066279727083739e-01,8.806114461211740976e-03,4.099090340822300615e-02,2.778816692436530955e-01,-6.538165050442207304e-02,2.182720729158084128e-01,1.347977957669041771e-01,-6.792016948915460817e-02,6.554082586819746092e-01,-1.355951556405911480e-02,4.781883134941676550e-02,-6.847625042170543685e-02,3.425963416561175201e-01,-5.064197282310456405e-01,-1.121963498971631917e-01,7.859675325334571916e-01,-2.579068343154219782e-03,9.710906971164535995e-02,-2.246400674230423708e-02
-1.872085032544459349e-01,2.746206292696411200e-02,9.642717214479785692e-01,8.346600390220018650e-02,-9.497226985100123420e-01,-6.320275921406320885e-02,-2.950688620562769149e-01,-1.845744497776364179e+00,3.255293240055353587e-01,-4.386002304008267821e-02,9.211590120711982133e-01,-4.385721618525349474e-01,5.437486755071640337e-02,-1.968261922419157317e+00,-2.757766178845260097e-01,-4.889686221635698438e-01,1.183686603285500016e+00,-4.409612442449490355e-01,5.734953115496400737e-03,3.419552326968786082e-02,2.656666976753966347e-01,-9.454754986035081299e-02,2.432507203928754858e-01,1.404028565568060105e-01,-6.412087418321731069e-02,6.563677880712686097e-01,-1.288432289382523792e-02,5.304273840075657276e-02,-6.516684680034695587e-02,3.661535471231376904e-01,-4.961262479400899705e-01,-1.081732864596860744e-01,7.839902831138708672e-01,-2.059384900609351893e-03,9.647706412040232826e-02,-2.118573962327546453e-02
-1.917688961139709103e-01,2.620299715959482217e-02,9.585636314115759671e-01,7.724691216208331990e-02,-9.407763563272931728e-01,-6.170527914829675165e-02,-3.242918754181103869e-01,-1.802944949211951586e+00,3.195820870120360535e-01,-3.964467344675159238e-02,8.921845925269853428e-01,-4.589527289818676192e-01,5.256634592060093619e-02,-1.931118794137732353e+00,-2.773665919360419618e-01,-4.725783676713927739e-01,1.141870088425200436e+00,-4.564250371124597971e-01,2.659661810903182939e-03,2.765068942769854932e-02,2.530933251571872433e-01,-1.225169637531889899e-01,2.677345139690147646e-01,1.463684340277921492e-01,-6.080204418206801298e-02,6.552032785436276985e-01,-1.237352259340633413e-02,5.613384954411831940e-02,-6.256337580778005558e-02,3.880856557513179261e-01,-4.864002004786625588e-01,-1.043280124627000011e-01,7.809134230140055699e-01,-1.555054939828914937e-03,9.549028924075932123e-02,-1.992834646494899553e-02
-1.958381675339345152e-01,2.511957591576827187e-02,9.521807098098161726e-01,7.110879190456589893e-02,-9.309904294822044513e-01,-6.038286107538527736e-02,-3.529224702604857322e-01,-1.759343592568698877e+00,3.131046011457655487e-01,-3.536904629536032074e-02,8.635114604752082146e-01,-4.789317742285902346e-01,5.076649720357075818e-02,-1.891953801510950495e+00,-2.799456266624126832e-01,-4.560529783454674302e-01,1.100143558084520690e+00,-4.717523175021897663e-01,-2.907834089217382380e-04,2.157211130360989562e-02,2.404886454306288390e-01,-1.495163801622825805e-01,2.917720604229282477e-01,1.525002280194218685e-01,-5.815212798114810511e-02,6.522575395636559525e-01,-1.187867793713461538e-02,5.780821387942943618e-02,-6.040574467735011083e-02,4.084808414995975134e-01,-4.773116944103288350e-01,-1.006274077515778992e-01,7.770022694760049253e-01,-1.081128617140221732e-03,9.420227365210508130e-02,-1.871747258387813223e-02
-1.993582084249659048e-01,2.422214311985584900e-02,9.452726391683909934e-01,6.502834787452237142e-02,-9.204009311462424403e-01,-5.921544565703165675e-02,-3.809553397886402681e-01,-1.714709964425058741e+00,3.059183189929292612e-01,-3.091507604031548326e-02,8.339557127810623971e-01,-4.993893442888464596e-01,4.886901210250028244e-02,-1.850989583523472870e+00,-2.830614834065576790e-01,-4.390433734985929037e-01,1.056297354358878504e+00,-4.882385206238672448e-01,-3.543306916674771219e-03,1.570089578287769960e-02,2.280601231968070741e-01,-1.747183908699754817e-01,3.149552189895965526e-01,1.587643698402663450e-01,-5.620761962280837465e-02,6.478126311693936934e-01,-1.128683519165800744e-02,5.854929482656226480e-02,-5.838259081470117962e-02,4.270396684026174228e-01,-4.688212831775645517e-01,-9.702711213811801572e-02,7.722822521178505095e-01,-6.270452121113379452e-04,9.264653209109023624e-02,-1.752804744585367142e-02
-2.024010366117882931e-01,2.350780339908764560e-02,9.378989292206675321e-01,5.909965783673250955e-02,-9.090586028663776297e-01,-5.825637781352681344e-02,-4.083208070160735392e-01,-1.669980125287780170e+00,2.982415606661962260e-01,-2.641895964442197639e-02,8.048513976506388445e-01,-5.193833775790503982e-01,4.701252463147417848e-02,-1.808908470987163897e+00,-2.868573850874557296e-01,-4.216639722060804285e-01,1.011937827220227959e+00,-5.048096756721616174e-01,-6.818866133741836866e-03,1.019823550745687160e-02,2.161224370573268938e-01,-1.984333235368007375e-01,3.373409933590836296e-01,1.649398858114027588e-01,-5.488032314525220084e-02,6.422665774921693105e-01,-1.061853364763431194e-02,5.860589588538420852e-02,-5.648912940322269038e-02,4.439545756013315581e-01,-4.609936363233124723e-01,-9.355388167169419178e-02,7.669229677551039348e-01,-2.038525015227135215e-04,9.087062573474367910e-02,-1.638784504414271884e-02
-2.049802741866608713e-01,2.296982774509564312e-02,9.301615747318290328e-01,5.329722658544823466e-02,-8.969581315312008529e-01,-5.754416734876000722e-02,-4.351024990993426766e-01,-1.625207745146013405e+00,2.899309665621878085e-01,-2.176956278755539168e-02,7.761330343582352187e-01,-5.395315230774989645e-01,4.508694369459192997e-02,-1.765779785529009827e+00,-2.910823367319224086e-01,-4.036134811312178661e-01,9.671313417898018683e-01,-5.216531288976243852e-01,-1.046992993674304706e-02,4.868207711260255817e-03,2.048375967670653108e-01,-2.202037832561516140e-01,3.586731399262186315e-01,1.709892700515907304e-01,-5.413929662018449745e-02,6.358296916084940076e-01,-9.891428452861849435e-03,5.801836088539891190e-02,-5.470533928032574045e-02,4.591284480243439381e-01,-4.538316991515229382e-01,-9.024459782300622845e-02,7.608500120185661686e-01,1.976038035072251908e-04,8.887508287350384673e-02,-1.527416855410132328e-02
-2.071702480426813875e-01,2.260251897922113673e-02,9.221078320895635949e-01,4.771325910299091533e-02,-8.841788585305254689e-01,-5.711149785507521615e-02,-4.611826838099810089e-01,-1.581255399534229111e+00,2.812709256957470205e-01,-1.696137561226342474e-02,7.486900505629316971e-01,-5.590252072477850387e-01,4.320869280387146932e-02,-1.722301607534171719e+00,-2.958083436835365898e-01,-3.850690199816104720e-01,9.231166665972528884e-01,-5.380612896276105728e-01,-1.417322397316138176e-02,-1.197574150449591882e-04,1.944503849383157068e-01,-2.404262797789870065e-01,3.790031462516569305e-01,1.767162730356538480e-01,-5.395259616706780947e-02,6.286130648204615312e-01,-9.222135875883120601e-03,5.670479302677589040e-02,-5.324111373146023229e-02,4.727159316508171560e-01,-4.473822946963343372e-01,-8.711468098638749935e-02,7.542288354727995081e-01,5.687972583129172893e-04,8.670424162644106703e-02,-1.421611381520414968e-02
-2.090085964643369210e-01,2.238764031195791121e-02,9.138198515145081746e-01,4.235582330652436917e-02,-8.706899035150468258e-01,-5.698399889414156039e-02,-4.866804906907781225e-01,-1.538113468144112872e+00,2.723019101945864384e-01,-1.183514042660469348e-02,7.224789711150382265e-01,-5.782295612240782035e-01,4.122088065327245837e-02,-1.678634769291914575e+00,-3.008179408227582008e-01,-3.658429472617127920e-01,8.810839445406777326e-01,-5.542799224757114507e-01,-1.812809364712271443e-02,-4.863401634244775458e-03,1.850456379340752466e-01,-2.586513372057838156e-01,3.980551386790091017e-01,1.821125478116412399e-01,-5.430534384466738362e-02,6.206598649262408118e-01,-8.648793511048875199e-03,5.470006306312721195e-02,-5.209074088066528024e-02,4.846586631825812730e-01,-4.416034904349832590e-01,-8.418071864577125751e-02,7.469145559112768673e-01,9.194298074786525551e-04,8.434283940414336045e-02,-1.318952705092758630e-02
-2.105639609366084242e-01,2.232056020968001264e-02,9.053324609110402488e-01,3.733087059916659345e-02,-8.566051377071819406e-01,-5.716253301285550287e-02,-5.114357134318265885e-01,-1.496561534972076668e+00,2.632850868085797602e-01,-6.443518653539855555e-03,6.980128528874782745e-01,-5.965595154366060138e-01,3.925673590169116711e-02,-1.635409179764555132e+00,-3.060606919674946358e-01,-3.462522082286452751e-01,8.415801719576385675e-01,-5.697954490344174783e-01,-2.207149051937173576e-02,-9.172631511457581682e-03,1.768176319440356026e-01,-2.753514534694059823e-01,4.158403803327127002e-01,1.869952126539387305e-01,-5.511307595816959670e-02,6.122015191661970279e-01,-8.192817524081904418e-03,5.212664129594420798e-02,-5.129694003669841434e-02,4.950293337958922013e-01,-4.365348766493420962e-01,-8.144486008319885839e-02,7.391099773118335881e-01,1.241361292762177418e-03,8.183623132059218708e-02,-1.222119306981595509e-02
-2.118781281183285403e-01,2.236001241653755994e-02,8.967278099489176535e-01,3.268961931490103195e-02,-8.419022256505113155e-01,-5.756386447160283248e-02,-5.355543228663702804e-01,-1.456294312245182354e+00,2.544571139452233011e-01,-5.212831099840374918e-04,6.743909508576914069e-01,-6.150101869194317672e-01,3.711988525747842577e-02,-1.592898448694335833e+00,-3.109291756400533457e-01,-3.261179788464236284e-01,8.054939740991345909e-01,-5.849891989951742088e-01,-2.610510873533543330e-02,-1.317769159346082741e-02,1.696590081392006510e-01,-2.899330512142570537e-01,4.321824322291903386e-01,1.914656958262646036e-01,-5.624267463183211385e-02,6.033768405503476817e-01,-7.772600552618855359e-03,4.927780087963592320e-02,-5.060195429281817009e-02,5.036691180774591770e-01,-4.320498164815439468e-01,-7.884629364972149668e-02,7.308014530895845517e-01,1.543461881684075887e-03,7.917729844976779952e-02,-1.128032377488748239e-02
-2.130207169256595479e-01,2.250767593335130726e-02,8.880262958427002085e-01,2.852591721955778994e-02,-8.267243943352570179e-01,-5.818792119975738086e-02,-5.588624282274085031e-01,-1.418088126472136556e+00,2.459305305429181077e-01,5.697189356756439567e-03,6.521194373915604192e-01,-6.328194478034160353e-01,3.498221101288430390e-02,-1.551636293711603276e+00,-3.154348144714917979e-01,-3.060021429515779046e-01,7.728751869766553595e-01,-5.994161463177734017e-01,-3.004741910017143247e-02,-1.668728760111965956e-02,1.637835983147303553e-01,-3.029185469588184798e-01,4.470590271201099752e-01,1.953363942266719555e-01,-5.751357038306470493e-02,5.945564358389444637e-01,-7.355923379344602928e-03,4.636364912761054002e-02,-4.988642158204824317e-02,5.106728772632861402e-01,-4.282110976693476734e-01,-7.641706702074953228e-02,7.221297406398464735e-01,1.819918618432738409e-03,7.641743421747042297e-02,-1.039429437707485582e-02
-2.140523414530882129e-01,2.274069513833496675e-02,8.792803520382064253e-01,2.490617561638700656e-02,-8.110296129607943438e-01,-5.897008374956327903e-02,-5.814921998955776550e-01,-1.381893876296698798e+00,2.377348111824737487e-01,1.199815229895799529e-02,6.316840165803673246e-01,-6.505724775635829404e-01,3.255333798674503454e-02,-1.511805159409796984e+00,-3.190917503849807213e-01,-2.858801372749946723e-01,7.447853883573651856e-01,-6.138519393474372032e-01,-3.409236921558895378e-02,-1.967020568000854910e-02,1.591969089031643469e-01,-3.138084653818671299e-01,4.604199340212021818e-01,1.987006492296028992e-01,-5.873659572259255779e-02,5.857343149283249506e-01,-6.966871282289973863e-03,4.339194682876116455e-02,-4.904262372522859986e-02,5.160508384164897988e-01,-4.249666057707380262e-01,-7.410256761226410860e-02,7.129100372842192002e-01,2.075687451776672167e-03,7.352843418843527101e-02,-9.535598957674768644e-03
-2.150317667727421889e-01,2.306051983540642267e-02,8.704959635265638873e-01,2.186983434310544455e-02,-7.949834842351960473e-01,-5.988550480311997243e-02,-6.032716605755217287e-01,-1.348274117853796250e+00,2.299190722522281571e-01,1.832888234267183308e-02,6.131084902003893777e-01,-6.675909200396626941e-01,3.008984165031184516e-02,-1.473867190520757209e+00,-3.219716072619728808e-01,-2.663884482326351333e-01,7.207497814168108974e-01,-6.276879065137945801e-01,-3.803630210218029994e-02,-2.203103621185293487e-02,1.560058152544336052e-01,-3.231441380443269007e-01,4.722644852025076889e-01,2.014392855248805514e-01,-5.987794536714115962e-02,5.771488071896493377e-01,-6.619146129429737124e-03,4.040409918348251278e-02,-4.818020951285902770e-02,5.198305496193500463e-01,-4.223430246911427099e-01,-7.194337071882646317e-02,7.033498198787270228e-01,2.305446120936840461e-03,7.055860646746558995e-02,-8.729163513892109275e-03
-2.160058834929508009e-01,2.345276413272502983e-02,8.617132748630182970e-01,1.941057581774536731e-02,-7.785631706425314436e-01,-6.089494071381244822e-02,-6.243031515705588230e-01,-1.317018874123161876e+00,2.220679116043582091e-01,2.460997963813348413e-02,5.964856812611838421e-01,-6.860308460662475349e-01,2.694338400553351193e-02,-1.437801754082867367e+00,-3.234436818042336625e-01,-2.474230293035381556e-01,7.008454132386636726e-01,-6.417635428950233534e-01,-4.184450322833870028e-02,-2.390019921275324255e-02,1.542447038007976057e-01,-3.305139349077632627e-01,4.825861588179919948e-01,2.037541350270429263e-01,-6.099763562204898321e-02,5.686769632101558170e-01,-6.377399351670907414e-03,3.725017429598345697e-02,-4.752915820325201435e-02,5.219854543202019359e-01,-4.202353301316931744e-01,-6.983534234209980152e-02,6.933535586960840602e-01,2.517019244561706070e-03,6.749923262024472292e-02,-7.951048768297313413e-03
-2.170256020229970051e-01,2.391651993260035525e-02,8.529230594045663638e-01,1.753241025193381930e-02,-7.619302548087637517e-01,-6.196061119032533065e-02,-6.444499856922416559e-01,-1.288529673852184088e+00,2.142421597269024425e-01,3.097284747772576993e-02,5.816259669741533633e-01,-7.044642364761755093e-01,2.361535461529434485e-02,-1.404002122143350739e+00,-3.236872463906143582e-01,-2.296628847180950395e-01,6.845040806119954135e-01,-6.553613029810301249e-01,-4.543708740117719663e-02,-2.523963275035063375e-02,1.539271668222256806e-01,-3.364139084616643016e-01,4.913780164060665978e-01,2.055595640644940769e-01,-6.207102628621971596e-02,5.605280335225539812e-01,-6.194319379607477610e-03,3.408009103840119874e-02,-4.700798489455185886e-02,5.225408918200792341e-01,-4.186325356199703807e-01,-6.783789212421105497e-02,6.831283311681588533e-01,2.705305344231767953e-03,6.439605597169706375e-02,-7.219747871120144218e-03
-2.181493800035511077e-01,2.443441256765082822e-02,8.441507218147837888e-01,1.618769962015215169e-02,-7.450528525401857172e-01,-6.297568149089630141e-02,-6.638284935459580760e-01,-1.262494287751349864e+00,2.064979566834290459e-01,3.766808822410612489e-02,5.683422300650129433e-01,-7.222779612471461608e-01,2.028738478017466651e-02,-1.372570378208749275e+00,-3.227529935766821345e-01,-2.134058823004563177e-01,6.716590446318226881e-01,-6.681251794114824172e-01,-4.975587274436911456e-02,-2.609733194812954502e-02,1.548460723696055141e-01,-3.403007224843305756e-01,4.986971751993179991e-01,2.070412096514078759e-01,-6.303609471106258466e-02,5.527375964121652441e-01,-6.041502331071021102e-03,3.098882519433976065e-02,-4.648839427443639954e-02,5.217083876288153288e-01,-4.174975777516381492e-01,-6.585670548292306414e-02,6.725481846352556747e-01,2.866729014851830421e-03,6.121885497638325513e-02,-6.502788240809169278e-03
-2.194206788330867741e-01,2.500343745702272164e-02,8.353726566899305483e-01,1.536125233607457674e-02,-7.280689873758403596e-01,-6.389216432948842395e-02,-6.823469593143054457e-01,-1.239172569516851841e+00,1.988122377309993472e-01,4.468668836864750360e-02,5.564681951723603470e-01,-7.390521349537142459e-01,1.709281222291385294e-02,-1.343828586187192142e+00,-3.207571839965205895e-01,-1.990369527212651479e-01,6.617131820879661452e-01,-6.799041404711828607e-01,-5.420668433865277747e-02,-2.645908331892155713e-02,1.569503713520341293e-01,-3.425838948719521215e-01,5.045840069823275265e-01,2.081584066157234625e-01,-6.386338038246733295e-02,5.454235347194817951e-01,-5.905040950871074876e-03,2.803906598878936132e-02,-4.597818755097135557e-02,5.194984273022885679e-01,-4.168019240953786397e-01,-6.395967192710336202e-02,6.617980353595125376e-01,3.002316447553845212e-03,5.802117585152444940e-02,-5.821825368521136440e-03
-2.209270787104052614e-01,2.557065741816422558e-02,8.265811862800204191e-01,1.515253014208743643e-02,-7.108573795051286170e-01,-6.461828111119156948e-02,-7.001975896699649260e-01,-1.218747645078955832e+00,1.918279280107260953e-01,5.203710769279120546e-02,5.471696510605640329e-01,-7.538179486513798544e-01,1.406549172242999718e-02,-1.318402574363567670e+00,-3.174511374480755155e-01,-1.864290786543062461e-01,6.584507979041583914e-01,-6.908964003115850572e-01,-5.862975013947930442e-02,-2.599179220037628121e-02,1.599395363747769527e-01,-3.426521565897225341e-01,5.090745435211373460e-01,2.091562430788095339e-01,-6.451437979694348013e-02,5.383343772314304054e-01,-5.765129870904332939e-03,2.523701376531536228e-02,-4.539189998331726733e-02,5.161271022881939174e-01,-4.164331324753976493e-01,-6.208948729760740276e-02,6.504396879035372336e-01,3.156645848174907502e-03,5.473033894331793409e-02,-5.134773502742645719e-03
-2.226843020860710121e-01,2.614321221008846646e-02,8.177425046068472758e-01,1.552591879733512120e-02,-6.935512763122034796e-01,-6.513646217407689787e-02,-7.172885153595142116e-01,-1.201274558130296599e+00,1.853402611858712690e-01,5.952981627600237996e-02,5.397582994290820446e-01,-7.668963221549377485e-01,1.124529761956248250e-02,-1.296172589886415816e+00,-3.129242957066646902e-01,-1.759961302732684918e-01,6.599296963996744703e-01,-7.009273309500514415e-01,-6.282590178572261541e-02,-2.475833082681874395e-02,1.638254178183831677e-01,-3.409538575828857665e-01,5.122385884954478996e-01,2.099509383374009719e-01,-6.496135728113040797e-02,5.316575819662633373e-01,-5.624385239123039920e-03,2.259591616732355146e-02,-4.477320330427538020e-02,5.115263228003615881e-01,-4.164033461070298370e-01,-6.029687241276340814e-02,6.388000032925552629e-01,3.305662715131216407e-03,5.139869644165025869e-02,-4.472987434832795955e-03
-2.247360404276908530e-01,2.667817251539356810e-02,8.088181698951163456e-01,1.658864412863787080e-02,-6.759971578627405053e-01,-6.530141690987076308e-02,-7.338176778989673466e-01,-1.186476014216746533e+00,1.796843310925109738e-01,6.656014785859910854e-02,5.351498533734383445e-01,-7.784254789067004410e-01,8.578133603238906682e-03,-1.277354252431380566e+00,-3.066564277299308472e-01,-1.677345196596853327e-01,6.688124015433863923e-01,-7.103873324576878145e-01,-6.685968147167940800e-02,-2.252334932009075058e-02,1.683897514638187931e-01,-3.370609296362539475e-01,5.143153558829737237e-01,2.107513374927524052e-01,-6.514243051722740097e-02,5.250932110249731943e-01,-5.473459556397795855e-03,2.007762919018480849e-02,-4.405039051835168279e-02,5.058534921489828973e-01,-4.166834551079622306e-01,-5.846579430141823908e-02,6.266727684202855198e-01,3.438135512262849910e-03,4.798499345152808238e-02,-3.795519085548612701e-03
-2.270752935495516378e-01,2.718606877826469301e-02,7.997660248763067692e-01,1.824972096535247557e-02,-6.583177812885965263e-01,-6.512862992351413360e-02,-7.496952101275766722e-01,-1.174273528380530340e+00,1.745826144664415214e-01,7.314561320258912425e-02,5.323653567306211309e-01,-7.885996991368440234e-01,6.105849219787002832e-03,-1.261576449525347421e+00,-2.988497189250715058e-01,-1.619195535267128339e-01,6.825426626642298045e-01,-7.190119838900864702e-01,-7.061756905765656511e-02,-1.946209450508116362e-02,1.736239255191835973e-01,-3.314525116062273513e-01,5.154096464435217184e-01,2.114875211716416570e-01,-6.506216681393200973e-02,5.188506080063957082e-01,-5.320004431356491897e-03,1.769078507652576196e-02,-4.328298183698886525e-02,4.990781556507778438e-01,-4.172816686413351461e-01,-5.666224630416937663e-02,6.143778761011712275e-01,3.548473305577282567e-03,4.454818447055317043e-02,-3.135753076537879137e-03
-2.297174647208835019e-01,2.763858647594237897e-02,7.905387077669210338e-01,2.055364020983854734e-02,-6.403836251541794589e-01,-6.466455869798704015e-02,-7.650521912633866384e-01,-1.164586735513289062e+00,1.702197780291813400e-01,7.888464841655921933e-02,5.319695889088884577e-01,-7.972981374009336930e-01,3.834236554626489681e-03,-1.248450157686959550e+00,-2.891368958171712800e-01,-1.581067141402673348e-01,7.021235903385566468e-01,-7.277144781135076457e-01,-7.392950294259795219e-02,-1.554582269499315932e-02,1.795000347186241629e-01,-3.238840065933809020e-01,5.158135488568587057e-01,2.123093999107296403e-01,-6.469807811138457432e-02,5.127268571311937029e-01,-5.167681935380777532e-03,1.541015895192195118e-02,-4.242931297238868721e-02,4.915269172000807374e-01,-4.181940570864660089e-01,-5.477767129697344584e-02,6.017523348508637682e-01,3.642404171625047635e-03,4.105615806021212233e-02,-2.458140924643799612e-03
-2.326422412262122152e-01,2.804436890212578040e-02,7.810914365949735982e-01,2.336914718388046278e-02,-6.223018555673085483e-01,-6.392105607256627631e-02,-7.798130430481075015e-01,-1.157240683697227102e+00,1.662868943654727538e-01,8.397674840696445209e-02,5.329571674533882808e-01,-8.047757103150005031e-01,1.763059128272736597e-03,-1.237600417902314565e+00,-2.778549340590973360e-01,-1.564742097275604038e-01,7.251977901134010196e-01,-7.359553689889196670e-01,-7.687046376318132368e-02,-1.100202911221994512e-02,1.859004344009051179e-01,-3.148118855421810913e-01,5.156775702193697741e-01,2.131980496435404715e-01,-6.407233432533396278e-02,5.068710287688069638e-01,-5.019664804959524454e-03,1.324412563305501708e-02,-4.154583380142797683e-02,4.831985806242756754e-01,-4.194007191031050019e-01,-5.289225586513079946e-02,5.890841033861080600e-01,3.714856888590280671e-03,3.756818141707581049e-02,-1.795675297202833573e-03
-2.358460004307361690e-01,2.839360483639734659e-02,7.713968992618447373e-01,2.670773762952759547e-02,-6.040745393757532833e-01,-6.292251886283577178e-02,-7.939908086676059629e-01,-1.152217476680041264e+00,1.626141748616816984e-01,8.808575714667495060e-02,5.349244492799406503e-01,-8.109495365272575418e-01,-7.805179567538806512e-04,-1.228399002113003569e+00,-2.645401036589350996e-01,-1.567127827086935155e-01,7.499969833257328355e-01,-7.449116788477426754e-01,-8.000988286703011876e-02,-5.811972951442178834e-03,1.927919794522966190e-01,-3.042051064079974720e-01,5.152785287183061502e-01,2.142315400851732554e-01,-6.323344922724630224e-02,5.010978763118834056e-01,-4.866383612123156149e-03,1.113335415746016278e-02,-4.059319314153305575e-02,4.744631189045914743e-01,-4.209708751377356228e-01,-5.094771790899657593e-02,5.763018279850686820e-01,3.764213949642286443e-03,3.404079939965812956e-02,-1.127827979647799597e-03
-2.393120006553836887e-01,2.868788740231125942e-02,7.614134546617765675e-01,3.040621588283237697e-02,-5.857687044003754284e-01,-6.165495897273048920e-02,-8.075575230377473046e-01,-1.149305589192948007e+00,1.589481940706809759e-01,9.161967479699061057e-02,5.372646164604176766e-01,-8.161001303922565953e-01,-3.424167920726444835e-03,-1.220744430072636444e+00,-2.496664015701121064e-01,-1.588530792497922506e-01,7.754074011170261072e-01,-7.538238562348505978e-01,-8.307390663275859843e-02,-2.182982731222041228e-04,1.999159076811920510e-01,-2.923510285115890617e-01,5.147791794153605549e-01,2.154492905355961108e-01,-6.217892244549261954e-02,4.954660042219836136e-01,-4.716733181096859594e-03,9.096441867161313491e-03,-3.962549939093674978e-02,4.653090030703834201e-01,-4.228482029108793228e-01,-4.901970242772059339e-02,5.636007684536167295e-01,3.790313038131183556e-03,3.054389380668993612e-02,-4.817741285289622389e-04
-2.430591876218737846e-01,2.892772879992523347e-02,7.510760015718319638e-01,3.450359225923083778e-02,-5.671590334402030198e-01,-6.020495764752372553e-02,-8.206798986103180926e-01,-1.148179378176115373e+00,1.556172088079373905e-01,9.541358691077871101e-02,5.404586118016518892e-01,-8.198564624419496516e-01,-6.184481696344287273e-03,-1.215129976185408411e+00,-2.331806378023245918e-01,-1.623539521628823701e-01,8.067799325984588155e-01,-7.630512014776854590e-01,-8.762222494797211603e-02,6.089457702305955088e-03,2.074454101183106081e-01,-2.789020890650525941e-01,5.144978851953854182e-01,2.169923879099751041e-01,-6.093077284768848995e-02,4.896050358816078640e-01,-4.568246047897314352e-03,7.069478877009845522e-03,-3.860857405839954876e-02,4.561613726310825845e-01,-4.250898877407809362e-01,-4.705278559569407715e-02,5.505307332236815121e-01,3.808048766814301368e-03,2.701104137348775414e-02,1.646892833693457646e-04
-2.470451071453457215e-01,2.912769141563905859e-02,7.403476663479328090e-01,3.892379535861104078e-02,-5.483326747354887454e-01,-5.860162210903938768e-02,-8.332959053412500872e-01,-1.148733195085281489e+00,1.523344654175012858e-01,9.937681501848513732e-02,5.438951060613298472e-01,-8.226184656473498613e-01,-8.877401913204744505e-03,-1.210978894818230067e+00,-2.154033481889229273e-01,-1.675701619401257225e-01,8.413958052582185543e-01,-7.719122859257936398e-01,-9.262312801889230340e-02,1.292458541826927224e-02,2.153686578539972807e-01,-2.642945473329708639e-01,5.145890079558683716e-01,2.188083919470261152e-01,-5.949640531550895450e-02,4.837197707790372170e-01,-4.425084307293478993e-03,5.063458157970385752e-03,-3.759028504945673144e-02,4.469967553240711822e-01,-4.277264807162857174e-01,-4.513262435286271440e-02,5.374129574624421091e-01,3.812051358035434094e-03,2.349046132321132990e-02,7.912820972440054142e-04
-2.512168382564956559e-01,2.929454587450603525e-02,7.291745788604596656e-01,4.378035805104628364e-02,-5.291253961989459409e-01,-5.702379561553780341e-02,-8.454926860001964473e-01,-1.150752991956922822e+00,1.493313685111191669e-01,1.049675210516360785e-01,5.483347524358194169e-01,-8.231058753579704179e-01,-1.183582021912628346e-02,-1.207455358409706525e+00,-1.954072620047619946e-01,-1.740500612214225806e-01,8.799946732060505150e-01,-7.819953805465655883e-01,-9.968679349402642664e-02,2.031720316227397793e-02,2.241592003548649181e-01,-2.486397098029678454e-01,5.154654405822645113e-01,2.209041457648808771e-01,-5.787835642249603008e-02,4.776062987517535885e-01,-4.278337664371125067e-03,3.004776999064052209e-03,-3.652245121505389575e-02,4.382098830550252289e-01,-4.308589003767513970e-01,-4.321806476994983354e-02,5.240709155256517704e-01,3.804872009566057523e-03,1.993894019284749713e-02,1.414451841933481429e-03
-2.555277909485932919e-01,2.943955185429724536e-02,7.175258547311876844e-01,4.895953232341106881e-02,-5.096380755207002844e-01,-5.547158084231303132e-02,-8.572017848167859944e-01,-1.154090693350976915e+00,1.460890148033618108e-01,1.117034445170921875e-01,5.530661705300381481e-01,-8.222456321734958884e-01,-1.479110897587783413e-02,-1.204259208664613556e+00,-1.737000740945343624e-01,-1.821972755402642974e-01,9.204043138466273533e-01,-7.921983165953897510e-01,-1.073464647541785694e-01,2.806301870625601755e-02,2.336635206323627867e-01,-2.324002379255554751e-01,5.172868502410388203e-01,2.232917232864271295e-01,-5.609371634626132003e-02,4.714358193988245072e-01,-4.136710821191655514e-03,9.287819073711487544e-04,-3.545525911696783411e-02,4.297848309696122304e-01,-4.344693414776525930e-01,-4.138751252206459424e-02,5.108236208324936634e-01,3.783538125506572501e-03,1.640960556681370086e-02,2.018416891875476557e-03
-2.598701482671639251e-01,2.939667623139076078e-02,7.054814743672854771e-01,5.382711544913103968e-02,-4.901496075206057679e-01,-5.368213384233171820e-02,-8.683168962976333116e-01,-1.158755259198562149e+00,1.423094557615067202e-01,1.138852617559954206e-01,5.630501057637187223e-01,-8.126219249422975688e-01,-1.424111101815658982e-02,-1.202087741830045076e+00,-1.504302572874302579e-01,-1.891489415213726266e-01,9.621851363919990963e-01,-8.115100609705974133e-01,-1.161567336185389682e-01,3.556248504633625213e-02,2.419572070513928974e-01,-2.159968293207716328e-01,5.204678051799349614e-01,2.268691273844200273e-01,-5.392010310582544957e-02,4.651295239194297437e-01,-4.006862394714626359e-03,-1.251212238788947193e-03,-3.433946876404705278e-02,4.215249337243452410e-01,-4.373421004178810190e-01,-3.942443872247478054e-02,4.986559037912478010e-01,3.711694821104240781e-03,1.293828112632468968e-02,2.605324820077944796e-03
-2.641949450462109383e-01,2.906622500123503400e-02,6.932348747487871998e-01,5.745946129522355034e-02,-4.712862303763274419e-01,-5.216233420572791157e-02,-8.785594972769589228e-01,-1.167001250079974684e+00,1.369080652351560012e-01,1.125479890395247873e-01,5.811860080663859840e-01,-7.950521331096068733e-01,-1.182212987460920343e-02,-1.201945403196346351e+00,-1.278546770349045514e-01,-1.947592230895494048e-01,1.003709016638227647e+00,-8.347397186635028277e-01,-1.251234022693379633e-01,4.140743355489449884e-02,2.474964938937012915e-01,-2.004366584855059863e-01,5.242261507469880844e-01,2.319614854107776847e-01,-5.121305552601601585e-02,4.595974963760099952e-01,-3.886092608728487600e-03,-3.421241763239126193e-03,-3.321206314201740478e-02,4.129706629488924530e-01,-4.385065492173243484e-01,-3.752112733771807013e-02,4.883353362848646406e-01,3.589636300982540756e-03,9.638684791503850102e-03,3.116571550641771601e-03
-2.684693330584443927e-01,2.839745795770631798e-02,6.809049589339731812e-01,5.983474301258304151e-02,-4.532950013075171536e-01,-5.102405591213338837e-02,-8.878851226574926425e-01,-1.178362338409091548e+00,1.310449993119779111e-01,1.102697214575136253e-01,6.083014578096681557e-01,-7.807822111284723476e-01,-8.684176982872377284e-03,-1.205292106369133087e+00,-1.063977030829205139e-01,-1.992450925311418652e-01,1.049072977728632061e+00,-8.596173156151624140e-01,-1.344590793723376143e-01,4.562636307378021422e-02,2.501793283278697655e-01,-1.859983569915580337e-01,5.282466608301140676e-01,2.384700962315531581e-01,-4.793702362842222620e-02,4.549657678239358849e-01,-3.765993097411077500e-03,-5.574677798977474563e-03,-3.203663505805715017e-02,4.043166234726124908e-01,-4.378010382073976858e-01,-3.562212236851364927e-02,4.798621960288299015e-01,3.434390551640379916e-03,6.574826386219386962e-03,3.553889867442084488e-03
-2.726738203585764020e-01,2.740823551402974539e-02,6.686036592956431379e-01,6.081062841801940233e-02,-4.362570963287311643e-01,-5.041011476140649927e-02,-8.963485001404145613e-01,-1.192077844152744204e+00,1.245779168134710374e-01,1.083505419596035996e-01,6.425938980057954719e-01,-7.704496912826641619e-01,-5.380039102095015256e-03,-1.211411049876916168e+00,-8.651129352627662250e-02,-2.029935320244208863e-01,1.095741796629992049e+00,-8.842880525492953225e-01,-1.435702562259021098e-01,4.824992597922320853e-02,2.498265845171880328e-01,-1.725696119611353774e-01,5.319091213365221282e-01,2.461653237018679719e-01,-4.413220596906795856e-02,4.517906064656715404e-01,-3.638442704624374451e-03,-7.552341020257031037e-03,-3.085012746736190067e-02,3.955662935988111251e-01,-4.351990303739814991e-01,-3.384645005900178971e-02,4.732117664576763194e-01,3.269836161791037522e-03,3.833985107314275779e-03,3.889641717030713989e-03
-2.768185257297944291e-01,2.612418866288867755e-02,6.563684100867560600e-01,6.059387622054854955e-02,-4.201483085692872543e-01,-5.036004117520978540e-02,-9.040285654910281687e-01,-1.207970661236842158e+00,1.176240139681728331e-01,1.068730072553537580e-01,6.830907648566589829e-01,-7.636017581346713490e-01,-2.109131735343498532e-03,-1.220048722382105266e+00,-6.752445862624086026e-02,-2.057544541024929896e-01,1.142442480963211437e+00,-9.026553780633409518e-01,-1.515047386905509219e-01,4.950116676954650213e-02,2.468902041155657257e-01,-1.600205916024421415e-01,5.351788859880638460e-01,2.547913807082762827e-01,-3.985700695935236182e-02,4.497528324960755608e-01,-3.496012691177477830e-03,-9.363051858507422109e-03,-2.960230213207958039e-02,3.870522339672934908e-01,-4.310111179259236147e-01,-3.210040996159289894e-02,4.679499862870923343e-01,3.119471373809209677e-03,1.418143004733960367e-03,4.154626650393724793e-03
-2.809079555241599802e-01,2.458179611709946505e-02,6.442665329836083643e-01,5.914907817003619422e-02,-4.048829832154574593e-01,-5.084890405608472053e-02,-9.110354248932808208e-01,-1.225180039933147613e+00,1.099234142601442504e-01,1.062690399002804015e-01,7.281865952268479214e-01,-7.596633341338522305e-01,1.013392752238852484e-03,-1.230527811039379582e+00,-4.965263551148571541e-02,-2.078494190668911390e-01,1.187929269807541655e+00,-9.158858618777604432e-01,-1.585728585287941306e-01,4.965925013692247536e-02,2.413278373455132464e-01,-1.479359643614911457e-01,5.376362346419865101e-01,2.641043556376376222e-01,-3.519739916302757482e-02,4.490778305960443917e-01,-3.341583965533225821e-03,-1.089969884652923840e-02,-2.833967456099074217e-02,3.788274023807956525e-01,-4.254224340293971673e-01,-3.045305306262013553e-02,4.639084309300953168e-01,2.989012826115522870e-03,-6.658940650457558820e-04,4.337492804182938207e-03
-2.849447089195097371e-01,2.280826810404297869e-02,6.322938625255057898e-01,5.673703963773291115e-02,-3.903690551125930108e-01,-5.184996655859344661e-02,-9.174445433439121222e-01,-1.243588265813655891e+00,1.017319657425871382e-01,1.063676002630247891e-01,7.773332563976759202e-01,-7.582288717339804585e-01,4.013846523785682963e-03,-1.242591083968740406e+00,-3.211786299706358150e-02,-2.090937600003794916e-01,1.232219379997208764e+00,-9.250973842462063557e-01,-1.638723022994061918e-01,4.897697754301088419e-02,2.337371598021775743e-01,-1.363074060084860650e-01,5.394452400066225284e-01,2.739312839321147997e-01,-3.025351710243756598e-02,4.492912007382118822e-01,-3.173960983680239236e-03,-1.221293487770317918e-02,-2.703591181468704974e-02,3.712630418423352729e-01,-4.187947586357693708e-01,-2.880577392204505816e-02,4.606513870777458330e-01,2.880976201314621159e-03,-2.478702561568463334e-03,4.462453735359605579e-03
-2.889274504359987117e-01,2.086889088687197621e-02,6.205273332403542508e-01,5.365388206880614824e-02,-3.764792102990624501e-01,-5.362012344002010933e-02,-9.233144358850980948e-01,-1.262707768706320177e+00,9.290311336897198735e-02,1.068794622533489752e-01,8.293221081856626542e-01,-7.587526739951701016e-01,6.835672375618199841e-03,-1.256064213743244951e+00,-1.438571527028326830e-02,-2.070002306314669693e-01,1.278031286898400509e+00,-9.308788090226101097e-01,-1.691168744398865997e-01,4.751710144494373372e-02,2.251264603638864492e-01,-1.247730917413027718e-01,5.401037342959261744e-01,2.837670906706024065e-01,-2.519510771776904690e-02,4.507228040899831645e-01,-2.989362088869682195e-03,-1.322918349431947103e-02,-2.574208363088351798e-02,3.644562639689400418e-01,-4.115905734238781144e-01,-2.730778523946581979e-02,4.580576894888981898e-01,2.800849060911741149e-03,-4.055074083724390793e-03,4.522381924323073607e-03
-2.928161941559218606e-01,1.881800813914243781e-02,6.089434962585321687e-01,5.020872962002053547e-02,-3.631703797742325546e-01,-5.619135378713877721e-02,-9.286704961848152307e-01,-1.282555483519977502e+00,8.343616455029000123e-02,1.072121588039966766e-01,8.837139630624331055e-01,-7.611832042539108389e-01,9.535720276776410084e-03,-1.270492655245916813e+00,4.048817179176367881e-03,-2.016711913576870741e-01,1.325095438442431606e+00,-9.342714153993009196e-01,-1.742548629643176916e-01,4.543085525754592124e-02,2.161843773397431057e-01,-1.134487637209962707e-01,5.398618482746521119e-01,2.934119932970477018e-01,-2.017387312079993444e-02,4.529003751173121262e-01,-2.789214584258358637e-03,-1.401326766030230181e-02,-2.445110013622745632e-02,3.587233271996790318e-01,-4.041699923314574505e-01,-2.590820201779923948e-02,4.558198546610797153e-01,2.754264175798382553e-03,-5.473861553155821499e-03,4.548304019771372449e-03
-2.966309241973394961e-01,1.670677913437535606e-02,5.976217822129805679e-01,4.658210317035929582e-02,-3.504551835268923665e-01,-5.939396035339081920e-02,-9.335328754130177709e-01,-1.302862696521932540e+00,7.361503572912275750e-02,1.073784857218602062e-01,9.394951264437289007e-01,-7.650545926698748556e-01,1.204348282000592199e-02,-1.285535378832905140e+00,2.250554422269687022e-02,-1.942712861047808937e-01,1.372990562928221747e+00,-9.363050579058659340e-01,-1.783260281067850783e-01,4.321565606930776599e-02,2.072769410275444313e-01,-1.022152419317614580e-01,5.384258110199343639e-01,3.024663663287976423e-01,-1.523728158047104805e-02,4.559895067225917531e-01,-2.578768921480965263e-03,-1.454129959365419583e-02,-2.318648597755506094e-02,3.538844875543101787e-01,-3.968264403352603775e-01,-2.464416888428789393e-02,4.540054594084845796e-01,2.730434005174275838e-03,-6.739878759572335946e-03,4.545930882535663582e-03
-3.003691796176178319e-01,1.459710672488664929e-02,5.865593966500632916e-01,4.305385955451542651e-02,-3.384197254317932724e-01,-6.295992966941231506e-02,-9.378989827652822742e-01,-1.323920074002759684e+00,6.370297511226111209e-02,1.068736202213527581e-01,9.963469338035458867e-01,-7.703621836511566068e-01,1.447602349998275764e-02,-1.301469556210570033e+00,4.074693862444873915e-02,-1.855533519916300333e-01,1.421805865732202356e+00,-9.382870835770721341e-01,-1.808891595715877154e-01,4.129558198082129705e-02,1.989119348951024768e-01,-9.142701926033761084e-02,5.360920690966100022e-01,3.106803491150536556e-01,-1.046138876788305083e-02,4.595421051100445076e-01,-2.352886117741846434e-03,-1.492355099970527586e-02,-2.190975152563180012e-02,3.499118093829328702e-01,-3.898989942214142745e-01,-2.343375400484441415e-02,4.524345947823685821e-01,2.711751392151309347e-03,-7.903266422995700036e-03,4.539527255329993058e-03
-3.040685494782272014e-01,1.251496304164907356e-02,5.758344805816881795e-01,3.972625027117911156e-02,-3.270651582326117857e-01,-6.666176101532607368e-02,-9.418101809430617921e-01,-1.345449994904106550e+00,5.415950010446398538e-02,1.059028514236158014e-01,1.053445617292575465e+00,-7.766634480308911570e-01,1.673813564662929299e-02,-1.317928199876434503e+00,5.835935421346856444e-02,-1.764492605640582135e-01,1.470778455915836114e+00,-9.407672156549171660e-01,-1.835648391209912800e-01,4.003970325383202772e-02,1.912410779785314041e-01,-8.083849050619333620e-02,5.326558252196273990e-01,3.177606093981182322e-01,-5.845202657542334680e-03,4.636382956255227228e-01,-2.125692062603008053e-03,-1.514501687764472151e-02,-2.064212443660139520e-02,3.464527501460212822e-01,-3.835149361719620287e-01,-2.229563012137535105e-02,4.512389562490156658e-01,2.694510019839917257e-03,-8.945766450490517246e-03,4.537375335918372721e-03
-3.077225724275794994e-01,1.049553834869707859e-02,5.654507744619238219e-01,3.665742664870855899e-02,-3.164941927826954160e-01,-7.021078645900717674e-02,-9.452820237744561371e-01,-1.367628195489668963e+00,4.502684952971496707e-02,1.042945768760595027e-01,1.110468035606059667e+00,-7.840217772089427273e-01,1.890657511733866841e-02,-1.334929733477000724e+00,7.543594276161130763e-02,-1.673857235225542084e-01,1.519350577942310432e+00,-9.439097431611653821e-01,-1.862986712695134939e-01,3.957934645553845554e-02,1.842806778952687519e-01,-7.074043299090408687e-02,5.285056833560971556e-01,3.237358770055591140e-01,-1.427138625742430632e-03,4.678166879173519255e-01,-1.902400521691994997e-03,-1.527373817896351613e-02,-1.935644178035045640e-02,3.434197080767906196e-01,-3.777028506012852227e-01,-2.115407097725338290e-02,4.503689293651847447e-01,2.675938604807821548e-03,-9.864082428721054896e-03,4.547387231742235601e-03
-3.113675612533655657e-01,8.533902464531711168e-03,5.554602178948546687e-01,3.383122856063643796e-02,-3.066343736985406299e-01,-7.354916493463714566e-02,-9.483782627085031169e-01,-1.390068683325612842e+00,3.650049843296957613e-02,1.023366178944637717e-01,1.166755181748293069e+00,-7.920016993716664233e-01,2.091739431807430882e-02,-1.352183255733039768e+00,9.176351909111868377e-02,-1.587111546561067732e-01,1.567043343902849939e+00,-9.475423375253804181e-01,-1.891094489799157174e-01,3.986075572745895190e-02,1.780059076359483405e-01,-6.072890841855502209e-02,5.235080768644297944e-01,3.285056210142573985e-01,2.788532619467151003e-03,4.720910165563650951e-01,-1.693239437654889355e-03,-1.531320616861804075e-02,-1.808090539364117996e-02,3.405248922162009140e-01,-3.724284238755527499e-01,-2.003468895251796222e-02,4.498873485680137674e-01,2.652780354659546504e-03,-1.064860528795945338e-02,4.572853503114672306e-03
-3.149795617653548541e-01,6.655331591009911590e-03,5.458220744528119450e-01,3.126140235623399433e-02,-2.975085538051512879e-01,-7.648333473084607814e-02,-9.511370482974247365e-01,-1.412938011926768045e+00,2.841514716338788826e-02,9.981459503869527516e-02,1.222358114494568548e+00,-8.007414745880411244e-01,2.284483167589542590e-02,-1.369688157089288039e+00,1.077821950839899651e-01,-1.503916180854547868e-01,1.613610589059043976e+00,-9.516158285058945454e-01,-1.916124550874020727e-01,4.078690177375086934e-02,1.723660371730793561e-01,-5.103018540932149905e-02,5.181070197185367876e-01,3.322542240732203056e-01,6.735490116738555681e-03,4.759994709758426645e-01,-1.500696035074615886e-03,-1.534540119690553511e-02,-1.680188581681423682e-02,3.377920279015040883e-01,-3.676173634220074593e-01,-1.888327016451365331e-02,4.496442477235952917e-01,2.629722628004628037e-03,-1.132914990136967698e-02,4.621232860514802934e-03
-3.185916175424791108e-01,4.848348827509845957e-03,5.365783330981103161e-01,2.888512349487250275e-02,-2.890395399973082480e-01,-7.904228884923820975e-02,-9.536110897699875411e-01,-1.435869608221662874e+00,2.081863236124078045e-02,9.702438298884732970e-02,1.276712471297311247e+00,-8.098456196829326714e-01,2.465525833987725415e-02,-1.387253626098136294e+00,1.232155460075726877e-01,-1.425216289109411671e-01,1.658776772048946357e+00,-9.558565690689841965e-01,-1.937158276621106789e-01,4.216417295360134349e-02,1.672739276877619752e-01,-4.126396884789009650e-02,5.121476690594908288e-01,3.349427298338686354e-01,1.040660821403121064e-02,4.796215240954556647e-01,-1.328406403991402255e-03,-1.537546539125290469e-02,-1.555288604010702548e-02,3.350089733509432621e-01,-3.631946768211657406e-01,-1.774113490025356482e-02,4.496680202322607123e-01,2.603145702568069111e-03,-1.190281042907540519e-02,4.686606036847470666e-03
-3.221654716396197271e-01,3.128416246318742495e-03,5.276890186382429127e-01,2.667043764133837300e-02,-2.812805029099458842e-01,-8.114570922612579507e-02,-9.558165829869952335e-01,-1.458966226211932060e+00,1.374949222981630692e-02,9.409507517359567974e-02,1.329777091028332192e+00,-8.191992916112253997e-01,2.634715402552528785e-02,-1.404941092668456903e+00,1.380052664734727763e-01,-1.351426130939252790e-01,1.702434821404575471e+00,-9.602028658367435243e-01,-1.952395649667640065e-01,4.389421831294933185e-02,1.626079128155089870e-01,-3.192549882973805264e-02,5.060329334500851539e-01,3.367792636491081515e-01,1.373426230806787905e-02,4.826813353608584989e-01,-1.165566594124929417e-03,-1.545385728589600098e-02,-1.432598509874680008e-02,3.322957590478861634e-01,-3.590473016908024007e-01,-1.660155759798116401e-02,4.498282975185792232e-01,2.580596899594932506e-03,-1.239037556968624297e-02,4.768789353316484417e-03
-3.257350435033535274e-01,1.484657248251925864e-03,5.191909562855460125e-01,2.456020334263337226e-02,-2.741438536938685111e-01,-8.283893631631203402e-02,-9.577993811459809548e-01,-1.481912764447820940e+00,7.199205541401538372e-03,9.122237993230765396e-02,1.381131420617370598e+00,-8.285075782689430568e-01,2.792067215048074993e-02,-1.422582196324381876e+00,1.519358952048827371e-01,-1.282533904079905807e-01,1.744404652784950827e+00,-9.644489220880129166e-01,-1.961541678132178168e-01,4.578835497830083950e-02,1.582950785189314591e-01,-2.262088455204093809e-02,4.995835293610016437e-01,3.377379786852337529e-01,1.672419006856324872e-02,4.852878253128163344e-01,-1.018165698252239144e-03,-1.558133389903521189e-02,-1.315130961555634019e-02,3.294676843378306352e-01,-3.551212434301934118e-01,-1.549690969302312642e-02,4.501329193400224193e-01,2.558298847202754214e-03,-1.279625850985114700e-02,4.858485103305081564e-03
-3.292726331921124738e-01,-7.406519891698672663e-05,5.110517606377064093e-01,2.254600731637142544e-02,-2.676995552446585491e-01,-8.416643603707762988e-02,-9.595543948733272765e-01,-1.504894885404760130e+00,1.025073527758268120e-03,8.842996550838165548e-02,1.430708285310543504e+00,-8.376380861874445083e-01,2.941858599061554849e-02,-1.440338449257336784e+00,1.648413443339311890e-01,-1.218809162972024768e-01,1.784663774132910774e+00,-9.685191692221396531e-01,-1.964505430027134458e-01,4.776501162235968767e-02,1.542658781549849922e-01,-1.381440648725678483e-02,4.931325927060790093e-01,3.379933655486627719e-01,1.932336955375616935e-02,4.872780242753318447e-01,-8.867414290594536827e-04,-1.578636797782029255e-02,-1.203944727226937891e-02,3.266625489816539218e-01,-3.513572107879713857e-01,-1.444332924603720231e-02,4.504564700221027618e-01,2.531311195286228659e-03,-1.315430006188902413e-02,4.940177386896660999e-03
-3.328109090667688563e-01,-1.563627613613496545e-03,5.033025318428714368e-01,2.058244355238756165e-02,-2.618392134825494599e-01,-8.518246640074038367e-02,-9.611246208053032536e-01,-1.527616127368159216e+00,-4.757242892950846146e-03,8.585483670162613601e-02,1.478221203363171865e+00,-8.463703872310758269e-01,3.085077165857980433e-02,-1.458047591702120505e+00,1.767303114962213706e-01,-1.159388599262323599e-01,1.823113884309664812e+00,-9.722902778944457758e-01,-1.961486884651418017e-01,4.964708666772952445e-02,1.504592803574823501e-01,-5.075637077805752323e-03,4.864871961842660575e-01,3.375576311620254732e-01,2.155209612678096395e-02,4.887579027565095435e-01,-7.721353848490421397e-04,-1.606436105493642963e-02,-1.100454815321452208e-02,3.237078728356430068e-01,-3.477005012569332476e-01,-1.345966326455977011e-02,4.508098609815984203e-01,2.502360064577825640e-03,-1.346802665590737975e-02,5.011249698083909861e-03
-3.363354039073833124e-01,-2.991079524175289765e-03,4.958902403017683702e-01,1.860464889579595271e-02,-2.566606168424162004e-01,-8.594877885648082028e-02,-9.624925985245875726e-01,-1.550339192620139750e+00,-1.030093691393993253e-02,8.361673755174933720e-02,1.523628336225864022e+00,-8.546489958220567784e-01,3.238375444763538086e-02,-1.476064171371869183e+00,1.875225222935706926e-01,-1.103247114198600276e-01,1.859914780097513320e+00,-9.757066435602832488e-01,-1.953822803234772087e-01,5.137975249833062058e-02,1.466743305750928261e-01,3.092768127972416597e-03,4.799421166947628326e-01,3.366610173831769415e-01,2.337727055628273723e-02,4.896115294683286434e-01,-6.512740630124313991e-04,-1.644127962260890502e-02,-1.004669419191252938e-02,3.207362531547889861e-01,-3.440872697683255987e-01,-1.254072057482963180e-02,4.511067321970509414e-01,2.470696438246296114e-03,-1.376811015006862773e-02,5.062877555879822557e-03
-3.398761312912698118e-01,-4.369288063993663485e-03,4.888418767226496708e-01,1.660241654663643235e-02,-2.520211201836383696e-01,-8.650889176938213188e-02,-9.637042733074436818e-01,-1.572753326578322453e+00,-1.554079088482087853e-02,8.176582531213139049e-02,1.566771825629109660e+00,-8.623229561612880678e-01,3.398626144113385539e-02,-1.494141878825251846e+00,1.972874132492345722e-01,-1.049949629817285290e-01,1.894985521691179509e+00,-9.786860925765969998e-01,-1.941491171243005798e-01,5.284633614802245610e-02,1.429355505096673862e-01,1.117633173411616485e-02,4.732814116800929671e-01,3.353012482342283551e-01,2.483060737418765762e-02,4.899572379834102875e-01,-5.344848999843905069e-04,-1.690430589579501250e-02,-9.174248190040968504e-03,3.175971046230954276e-01,-3.405030392718000898e-01,-1.170221404944514661e-02,4.513440460094012563e-01,2.440246315361402872e-03,-1.405422904567229028e-02,5.095614814304666278e-03
-3.434058181691999612e-01,-5.690609272236656947e-03,4.821071647682209638e-01,1.456680071220849138e-02,-2.479987955303003255e-01,-8.688921591439859038e-02,-9.647459094965423754e-01,-1.595145196817998157e+00,-2.060235853140195833e-02,8.030682783914988576e-02,1.607781255339020277e+00,-8.694382308568424644e-01,3.568443492961648200e-02,-1.512519305882070064e+00,2.060710397116040649e-01,-9.989788296644371013e-02,1.928419527454839688e+00,-9.812540711284659656e-01,-1.925916489685464139e-01,5.410178747734975535e-02,1.391222444117220514e-01,1.874937023168332315e-02,4.667677324130709016e-01,3.336755023071583670e-01,2.590425993063259422e-02,4.897272744888921947e-01,-4.181056146043949338e-04,-1.744047007267039359e-02,-8.371084929498227509e-03,3.144198408271604572e-01,-3.369081184383851402e-01,-1.095902002677403078e-02,4.514663267820544501e-01,2.419086527460367897e-03,-1.433221945239285776e-02,5.089845776178325565e-03
-3.469499027277169745e-01,-6.964579255037914654e-03,4.757093380329945886e-01,1.248982771293447210e-02,-2.444414508911368633e-01,-8.714145391335735569e-02,-9.656597476853852058e-01,-1.617198241662192615e+00,-2.545067312905169646e-02,7.927121924216573579e-02,1.646558326717909138e+00,-8.758989350258776785e-01,3.740493662666800889e-02,-1.530912221515249527e+00,2.138974600354313360e-01,-9.498841842822379478e-02,1.960164715356993215e+00,-9.833227515078498682e-01,-1.906734518383180199e-01,5.502696898029219713e-02,1.352823083819011674e-01,2.629408183337413052e-02,4.601878295450889667e-01,3.317736755134721993e-01,2.663975045631202312e-02,4.890458523306117633e-01,-3.070378201138510921e-04,-1.804569059896383998e-02,-7.647119284185750418e-03,3.110773739765487766e-01,-3.333134029364585027e-01,-1.031568156614407102e-02,4.514729936546860722e-01,2.405752089532172192e-03,-1.460810665762660686e-02,5.054609317118577763e-03
-3.504817415614098208e-01,-8.200040545332276318e-03,4.696084735713798031e-01,1.039245386828828617e-02,-2.414699014201223404e-01,-8.742617961540921634e-02,-9.664062017229630985e-01,-1.639302085488105742e+00,-3.000408162119984692e-02,7.876745056807085699e-02,1.683122424925813210e+00,-8.811652424533814587e-01,3.918558688503002985e-02,-1.549576239353434470e+00,2.205749758090716772e-01,-9.029129367405938633e-02,1.990259374539639525e+00,-9.848972602393930575e-01,-1.885147677074404948e-01,5.561782245033942279e-02,1.313081154087389346e-01,3.326178760143759516e-02,4.536402998611720472e-01,3.298325149539407253e-01,2.702531875588292179e-02,4.878911764007544116e-01,-2.153218397925032047e-04,-1.868257164012753629e-02,-7.008071409532725705e-03,3.077379449086686813e-01,-3.296399311858217995e-01,-9.827545961523097284e-03,4.513250127933661759e-01,2.400298115542563292e-03,-1.489690689230916722e-02,4.976753500995551027e-03
-3.540187039973942684e-01,-9.396880515571158499e-03,4.638207166300117312e-01,8.262534881564391129e-03,-2.388947631916512326e-01,-8.776379125144870286e-02,-9.670359556821588320e-01,-1.661065863506233420e+00,-3.430056221259833449e-02,7.879563270271598696e-02,1.717451797896400567e+00,-8.852747689551693222e-01,4.099365130202359264e-02,-1.568125014768009029e+00,2.261050690400952246e-01,-8.574797068857616111e-02,2.018683255757476314e+00,-9.858548159013912349e-01,-1.860450213096479510e-01,5.580383104500705183e-02,1.272571062534888497e-01,4.018246254137926993e-02,4.469518286785182370e-01,3.278065114953623849e-01,2.711517298727559450e-02,4.863711158237026266e-01,-1.346269517473308434e-04,-1.936148705098569844e-02,-6.452149475884754251e-03,3.042981989251813402e-01,-3.259527417419178508e-01,-9.467961031898614391e-03,4.510151979829559177e-01,2.403391769634372673e-03,-1.520006515356335693e-02,4.867154219993412648e-03
-3.575146466779339782e-01,-1.053948542890082926e-02,4.583163567206239297e-01,6.116209640556687609e-03,-2.367263434328612248e-01,-8.811892979065480414e-02,-9.675527295796791938e-01,-1.682672730746110901e+00,-3.845253997282704894e-02,7.909455184657539217e-02,1.749828472368923471e+00,-8.881926750549938854e-01,4.268859964766236192e-02,-1.586530790019086368e+00,2.305532757251758935e-01,-8.133986410089370789e-02,2.045469792814980536e+00,-9.861627814090528910e-01,-1.833171149537238531e-01,5.583196008419567813e-02,1.230317280106313499e-01,4.675317899221374807e-02,4.403712323225826286e-01,3.257948291220662540e-01,2.693066288078865486e-02,4.845095318662538397e-01,-3.508627160110812252e-05,-2.007975169863626327e-02,-5.945967800682570512e-03,3.009052349348866340e-01,-3.223021955639060465e-01,-9.195930659067029847e-03,4.505616986225287057e-01,2.403663629994354321e-03,-1.552306889431985006e-02,4.735125722501411748e-03
-3.609767728741960502e-01,-1.162475904245176273e-02,4.531048297909810452e-01,3.923704852206930972e-03,-2.348130463978054805e-01,-8.853907247812797809e-02,-9.679918751861124049e-01,-1.703718523785202832e+00,-4.245336698035855061e-02,7.986925780364161065e-02,1.780168745113203110e+00,-8.900625291946684392e-01,4.426404480187331320e-02,-1.604430135746446995e+00,2.337702782672580470e-01,-7.694822174521977198e-02,2.070610166605865388e+00,-9.856670483592563370e-01,-1.801790911252683369e-01,5.557399648245779644e-02,1.186611346085352930e-01,5.337192348497316052e-02,4.337870701089650005e-01,3.237605124924503586e-01,2.651936423404795129e-02,4.824007884750332598e-01,7.130432796559137794e-05,-2.083595799244987445e-02,-5.499248788630201924e-03,2.974969724566131624e-01,-3.187405219783497334e-01,-8.994564236123736914e-03,4.499669095914667905e-01,2.405783919167842413e-03,-1.586318982768655447e-02,4.589073908058873691e-03
-3.643710717292985013e-01,-1.264116949235640809e-02,4.481377194675181252e-01,1.650396823164281901e-03,-2.332281226144317654e-01,-8.905925093770888923e-02,-9.683338106430480208e-01,-1.724449807915351851e+00,-4.633381278694538585e-02,8.119059578737410077e-02,1.808752818724511657e+00,-8.911583871629680242e-01,4.560660108639686544e-02,-1.621980443380740988e+00,2.354838957639578956e-01,-7.247500649427079944e-02,2.094163193148760094e+00,-9.840395190019194382e-01,-1.767064930859761629e-01,5.517980695151703668e-02,1.139984977119568865e-01,5.960638878029698995e-02,4.274134047617338394e-01,3.218004072156810391e-01,2.589719754306673768e-02,4.800553715074020178e-01,1.854533020679647725e-04,-2.163040161570915776e-02,-5.108109176130973088e-03,2.942705163817017633e-01,-3.152760900238524844e-01,-8.859252612187548670e-03,4.492427184148377606e-01,2.421397395106104564e-03,-1.621102617397066764e-02,4.407669103596982899e-03
-3.677028445046112703e-01,-1.358103422119945509e-02,4.434226936434352839e-01,-7.300550075191477011e-04,-2.318309389403571674e-01,-8.972201795941554814e-02,-9.686092309404280565e-01,-1.744562475784180222e+00,-5.016459387663294023e-02,8.314055335039870209e-02,1.835604325935525694e+00,-8.916556723170513399e-01,4.677447523266147628e-02,-1.638811828026532691e+00,2.355400157602708933e-01,-6.781141275652428912e-02,2.116147249136667075e+00,-9.812562850423198757e-01,-1.730095199527890981e-01,5.453308621612150409e-02,1.090897145969152299e-01,6.581673708209014040e-02,4.211535349808155360e-01,3.198573807735896057e-01,2.510392241689032855e-02,4.775647567645270875e-01,3.013693337130719406e-04,-2.245399182968747104e-02,-4.773903282004558941e-03,2.911704704334022731e-01,-3.119750957729472418e-01,-8.783139906490213325e-03,4.483931868711252822e-01,2.445619245595456737e-03,-1.656841603136485069e-02,4.209145073158557411e-03
-3.709428069429691610e-01,-1.443661715507336962e-02,4.389134767682675853e-01,-3.237219945885854832e-03,-2.307035426094291575e-01,-9.052606114009341398e-02,-9.687984455442423259e-01,-1.764264514116941962e+00,-5.394559575008808783e-02,8.581080434662759215e-02,1.860998878354969577e+00,-8.917276202942395757e-01,4.779230096241297854e-02,-1.655158819518338653e+00,2.338118977804248266e-01,-6.289843233224116925e-02,2.136651834087082591e+00,-9.770624785925076106e-01,-1.692565110063903033e-01,5.379853250556267119e-02,1.038264761470955172e-01,7.155071509609149671e-02,4.152141370899429251e-01,3.179680779522357503e-01,2.416536968345502426e-02,4.749901400317600997e-01,4.138344038972204333e-04,-2.325954571827820380e-02,-4.483850847383454366e-03,2.883638625047266757e-01,-3.088699076030591018e-01,-8.753036409627296122e-03,4.474712444502295106e-01,2.475833468563644682e-03,-1.691183355296175389e-02,3.992940589513653549e-03
-3.741017004977427174e-01,-1.520581248278273997e-02,4.346205191468041074e-01,-5.855220066220238016e-03,-2.297318628938350149e-01,-9.144988006751532394e-02,-9.689302900647394079e-01,-1.783333179573999061e+00,-5.763819145626932622e-02,8.912291651707554552e-02,1.884954713930817372e+00,-8.914863068236276167e-01,4.870283144616765342e-02,-1.670743934390323648e+00,2.304306807010380320e-01,-5.768964617704795683e-02,2.155735370193739175e+00,-9.718090112134156744e-01,-1.653951831092499158e-01,5.297789524291986879e-02,9.829193813139611158e-02,7.713104056550838805e-02,4.095167552768307351e-01,3.160774823112130205e-01,2.312969659347713369e-02,4.723983664069772992e-01,5.217704739992918162e-04,-2.405547607114297270e-02,-4.235124296045358200e-03,2.857443207724933987e-01,-3.060097647511662577e-01,-8.761668382815349099e-03,4.464921196702568706e-01,2.509047578461366407e-03,-1.724547228448929104e-02,3.773489583648460387e-03
-3.771621597366989764e-01,-1.588863893596815721e-02,4.304962164426029414e-01,-8.577060596845698798e-03,-2.290302981643873304e-01,-9.246398575897421535e-02,-9.689798593839878960e-01,-1.802144318250568977e+00,-6.130895125202313889e-02,9.297056203978260047e-02,1.907610940506209607e+00,-8.911184165645341659e-01,4.950688834647143377e-02,-1.685807925351552772e+00,2.255077210569526036e-01,-5.213253746707745273e-02,2.173529925225598625e+00,-9.659723959758477196e-01,-1.615067013996140111e-01,5.222728920439682898e-02,9.240538870714291864e-02,8.212462930579478293e-02,4.042626521719149268e-01,3.142209464274795527e-01,2.201495276634081802e-02,4.698087581108403854e-01,6.369462993121234769e-04,-2.483847914662797376e-02,-4.030042628713255241e-03,2.834148466416091527e-01,-3.034164248609982906e-01,-8.777256704003456866e-03,4.455033796091100173e-01,2.533799868948620731e-03,-1.756443813286992853e-02,3.553972754690907718e-03
-3.801435703952744105e-01,-1.649013392235955389e-02,4.265542357680131014e-01,-1.135940273486336222e-02,-2.285184886307996266e-01,-9.349091821462396368e-02,-9.689735355182760301e-01,-1.820533593244303194e+00,-6.480114109642565179e-02,9.721609429627084409e-02,1.928987231703379157e+00,-8.906677696127071053e-01,5.021370024928607095e-02,-1.700069832148446647e+00,2.193806506608541873e-01,-4.621668910305609668e-02,2.189893968941121205e+00,-9.599195167719677402e-01,-1.575644644363044522e-01,5.164066965699441042e-02,8.625406578424681114e-02,8.681904565459906686e-02,3.993820791401992421e-01,3.123592220284052146e-01,2.087828995125109652e-02,4.672583802748992432e-01,7.505505547934323337e-04,-2.561274511900914208e-02,-3.855874491292609913e-03,2.812142827120212574e-01,-3.011132298211782743e-01,-8.795304041277618792e-03,4.445150903782362217e-01,2.553258965861899665e-03,-1.786517522515104761e-02,3.344940498827927988e-03
-3.830332714806227723e-01,-1.700961852097624891e-02,4.227413371919335749e-01,-1.420331552683154995e-02,-2.283112913992102477e-01,-9.448559042754246795e-02,-9.688883801807243179e-01,-1.838909877087081091e+00,-6.811716786396668222e-02,1.016896362535875814e-01,1.949334318616829709e+00,-8.901975216125309620e-01,5.076605263908627597e-02,-1.713816122096655015e+00,2.122606956652329235e-01,-3.991889274859812542e-02,2.204899604156270065e+00,-9.538780809799968230e-01,-1.538351795234891017e-01,5.135999561863874296e-02,7.977450586904574759e-02,9.079294133789105048e-02,3.950830507397828373e-01,3.105328070186340050e-01,1.975009393781072126e-02,4.647350559579460083e-01,8.706007515990080940e-04,-2.637438700684700821e-02,-3.685104082218319203e-03,2.792213332856712249e-01,-2.990908352046641738e-01,-8.789225911903337032e-03,4.435603763876865835e-01,2.577212255228843434e-03,-1.813565361192486652e-02,3.145723693496181930e-03
-3.858536865248518022e-01,-1.745920397049794195e-02,4.190721614829814867e-01,-1.707026399501562069e-02,-2.283123727420870996e-01,-9.539887598646408506e-02,-9.687523527716136451e-01,-1.857069616469429807e+00,-7.113903697149050187e-02,1.062870782612232168e-01,1.968641201403739105e+00,-8.897241248941355485e-01,5.119858988549335493e-02,-1.726839561071999540e+00,2.045321092568248011e-01,-3.328041787383485134e-02,2.218494209275804874e+00,-9.481540953029556906e-01,-1.501604036461793579e-01,5.141516295266843062e-02,7.304561570550947847e-02,9.439236534129646916e-02,3.912755080287090848e-01,3.087356828279386178e-01,1.867894440785819801e-02,4.622657205076480813e-01,9.866912028744390800e-04,-2.712602687076548502e-02,-3.517859064632181468e-03,2.772547779961688774e-01,-2.973398220905039135e-01,-8.766814166272850900e-03,4.426397441598076132e-01,2.600909361386249691e-03,-1.837686855944493935e-02,2.962544011387870796e-03
-3.885971224151926195e-01,-1.785301334890717836e-02,4.155130326279014019e-01,-1.991293141163320152e-02,-2.285977966993023858e-01,-9.617097371185254207e-02,-9.685544209398526672e-01,-1.875182585551351755e+00,-7.368792294494365402e-02,1.109059209919038974e-01,1.987025221238846395e+00,-8.892164708541757667e-01,5.153124146857680776e-02,-1.739595145783870755e+00,1.965592037273342918e-01,-2.651277779648123986e-02,2.230886377426978040e+00,-9.429097153824850253e-01,-1.465962189766381041e-01,5.191572025887616210e-02,6.608107456394736456e-02,9.735029461047108035e-02,3.880648973474032370e-01,3.070112643849285394e-01,1.768837237074613253e-02,4.598733187547604517e-01,1.095524477716947661e-03,-2.784268346791148735e-02,-3.333028340455252998e-03,2.753832893349966726e-01,-2.958137575066599467e-01,-8.714493790114550414e-03,4.418122888122764658e-01,2.615226742419384659e-03,-1.857444919327445182e-02,2.796437828199762818e-03
-3.912831887896024985e-01,-1.820288300077017862e-02,4.120783537430375287e-01,-2.270648248900546118e-02,-2.290429912777573185e-01,-9.681815176552974189e-02,-9.683232772624127405e-01,-1.893003194593471550e+00,-7.579364329744352202e-02,1.154985643275212581e-01,2.004463648566178424e+00,-8.886967971928307897e-01,5.176967547880629433e-02,-1.751961781147316932e+00,1.885765098587425803e-01,-1.972285777375287763e-02,2.242233879553525266e+00,-9.383008887990944569e-01,-1.430416105711565800e-01,5.277302578271837047e-02,5.897284375731373651e-02,1.000638214050203895e-01,3.853411275898840915e-01,3.053610602760743475e-01,1.680649919428225947e-02,4.575876664972860497e-01,1.194138773153767541e-03,-2.853020003975893434e-02,-3.138655340610027340e-03,2.734495404641331673e-01,-2.945012132241229819e-01,-8.649588140165125755e-03,4.410588425096422238e-01,2.623374011465448748e-03,-1.873380535136874234e-02,2.647494214567560136e-03
-3.939091269222786407e-01,-1.851173571490135478e-02,4.087488107273016258e-01,-2.539576045861650921e-02,-2.296691741113400242e-01,-9.732391651286549650e-02,-9.680574265446959537e-01,-1.910570568904049082e+00,-7.738255494687909519e-02,1.198986957013361970e-01,2.021293235648085940e+00,-8.881086987601711780e-01,5.192852199560504811e-02,-1.764363832594226578e+00,1.806231447294804060e-01,-1.321782941363876078e-02,2.252777748774141386e+00,-9.341510856548232988e-01,-1.399401118285699963e-01,5.397379252949608547e-02,5.189935136079817241e-02,1.023712301041490996e-01,3.831671595974991407e-01,3.037959925047865051e-01,1.598781881363646462e-02,4.554426142939323463e-01,1.322097289735865017e-03,-2.918940812500859724e-02,-2.943881585494058373e-03,2.715604746970076699e-01,-2.933836321112190393e-01,-8.589834813788360668e-03,4.403943653641764211e-01,2.652034780224686236e-03,-1.886540126865790881e-02,2.516469305512923464e-03
-3.964906539894166859e-01,-1.878650108389348997e-02,4.055387539267115704e-01,-2.798250326828846668e-02,-2.303607613641342200e-01,-9.771771115249514028e-02,-9.677820767412946834e-01,-1.927659637369698808e+00,-7.853534884912756475e-02,1.241286389278818819e-01,2.037425688268501123e+00,-8.874896728304084714e-01,5.201137410107640330e-02,-1.776643654831481234e+00,1.727801294157343404e-01,-6.991996988168069395e-03,2.262665844161227735e+00,-9.305053812774338740e-01,-1.371361125917089363e-01,5.541162201304510732e-02,4.491018318865094144e-02,1.046299159408763946e-01,3.814334599270900461e-01,3.023079229706084337e-01,1.525551727330740764e-02,4.534686753482746191e-01,1.457194117226813740e-03,-2.981461095744309883e-02,-2.750390780997581403e-03,2.695885357259512616e-01,-2.924551172270138388e-01,-8.550450656802216151e-03,4.398034785926906443e-01,2.688368968385384042e-03,-1.897042242963108832e-02,2.398979478993779838e-03
-3.990154193202065103e-01,-1.903529713401929183e-02,4.024292146181025487e-01,-3.041363357804122841e-02,-2.311716634479863697e-01,-9.795377383335519828e-02,-9.674914630647003522e-01,-1.944506842273101777e+00,-7.915066723381587732e-02,1.280353583482078672e-01,2.052636049712731392e+00,-8.868523761443549702e-01,5.214676762625330281e-02,-1.789040853639113582e+00,1.652885954580574912e-01,-1.129361323117856857e-03,2.272072908992540441e+00,-9.274250021012225842e-01,-1.346114785810632042e-01,5.719382101908143667e-02,3.811729224360331514e-02,1.066603701972838880e-01,3.801765283566998499e-01,3.008369367135148575e-01,1.463106061998165064e-02,4.517160324206428434e-01,1.555741714307141890e-03,-3.037252456395633099e-02,-2.547869013044713662e-03,2.676517010595420021e-01,-2.917322908791907810e-01,-8.521342494461866743e-03,4.393217698280847960e-01,2.713220871475784893e-03,-1.903903565927092881e-02,2.280134859181591391e-03
-4.014961077605482820e-01,-1.926217906456457324e-02,3.994323359009422370e-01,-3.270116840792614693e-02,-2.319960305486169216e-01,-9.806727124093955750e-02,-9.672079847198309377e-01,-1.960879807699380528e+00,-7.933334990907756068e-02,1.316489663619196671e-01,2.066943379536828385e+00,-8.862165941175641493e-01,5.226098284478470496e-02,-1.801355829953941390e+00,1.581015912701952686e-01,4.387686503916755562e-03,2.281049125112865728e+00,-9.248341347858840544e-01,-1.322935361076957306e-01,5.920506901285178120e-02,3.155259081921935743e-02,1.087788793529006204e-01,3.793077496290352402e-01,2.993809929222022159e-01,1.411685694659485860e-02,4.501989072661182756e-01,1.631192145223694023e-03,-3.086780241597671809e-02,-2.339426235903108164e-03,2.656440201789525002e-01,-2.912106927563122283e-01,-8.518377712902052215e-03,4.389292613985759095e-01,2.730868127100763518e-03,-1.907530000381426824e-02,2.165005444727338517e-03
-4.039251286063453295e-01,-1.947585873712858948e-02,3.965379307011197008e-01,-3.479086522048938090e-02,-2.328827128893355969e-01,-9.802193721575440388e-02,-9.669265419663393146e-01,-1.976875733601418439e+00,-7.903226555746958870e-02,1.347903068400149451e-01,2.080353658826699537e+00,-8.854965498114492073e-01,5.244520130145058356e-02,-1.813813285061053771e+00,1.513621444716382047e-01,9.419219463924688104e-03,2.289636115739803301e+00,-9.225713675999296370e-01,-1.301941071641533887e-01,6.149718368786016853e-02,2.542426669489775137e-02,1.107656374944739897e-01,3.788603342781081684e-01,2.978928521474753510e-01,1.369810138927764903e-02,4.489661190133196755e-01,1.697834218398660763e-03,-3.128884240155857532e-02,-2.111974757420616213e-03,2.636894781160420975e-01,-2.908976205925989933e-01,-8.538497332785601954e-03,4.386591396172117019e-01,2.750468252165762500e-03,-1.907899942833652177e-02,2.054359203926859299e-03
-4.063139671513048556e-01,-1.968184460780560488e-02,3.937563407420452966e-01,-3.671101479069885376e-02,-2.337466197079433872e-01,-9.784625077949207772e-02,-9.666648490436295926e-01,-1.992302570068194445e+00,-7.832994995634547097e-02,1.375057774543128608e-01,2.092893832565239087e+00,-8.847328851901435920e-01,5.259535892965238463e-02,-1.826209630926324490e+00,1.450037753833119669e-01,1.401302104020445138e-02,2.297846689545738119e+00,-9.205989986072452558e-01,-1.283016220209810265e-01,6.396601614560896987e-02,1.971044099921058501e-02,1.128850998835356501e-01,3.787659027907845366e-01,2.963905431854756412e-01,1.337540700420805639e-02,4.480011833822482026e-01,1.755187517492575984e-03,-3.163878415173618924e-02,-1.874289794265372993e-03,2.616904166358969275e-01,-2.907703935561281039e-01,-8.591178013949110626e-03,4.384948683376193035e-01,2.769062911446206789e-03,-1.905185846428148616e-02,1.949802027777055658e-03
-4.086511596568024318e-01,-1.989119868166968827e-02,3.910829853566639147e-01,-3.843605496782911968e-02,-2.346648784271898047e-01,-9.753804141064853495e-02,-9.664064336442698133e-01,-2.007223275280328512e+00,-7.710657545077273523e-02,1.398489618502388732e-01,2.104553413131006412e+00,-8.839999254308632537e-01,5.272721368258454638e-02,-1.838719830107964137e+00,1.391315723243949642e-01,1.809489109112849548e-02,2.305632567648854270e+00,-9.187775641765144607e-01,-1.264962728166938999e-01,6.667548719194024698e-02,1.439904956854744927e-02,1.148972088903218031e-01,3.790440980346353461e-01,2.948919599897243948e-01,1.312024672584228072e-02,4.473157519199362775e-01,1.808546235450299734e-03,-3.189924427960764280e-02,-1.634067262593829608e-03,2.597627186886691253e-01,-2.907762653184101098e-01,-8.678960335787719999e-03,4.384688251473924936e-01,2.782682631591662514e-03,-1.899758142756392820e-02,1.846669604639709613e-03
-4.109473875412759658e-01,-2.010740183579255713e-02,3.885267169462443548e-01,-3.998713326812561308e-02,-2.355642220412483279e-01,-9.712578230915287769e-02,-9.661661911275581938e-01,-2.021501163792657429e+00,-7.546934490484939750e-02,1.418362523259494024e-01,2.115365949422955971e+00,-8.833076791243517079e-01,5.277933032171157335e-02,-1.851142346974555597e+00,1.336667531989702007e-01,2.170783236426276214e-02,2.312997884917547875e+00,-9.171086758069084688e-01,-1.248053970649508210e-01,6.952752447327806284e-02,9.484571195337113472e-03,1.170286768496019980e-01,3.796369420468150291e-01,2.934029780496287820e-01,1.293597539401823357e-02,4.468883668620001748e-01,1.855954247903297870e-03,-3.208211499489732610e-02,-1.394030096075075074e-03,2.578227029416621519e-01,-2.909086050150546110e-01,-8.801864769386553988e-03,4.385518641113098082e-01,2.792907330681524119e-03,-1.891442416389355063e-02,1.747060723906794033e-03
-4.131933634743804040e-01,-2.031043552099030466e-02,3.860831833339584684e-01,-4.133386978722960320e-02,-2.364998006017912935e-01,-9.657265870428337340e-02,-9.659363732226419197e-01,-2.035304718228108989e+00,-7.338779422565196164e-02,1.433690240601290800e-01,2.125457887241291921e+00,-8.826932956060444813e-01,5.267974573477089695e-02,-1.863543710726834890e+00,1.286237874350267818e-01,2.485279927695541527e-02,2.319930408883583262e+00,-9.157280759079818866e-01,-1.232284116919710043e-01,7.248357925353654529e-02,5.041952606415357752e-03,1.191148025364029278e-01,3.805677536261387606e-01,2.919018944044530772e-01,1.281218738036812681e-02,4.467091745114348811e-01,1.903076561528666303e-03,-3.219686609905813429e-02,-1.144834585909598789e-03,2.559779670445830879e-01,-2.911560712619511992e-01,-8.940736086127018187e-03,4.387577263142182771e-01,2.799188144006408991e-03,-1.881026946369224878e-02,1.654537988638183233e-03
-4.153992105456286721e-01,-2.050426169352967051e-02,3.837601131846534175e-01,-4.250370821161972290e-02,-2.374170014819339536e-01,-9.590596241589316451e-02,-9.657270051979853775e-01,-2.048513929575092707e+00,-7.095499118765209723e-02,1.445084608300376827e-01,2.134831177820491366e+00,-8.821513674978128661e-01,5.241342284905606969e-02,-1.875770775049424577e+00,1.239418163636790138e-01,2.758954640701591007e-02,2.326426379881727957e+00,-9.146039642401979641e-01,-1.217662107807741811e-01,7.546186683751483770e-02,1.042652408617061877e-03,1.213342252505499735e-01,3.817756012892061790e-01,2.904049359448213075e-01,1.274308065394396706e-02,4.467515174338095862e-01,1.946294946460507729e-03,-3.224811738379054771e-02,-8.943909190076760642e-04,2.541630776129490399e-01,-2.915016474552447612e-01,-9.103094546492454531e-03,4.390570546850497413e-01,2.802832420392890097e-03,-1.868353402945922490e-02,1.567751538455946538e-03
-4.175536271844753067e-01,-2.067012745807033161e-02,3.815472814460003081e-01,-4.347739840285184953e-02,-2.383746959815938593e-01,-9.509624134178824850e-02,-9.655277960920991553e-01,-2.061280860725504205e+00,-6.815848599399379482e-02,1.452566812711185706e-01,2.143597492707639329e+00,-8.817417155659608152e-01,5.188089784918364922e-02,-1.887902209091868899e+00,1.196726968868691288e-01,2.992698250501246021e-02,2.332493263532215089e+00,-9.139051280936771882e-01,-1.203530354462407359e-01,7.845179193834816989e-02,-2.509175526377162117e-03,1.235177138499916200e-01,3.832582082625076714e-01,2.889284093595372860e-01,1.270075327032504399e-02,4.469834263502522886e-01,1.999940143194568580e-03,-3.224558531208004258e-02,-6.422767338559690498e-04,2.524935498685386137e-01,-2.919054981756373790e-01,-9.276684297687817424e-03,4.394488728304554725e-01,2.807430185687253849e-03,-1.854498549539677910e-02,1.486812751799923647e-03
-4.196662791448321217e-01,-2.081112823712772536e-02,3.794519154863234545e-01,-4.428328657088217990e-02,-2.393267760891118201e-01,-9.416812243873746990e-02,-9.653465955259984410e-01,-2.073504936832934575e+00,-6.508985356383979737e-02,1.456477453335928984e-01,2.151747540540393633e+00,-8.814349656715159131e-01,5.101886502873289458e-02,-1.899812200712815757e+00,1.157639125666177771e-01,3.193263771619395119e-02,2.338117773891502882e+00,-9.135499750126382379e-01,-1.189585306199737041e-01,8.138448547939980404e-02,-5.646307079566607358e-03,1.258209582046265207e-01,3.849524257562367269e-01,2.874820889351557551e-01,1.268291589062999804e-02,4.473817676495275286e-01,2.055049499984802890e-03,-3.219284859104782487e-02,-3.956977365794334903e-04,2.509112362304112276e-01,-2.923550277090266603e-01,-9.468360985471017607e-03,4.399078941884521088e-01,2.812116058609092327e-03,-1.839207514503561278e-02,1.409875588015690497e-03
-4.217419605490579371e-01,-2.091727729749442988e-02,3.774858554951910361e-01,-4.488730101086850499e-02,-2.403534540159885102e-01,-9.312977594891379274e-02,-9.651643342883368115e-01,-2.085359144993772507e+00,-6.169678022447031007e-02,1.456842330466127378e-01,2.159278575331144090e+00,-8.811907618551758636e-01,4.992321309256276402e-02,-1.911697223338097995e+00,1.122793256942428847e-01,3.356437739256311337e-02,2.343091594563392555e+00,-9.129807326597683126e-01,-1.174317865726647453e-01,8.423663388041295608e-02,-8.339489341722534227e-03,1.280479955561036609e-01,3.868922733888155996e-01,2.860803799518655266e-01,1.270368740175086518e-02,4.479076078455080934e-01,2.103362334630337876e-03,-3.208972290738329458e-02,-1.483999693675392686e-04,2.494627156339978002e-01,-2.927896507847816965e-01,-9.653948608039435511e-03,4.404543369580423695e-01,2.813093679600193412e-03,-1.823848031750702550e-02,1.324466724740436339e-03
-4.237892515080293743e-01,-2.098787976076194398e-02,3.756548007321686700e-01,-4.532418812339585046e-02,-2.414014379093335216e-01,-9.201318400251687346e-02,-9.649894495360971103e-01,-2.096719556377778293e+00,-5.809371159793562389e-02,1.454411525440396646e-01,2.166176595512909753e+00,-8.809968723854768591e-01,4.862791451796476261e-02,-1.923394137618436472e+00,1.090899942253769489e-01,3.492482004457792694e-02,2.347443968583190266e+00,-9.122431534216348670e-01,-1.157871077534612519e-01,8.693778418250894258e-02,-1.061713769409440566e-02,1.303629073770078139e-01,3.890041663708405650e-01,2.847238946108921476e-01,1.274753903633507254e-02,4.485492449800506098e-01,2.145726338118529846e-03,-3.194325268566122755e-02,9.178069057153438303e-05,2.481134664641761467e-01,-2.932148801284209516e-01,-9.846999491730739837e-03,4.410474862696391884e-01,2.812926815467697156e-03,-1.807831837548397325e-02,1.235298736747612912e-03
-4.258170026299318289e-01,-2.102233201275331351e-02,3.739935870889879999e-01,-4.552456768797497749e-02,-2.425517918680728802e-01,-9.081245542557030148e-02,-9.648052860230340588e-01,-2.107678807437209922e+00,-5.428665992917540428e-02,1.448552779645903288e-01,2.172368890450878443e+00,-8.808485219693641399e-01,4.725825393034364247e-02,-1.935016105332778569e+00,1.063506522212820243e-01,3.588572695124023909e-02,2.350918660092225831e+00,-9.109647543253360791e-01,-1.138224894522217173e-01,8.952709029508831851e-02,-1.240336285346482770e-02,1.326534990220602506e-01,3.912868579069833097e-01,2.834023783478626379e-01,1.282538046709034638e-02,4.492864945236277885e-01,2.177865242314908772e-03,-3.176822574031851198e-02,3.162119375522555020e-04,2.468887455117631247e-01,-2.935950977844113408e-01,-1.002128428448632175e-02,4.416839165486746710e-01,2.809820164942304806e-03,-1.792186346938152638e-02,1.137662051403729802e-03
-4.278298242296797449e-01,-2.101850636263072336e-02,3.725036560174085909e-01,-4.552968009259592691e-02,-2.437608746996209608e-01,-8.958466614380496129e-02,-9.646150899650306476e-01,-2.118080095753315018e+00,-5.042533317029833373e-02,1.440561026720783844e-01,2.177807006340515272e+00,-8.807424738772665629e-01,4.588170918731854231e-02,-1.946399209628943749e+00,1.038680099809160401e-01,3.658315791849006682e-02,2.353568758794427840e+00,-9.092317473118902704e-01,-1.115888193152042573e-01,9.189695032177923328e-02,-1.373204216659713872e-02,1.350381090858741862e-01,3.936818478245524555e-01,2.821241877006057108e-01,1.291047036058764336e-02,4.501017557331885577e-01,2.203470148543910587e-03,-3.156421529698950207e-02,5.239475283641978559e-04,2.457863752955437298e-01,-2.939379843917849788e-01,-1.019221966308416806e-02,4.423255961237063660e-01,2.806461949884756033e-03,-1.776618400159209882e-02,1.036877776355230171e-03
-4.298275022451746308e-01,-2.096361072424247213e-02,3.711885065918607007e-01,-4.532131402611219717e-02,-2.450741159517993428e-01,-8.834790733027633736e-02,-9.644061921492164124e-01,-2.127883337387427076e+00,-4.666943068350002527e-02,1.430412049225255888e-01,2.182400948585307976e+00,-8.806333262294561148e-01,4.458495598952096767e-02,-1.957592119387457474e+00,1.015236822392339144e-01,3.706534429118060747e-02,2.355371924420775809e+00,-9.070724416495229425e-01,-1.090461759114579876e-01,9.399028058610339742e-02,-1.448597060908065302e-02,1.373668154880896830e-01,3.961363418413671456e-01,2.808363332155477399e-01,1.298624560261519081e-02,4.510095469008738589e-01,2.223056098866648105e-03,-3.132769601168528678e-02,7.244318476685265070e-04,2.449017756639968180e-01,-2.942633456500981515e-01,-1.036006035843809597e-02,4.429529298355989186e-01,2.802338588474923876e-03,-1.762583451948808097e-02,9.348622582750885533e-04
-4.318133714062611372e-01,-2.085542755948959978e-02,3.700457244665636969e-01,-4.493810127699182644e-02,-2.464710315179246269e-01,-8.713186565762646996e-02,-9.641787363674486633e-01,-2.136928692321916845e+00,-4.310113202234221175e-02,1.419090655589476946e-01,2.186102050653519591e+00,-8.805354155498024138e-01,4.339971380259106948e-02,-1.968516710185882035e+00,9.916564973640888681e-02,3.744263081151173733e-02,2.356385584571299319e+00,-9.045884968674805515e-01,-1.062850321740388682e-01,9.575888033547477751e-02,-1.472142319393079414e-02,1.397004662007937659e-01,3.986185729263350686e-01,2.795581896474655936e-01,1.302992148658943354e-02,4.519672850963773469e-01,2.238777202736501153e-03,-3.106188882953090508e-02,9.102969130823271955e-04,2.442430704698962673e-01,-2.945759905594352857e-01,-1.053500268440903109e-02,4.435422167641270286e-01,2.799234457804890622e-03,-1.749750635077184854e-02,8.331535623840255218e-04
-4.337878768799265927e-01,-2.068035815757743659e-02,3.690690052073910543e-01,-4.436199331164172172e-02,-2.480133654118589492e-01,-8.594982660752967241e-02,-9.639159773718023461e-01,-2.145160999649365685e+00,-3.987349292862356342e-02,1.406084952206813343e-01,2.188821241289848896e+00,-8.804482908133697272e-01,4.230878612382385495e-02,-1.979305894507376040e+00,9.665358913681290631e-02,3.775913602142839942e-02,2.356628141042470759e+00,-9.018697022371985339e-01,-1.032783387384440948e-01,9.715956150277865744e-02,-1.430798077285311103e-02,1.418346919497705805e-01,4.010954414649945399e-01,2.782414320117420070e-01,1.302762325963428142e-02,4.529811312718532990e-01,2.252804429237747520e-03,-3.077355338107211000e-02,1.085440324392388184e-03,2.438902723517100690e-01,-2.948952823559874981e-01,-1.071023193290660327e-02,4.440883596817488677e-01,2.790150455385686980e-03,-1.739887544290977944e-02,7.309074074611939496e-04
-4.357527776837381017e-01,-2.043874567004125287e-02,3.682533625991433746e-01,-4.362766865270511357e-02,-2.496759464804436113e-01,-8.479341216765833023e-02,-9.636226572315482741e-01,-2.152473095016246507e+00,-3.697235153861922613e-02,1.391902959637545123e-01,2.190579022506429663e+00,-8.803833150055280221e-01,4.133979264559525801e-02,-1.989901641289276490e+00,9.395668550140771902e-02,3.806653862417137130e-02,2.356156884786874350e+00,-8.990105663518136447e-01,-1.001280669846739968e-01,9.821644061607402720e-02,-1.332265774641190961e-02,1.438452660547145656e-01,4.035537035966601516e-01,2.769216397219713688e-01,1.296832292565763302e-02,4.539890840068729894e-01,2.265029353068842826e-03,-3.046765604638011424e-02,1.243259018392693432e-03,2.438403128298356759e-01,-2.952130200274097338e-01,-1.089114762374815241e-02,4.445847376055248046e-01,2.779672253115251374e-03,-1.732097417895638036e-02,6.298390345372861018e-04
-4.377043387280598608e-01,-2.012670709984272152e-02,3.676047644724014796e-01,-4.273252542573598156e-02,-2.515015438372744661e-01,-8.364208137200727922e-02,-9.632885896458883712e-01,-2.158941473485983309e+00,-3.438240962592147704e-02,1.376633981547902841e-01,2.191373610178528608e+00,-8.803347458378609769e-01,4.051914465095428353e-02,-2.000355429990812173e+00,9.113804907515839215e-02,3.838004934292375825e-02,2.354950014589700658e+00,-8.960641641371842603e-01,-9.673181652690131249e-02,9.897989014227044635e-02,-1.178291222626443556e-02,1.456285411085907755e-01,4.059580499090802985e-01,2.755882073935213561e-01,1.284604028942503730e-02,4.549747575145393630e-01,2.276334107018726863e-03,-3.014837906620061042e-02,1.383304011289104764e-03,2.441200962634848537e-01,-2.955179699397890714e-01,-1.107535711120853292e-02,4.450402484182369167e-01,2.768666703508999676e-03,-1.727523576178417036e-02,5.226508322907306298e-04
-4.396426071294788906e-01,-1.974580323825201114e-02,3.671172754759861601e-01,-4.170500703016510879e-02,-2.534495054495132238e-01,-8.245437813764693036e-02,-9.629253948785154726e-01,-2.164585934047010607e+00,-3.201916266351594736e-02,1.360368769066426786e-01,2.191322986137438811e+00,-8.803080642196368100e-01,3.982117744528225478e-02,-2.010600006777822912e+00,8.826585713774853792e-02,3.869542326609608229e-02,2.353045621060921189e+00,-8.930419862718709245e-01,-9.317892374579354875e-02,9.952361150141071644e-02,-9.769432968536162498e-03,1.472970125331553026e-01,4.083111633185800282e-01,2.742772184969060056e-01,1.266720989616603073e-02,4.558799989694755084e-01,2.286016425100212499e-03,-2.982767297338907372e-02,1.503993411093400767e-03,2.447039203516784833e-01,-2.958000991200229191e-01,-1.125626757531569648e-02,4.454611408998193078e-01,2.758614837020627233e-03,-1.724731992667799529e-02,4.153807660766563456e-04
-4.415620337111800242e-01,-1.929688412923000890e-02,3.667897991729061613e-01,-4.053141804543119314e-02,-2.555436668425714597e-01,-8.120673214933371575e-02,-9.625279762903028447e-01,-2.169573990456414414e+00,-2.987673086529746280e-02,1.343112894821743286e-01,2.190518336394002841e+00,-8.803776875754167897e-01,3.926178037362960255e-02,-2.020676728139432221e+00,8.539866350905236936e-02,3.895259470654822281e-02,2.350417527157552922e+00,-8.898883927221621359e-01,-8.944720204730055579e-02,9.987823397616955867e-02,-7.289643274890051858e-03,1.487616078950662613e-01,4.105978100435055400e-01,2.729771125835276924e-01,1.244512885659322665e-02,4.567063573862126247e-01,2.294597129014721865e-03,-2.951494079897446290e-02,1.609459292494726289e-03,2.455893564053824307e-01,-2.960579711551796778e-01,-1.141261645805884128e-02,4.458726166729379270e-01,2.737979446715810370e-03,-1.724249580623054418e-02,3.119424132716441768e-04
-4.434614707089257757e-01,-1.878123572960745807e-02,3.666174582490046574e-01,-3.925350314529099660e-02,-2.577299826584926734e-01,-7.984933700329210904e-02,-9.621114810196429445e-01,-2.173980704761641292e+00,-2.785447884472625965e-02,1.324980586418557649e-01,2.189176834652308834e+00,-8.805116935574025527e-01,3.880318977973980926e-02,-2.030492534253284465e+00,8.261702659365204038e-02,3.916629687119169145e-02,2.347118760661500936e+00,-8.866403558815409980e-01,-8.561937673862420051e-02,1.001195761434956477e-01,-4.450871899449662661e-03,1.501719650967685005e-01,4.128184246078011599e-01,2.717248689570574416e-01,1.219007717610151413e-02,4.574101098231558304e-01,2.301227330978719132e-03,-2.921943946500601963e-02,1.699624639784038738e-03,2.467384318010457933e-01,-2.962761354114062939e-01,-1.154136827519566637e-02,4.462858140614916480e-01,2.713420471157435357e-03,-1.724520948715485558e-02,2.152453646296894013e-04
-4.453274664125671523e-01,-1.820541557391747167e-02,3.665852895831134273e-01,-3.787950092218973080e-02,-2.599904658967753246e-01,-7.836562104780825377e-02,-9.616802641681149177e-01,-2.178005702791994125e+00,-2.589808641380155971e-02,1.305614506604539926e-01,2.187331225324282702e+00,-8.805969061817077170e-01,3.839588250586001977e-02,-2.040000570480003272e+00,8.001309071566337083e-02,3.929628620622561963e-02,2.343226458719799510e+00,-8.833717367032453138e-01,-8.168197478174882287e-02,1.002812461419452378e-01,-1.346301567906638651e-03,1.514618259637933173e-01,4.149342403794745171e-01,2.705173573698920197e-01,1.190991312920735082e-02,4.579879417941771780e-01,2.302480919161270945e-03,-2.895048473290302155e-02,1.778469543521935111e-03,2.481021352364102539e-01,-2.964419581755172173e-01,-1.163907155563929582e-02,4.467141587535481406e-01,2.686433042708052162e-03,-1.726567097129214773e-02,1.188778706936209287e-04
-4.471599434831383668e-01,-1.756950386778991999e-02,3.666891974988993885e-01,-3.644485958116810281e-02,-2.622833301094639746e-01,-7.672715078237962727e-02,-9.612451150927203702e-01,-2.181703758749565125e+00,-2.395459046081925905e-02,1.285306760899445899e-01,2.185124084142838541e+00,-8.806438186244037736e-01,3.803386728842785003e-02,-2.049127158443644348e+00,7.762547449852202908e-02,3.937038619441233372e-02,2.338804253491117091e+00,-8.801808701091070608e-01,-7.770718265772273703e-02,1.003993058433800822e-01,1.942639439961466041e-03,1.527485387936854122e-01,4.169415382220909572e-01,2.693805068838362460e-01,1.161342705863610374e-02,4.584128811769866974e-01,2.300236943514152432e-03,-2.871339637615764537e-02,1.845823099082473037e-03,2.496503477262818349e-01,-2.965521915954877907e-01,-1.170545194139899041e-02,4.471557589161854751e-01,2.659709801922232296e-03,-1.728773613923243260e-02,2.754988426772110208e-05
-4.489447134019121655e-01,-1.689145654230857219e-02,3.669380693192282328e-01,-3.496850707279557102e-02,-2.645844483269247926e-01,-7.496106032083943438e-02,-9.608085723244836895e-01,-2.185076098278880163e+00,-2.197343323016714631e-02,1.264093011671408029e-01,2.182558918715255203e+00,-8.807389016440659857e-01,3.766913835122646242e-02,-2.057712493184505664e+00,7.555403060035026375e-02,3.935797252346644182e-02,2.333936809375215748e+00,-8.773450410782120956e-01,-7.378516938573587147e-02,1.004997441805413616e-01,5.279113268791565602e-03,1.539729363746649426e-01,4.187825526911395646e-01,2.683232769774230309e-01,1.131097814550060046e-02,4.587288428847092758e-01,2.291061119647590065e-03,-2.848978604966464698e-02,1.908558644523241504e-03,2.513185940134566865e-01,-2.965855194339350187e-01,-1.175685509911000848e-02,4.476455756974336286e-01,2.636527289002168171e-03,-1.730935055230351655e-02,-6.599151696310849623e-05
-4.506821685610927219e-01,-1.616964879240675654e-02,3.673267731568549133e-01,-3.347048558057678230e-02,-2.668817643011894281e-01,-7.306052401182751288e-02,-9.603728496316429331e-01,-2.188169450805024230e+00,-1.995159621875322239e-02,1.242310404578516186e-01,2.179697542695589796e+00,-8.808689970464524954e-01,3.733796912915917504e-02,-2.065747526495942399e+00,7.379860377993005538e-02,3.929076609266056452e-02,2.328672097791730788e+00,-8.749472145844249260e-01,-6.994580293930163784e-02,1.005855897314077152e-01,8.621073723361580635e-03,1.551695892015565181e-01,4.204646815886966538e-01,2.673589768450084780e-01,1.100794722179200026e-02,4.589136087704056011e-01,2.278449812714205495e-03,-2.828954647092959268e-02,1.964417013307397705e-03,2.531019382378957294e-01,-2.965553148866378885e-01,-1.178840863303498923e-02,4.481600296965146946e-01,2.616626280971792208e-03,-1.732012410891296469e-02,-1.565062628793457554e-04
-4.523672758607945599e-01,-1.543848732762148797e-02,3.678611051222301365e-01,-3.194197232764021260e-02,-2.691619516980657822e-01,-7.109685849678790137e-02,-9.599358264351822712e-01,-2.190934836872022284e+00,-1.789375714149707072e-02,1.219521427423856247e-01,2.176494792198985895e+00,-8.810656698604557580e-01,3.701137915953736646e-02,-2.073155205127891421e+00,7.233477806402027754e-02,3.907227181310263947e-02,2.323085852634464210e+00,-8.731712647139407979e-01,-6.621067653584546131e-02,1.006223041834092002e-01,1.192753603532669716e-02,1.562760040321755917e-01,4.219499932977283096e-01,2.664746952583991191e-01,1.071234892189276700e-02,4.589922916173451162e-01,2.262181338359212437e-03,-2.811120065004247062e-02,2.016020036087657480e-03,2.549367048997603913e-01,-2.964767165782444813e-01,-1.179561814913317186e-02,4.487043742570163141e-01,2.595848958795084552e-03,-1.732392854543510219e-02,-2.470786042808209332e-04
-4.540004683857690182e-01,-1.469563794460411986e-02,3.685346252688099233e-01,-3.040254875441262411e-02,-2.714291998180662357e-01,-6.907094178915124116e-02,-9.594952212052542118e-01,-2.193405953232415495e+00,-1.581198639744490694e-02,1.196176200979286730e-01,2.172981113822506583e+00,-8.813109562598558933e-01,3.673177675534722297e-02,-2.079967769106663145e+00,7.114864282912360116e-02,3.874834125065098472e-02,2.317180473970358534e+00,-8.719392443141422699e-01,-6.259616086857822115e-02,1.006060762122887725e-01,1.515931002693743715e-02,1.572828697431128686e-01,4.232505206501819273e-01,2.656846784353529278e-01,1.042374435556573872e-02,4.589430076809180026e-01,2.244490430113410193e-03,-2.796011382428124914e-02,2.061559697276728245e-03,2.568390311608276799e-01,-2.963617196978424739e-01,-1.178020855881810151e-02,4.492448767338182436e-01,2.576106258191149332e-03,-1.731679058823237111e-02,-3.331059793706241394e-04
-4.555793550225887834e-01,-1.396710263306940973e-02,3.693616269908823746e-01,-2.881077952337820006e-02,-2.736722957292184177e-01,-6.702550999188032488e-02,-9.590521333816440785e-01,-2.195520279042428857e+00,-1.367899202464566838e-02,1.171351665014168236e-01,2.169125522438726694e+00,-8.816491008435173304e-01,3.651234871402798260e-02,-2.086063742578870617e+00,7.028483913478215939e-02,3.817216351146209691e-02,2.311231907824322196e+00,-8.724214360983245653e-01,-5.911713979535655056e-02,1.005580123915558732e-01,1.835197199540541946e-02,1.581678715599754426e-01,4.243211380863998183e-01,2.649592564686294449e-01,1.015328145183718757e-02,4.588246687956026304e-01,2.223403153493062542e-03,-2.782933257061807886e-02,2.106333016756071520e-03,2.587419844436429917e-01,-2.962248325087430412e-01,-1.174622601329981635e-02,4.497974420560690301e-01,2.553423766916005505e-03,-1.730909529536724112e-02,-4.182451657826367279e-04
-4.571043379417412122e-01,-1.324968248823097522e-02,3.703344606282593099e-01,-2.719039113842974462e-02,-2.759107329143126175e-01,-6.496556191112824730e-02,-9.585997213947003992e-01,-2.197322045409632718e+00,-1.151523979051885527e-02,1.145566927580142641e-01,2.164932442388380895e+00,-8.820539417849053709e-01,3.634817641635568891e-02,-2.091521636424413355e+00,6.971271243460469558e-02,3.740951560703036777e-02,2.305130179568600557e+00,-8.741415135155824467e-01,-5.577812725142817368e-02,1.004646833537388012e-01,2.145570244777347466e-02,1.588824935888462353e-01,4.251879374218212049e-01,2.643140928860108207e-01,9.897310963104843581e-03,4.586060820818035344e-01,2.201176675309328423e-03,-2.772180215497740963e-02,2.147854860252662330e-03,2.606732823459002035e-01,-2.960766013192560053e-01,-1.169400711910872914e-02,4.503232005143377181e-01,2.530813553392246770e-03,-1.729647380272758203e-02,-4.980827183095865680e-04
-4.585801848705473582e-01,-1.256160503379221208e-02,3.714473299424629338e-01,-2.556063450319375971e-02,-2.781346046528239691e-01,-6.291225240078683612e-02,-9.581387395133706963e-01,-2.198780455766748521e+00,-9.292035321825826977e-03,1.118841293257665792e-01,2.160353695772362581e+00,-8.824079154772412892e-01,3.622984722149309028e-02,-2.096409474923593308e+00,6.942559566757323941e-02,3.644460876470724531e-02,2.298167978077384710e+00,-8.742410626736589752e-01,-5.257450428701800765e-02,1.003174404904260408e-01,2.440562218102856548e-02,1.594318428475640093e-01,4.258682638143605481e-01,2.637577642220642060e-01,9.667100894217494841e-03,4.582962763232663606e-01,2.175081358440539552e-03,-2.762203998416488254e-02,2.189921808441595407e-03,2.625849791959430357e-01,-2.959045312997931054e-01,-1.161044944315394074e-02,4.508141037926921557e-01,2.502413527608276286e-03,-1.727795573218259689e-02,-5.745643042634274514e-04
-4.600046562275605933e-01,-1.189957087116022376e-02,3.726906197422087952e-01,-2.394134963427730842e-02,-2.803495787640911119e-01,-6.088766980123485467e-02,-9.576657126214038751e-01,-2.199924071934526548e+00,-7.056329348205578160e-03,1.091820108740157863e-01,2.155414280604082577e+00,-8.827255407351142225e-01,3.615548436203476490e-02,-2.100743479211987452e+00,6.937339857515638364e-02,3.535312622494980045e-02,2.290612166032187869e+00,-8.735308086667786798e-01,-4.951563099511889499e-02,1.000812315307685885e-01,2.717734074086074203e-02,1.597814357387070672e-01,4.263840898289430470e-01,2.633052709839717731e-01,9.453864679468513763e-03,4.578807153924043249e-01,2.148236821468445766e-03,-2.753955259805648467e-02,2.228794103664440834e-03,2.645217707027004428e-01,-2.957171930574718499e-01,-1.150282365298722215e-02,4.512374056376025622e-01,2.473013833983518130e-03,-1.725815194998295624e-02,-6.446165526429708647e-04
-4.613759886902984442e-01,-1.128589092995361046e-02,3.740638563084610069e-01,-2.231309369433020010e-02,-2.825229897380787669e-01,-5.892313760884314300e-02,-9.571890878888947851e-01,-2.200676653830679896e+00,-4.788764810306003761e-03,1.063882966581445599e-01,2.150095223045582316e+00,-8.829343192368346305e-01,3.611695744323040191e-02,-2.104443207918007097e+00,6.954270783815201529e-02,3.403619601995486188e-02,2.282575088910659744e+00,-8.722885097955225264e-01,-4.664512193341519009e-02,9.973921117590039964e-02,2.979264860433778611e-02,1.599321822487917710e-01,4.267137894975120971e-01,2.629372462472318595e-01,9.261470644686299949e-03,4.574192229582962343e-01,2.124001627808697751e-03,-2.746453663439106518e-02,2.270499052693245208e-03,2.664270084934390326e-01,-2.955115503152561107e-01,-1.137382207880238867e-02,4.516148965032256157e-01,2.443512585515484736e-03,-1.724501642559384679e-02,-7.099285981972607929e-04
-4.626915407213661457e-01,-1.071684391843375980e-02,3.755565060556341206e-01,-2.069670014885043735e-02,-2.846697953558878225e-01,-5.703456805775299066e-02,-9.567036177737862079e-01,-2.201085213376637206e+00,-2.527635030350030947e-03,1.035658518675269812e-01,2.144426470921059646e+00,-8.830700009691513364e-01,3.612002559940542118e-02,-2.107559699326552405e+00,6.989068958704325318e-02,3.257122453502599851e-02,2.274210539898206651e+00,-8.709361298673065077e-01,-4.395285791185939844e-02,9.927132068762441197e-02,3.221958449683377107e-02,1.598252518301508940e-01,4.268866119428078587e-01,2.626684386373254743e-01,9.080878606463898758e-03,4.568909500386750255e-01,2.102240315515817044e-03,-2.740264085009712011e-02,2.309594711074437062e-03,2.683557946938366912e-01,-2.952951206920902405e-01,-1.122930339304791143e-02,4.519136179898978756e-01,2.415808457950978545e-03,-1.724002963863743854e-02,-7.689070343904097797e-04
-4.639521383046341652e-01,-1.019287867790785902e-02,3.771654237452051750e-01,-1.907461334336644013e-02,-2.867668215897021811e-01,-5.525757790018075155e-02,-9.562152211953885983e-01,-2.201142672154138946e+00,-3.368391333863048412e-04,1.007244932872186222e-01,2.138439741512074388e+00,-8.831590244680336266e-01,3.618018707622796398e-02,-2.110014543921038044e+00,7.032838811922147160e-02,3.095284534077427999e-02,2.265631651607574515e+00,-8.698444713970466813e-01,-4.144856143177031577e-02,9.862352102492631667e-02,3.449401899422317036e-02,1.595084758777851885e-01,4.268814566583369330e-01,2.624668041716776701e-01,8.919085021863715906e-03,4.563781991689150330e-01,2.085545213409352103e-03,-2.734403596558403551e-02,2.345993470752589464e-03,2.702580433337891663e-01,-2.950670037691410230e-01,-1.106888320967046486e-02,4.521688080468406756e-01,2.382811751688994773e-03,-1.724523112719525755e-02,-8.272529790286607676e-04
-4.651549509062925525e-01,-9.711355967189666538e-03,3.788795680738636928e-01,-1.746643727156459158e-02,-2.888341645973213634e-01,-5.359635773949625315e-02,-9.557181484974872632e-01,-2.200895652076258369e+00,1.773204123376138745e-03,9.790856713542570033e-02,2.132156734895905625e+00,-8.832226201343136296e-01,3.628989445452186074e-02,-2.111886080118305475e+00,7.083959488502881985e-02,2.924155227884953079e-02,2.256900502219007620e+00,-8.691178409528255155e-01,-3.911642791065516461e-02,9.780274826492632578e-02,3.657488866946220774e-02,1.589114613403954102e-01,4.267332222804756103e-01,2.623534903054384193e-01,8.765285933730097845e-03,4.558467471239934787e-01,2.072230128360373538e-03,-2.729044907294805866e-02,2.376776694664644966e-03,2.721931983923215892e-01,-2.948279331573254169e-01,-1.089840643295171205e-02,4.523506905675688250e-01,2.349318057525711170e-03,-1.726119908970751710e-02,-8.820101122805515219e-04
-4.663059770049862718e-01,-9.282863316382295935e-03,3.807034483303898820e-01,-1.586364216932299384e-02,-2.908403882425818487e-01,-5.208626400298992792e-02,-9.552210396166103124e-01,-2.200272839911643352e+00,3.796635840157166954e-03,9.510935134125225732e-02,2.125494460252827178e+00,-8.830381517999872365e-01,3.643345761685156531e-02,-2.113103095530379782e+00,7.136139626967816230e-02,2.741514017846737039e-02,2.248011077592139806e+00,-8.686867709414776151e-01,-3.700310296134944055e-02,9.679630234858679905e-02,3.850880438908076131e-02,1.581246732752651374e-01,4.264092141786698376e-01,2.623115035123259609e-01,8.624953436164544893e-03,4.553648025288130619e-01,2.059055720441274086e-03,-2.721916682117780234e-02,2.407169253575660271e-03,2.741115813193131800e-01,-2.945680878538373126e-01,-1.072700465334652450e-02,4.524909012071753334e-01,2.316771874177322565e-03,-1.728418371391971312e-02,-9.372550078349064541e-04
-4.674010740221755666e-01,-8.904862878874725968e-03,3.826246077720958372e-01,-1.428241158211812807e-02,-2.928097751906001966e-01,-5.072613982969294971e-02,-9.547173964112137812e-01,-2.199331218270426547e+00,5.731716262135924493e-03,9.236017933416885983e-02,2.118497802068288749e+00,-8.826922870435588431e-01,3.659668709586845481e-02,-2.113756287908225229e+00,7.189017925665582009e-02,2.552331295521242591e-02,2.239016884284783071e+00,-8.686243780707626483e-01,-3.508109571536004168e-02,9.562169439472650856e-02,4.025501374492666123e-02,1.570596354951058760e-01,4.259579980035361202e-01,2.623611295280023903e-01,8.489750994861508179e-03,4.548928002129618564e-01,2.047015950545605020e-03,-2.713894981423695812e-02,2.432915792775863090e-03,2.760781766163925011e-01,-2.942878883448173943e-01,-1.055335339245714807e-02,4.525651605123394150e-01,2.286701648300820938e-03,-1.731606879332450027e-02,-9.900411888690554760e-04
-4.684438234094520093e-01,-8.578870860242660684e-03,3.846494510198179562e-01,-1.270138973044089223e-02,-2.947079224217858950e-01,-4.953220452164112941e-02,-9.542182537952077492e-01,-2.198010815785667926e+00,7.590920886712589771e-03,8.964217267768664898e-02,2.111015488965751974e+00,-8.815889999583520487e-01,3.677560580305092031e-02,-2.113737448756144222e+00,7.238231099606320940e-02,2.352869390620913534e-02,2.229904552999911527e+00,-8.689393578194324341e-01,-3.341551712549514774e-02,9.428034063877518967e-02,4.185890798378824607e-02,1.558033068291192758e-01,4.253398236702717883e-01,2.624797098621144964e-01,8.364457757734511043e-03,4.545024378956815103e-01,2.034822864574992694e-03,-2.703534154894966443e-02,2.453966775249068200e-03,2.780349474609221661e-01,-2.939900501676812605e-01,-1.038446213997734451e-02,4.526109116171423419e-01,2.253983739930528075e-03,-1.735572537205499685e-02,-1.048270261014293964e-03
-4.694286561125309287e-01,-8.302623697221952342e-03,3.867646466484789824e-01,-1.113922451825253949e-02,-2.965623048050318733e-01,-4.849753228397705312e-02,-9.537162609540760227e-01,-2.196368034336229069e+00,9.380964116282263648e-03,8.698666748086449074e-02,2.103202486726899245e+00,-8.802116471493636185e-01,3.695852198649389464e-02,-2.113150187612824471e+00,7.284665088150776846e-02,2.148093676829791049e-02,2.220716403911233705e+00,-8.696553310774384205e-01,-3.196275149466882431e-02,9.279643562892357644e-02,4.326726805949120125e-02,1.542550608191705086e-01,4.246152363005084029e-01,2.626888432167725496e-01,8.243025523907062876e-03,4.541482632937920427e-01,2.023677107530607883e-03,-2.691786492058354657e-02,2.468380604695431368e-03,2.800493904304610093e-01,-2.936705363528985258e-01,-1.021510580366782883e-02,4.526088989466358070e-01,2.221915387653975414e-03,-1.740332987043627724e-02,-1.106377362353104304e-03
-4.703599273668183089e-01,-8.062900011064954089e-03,3.889821393023126794e-01,-9.567036849014344188e-03,-2.983331005089839283e-01,-4.761382435905515964e-02,-9.532254490289957527e-01,-2.194327713726465845e+00,1.109760495659819005e-02,8.437600672408192282e-02,2.095036021328478437e+00,-8.783833309297323089e-01,3.713299543083119214e-02,-2.111852985392574045e+00,7.322057424247517543e-02,1.935206972144243656e-02,2.211379043671843903e+00,-8.707015805120005281e-01,-3.076695373719930474e-02,9.117162437926000507e-02,4.455438615856143619e-02,1.525384230662271134e-01,4.237460529515745256e-01,2.629512292545788110e-01,8.127692735547953004e-03,4.538985165275272182e-01,2.012434619607207566e-03,-2.677124127977227944e-02,2.480149240882874046e-03,2.820604015802819498e-01,-2.933392567494448322e-01,-1.005212055215335375e-02,4.525938517234828207e-01,2.188873293504042718e-03,-1.745358709506351566e-02,-1.166541048468664951e-03
-4.712310251355265600e-01,-7.858352938054976450e-03,3.912873070741701986e-01,-8.005536554530198398e-03,-3.000551615460546051e-01,-4.687422423946667471e-02,-9.527358597827588760e-01,-2.191962531402035008e+00,1.275526102234107902e-02,8.184372096647926642e-02,2.086638849496152304e+00,-8.764861286900749171e-01,3.729096974828228356e-02,-2.109971089140528555e+00,7.352050215005022371e-02,1.719333860566753941e-02,2.201940900609344443e+00,-8.721087882615246034e-01,-2.977472235227430347e-02,8.942785043763690211e-02,4.565582124250201768e-02,1.505304610150830225e-01,4.228049121103934493e-01,2.632945580157153298e-01,8.013318417955184528e-03,4.537004207058801808e-01,2.002161734363181508e-03,-2.660660699685336861e-02,2.486368174607129188e-03,2.841402522146486143e-01,-2.929861318142117366e-01,-9.887490865000347906e-03,4.525501521734123234e-01,2.157086509870762697e-03,-1.750753179701534240e-02,-1.224634102920450860e-03
-4.720437152555615468e-01,-7.685355324439789755e-03,3.936837795156031827e-01,-6.437569915202549786e-03,-3.016719152982592633e-01,-4.628183342990833948e-02,-9.522660369393799451e-01,-2.189170126170332686e+00,1.436142994274859294e-02,7.938087931351238413e-02,2.078049175182344221e+00,-8.745367726465759217e-01,3.744107183760759378e-02,-2.107363564264198352e+00,7.370646388166743335e-02,1.497217803691115387e-02,2.192301500004493420e+00,-8.735092832353357206e-01,-2.902432320232828725e-02,8.757295747299835564e-02,4.660092258601731402e-02,1.483594566045819407e-01,4.217589127453271192e-01,2.636928939562739882e-01,7.899296059891879745e-03,4.536088399320303832e-01,1.992556876079754676e-03,-2.641430018086310741e-02,2.487302854129317450e-03,2.862270158864778646e-01,-2.926109593682650334e-01,-9.730498960577651027e-03,4.525155156817960433e-01,2.123784582260152941e-03,-1.756491897787719816e-02,-1.286564537194512421e-03
-4.727912253517148611e-01,-7.543496397703875270e-03,3.961551084347957330e-01,-4.890449495436335892e-03,-3.032244889337281091e-01,-4.583133695683225262e-02,-9.518038040307261749e-01,-2.186037940527415291e+00,1.593475820936185103e-02,7.703218485589047315e-02,2.069343474049682552e+00,-8.727638186278298127e-01,3.757281917607331601e-02,-2.104184523158510789e+00,7.379595907111526076e-02,1.275064550420631874e-02,2.182416744485412785e+00,-8.745423542743600009e-01,-2.845750593744580254e-02,8.562201752276735189e-02,4.730743435672567915e-02,1.458844403040641668e-01,4.206897844488159399e-01,2.641808310018384787e-01,7.782029334950281256e-03,4.535641238955107624e-01,1.984181765642164912e-03,-2.620542716810106768e-02,2.481022156177046818e-03,2.884003561552470063e-01,-2.921991117755792233e-01,-9.569683482788235440e-03,4.524686966625560691e-01,2.091446819118044503e-03,-1.762434402252212665e-02,-1.347298855802965415e-03
-4.734807164487844777e-01,-7.439756737463274969e-03,3.986943260464193006e-01,-3.367489256197209700e-03,-3.046303954129956915e-01,-4.554062350455367891e-02,-9.513753380330223219e-01,-2.182416949164345255e+00,1.748126444345876260e-02,7.479735940811901851e-02,2.060534904456074123e+00,-8.711132238598486843e-01,3.768926938566448392e-02,-2.100321758341650469e+00,7.375529715768378014e-02,1.051332409581728217e-02,2.172239858448492100e+00,-8.747332504978452272e-01,-2.815185846902543143e-02,8.355928919533905930e-02,4.783835663291136769e-02,1.433072325360838783e-01,4.195495032289319748e-01,2.647401376082129110e-01,7.664083855413054112e-03,4.536230344284941096e-01,1.979966219754859379e-03,-2.596630325595964892e-02,2.475735957325977780e-03,2.905929246608817684e-01,-2.917383299747224878e-01,-9.419390697369450088e-03,4.524582073823744111e-01,2.058059052426623476e-03,-1.767524653861890158e-02,-1.410191708804838700e-03
-4.741032237678340366e-01,-7.372706655699613233e-03,4.012851829431272055e-01,-1.880433087273314808e-03,-3.059378103106591973e-01,-4.540922329127917295e-02,-9.509660996238540331e-01,-2.178421407489015138e+00,1.900184341045914674e-02,7.270266948328014955e-02,2.051682560973756786e+00,-8.697309363669316618e-01,3.778174354749903874e-02,-2.095914162830024186e+00,7.359314694569452087e-02,8.301612793993193989e-03,2.161943395639104537e+00,-8.745572733317802383e-01,-2.804389875790949324e-02,8.140061243346494169e-02,4.814799408098578704e-02,1.404573027478805136e-01,4.184223348087822703e-01,2.653911808378524584e-01,7.542504078485641819e-03,4.537415731068869529e-01,1.978917418162588499e-03,-2.570970436307152759e-02,2.466098675065503832e-03,2.928935976976096422e-01,-2.912235278218627821e-01,-9.265751737723064083e-03,4.524660715519945864e-01,2.025971146961046306e-03,-1.771928188346778843e-02,-1.471277544442615992e-03
-4.746659335696040705e-01,-7.348141797387968029e-03,4.039177890757031375e-01,-4.405216933955712999e-04,-3.070828497384460731e-01,-4.542530072696774474e-02,-9.505979546532892233e-01,-2.173937420177372015e+00,2.053904003238532505e-02,7.073674497449272680e-02,2.042777257320267381e+00,-8.684411105771688844e-01,3.782760823997871613e-02,-2.090925753519904173e+00,7.332057254363348597e-02,6.084344227391755809e-03,2.151253479589406492e+00,-8.726889938088245868e-01,-2.823142251855474683e-02,7.917618672874751629e-02,4.826006067732898502e-02,1.374929034623320889e-01,4.172670821638642114e-01,2.661207299689627437e-01,7.412312117128298274e-03,4.539581237477848807e-01,1.978498959158266676e-03,-2.542917215464543176e-02,2.452580145898004393e-03,2.952501849489396757e-01,-2.906571165193495565e-01,-9.118217406017939397e-03,4.525223406437330342e-01,1.992999030626250740e-03,-1.776058966417494445e-02,-1.534502547868103186e-03
-4.751593376093412036e-01,-7.364238548539058307e-03,4.065761740109912203e-01,9.460533836284316239e-04,-3.081124278224223190e-01,-4.559422394772657400e-02,-9.502562830873428901e-01,-2.169083266810758470e+00,2.207684977673557425e-02,6.892395061649027321e-02,2.033878749289196097e+00,-8.673808802849368726e-01,3.782576553195443614e-02,-2.085475701684002203e+00,7.293834630436923927e-02,3.905836743678139673e-03,2.140439574034391779e+00,-8.699704976197288886e-01,-2.862858160985663411e-02,7.688933618509273538e-02,4.814602244709371981e-02,1.342429814882515338e-01,4.161697968447585771e-01,2.669397972292736898e-01,7.274966919650524035e-03,4.542336608467119619e-01,1.979697132205656893e-03,-2.513603203603794259e-02,2.432255670537722490e-03,2.977481096515703363e-01,-2.900390209709249878e-01,-8.962190612307241455e-03,4.526093798571423910e-01,1.961307682455889784e-03,-1.779641149154563909e-02,-1.595360472718539754e-03
-4.755921861622220415e-01,-7.428126171408857767e-03,4.092668950184906174e-01,2.281873695931335363e-03,-3.089561657541339268e-01,-4.589880798568891918e-02,-9.499653573264831286e-01,-2.163695545324673564e+00,2.367825925578679117e-02,6.721065221325779604e-02,2.024867212744534406e+00,-8.660839191544464910e-01,3.774599773776134842e-02,-2.079449610686710859e+00,7.243907591288127612e-02,1.712517421549634815e-03,2.129399324119773951e+00,-8.658923060437206942e-01,-2.931846988084963260e-02,7.456875151312837569e-02,4.785727134948404571e-02,1.308905854031466032e-01,4.150503901913150662e-01,2.678158184721846635e-01,7.131752670472879356e-03,4.546268468941963015e-01,1.983252626282286466e-03,-2.482059007576509560e-02,2.406948131262359823e-03,3.002962723094689257e-01,-2.893782825950921844e-01,-8.819143654620236264e-03,4.527708228359675346e-01,1.923979053765484393e-03,-1.782416038579151887e-02,-1.660980314958010896e-03
-4.759540039277889156e-01,-7.537416319405194041e-03,4.119733858357245149e-01,3.564482563064023252e-03,-3.096681211027886849e-01,-4.634212373495669862e-02,-9.497080376644497779e-01,-2.157912023836706883e+00,2.531838442565646774e-02,6.561546746207960745e-02,2.015839613084002391e+00,-8.648072351257344303e-01,3.759726742801292043e-02,-2.072979863225392627e+00,7.183102408482081036e-02,-4.546560075520630385e-04,2.118367525571361210e+00,-8.612165555546320572e-01,-3.019830194272357660e-02,7.221840272764040725e-02,4.736969451218621396e-02,1.272425997488772498e-01,4.140083352327215138e-01,2.687564993204116792e-01,6.984226250781498495e-03,4.550939858799750715e-01,1.988997531534799409e-03,-2.449274510706747621e-02,2.375219331273600160e-03,3.029827678380446199e-01,-2.886783380095256923e-01,-8.669971423571213101e-03,4.529857422551407109e-01,1.885782433272052911e-03,-1.784022031014867449e-02,-1.725115266016917850e-03
-4.762623967560785654e-01,-7.688983381018231651e-03,4.147071981432806642e-01,4.776929765900827206e-03,-3.101952705756704232e-01,-4.691058004094299239e-02,-9.495027501459488706e-01,-2.151595482516452940e+00,2.697774976960416043e-02,6.416158400997887257e-02,2.006636561195483281e+00,-8.630495642747062490e-01,3.745678843304189182e-02,-2.065997178981577420e+00,7.102876176772406069e-02,-2.581471401883089420e-03,2.107138469837171346e+00,-8.551552988233118713e-01,-3.130043005750671181e-02,6.983485985739175395e-02,4.673371401210733855e-02,1.235485666803859961e-01,4.129517819893037678e-01,2.697468405955475435e-01,6.827820664381123970e-03,4.556761205297445994e-01,1.996966043504036937e-03,-2.414573612553466003e-02,2.336824435986411402e-03,3.057435407740019540e-01,-2.879476145041258706e-01,-8.536447900543120068e-03,4.532758742029635024e-01,1.849101365524192641e-03,-1.785142199944204228e-02,-1.792099139602837008e-03
-4.765057850779607085e-01,-7.880858338423325088e-03,4.174511112622871223e-01,5.922368077483725068e-03,-3.105945367245395161e-01,-4.759973016035827509e-02,-9.493314621363205807e-01,-2.144893788654221201e+00,2.864041577613990822e-02,6.284644077533708961e-02,1.997390733179517763e+00,-8.611726817811248269e-01,3.731552890613473034e-02,-2.058638245763786401e+00,7.006241729385245809e-02,-4.647912232441898765e-03,2.095956716424208111e+00,-8.485274351810350169e-01,-3.253347940249765730e-02,6.743312572716453346e-02,4.592845314313334648e-02,1.196025487636992735e-01,4.119922941156946017e-01,2.707936634596613268e-01,6.668247988507620787e-03,4.563264367485215800e-01,2.006803271867374679e-03,-2.378905969580394700e-02,2.291980636664018699e-03,3.086634234396248289e-01,-2.871882012376330007e-01,-8.395232666749600711e-03,4.536259274413820819e-01,1.814610822064408871e-03,-1.785128272174631853e-02,-1.855945998988445256e-03
-4.766981320696643265e-01,-8.108949114294003793e-03,4.202375908080566158e-01,7.027253671477235591e-03,-3.108262492672487776e-01,-4.837618417758763473e-02,-9.492088312256196092e-01,-2.137678687683895351e+00,3.036658879061473679e-02,6.160258380982221171e-02,1.987900812543644591e+00,-8.585836405946916106e-01,3.716408802926141758e-02,-2.050746305325887420e+00,6.900321927271364786e-02,-6.701970362594865394e-03,2.084604230494077726e+00,-8.409499898195643697e-01,-3.388392023848690870e-02,6.507292121028036835e-02,4.501427041180574434e-02,1.156150952117817182e-01,4.110331318125801658e-01,2.718564131153928809e-01,6.511640015338711167e-03,4.570884558683326326e-01,2.019305770449758130e-03,-2.341469766865804727e-02,2.246973023778910030e-03,3.116179674533099409e-01,-2.864130309197782664e-01,-8.264011978116840920e-03,4.540608583197831560e-01,1.779448869367812863e-03,-1.784044195427277046e-02,-1.921879422332775991e-03
-4.768269968207271003e-01,-8.370863090806299200e-03,4.230482966549631296e-01,8.090563716107767103e-03,-3.109505489434566394e-01,-4.923924188196875801e-02,-9.491152701065384001e-01,-2.130103890815413070e+00,3.213081156075180134e-02,6.043871739904142087e-02,1.978327447418181562e+00,-8.557544365969006472e-01,3.699924172347032747e-02,-2.042473465266728461e+00,6.786186747930801622e-02,-8.727934664908724993e-03,2.073297238857009894e+00,-8.331003921767642373e-01,-3.529702210319352051e-02,6.275357495019906473e-02,4.396379423951107118e-02,1.113678119590997412e-01,4.101976616656826669e-01,2.729450666932600189e-01,6.360373997835008959e-03,4.579117481123562983e-01,2.033282705359045015e-03,-2.303238398913683149e-02,2.200149546562032814e-03,3.146959681858391700e-01,-2.856236589842295337e-01,-8.118449667959154806e-03,4.545613897344842891e-01,1.745111747635797600e-03,-1.781337165849980475e-02,-1.983287100956957014e-03
-4.769010109753036297e-01,-8.648138199177297578e-03,4.258945216173876114e-01,9.132198082527135524e-03,-3.109038585172531621e-01,-5.014033202768148484e-02,-9.490739385429456387e-01,-2.122050781205490289e+00,3.392169368991974909e-02,5.931713269307441194e-02,1.968578399470481521e+00,-8.521364634713041175e-01,3.682792810866790389e-02,-2.033656920771282461e+00,6.674010105598499054e-02,-1.076325426376812007e-02,2.061731788224633988e+00,-8.240616731977183917e-01,-3.679238108324204420e-02,6.053099276613663898e-02,4.285604262981627943e-02,1.070571610639908522e-01,4.093883145270208468e-01,2.740272429977678170e-01,6.219118016153823980e-03,4.588240241278734866e-01,2.048176667192389087e-03,-2.263937413788697992e-02,2.156600114282964005e-03,3.177998062049803285e-01,-2.848332438908443009e-01,-7.971581623512751999e-03,4.551488284119423189e-01,1.706510416307627969e-03,-1.777112062603131495e-02,-2.044158282135997203e-03
-4.769071560115705766e-01,-8.938911735282625490e-03,4.287577408053859229e-01,1.014527499330784496e-02,-3.107484462845117590e-01,-5.108661951840977322e-02,-9.490640831014801604e-01,-2.113671639287308945e+00,3.571348393188977788e-02,5.826142343087228198e-02,1.958817031388321306e+00,-8.482395710728805049e-01,3.664742007359728798e-02,-2.024456701358579469e+00,6.562936384746438645e-02,-1.277634622743211573e-02,2.050167340605637989e+00,-8.146373276534520924e-01,-3.832193440271403767e-02,5.838320886685303968e-02,4.165512890575790578e-02,1.024589035448828095e-01,4.087318677725647609e-01,2.751180300267271894e-01,6.088470104285803423e-03,4.597766082658258369e-01,2.063287717693975017e-03,-2.224445125318123134e-02,2.113676475932962408e-03,3.210188696597884861e-01,-2.840382629383266244e-01,-7.801664289237201719e-03,4.558039423447347027e-01,1.666863139435484191e-03,-1.770991494252423248e-02,-2.098393329886910803e-03
-4.768629978029607086e-01,-9.225802402996504184e-03,4.316599975806562628e-01,1.112558771066284036e-02,-3.104309283615509507e-01,-5.203256327161952244e-02,-9.491056170806612124e-01,-2.104811672756437879e+00,3.746568333030549092e-02,5.726542010984594921e-02,1.948898311049402254e+00,-8.435797465409278217e-01,3.646094467618346546e-02,-2.014747355245619431e+00,6.448049373768131864e-02,-1.475936330611280281e-02,2.038401422561534115e+00,-8.043516698120779518e-01,-3.986197810103420808e-02,5.633676049742848690e-02,4.043613467776342035e-02,9.782640693412951449e-02,4.080947810494605088e-01,2.761785631166578936e-01,5.954845705243597305e-03,4.608080585761758496e-01,2.082058775634988007e-03,-2.184539144540467714e-02,2.069522591269531454e-03,3.242455296555745159e-01,-2.832517496479964869e-01,-7.640451887908079019e-03,4.565384272623462802e-01,1.622764211291809417e-03,-1.764035112794253707e-02,-2.151634424719644362e-03
-4.767549393725811768e-01,-9.507784516736127872e-03,4.345821921190235471e-01,1.206660587085929028e-02,-3.100179202053315874e-01,-5.298017408637844400e-02,-9.491766892039092962e-01,-2.095632574449726615e+00,3.916994471038552639e-02,5.634584807745499080e-02,1.938988162943397153e+00,-8.386774665586720356e-01,3.626705510756647599e-02,-2.004703767790306568e+00,6.330053306436662919e-02,-1.668925426290308184e-02,2.026668219204309729e+00,-7.939225964500814525e-01,-4.137908774842749549e-02,5.437429707426912756e-02,3.915690651029268832e-02,9.292186780452897643e-02,4.076135957115424868e-01,2.772276415408122530e-01,5.822634481484566769e-03,4.618658738893518523e-01,2.102008450005850553e-03,-2.144909764931749244e-02,2.023638320888544815e-03,3.275688856362145573e-01,-2.824668660350392879e-01,-7.461320321125250107e-03,4.573346297367161251e-01,1.577599622009263815e-03,-1.755572417010468206e-02,-2.198169778448030246e-03
-4.766049871554544626e-01,-9.775695841816143747e-03,4.375583853291082348e-01,1.296283082729845007e-02,-3.094705549169346481e-01,-5.388147342704766030e-02,-9.492927511983209055e-01,-2.085970634342996899e+00,4.081093463243014308e-02,5.548218210714078030e-02,1.928883350558569854e+00,-8.330532522119253880e-01,3.608270474777837411e-02,-1.994217626416083577e+00,6.207913355219219637e-02,-1.856994612595592661e-02,2.014793882059378927e+00,-7.831260071996533068e-01,-4.284802815762248779e-02,5.255956433638373643e-02,3.786776808426486896e-02,8.801949584112478409e-02,4.071461173265298328e-01,2.782320260979405102e-01,5.684733662302550450e-03,4.629874235939768212e-01,2.120497923204968469e-03,-2.104868653021966379e-02,1.981035749010543606e-03,3.308756316928148644e-01,-2.816915828840329539e-01,-7.299863197659521748e-03,4.581967808209194692e-01,1.531996104828586011e-03,-1.746631867240356142e-02,-2.244386610647746902e-03
-4.763991475946795506e-01,-1.002862311798354347e-02,4.405686964034263298e-01,1.380950323807432142e-02,-3.088578787898766942e-01,-5.473556209617402857e-02,-9.494314754482024998e-01,-2.075997361644532635e+00,4.238818574653376720e-02,5.468507861466705144e-02,1.918754392115621821e+00,-8.272386609085413678e-01,3.590412636292952125e-02,-1.983472083348897685e+00,6.082800837679752659e-02,-2.038564327944319965e-02,2.002968114721919157e+00,-7.725277337936546918e-01,-4.424904812043532754e-02,5.087225965339110811e-02,3.652779709298394767e-02,8.287134996661339736e-02,4.068404578292694196e-01,2.792102302364548039e-01,5.548957413534743102e-03,4.641186329425527890e-01,2.137510416930867452e-03,-2.065287655316691562e-02,1.939618382785113660e-03,3.342525743384400227e-01,-2.809211633743150527e-01,-7.122644963648669565e-03,4.591081276146977697e-01,1.487141230145642328e-03,-1.736388726248730419e-02,-2.284052961409409940e-03
-4.761616078170714528e-01,-1.025620525598481235e-02,4.436514145348384730e-01,1.460830974586166224e-02,-3.081530136913293583e-01,-5.549706032600624367e-02,-9.496043353599916692e-01,-2.065576944873539489e+00,4.387281684057204451e-02,5.392619416103749952e-02,1.908350707494421261e+00,-8.206318983012620416e-01,3.576371621380938087e-02,-1.972362611960869039e+00,5.955253174057164450e-02,-2.214140709455682948e-02,1.990984126193001913e+00,-7.619041385109951436e-01,-4.557158357011993621e-02,4.933156150568034776e-02,3.518226674719589220e-02,7.775857098027873227e-02,4.065520945353665594e-01,2.801214712895244707e-01,5.418016863776778727e-03,4.652842643701930458e-01,2.150611080429762432e-03,-2.026287403461999453e-02,1.900218293377495650e-03,3.375700394156277984e-01,-2.801729438218327761e-01,-6.951168541472605225e-03,4.600726345584031929e-01,1.438429063028014415e-03,-1.725859566254357019e-02,-2.323552174003110961e-03
-4.758780248473047370e-01,-1.045767301223853897e-02,4.467857308364134861e-01,1.535539551056762722e-02,-3.074232810002908711e-01,-5.616168816411198222e-02,-9.497899783164100995e-01,-2.054881976789105114e+00,4.527439509264147288e-02,5.321100648855443815e-02,1.897863769619740459e+00,-8.138270306679309396e-01,3.565231164761727828e-02,-1.961072954500408194e+00,5.826925271634382508e-02,-2.382709378392092528e-02,1.979005791693735139e+00,-7.517225677747150225e-01,-4.680531553979261350e-02,4.792196132469133535e-02,3.379218378666977440e-02,7.243269201599181195e-02,4.064314009722950760e-01,2.809883605803251694e-01,5.294663292988964487e-03,4.664333083289221582e-01,2.160961177351200004e-03,-1.988480014794946973e-02,1.862017036544057376e-03,3.409194294815197090e-01,-2.794411406449870405e-01,-6.755358061808087664e-03,4.610701379863966776e-01,1.388763072309409435e-03,-1.714228231372302153e-02,-2.355860760866150885e-03
-4.755685188512363548e-01,-1.062139515128594260e-02,4.500009700988250039e-01,1.606691842264549100e-02,-3.066292503702072181e-01,-5.665540448423557474e-02,-9.500055379272965839e-01,-2.043771589953600198e+00,4.662032693740796041e-02,5.247150342600408190e-02,1.887046151246179804e+00,-8.060380359831162966e-01,3.562131941907490523e-02,-1.949500134119974248e+00,5.705660945877107787e-02,-2.549522138075968614e-02,1.966906210715469783e+00,-7.419992907418548889e-01,-4.791441398228027393e-02,4.671829405111781186e-02,3.243080807877586624e-02,6.714858482707534992e-02,4.063264926617040085e-01,2.817743919927227503e-01,5.179072505835245928e-03,4.676026565505754795e-01,2.168992830795970009e-03,-1.951558640063133857e-02,1.829192796464311488e-03,3.441847494558074594e-01,-2.787374931714716730e-01,-6.560632143804139872e-03,4.621155840352918487e-01,1.331422219867907158e-03,-1.702252411284956371e-02,-2.387265277620018947e-03
-4.752188153143871441e-01,-1.074629859995854947e-02,4.532759023533228793e-01,1.673453311672924368e-02,-3.058368217730141336e-01,-5.697739641734583804e-02,-9.502301669314898724e-01,-2.032417491628430994e+00,4.791580596424575150e-02,5.172345037080013780e-02,1.876115719343770083e+00,-7.979585352557230227e-01,3.565219017082789377e-02,-1.937821938690701851e+00,5.591288772920259553e-02,-2.712555241349073887e-02,1.954792825645840448e+00,-7.329857905805281515e-01,-4.890370572038071906e-02,4.568865497280764215e-02,3.105536907820220099e-02,6.166059804748624806e-02,4.063926763883630167e-01,2.825024166472732690e-01,5.073926884836722426e-03,4.687413744406137006e-01,2.174907696152628394e-03,-1.916109783446495046e-02,1.799935221123472300e-03,3.474558042349878417e-01,-2.780585777189941710e-01,-6.336284165119929201e-03,4.631849809351944458e-01,1.271518832242071392e-03,-1.689132509906325630e-02,-2.410392455046195953e-03
-4.748448668968591191e-01,-1.082789232674434034e-02,4.566203278378129782e-01,1.733610912308841331e-02,-3.049755231411601097e-01,-5.707616836677172067e-02,-9.504902422486071201e-01,-2.020619157589960135e+00,4.916037730911117232e-02,5.094965761763566026e-02,1.864900422563000149e+00,-7.889880195581677746e-01,3.574600472955798136e-02,-1.925989140595866234e+00,5.481258639236141067e-02,-2.874483624650131172e-02,1.942579286275717187e+00,-7.243348134594123078e-01,-4.973329691370868832e-02,4.484309590523492123e-02,2.971750006608286920e-02,5.620774088713106215e-02,4.064798820183200267e-01,2.831407476898331055e-01,4.969399066666446013e-03,4.698815446595876466e-01,2.175112769695621787e-03,-1.881007550699879266e-02,1.774631409545160843e-03,3.506407187070060272e-01,-2.774040111904201300e-01,-6.117439694572549339e-03,4.642930737891203252e-01,1.210588520877514153e-03,-1.675438696836372213e-02,-2.434032506223891400e-03
-4.744324810336800202e-01,-1.086478173783595770e-02,4.600133208480033375e-01,1.786442207664602766e-02,-3.041074965025192811e-01,-5.695046300539351181e-02,-9.507660794108658830e-01,-2.008545679908957826e+00,5.035664220702461974e-02,5.016562844312312530e-02,1.853614906560983711e+00,-7.797940758095818214e-01,3.588807232062835029e-02,-1.914181354143920544e+00,5.374687972920513812e-02,-3.034505427527645766e-02,1.930372067452133189e+00,-7.162685837715296877e-01,-5.041690605790891816e-02,4.414872436487114749e-02,2.838090190645284686e-02,5.055395121204592224e-02,4.067408003468961919e-01,2.837092649727669391e-01,4.868839262714206098e-03,4.709782308144470631e-01,2.171886838484113780e-03,-1.847221246287881688e-02,1.751983293351376536e-03,3.538276497677522725e-01,-2.767758428660697101e-01,-5.872575885971547532e-03,4.654129557253504634e-01,1.150439264083218463e-03,-1.660580885712515525e-02,-2.450388143964734190e-03
-4.740042279667122660e-01,-1.084042408804999739e-02,4.634592370970098685e-01,1.828789740872807656e-02,-3.031485540379740828e-01,-5.658574677176653189e-02,-9.510859899374688453e-01,-1.996009685052187788e+00,5.138658049257959631e-02,4.940925397341775632e-02,1.842132063382421414e+00,-7.698856582851619779e-01,3.608536109959901289e-02,-1.902477580744061925e+00,5.260397503808570546e-02,-3.192631768913047063e-02,1.918077842248171683e+00,-7.081640624709103493e-01,-5.095863430102095387e-02,4.352392613913305675e-02,2.714479383483615199e-02,4.504994899001024677e-02,4.070288539455742538e-01,2.841741539545202255e-01,4.760493246175885422e-03,4.720675032723457010e-01,2.174141813657147395e-03,-1.815039734161519314e-02,1.728395538887078815e-03,3.569234400439635913e-01,-2.761714716823309157e-01,-5.621407702547316469e-03,4.665675587071498875e-01,1.075730430390803511e-03,-1.645368698301710383e-02,-2.467544985837717784e-03
-4.735460723900365432e-01,-1.075429904913161039e-02,4.669376846167228590e-01,1.860357921057118405e-02,-3.021585794459724084e-01,-5.596674041341956340e-02,-9.514314603140077153e-01,-1.983177908392504296e+00,5.227621611124273066e-02,4.867415876664398650e-02,1.830664034046530331e+00,-7.598844931219331800e-01,3.628515781284163272e-02,-1.891036549919007381e+00,5.141726468777976788e-02,-3.348702393351845469e-02,1.905796446317412851e+00,-7.002387858044973878e-01,-5.137374891742420985e-02,4.296983320052229910e-02,2.597272598073832595e-02,3.946530424403352916e-02,4.074879155658039931e-01,2.845591739203825465e-01,4.646700499776566622e-03,4.731072186324069007e-01,2.178096615971753230e-03,-1.784765245806011619e-02,1.704381898428742898e-03,3.600177254448777564e-01,-2.755904432919189517e-01,-5.337437419322361987e-03,4.677291635648119783e-01,9.959965984257693021e-04,-1.629223233517836100e-02,-2.477375786826990257e-03
-4.730817811472577405e-01,-1.059993096154068434e-02,4.704575145584187212e-01,1.880696273796358606e-02,-3.010750760472130083e-01,-5.510557614400755228e-02,-9.518211345697126236e-01,-1.969914579862595660e+00,5.292903953297428687e-02,4.796265176639877281e-02,1.818963097086869096e+00,-7.489364998249706806e-01,3.640253154463075902e-02,-1.879811513165596581e+00,5.013271467713384388e-02,-3.501487696771250768e-02,1.893357293570223865e+00,-6.917743441206426480e-01,-5.158073173961595648e-02,4.248586195384776443e-02,2.494790018500804216e-02,3.409238272799866576e-02,4.079723217653056788e-01,2.848097933523684455e-01,4.532268087747795896e-03,4.741425803096940839e-01,2.168114631248865744e-03,-1.755256199010048201e-02,1.686066900754444944e-03,3.630123293644332838e-01,-2.750439423564011721e-01,-5.052611108651306956e-03,4.689037202283644623e-01,9.129321750672856261e-04,-1.612780678601785297e-02,-2.492820058415340465e-03
-4.725966312153163651e-01,-1.037782716188629349e-02,4.739981276976749647e-01,1.889513022841874182e-02,-2.999521069295872366e-01,-5.398175751214234069e-02,-9.522382461642953100e-01,-1.956378655643612019e+00,5.339437551041748692e-02,4.727086994903549610e-02,1.807277387272102409e+00,-7.377851415252775213e-01,3.643985490853921677e-02,-1.868946126553886922e+00,4.880244537513310499e-02,-3.651165108742616960e-02,1.880884314305477201e+00,-6.830638535834474556e-01,-5.162261851831901477e-02,4.208115702138732345e-02,2.402902092063352243e-02,2.871298391477187378e-02,4.086264874229312838e-01,2.849587553836217535e-01,4.415645772559816627e-03,4.751301689643579462e-01,2.150830477718232870e-03,-1.727092583806529719e-02,1.671279328327945684e-03,3.659939687812152065e-01,-2.745284442834882155e-01,-4.739453974469930338e-03,4.700693263545469569e-01,8.303801024115471533e-04,-1.595634435049458899e-02,-2.503289726445386606e-03
-4.721149818307397994e-01,-1.008956641002696844e-02,4.775657509749680063e-01,1.887763667229215223e-02,-2.987322900655945968e-01,-5.259480542073440706e-02,-9.526995539773227550e-01,-1.942459518694857223e+00,5.368686525795417219e-02,4.656325434998380419e-02,1.795367538269137864e+00,-7.255618721496088774e-01,3.632578690886851397e-02,-1.858289618747789529e+00,4.741636087919052361e-02,-3.793852530183219190e-02,1.868247880059025645e+00,-6.737024294535934876e-01,-5.146978051694123951e-02,4.176972141788583281e-02,2.325813042414721921e-02,2.361976530463023166e-02,4.093085983728232957e-01,2.849765540506586370e-01,4.298196175125475541e-03,4.761103310209906514e-01,2.128695526537854876e-03,-1.699351349678610706e-02,1.660086540050520216e-03,3.688544874634219761e-01,-2.740500258576161197e-01,-4.416965060260086111e-03,4.712448255832525912e-01,7.437501155672169824e-04,-1.578076531853938105e-02,-2.511184899433458774e-03
-4.716213791913929088e-01,-9.735338647408296742e-03,4.811393848207104473e-01,1.875209999915974923e-02,-2.974692354284071971e-01,-5.092849650005439738e-02,-9.531876525446102422e-01,-1.928321852495873179e+00,5.384570935500139488e-02,4.584478917076504484e-02,1.783502563036001520e+00,-7.130925294701472295e-01,3.609770574495024115e-02,-1.847985751312884117e+00,4.601730694438227465e-02,-3.929652827355015893e-02,1.855567380313982051e+00,-6.639601043147991266e-01,-5.117122602995459457e-02,4.155438917733425552e-02,2.260048122884369265e-02,1.859210832897500304e-02,4.101610852459147138e-01,2.848967513325834644e-01,4.174205678063084256e-03,4.770437238910579802e-01,2.103990191528347896e-03,-1.672702033341036398e-02,1.650686776922506748e-03,3.716866920389677587e-01,-2.736081143150622674e-01,-4.061482708128359709e-03,4.724058510226280538e-01,6.573949337349189754e-04,-1.559835822069608607e-02,-2.509621914778561134e-03
-4.711415117672507202e-01,-9.333656151219170069e-03,4.847412132403882690e-01,1.852894681031439297e-02,-2.961183266377641066e-01,-4.901208837439716831e-02,-9.537129704227218507e-01,-1.913840936155136063e+00,5.387038893803458572e-02,4.506956197039766604e-02,1.771373823845387108e+00,-6.996686459293356419e-01,3.566365763078131051e-02,-1.837748604311157941e+00,4.468751759401516643e-02,-4.049921765345210894e-02,1.842761587320743022e+00,-6.539109021177805792e-01,-5.071800813088125220e-02,4.145173977263701126e-02,2.202567858273299373e-02,1.395277694995403217e-02,4.110251419584932675e-01,2.846944919412897623e-01,4.051971924521414851e-03,4.779732396712432219e-01,2.072246808036765347e-03,-1.646889883028400045e-02,1.645733787416211796e-03,3.743477499952675980e-01,-2.732074438635441194e-01,-3.698939373930335960e-03,4.735722559627524308e-01,5.624377076431705648e-04,-1.542194072592694039e-02,-2.508265308718329520e-03
-4.706587313073619661e-01,-8.883058579895918710e-03,4.883487119809096777e-01,1.820970398349910577e-02,-2.947411286659041840e-01,-4.683467684588259183e-02,-9.542549904497875657e-01,-1.899207787594849428e+00,5.378220027955336879e-02,4.424461368706589237e-02,1.759256578123744585e+00,-6.861006207323201433e-01,3.507563921818927788e-02,-1.827745599906535290e+00,4.343568870025064227e-02,-4.155651546780236155e-02,1.829920142904672975e+00,-6.437208363026930558e-01,-5.015455589085687088e-02,4.146005021782014216e-02,2.151480407437842204e-02,9.452446186171550163e-03,4.120477374557689476e-01,2.843995366074674180e-01,3.917822698999697158e-03,4.788618157334089132e-01,2.037467371679220225e-03,-1.622247801137552403e-02,1.641928684680075620e-03,3.769474271054791825e-01,-2.728557773083265525e-01,-3.309114127133150080e-03,4.747113968850741883e-01,4.661403468115607853e-04,-1.524501768986955344e-02,-2.499169663942375774e-03
-4.701977091052502722e-01,-8.396104036953564928e-03,4.919898798011191343e-01,1.781439808303910202e-02,-2.933112332728829985e-01,-4.444852452867570358e-02,-9.548169962480261841e-01,-1.884363138136447180e+00,5.356282478043557227e-02,4.335980228686747706e-02,1.747053141539982590e+00,-6.724923637909809848e-01,3.430729409990607159e-02,-1.817685531375152541e+00,4.230862762606026062e-02,-4.246141525742403583e-02,1.816913181052494108e+00,-6.334182911215107126e-01,-4.952784163421280333e-02,4.153503380467718498e-02,2.109675328945680856e-02,5.379972685090368342e-03,4.130542045804519447e-01,2.839876217953010706e-01,3.782026895875731203e-03,4.797454422221294479e-01,1.998925291246500795e-03,-1.598088155011779046e-02,1.647542741087049036e-03,3.793593958090218932e-01,-2.725635851143815569e-01,-2.913594272780077859e-03,4.758479745338312639e-01,3.688418625253043950e-04,-1.506661105623427824e-02,-2.484421838272658865e-03
-4.697419340502265173e-01,-7.871365684804574117e-03,4.956417686821203428e-01,1.733988461335439490e-02,-2.918965349945139010e-01,-4.184895637734044327e-02,-9.553765781669131263e-01,-1.869498063658908915e+00,5.322188333505537688e-02,4.243417554544919729e-02,1.734939202827826765e+00,-6.593239472450406202e-01,3.339815481427326621e-02,-1.807755458194039822e+00,4.128969424332154525e-02,-4.321178560937424806e-02,1.803818571751611533e+00,-6.231235203949370138e-01,-4.886075515215423243e-02,4.166947787963700550e-02,2.074576301796041480e-02,1.471508396305024231e-03,4.141865719848032423e-01,2.834940198131679634e-01,3.625331376121992792e-03,4.805854480200144052e-01,1.959272126762944509e-03,-1.574767831084335212e-02,1.655011141100579423e-03,3.817043986923446264e-01,-2.723349363542265644e-01,-2.498884185936558512e-03,4.769472809761542420e-01,2.739128716873881399e-04,-1.488560105198633195e-02,-2.460151549554293396e-03
-4.693105751652419388e-01,-7.324480137229973445e-03,4.993303533088254698e-01,1.679561579657951054e-02,-2.904628569872869659e-01,-3.910173709834825762e-02,-9.559394803839249555e-01,-1.854504957284103694e+00,5.275927639148879356e-02,4.149598384393162614e-02,1.722735751519892444e+00,-6.464303262079799106e-01,3.239028927026787325e-02,-1.797733416847504762e+00,4.036850959954802615e-02,-4.380958212865683488e-02,1.790556719849632383e+00,-6.128967283360332585e-01,-4.816475366230738020e-02,4.178790198108505577e-02,2.048568061276177105e-02,-2.023119231680974624e-03,4.152796279542507185e-01,2.829081423697530906e-01,3.457402848244318580e-03,4.814175695949408085e-01,1.914352285410372877e-03,-1.551393225703476958e-02,1.667525010777955565e-03,3.838665638740176855e-01,-2.721623375582958859e-01,-2.090928548614562343e-03,4.780416893050374871e-01,1.754947979264374046e-04,-1.470499739562362504e-02,-2.433914529107827993e-03
-4.688874900641889498e-01,-6.753827668862543918e-03,5.030326374978577597e-01,1.617944153951127520e-02,-2.890782997821579881e-01,-3.619917535319642360e-02,-9.564839684857635582e-01,-1.839574244575170825e+00,5.218852263428753330e-02,4.055910009318065140e-02,1.710589453422263873e+00,-6.341810131662571903e-01,3.131544022225764279e-02,-1.787803768830178663e+00,3.952323596356276808e-02,-4.426087594611764070e-02,1.777183670592819453e+00,-6.028476530788576815e-01,-4.748300316517124753e-02,4.189804833203792517e-02,2.029158803515173845e-02,-5.366780800572575928e-03,4.164682658648782843e-01,2.822653131268019755e-01,3.257638890810897903e-03,4.822022350437207283e-01,1.868206086162163201e-03,-1.528505579606729420e-02,1.677755293182440523e-03,3.859736336381801580e-01,-2.720512260517532477e-01,-1.678620698190122062e-03,4.790920919935991451e-01,7.868757406515858289e-05,-1.452440601925930087e-02,-2.401886271242400714e-03
-4.684907832361205893e-01,-6.178053947229780914e-03,5.067675226645848019e-01,1.551978488418588077e-02,-2.877092217892535664e-01,-3.319509007024395303e-02,-9.570165233525486093e-01,-1.824633545683226776e+00,5.155745465476508499e-02,3.959389703576425557e-02,1.698363932272332955e+00,-6.224104962551330056e-01,3.017666144158600086e-02,-1.777758975437189637e+00,3.868641850488374612e-02,-4.462231712305244485e-02,1.763615742587616886e+00,-5.930345493105234622e-01,-4.681705823900705193e-02,4.196193623942831574e-02,2.017404938247384025e-02,-8.326945325632308104e-03,4.176061547175282662e-01,2.815510433918129163e-01,3.031086507446973007e-03,4.829778818711013000e-01,1.819745966172599174e-03,-1.505326776242854429e-02,1.686651213424739636e-03,3.879194417247471827e-01,-2.719972623463875472e-01,-1.288129033229097695e-03,4.801326383515513996e-01,-2.032700395170778664e-05,-1.434420202051486792e-02,-2.372683654360236566e-03
-4.681051662232669774e-01,-5.595936221018386891e-03,5.105124701169236889e-01,1.480929663267143391e-02,-2.864207242158096633e-01,-3.008351423417039358e-02,-9.575170158510287743e-01,-1.809862335319720517e+00,5.087105749321533393e-02,3.862295022520178395e-02,1.686186541511049297e+00,-6.114252907167432305e-01,2.900371374355355594e-02,-1.767777731892163251e+00,3.783849858752011408e-02,-4.489055307771731840e-02,1.749898399034107932e+00,-5.835622974837039179e-01,-4.621358305576964837e-02,4.198663120416459144e-02,2.009821315084321658e-02,-1.115395269616507173e-02,4.188204775560672166e-01,2.808023272027844741e-01,2.760043501164039306e-03,4.837018666143902967e-01,1.771872786192327026e-03,-1.482497693629765759e-02,1.688479279110098640e-03,3.898304167647971830e-01,-2.720032481740116692e-01,-9.087709150207728438e-04,4.811238214674402047e-01,-1.168506751469857704e-04,-1.416529539999284056e-02,-2.341791446482145711e-03
-4.677503127488127910e-01,-5.025552087532386691e-03,5.142843733295208164e-01,1.405565976663100854e-02,-2.851895342565778368e-01,-2.694458502871330957e-02,-9.579892260963436268e-01,-1.795185188360290063e+00,5.013470554134256268e-02,3.768893928921056985e-02,1.673820035818101237e+00,-6.007891420498655544e-01,2.785274983244426933e-02,-1.757695324989791530e+00,3.695298938141308026e-02,-4.506441298678246637e-02,1.735968967479792457e+00,-5.744847271854751636e-01,-4.565424744278476915e-02,4.192232098652474287e-02,2.006134335188755266e-02,-1.361897636470478512e-02,4.199588698274300813e-01,2.800198928592369518e-01,2.455034185525607933e-03,4.844094949309067921e-01,1.721395003737312022e-03,-1.459447288815682829e-02,1.685507187074874623e-03,3.916029681121396266e-01,-2.720512523076276112e-01,-5.695158815001750844e-04,4.820941113533984135e-01,-2.138862060732746469e-04,-1.399049417489648187e-02,-2.318422020944618973e-03
-4.674116585374460953e-01,-4.465614825500893031e-03,5.180607932417029549e-01,1.325356329719703900e-02,-2.840736537306560172e-01,-2.376774946933501650e-02,-9.584161916418175720e-01,-1.780772066725997638e+00,4.935449297906153998e-02,3.680096721865838694e-02,1.661406773492997591e+00,-5.908244031089919801e-01,2.672717681805429971e-02,-1.747675007147006854e+00,3.602232793982619585e-02,-4.514519723955454783e-02,1.721866113763270256e+00,-5.658889134778862795e-01,-4.516660185511519460e-02,4.178943463159610905e-02,2.003159821035783994e-02,-1.595321695696652609e-02,4.211435801942486346e-01,2.792370610384469765e-01,2.102549363662051425e-03,4.850550656026865193e-01,1.671778690651420669e-03,-1.436866238141707060e-02,1.673057311393061439e-03,3.933601846504677368e-01,-2.721466438278898892e-01,-2.560196232589786775e-04,4.830041660025013450e-01,-3.073261498558417298e-04,-1.382035607566975410e-02,-2.297229199459913888e-03
-4.671009619516175437e-01,-3.926049778248471775e-03,5.218649352785901252e-01,1.240970152209203148e-02,-2.830400028457847883e-01,-2.063830647927290471e-02,-9.588057240144418625e-01,-1.766502005756535265e+00,4.850374302941280746e-02,3.600331806871913398e-02,1.648703652590777224e+00,-5.810493740732457502e-01,2.566760454853523124e-02,-1.737537568393526799e+00,3.495051179539510056e-02,-4.510315213816937924e-02,1.707497432842018270e+00,-5.577887594915357239e-01,-4.473577004225776088e-02,4.149679806833640044e-02,2.001713184680494265e-02,-1.800648307947880222e-02,4.222305160821906433e-01,2.784465698748164186e-01,1.720092178574823437e-03,4.856842778387139847e-01,1.619938373106475423e-03,-1.413651483478437811e-02,1.657081572436238086e-03,3.950033481059510576e-01,-2.722651101675550578e-01,4.350038849623195664e-06,4.839057291695743057e-01,-4.003300987998751389e-04,-1.364883592373521831e-02,-2.285837414051900170e-03
-4.668041789862057422e-01,-3.405962948417329706e-03,5.256740659246474934e-01,1.152276139086689036e-02,-2.821387447648979196e-01,-1.753708068745818763e-02,-9.591441004736349640e-01,-1.752532871136409431e+00,4.759720258792178582e-02,3.528643712261602533e-02,1.635864424705381071e+00,-5.717833467169168848e-01,2.465637037539926413e-02,-1.727433318956546726e+00,3.376555436019900575e-02,-4.494136593713869698e-02,1.692904246618460062e+00,-5.502534313136092647e-01,-4.436789563459984931e-02,4.108906335717746328e-02,1.999050078185505425e-02,-1.998951958205664320e-02,4.233375843739626276e-01,2.776815156099613491e-01,1.295004028213720196e-03,4.862462769052741662e-01,1.569351389343161523e-03,-1.390713807383347871e-02,1.632197882083992165e-03,3.966575524216833792e-01,-2.724142598168879381e-01,2.293863143540230255e-04,4.847524847654027247e-01,-4.890363594158075389e-04,-1.347889350756400866e-02,-2.278989271027269999e-03
-4.665306978257359738e-01,-2.917365104997512310e-03,5.295073829688670131e-01,1.060222640700730565e-02,-2.813322238380375206e-01,-1.453675540680554948e-02,-9.594417415183694731e-01,-1.738755507708644510e+00,4.662664799204550847e-02,3.467594166334721922e-02,1.622736055911292885e+00,-5.627712901736849904e-01,2.371016684735437891e-02,-1.717187959112797868e+00,3.242792584868046946e-02,-4.465674542342967790e-02,1.678023157078043726e+00,-5.433001636537989620e-01,-4.404567752942886716e-02,4.050651333053429531e-02,1.995093887403782962e-02,-2.176122636850191458e-02,4.243364974207393669e-01,2.769350105329728695e-01,8.467773784112120339e-04,4.867901048416422571e-01,1.518914275894067472e-03,-1.367340675203230181e-02,1.606041436665725172e-03,3.982233953237583890e-01,-2.725708388342760191e-01,3.938636080375388770e-04,4.855984166366669741e-01,-5.758572378896644958e-04,-1.330823197879127395e-02,-2.283671840103019841e-03
-4.662672509991694914e-01,-2.459461441194433443e-03,5.333422688932606404e-01,9.647464839494012193e-03,-2.806648221913862762e-01,-1.161597514541911833e-02,-9.596870599981378591e-01,-1.725307836100008929e+00,4.560311355634191766e-02,3.415592381633190261e-02,1.609441477419835786e+00,-5.542166584211812852e-01,2.280284327821809065e-02,-1.706952340814092306e+00,3.097721418142686950e-02,-4.425372814131272453e-02,1.662915603296649225e+00,-5.369643739123666215e-01,-4.377066205124501008e-02,3.980077243926313790e-02,1.987357873961902860e-02,-2.351500725273840409e-02,4.253411001491966270e-01,2.762374961010151120e-01,3.645719073220424797e-04,4.872617342424777065e-01,1.470903060382834334e-03,-1.344430111493047190e-02,1.572462957676308429e-03,3.998242067163422786e-01,-2.727451101126299182e-01,5.189662761391756985e-04,4.863918797676854977e-01,-6.576415175048398037e-04,-1.313946594297099417e-02,-2.294331940301776260e-03
-4.660215530212045709e-01,-2.045489086302159157e-03,5.371728942715202626e-01,8.666936421435815149e-03,-2.800725676807970799e-01,-8.855538133553105679e-03,-9.598988595107911248e-01,-1.712092648804337314e+00,4.444909628297984139e-02,3.372782395206620071e-02,1.595906663768095868e+00,-5.457891045470822933e-01,2.196459199903683449e-02,-1.696598645793391702e+00,2.934704620129057959e-02,-4.374664621833442707e-02,1.647679506481249501e+00,-5.312001692904875227e-01,-4.349469681103168561e-02,3.894913570743722270e-02,1.972702580934361863e-02,-2.509448261112681364e-02,4.262559542917679356e-01,2.755813207639912776e-01,-1.458421421085566157e-04,4.877010233173232900e-01,1.429548847819023857e-03,-1.322406137051103554e-02,1.532718537410125053e-03,4.013772363928941322e-01,-2.729239025068781466e-01,5.847983731354751890e-04,4.871692311709936440e-01,-7.441240077417420138e-04,-1.297937307369635175e-02,-2.322727370965839335e-03
-4.657816367488638587e-01,-1.674941110310381592e-03,5.409783542406370049e-01,7.662521338390843387e-03,-2.795950996175753933e-01,-6.227236021502387253e-03,-9.600672307542370554e-01,-1.699232397738580591e+00,4.319304144209549362e-02,3.336732683020894596e-02,1.582247630701168806e+00,-5.376592324166510339e-01,2.116352874722788810e-02,-1.686283436516252010e+00,2.759668156772344602e-02,-4.315117624714114031e-02,1.632388089420555799e+00,-5.259970036060030996e-01,-4.323024990015209013e-02,3.801311104640479194e-02,1.948943852573703853e-02,-2.667453926076696763e-02,4.271876907968898407e-01,2.749892537168277529e-01,-6.871188384934519885e-04,4.880586157291014748e-01,1.393485794953465981e-03,-1.301750449637619975e-02,1.483743188464221267e-03,4.029900474494228502e-01,-2.731170384922123051e-01,6.148954090387323155e-04,4.878850447291156467e-01,-8.286726897078855545e-04,-1.282689336414434209e-02,-2.359501610164842656e-03
-4.655587165877175804e-01,-1.358919408530850307e-03,5.447730595940774023e-01,6.635114074007733218e-03,-2.791863720099079238e-01,-3.809826975584998301e-03,-9.602064518443866881e-01,-1.686614235254328964e+00,4.173202113008959296e-02,3.308432100946898102e-02,1.568291704157756206e+00,-5.293568900727630977e-01,2.043046748134257420e-02,-1.675833446233975454e+00,2.574633180556221840e-02,-4.244444437092690509e-02,1.616998792746356051e+00,-5.213745289042357456e-01,-4.295207162630421821e-02,3.701034379190497325e-02,1.910378972747305698e-02,-2.813246543735075517e-02,4.280118533478564080e-01,2.744433500417988725e-01,-1.251314446399706161e-03,4.884033615831094854e-01,1.362103766175941410e-03,-1.279712181553000101e-02,1.432391026269194375e-03,4.045586460626094949e-01,-2.733086490999034890e-01,5.797892695197374080e-04,4.885878158162633156e-01,-9.073431893157315109e-04,-1.267398272067752837e-02,-2.406252467658177591e-03
-4.653415325442504802e-01,-1.097273630278779643e-03,5.485363430368627169e-01,5.590320033789709930e-03,-2.788795547184423351e-01,-1.572285405545554259e-03,-9.603085286513740604e-01,-1.674347994452185739e+00,4.012741209185800850e-02,3.285400124261454724e-02,1.554164976177917934e+00,-5.210701898766684215e-01,1.973884901164678352e-02,-1.665414345846573552e+00,2.385504721617891233e-02,-4.165477836049664984e-02,1.601600920728159183e+00,-5.172823859648388867e-01,-4.268003136040442874e-02,3.599964408459499499e-02,1.855631531237920268e-02,-2.962436572868406767e-02,4.288416177014030550e-01,2.739610322851023794e-01,-1.834946386043693166e-03,4.886804987167115422e-01,1.334561230922093680e-03,-1.257807682037403139e-02,1.375254383900347509e-03,4.061788522284411340e-01,-2.735109583341949757e-01,5.115844082891642369e-04,4.892312132542907532e-01,-9.795121917085881143e-04,-1.252240168479715546e-02,-2.456716693276396642e-03
-4.651424136914847351e-01,-8.927689863104913432e-04,5.522983752090010467e-01,4.531822969959711095e-03,-2.786270361988618660e-01,4.338214930405090604e-04,-9.603885927469774098e-01,-1.662304991744174343e+00,3.827252018790727045e-02,3.264620306536879929e-02,1.539740328802125857e+00,-5.125690083928599039e-01,1.908972472329922843e-02,-1.654834914151323444e+00,2.191835179233304204e-02,-4.074921964856110385e-02,1.586032516859435804e+00,-5.136016724700579461e-01,-4.235806606473191405e-02,3.491036232717929094e-02,1.783253425891415458e-02,-3.100768467553746688e-02,4.295690926671364429e-01,2.735129694028922143e-01,-2.399526059951009350e-03,4.889518090861990629e-01,1.308310983265757472e-03,-1.235751746340007888e-02,1.324567055474157188e-03,4.077242577705437188e-01,-2.737058104362010691e-01,3.944273559439200462e-04,4.898758687602430828e-01,-1.043182816811817322e-03,-1.236298784258036028e-02,-2.513225747950831486e-03
-4.649499518211254734e-01,-7.457505661168893629e-04,5.560378467088541443e-01,3.465920909105850434e-03,-2.784599760576889627e-01,2.239829120177478251e-03,-9.604389685408000199e-01,-1.650577051686294983e+00,3.625869919213940695e-02,3.245595578102446199e-02,1.525128126399661666e+00,-5.040120549512251413e-01,1.846089271026211259e-02,-1.644275909699089544e+00,1.998959972587895095e-02,-3.976506644834898463e-02,1.570407689066771306e+00,-5.102685511622722103e-01,-4.202695905892839257e-02,3.380552546020552246e-02,1.692073160806038118e-02,-3.243430461611621768e-02,4.303062684009376637e-01,2.731235028209594295e-01,-2.953717902055940162e-03,4.891593930156126757e-01,1.283604098766444280e-03,-1.214461145367427657e-02,1.274457206586607520e-03,4.092982070647747106e-01,-2.739042660394119810e-01,2.577921903274143795e-04,4.904667549749773259e-01,-1.099760909795774282e-03,-1.220087168314875660e-02,-2.570816426831767053e-03
-4.647755463486992755e-01,-6.492268035715792127e-04,5.597797855558862556e-01,2.388811628257062926e-03,-2.783340935129416382e-01,3.816900137119996587e-03,-9.604737670757474977e-01,-1.639085756330045385e+00,3.392273323187691009e-02,3.220501753287193653e-02,1.510262155603772749e+00,-4.951716828692993566e-01,1.786054054592970536e-02,-1.633589948618869414e+00,1.803179955963794823e-02,-3.868765391764142358e-02,1.554598592041341654e+00,-5.071771285843017507e-01,-4.165405213500049386e-02,3.263923184859537918e-02,1.581357714334068187e-02,-3.377306073755950017e-02,4.309448035049301962e-01,2.727638008525816726e-01,-3.478046077355744035e-03,4.893614612127065722e-01,1.261995337039467212e-03,-1.192803900984965720e-02,1.230780633584427656e-03,4.107988249984780849e-01,-2.741001826090944116e-01,8.471163293575191479e-05,4.910418975587966806e-01,-1.148580576885641861e-03,-1.202828509119652917e-02,-2.632779141922274302e-03
-4.646081698062102805e-01,-6.040243977206131596e-04,5.635032197886015171e-01,1.306755165671121726e-03,-2.782765844047571102e-01,5.201808847097472502e-03,-9.604860103862405962e-01,-1.627897849672881536e+00,3.139234501263575561e-02,3.191383646709634175e-02,1.495238754150572724e+00,-4.861978185016638809e-01,1.727437875172123036e-02,-1.622954717644053968e+00,1.610555927573453436e-02,-3.755072840652615151e-02,1.538730966718219184e+00,-5.042694757218139090e-01,-4.128255954987831294e-02,3.148094058047212762e-02,1.449648201468891479e-02,-3.516285800956415325e-02,4.315960827698094304e-01,2.724605021406875105e-01,-3.982299148608683427e-03,4.895000447670672661e-01,1.242266920076432477e-03,-1.171876969885328988e-02,1.188557645592874541e-03,4.123223364683719083e-01,-2.743034786890730103e-01,-9.600962412939067483e-05,4.915502667125441483e-01,-1.191401686276237796e-03,-1.185375364716186215e-02,-2.694033845079080690e-03
-4.644515613675182508e-01,-5.949309666819131443e-04,5.672270232847324012e-01,2.273015772621504184e-04,-2.782452973182794054e-01,6.374543586429147306e-03,-9.604888692995457999e-01,-1.616896777206564106e+00,2.863278838461030470e-02,3.161251845001622485e-02,1.480040938858856236e+00,-4.771541713629056658e-01,1.672043039842716072e-02,-1.612225090381357528e+00,1.411290967863626511e-02,-3.635920086694249820e-02,1.522737203280388307e+00,-5.015788600039744471e-01,-4.090566271160864242e-02,3.019067330797453944e-02,1.301599199013258809e-02,-3.646491384981899453e-02,4.321596649478767760e-01,2.721910107145183444e-01,-4.438911729214760869e-03,4.896214685088693397e-01,1.227551641955243857e-03,-1.151385552360947168e-02,1.158026665868565949e-03,4.137613847880428075e-01,-2.745011944582140817e-01,-2.862954822604374177e-04,4.920401146617050525e-01,-1.230154411895689444e-03,-1.166829587146576801e-02,-2.752583811706405936e-03
-4.642950968262781197e-01,-6.218467707737403063e-04,5.709306808674492473e-01,-8.413188865926331554e-04,-2.782688069085824112e-01,7.378600508967074131e-03,-9.604745283133406808e-01,-1.606155966397902590e+00,2.575559305020945489e-02,3.129871240206746896e-02,1.464755041056801765e+00,-4.681279544681651861e-01,1.618426835921523213e-02,-1.601573727341417008e+00,1.213404803022396193e-02,-3.514483909194208305e-02,1.506730320466343587e+00,-4.990382884168971800e-01,-4.054962977906918092e-02,2.885995860046927652e-02,1.136155698817446075e-02,-3.781823048318867786e-02,4.327356715894816741e-01,2.719812796279114653e-01,-4.866331045614914405e-03,4.896751009819068634e-01,1.215249314289322926e-03,-1.132098197084191807e-02,1.131649586133798811e-03,4.152182232869053302e-01,-2.747062189019622847e-01,-4.674400297502755500e-04,4.924571622616508160e-01,-1.265000947633442051e-03,-1.148324613470874320e-02,-2.806361460682952128e-03
-4.641420292762565847e-01,-6.730713365260493439e-04,5.746296967400074118e-01,-1.887854437163065521e-03,-2.783031246065661990e-01,8.192449155879541131e-03,-9.604565011580038503e-01,-1.595567713279415933e+00,2.276692567002461948e-02,3.103939454040200580e-02,1.449360112318923699e+00,-4.591509340090690894e-01,1.568821685342721567e-02,-1.590861511847015963e+00,1.014724976732665589e-02,-3.390552730688650707e-02,1.490652716165632441e+00,-4.965678750215045123e-01,-4.018843203075890547e-02,2.742618109568037768e-02,9.554206852893563917e-03,-3.909442062468142243e-02,4.332358430999992405e-01,2.718159478887229863e-01,-5.242366666298971765e-03,4.897117049773716535e-01,1.210270106996857173e-03,-1.113757862026402458e-02,1.121759782670446416e-03,4.165899551724344119e-01,-2.748991490612225363e-01,-6.523079078947469859e-04,4.928477120388667365e-01,-1.289852271263400817e-03,-1.129479083057853897e-02,-2.856325043881129469e-03
-4.639821137562962772e-01,-7.470494177797252664e-04,5.783040987961000079e-01,-2.902692649907303874e-03,-2.783772936824583932e-01,8.859452463168403236e-03,-9.604265546305263967e-01,-1.585213155532882556e+00,1.974743509402440353e-02,3.080715957305815017e-02,1.433940402466533426e+00,-4.502719133479383684e-01,1.521690290831173922e-02,-1.580239424612547738e+00,8.226579894303764212e-03,-3.266914085917646537e-02,1.474598795622041436e+00,-4.941366120471761825e-01,-3.984732618284701072e-02,2.598079807220126866e-02,7.591685967057565029e-03,-4.043011511819941811e-02,4.337562249955298488e-01,2.717132241206793863e-01,-5.586590147601885360e-03,4.896852665088531897e-01,1.208411893985089029e-03,-1.096890193573159776e-02,1.118271830958040116e-03,4.179766467716846678e-01,-2.751010026323517099e-01,-8.241205218942098320e-04,4.931567465620268487e-01,-1.308483602018727879e-03,-1.111253596225252570e-02,-2.900973498162543601e-03
-4.638190167165335831e-01,-8.586958943825951426e-04,5.819809775258528717e-01,-3.855300342661623775e-03,-2.784607377047196297e-01,9.398455838977384097e-03,-9.603938896328183539e-01,-1.574939616025593958e+00,1.673280264848333795e-02,3.052269100348152173e-02,1.418431509172125571e+00,-4.416227346827721889e-01,1.470387131593397373e-02,-1.569606671698456468e+00,6.534920290851060735e-03,-3.150656715855200407e-02,1.458515831690504472e+00,-4.917175153199909721e-01,-3.954357449164911525e-02,2.459731871967499317e-02,5.468942602397552921e-03,-4.169970030606098138e-02,4.342289450584784216e-01,2.716497214431677354e-01,-5.887399311881287914e-03,4.896640553842126486e-01,1.225440668333138781e-03,-1.080572733603847764e-02,1.130365324065330272e-03,4.192632638005877044e-01,-2.753029651191199467e-01,-9.992105784627403238e-04,4.934502369206058003e-01,-1.316125429016666831e-03,-1.092306588977065909e-02,-2.939763700499373536e-03
-4.636429709232019469e-01,-1.005925934661442821e-03,5.856407257210272110e-01,-4.739511822738602144e-03,-2.785841667077323947e-01,9.827808531290319408e-03,-9.603498389997849882e-01,-1.564855594981832576e+00,1.376056726413085046e-02,3.017908497195556997e-02,1.402906390221649868e+00,-4.332027509858289438e-01,1.415664637903708313e-02,-1.559082493742112163e+00,5.096356241613837247e-03,-3.042428293855540394e-02,1.442491725114860124e+00,-4.893851968074746650e-01,-3.928152324885562235e-02,2.331006757804637147e-02,3.194263248573696052e-03,-4.304000539327260816e-02,4.347533404064866658e-01,2.716379659756344989e-01,-6.161263659279743801e-03,4.896002381271937209e-01,1.250033844461901017e-03,-1.065363961599635929e-02,1.148056114444661159e-03,4.205444613288117917e-01,-2.755308147475201141e-01,-1.160080666854319993e-03,4.936706941702450613e-01,-1.317903069316147917e-03,-1.073681831244304753e-02,-2.971949096323054339e-03
-4.634608936857460004e-01,-1.187424812659933129e-03,5.892900163984251538e-01,-5.524911029724071700e-03,-2.786963591616386515e-01,1.011223970937105004e-02,-9.603101360270133169e-01,-1.555007786229961608e+00,1.086161185361703661e-02,2.979745292178569496e-02,1.387396251420979221e+00,-4.248530218834244421e-01,1.362518525673377633e-02,-1.548513728757406449e+00,3.853185635097305765e-03,-2.945874726096826476e-02,1.426480319344593850e+00,-4.870377634881863371e-01,-3.903525228381736489e-02,2.215423819593093785e-02,8.028145609295499890e-04,-4.432455092060794827e-02,4.352666586421101158e-01,2.716346267398092595e-01,-6.396190873146637840e-03,4.895428026612966277e-01,1.273720628944547371e-03,-1.051037352282149090e-02,1.172040881896965455e-03,4.217476396055507837e-01,-2.757827827610385696e-01,-1.311911790001048976e-03,4.938378639559669603e-01,-1.318419483349479943e-03,-1.055866092767198880e-02,-3.000788112235135141e-03
-4.632642149760168859e-01,-1.402646579238448453e-03,5.929109397252544378e-01,-6.213320156757404407e-03,-2.788227517205624229e-01,1.026165286102813205e-02,-9.602676534467684544e-01,-1.545498598818340064e+00,8.065212455950054177e-03,2.940236594513480350e-02,1.371972846092191389e+00,-4.165711048990615728e-01,1.310505401258411917e-02,-1.537992865822038535e+00,2.828664095362908373e-03,-2.859955241463315798e-02,1.410561577760503171e+00,-4.847761775743073542e-01,-3.881198452809919708e-02,2.113736647630724830e-02,-1.713648013635517102e-03,-4.566927859440170906e-02,4.358623090947858492e-01,2.716601331416507170e-01,-6.606372202912559263e-03,4.894447844435319550e-01,1.295080428940371172e-03,-1.037993885691219052e-02,1.197407550927905668e-03,4.229478053312758501e-01,-2.760732488352170000e-01,-1.440754513580091035e-03,4.939115390067221334e-01,-1.318361057656362205e-03,-1.039509309161260227e-02,-3.023578390956997534e-03
-4.630585559748947588e-01,-1.657350167391440261e-03,5.965208130833735689e-01,-6.790535054238169832e-03,-2.789362956779204428e-01,1.025860244251080092e-02,-9.602308017675144081e-01,-1.536270377227192174e+00,5.429890363129255548e-03,2.898585602310101844e-02,1.356575407263775457e+00,-4.083158890753476045e-01,1.259086016254621319e-02,-1.527404271481530351e+00,2.031538207587998274e-03,-2.786669839792910511e-02,1.394650337155754150e+00,-4.824877924850077271e-01,-3.864167524247712204e-02,2.030532147720588015e-02,-4.342652726711277757e-03,-4.698692377873912862e-02,4.364590514387379772e-01,2.716820963568410963e-01,-6.773542552501042764e-03,4.893761776871692337e-01,1.317685924763957114e-03,-1.024605608529884776e-02,1.233675843350958562e-03,4.240379837105283656e-01,-2.763795300481201589e-01,-1.561113023476574241e-03,4.939506318009284080e-01,-1.309446616202402823e-03,-1.022947348703432888e-02,-3.042530943138730196e-03
-4.628358650090112492e-01,-1.951202699100988442e-03,6.001021069760840154e-01,-7.262125474731897373e-03,-2.790583788801049292e-01,1.010090408553612068e-02,-9.601935505131514725e-01,-1.527414569705152880e+00,2.962435309127507254e-03,2.857910098040896893e-02,1.341267436555152015e+00,-4.000797803758985860e-01,1.207930163405301210e-02,-1.516831360357747238e+00,1.460436844749775191e-03,-2.724045736909342513e-02,1.378833721648985211e+00,-4.802819800521324067e-01,-3.851283370488872704e-02,1.963792449825165279e-02,-7.093173839573552533e-03,-4.837989997180364155e-02,4.371491318111431768e-01,2.717239627139046987e-01,-6.913409078844260681e-03,4.892865416103283627e-01,1.338754336892679277e-03,-1.011638353477910084e-02,1.273989727583692841e-03,4.250904947131232126e-01,-2.767162910375850493e-01,-1.658923338924655783e-03,4.939116947261234514e-01,-1.296815951895132152e-03,-1.007175257615586760e-02,-3.055500093638932168e-03
-4.626011103054501472e-01,-2.284107736949867948e-03,6.036648831679003457e-01,-7.623550220450977556e-03,-2.791578235736530411e-01,9.782631225355144233e-03,-9.601651374352050405e-01,-1.518803288556096698e+00,6.630837356483383280e-04,2.814171909761442256e-02,1.326000354197466535e+00,-3.918714955925373111e-01,1.158807694711743927e-02,-1.506178169207384565e+00,1.106804000336911566e-03,-2.671854226565110665e-02,1.363052806657949478e+00,-4.780479471361650523e-01,-3.839310582333523708e-02,1.913199363315509771e-02,-9.940150807328252888e-03,-4.974910478175139511e-02,4.378509234638020553e-01,2.717563299986753833e-01,-7.014283744828471966e-03,4.892401918858798049e-01,1.368816609280695037e-03,-9.987709986662240622e-03,1.322900864345678482e-03,4.260088803254662992e-01,-2.770621526393899359e-01,-1.745032482479855207e-03,4.938525756326549998e-01,-1.276467394856953003e-03,-9.913380402950588977e-03,-3.067139692762978036e-03
-4.623462734642397876e-01,-2.655980152915266880e-03,6.071917871151115698e-01,-7.880033545624890584e-03,-2.792566023284405174e-01,9.297117113350421638e-03,-9.601391663403153753e-01,-1.510529588661326805e+00,-1.465048583302728212e-03,2.770479116828682142e-02,1.310834505815953399e+00,-3.836860688572143463e-01,1.112013354877329149e-02,-1.495529898946949432e+00,9.645342938805140723e-04,-2.628175087214683348e-02,1.347400543842023790e+00,-4.759022415956081220e-01,-3.826994427014702299e-02,1.876187720342025259e-02,-1.288975356677888977e-02,-5.119728071134169167e-02,4.386538858621545356e-01,2.718055595297781957e-01,-7.093936623422053903e-03,4.891846058849899648e-01,1.400614249229424320e-03,-9.863901049219090181e-03,1.374006995047770191e-03,4.268696302881144766e-01,-2.774315828689382646e-01,-1.808461038423991776e-03,4.937260968632649072e-01,-1.253364237866730737e-03,-9.763513468234124790e-03,-3.074431525517205572e-03
-4.620737292296566712e-01,-3.071417000529319541e-03,6.106827841353200670e-01,-8.028736327316732604e-03,-2.793152646654474269e-01,8.622581212289702132e-03,-9.601271652292184822e-01,-1.502501364364785541e+00,-3.386494655546559186e-03,2.723546130733258200e-02,1.295762483629535389e+00,-3.755864953189413935e-01,1.069643296342254017e-02,-1.484795540718273132e+00,1.024758102158665604e-03,-2.592191960810927287e-02,1.331867727386373268e+00,-4.736835957969881550e-01,-3.815820450734137836e-02,1.856673703211611515e-02,-1.592537069251566059e-02,-5.264464962316339758e-02,4.394836571603443209e-01,2.718490415827902185e-01,-7.147009056183447825e-03,4.891716824599295910e-01,1.440974487789373594e-03,-9.741210088264609310e-03,1.435865850002888749e-03,4.275994569700081738e-01,-2.777921127839153570e-01,-1.852868297478499869e-03,4.935697476153712571e-01,-1.224097404472941847e-03,-9.617751195807494255e-03,-3.071174850859348122e-03
-4.617761018313567556e-01,-3.530798213966080453e-03,6.141216634907217253e-01,-8.073824998103653824e-03,-2.793555953600633246e-01,7.743890540619499489e-03,-9.601225426216278835e-01,-1.494805222190313865e+00,-5.105249803967967792e-03,2.677052472667553959e-02,1.280826905885703360e+00,-3.676359835767660789e-01,1.036574217473643610e-02,-1.474058834730312961e+00,1.277417495240638738e-03,-2.561647729432301249e-02,1.316555486421178811e+00,-4.715186537290359525e-01,-3.802596622924023229e-02,1.850452060034786170e-02,-1.904730938565306342e-02,-5.418822592246715780e-02,4.404244684200164239e-01,2.719132306458428849e-01,-7.187108856943918815e-03,4.891512953172871270e-01,1.482477943659279464e-03,-9.623311499608081312e-03,1.500237829009438539e-03,4.282683383590374926e-01,-2.781582029949955515e-01,-1.868564552264392496e-03,4.933422000081559289e-01,-1.193188705656264299e-03,-9.484377958611234227e-03,-3.059160703004800645e-03
-4.614572385272779909e-01,-4.023124067864241454e-03,6.175063809354864874e-01,-8.017794443780444646e-03,-2.793376935650783710e-01,6.670940082935106034e-03,-9.601362749549720021e-01,-1.487240890763370293e+00,-6.723018093829940221e-03,2.627364041013140195e-02,1.266042473134266544e+00,-3.601068430419258060e-01,1.026868203648546168e-02,-1.463234372154143648e+00,1.685738245719536725e-03,-2.535547534327278751e-02,1.301397111494069669e+00,-4.691272650477050221e-01,-3.781453197336927946e-02,1.854926575492649513e-02,-2.218554780954479916e-02,-5.572366881273076167e-02,4.413869151826900761e-01,2.719748661723268013e-01,-7.203177736979276928e-03,4.891763926060572754e-01,1.531367704184112555e-03,-9.504485462210842533e-03,1.571145033136698167e-03,4.288084567912923695e-01,-2.785108217684811316e-01,-1.867372784938623603e-03,4.930886890914064069e-01,-1.156128570975690530e-03,-9.354095518835918444e-03,-3.049978655763448815e-03
-4.611101286121140341e-01,-4.549533940715628361e-03,6.208215717791334409e-01,-7.864810549684825292e-03,-2.792904120019976677e-01,5.388168682843592905e-03,-9.601593503981603606e-01,-1.479918379916985938e+00,-8.234197926514112351e-03,2.578620323051410493e-02,1.251465471204593394e+00,-3.532466435411680816e-01,1.041024954598067723e-02,-1.452421966930732555e+00,2.240521574414189050e-03,-2.512186292025344811e-02,1.286498046981348731e+00,-4.666626269441623287e-01,-3.751801147893445848e-02,1.866338794393335512e-02,-2.534355701324584459e-02,-5.736229546797314005e-02,4.424506115288022179e-01,2.720647732267488239e-01,-7.209773140361452545e-03,4.891968437255451718e-01,1.580579865350982202e-03,-9.388248182410699472e-03,1.641699111601434193e-03,4.292921649918709504e-01,-2.788602910023159631e-01,-1.842749308247566440e-03,4.927720219007617475e-01,-1.117684658062039404e-03,-9.236261580650237044e-03,-3.039605887324372743e-03
-4.607350503458030877e-01,-5.097983106630559792e-03,6.240643966780817786e-01,-7.619346797444908649e-03,-2.791864796889371170e-01,3.913642292373706137e-03,-9.601986974149082643e-01,-1.472702611187273414e+00,-9.709290887817459068e-03,2.527331996012988080e-02,1.237148154101085140e+00,-3.474679131167907054e-01,1.072418475922754140e-02,-1.441564884566858940e+00,2.913178184359696988e-03,-2.490969146586052146e-02,1.271811666701172294e+00,-4.639413382350281445e-01,-3.714093836206807525e-02,1.885441933820973179e-02,-2.846237049760000012e-02,-5.905820059801974997e-02,4.435393749902457605e-01,2.721654800689410902e-01,-7.202286489916297219e-03,4.892652190209734742e-01,1.637080784649832914e-03,-9.267523280681838616e-03,1.716356548514152112e-03,4.296726195317676633e-01,-2.791881976252028053e-01,-1.804580121149295530e-03,4.924361637987624274e-01,-1.067438864351706292e-03,-9.117231987972315016e-03,-3.022113067830302455e-03
-4.603265429581394064e-01,-5.669207954829869577e-03,6.272208749602830036e-01,-7.281725353863719753e-03,-2.790529385102605286e-01,2.233068340184617834e-03,-9.602455141214917278e-01,-1.465696280170023513e+00,-1.113323208936003311e-02,2.477998478766429979e-02,1.223058759818810071e+00,-3.428870647951121065e-01,1.114368086400083918e-02,-1.430759058723512167e+00,3.697698683792311099e-03,-2.471156352010691823e-02,1.257444993160779401e+00,-4.611366270416843438e-01,-3.668478504555663933e-02,1.909035696029375007e-02,-3.153802689704107709e-02,-6.091013288029917955e-02,4.447237394252577247e-01,2.723027749704160505e-01,-7.191258016573410898e-03,4.893312393047486997e-01,1.693758546727505135e-03,-9.147129254123677333e-03,1.788968389016342298e-03,4.300145183950692118e-01,-2.795075176776370962e-01,-1.747077370513134371e-03,4.920456273043637974e-01,-1.013569426695616746e-03,-9.008323717066611322e-03,-2.999161289801528449e-03
-4.598876579672867004e-01,-6.250160888157789765e-03,6.302893910617651807e-01,-6.849535470749406815e-03,-2.788631824970578266e-01,3.869646026587445810e-04,-9.603063363166173261e-01,-1.458723405934268191e+00,-1.260079974172595083e-02,2.427191175835109391e-02,1.209213569342020733e+00,-3.398281856669411183e-01,1.158935984758426019e-02,-1.419956224917549692e+00,4.610363645629673122e-03,-2.453573771002887094e-02,1.243350908762085538e+00,-4.581415254743810839e-01,-3.613488019407933016e-02,1.938351473632018984e-02,-3.451221618972839106e-02,-6.284164214708753970e-02,4.459285227051011935e-01,2.724592899737316998e-01,-7.173863919918001091e-03,4.894350036675266802e-01,1.762898015527014509e-03,-9.023643199607092602e-03,1.863025133014887657e-03,4.302633044147791130e-01,-2.798055712305835274e-01,-1.679452862036903563e-03,4.916461150253677026e-01,-9.507459364083874816e-04,-8.896164034090808109e-03,-2.973174737563839733e-03
-4.594135967862756353e-01,-6.840646257447758130e-03,6.332561924867242675e-01,-6.312808042266446901e-03,-2.786438811198365673e-01,-1.638304178556912894e-03,-9.603723506684868072e-01,-1.451890317878566261e+00,-1.406569915689956894e-02,2.382426580130412794e-02,1.195515528152019336e+00,-3.382050259161138439e-01,1.202034308599118570e-02,-1.409245665721488461e+00,5.643575682033198648e-03,-2.440134720776782409e-02,1.229627819689209201e+00,-4.551250709172776632e-01,-3.550551811509911754e-02,1.971053750808160823e-02,-3.735779832091437602e-02,-6.494889235569442643e-02,4.472196953484673387e-01,2.726517883532461051e-01,-7.159275702950875127e-03,4.895280018655132070e-01,1.834404875399928527e-03,-8.901930928537886076e-03,1.933259069886039986e-03,4.304842131047531550e-01,-2.801026236041488926e-01,-1.597661060818966403e-03,4.911983164380084865e-01,-8.859321784443826165e-04,-8.792727192366468422e-03,-2.944358902652797778e-03
-4.589098034163275885e-01,-7.429927298186330895e-03,6.361141459265911013e-01,-5.672426810200462653e-03,-2.783698533082153981e-01,-3.811541864540727957e-03,-9.604496449537898162e-01,-1.445082312029168925e+00,-1.557686475349129296e-02,2.348847416731945220e-02,1.181960378451705429e+00,-3.380289773938650599e-01,1.238725371317491927e-02,-1.398595112762706760e+00,6.820315134330756125e-03,-2.430083294132548768e-02,1.216233948219817451e+00,-4.518615648374241789e-01,-3.479395070024035586e-02,2.011360206276859366e-02,-4.002025257553418203e-02,-6.714967788057246700e-02,4.485266419116134551e-01,2.728563425611245652e-01,-7.141042592453474523e-03,4.896419518241242885e-01,1.910549924128799627e-03,-8.786997526139598419e-03,2.003134942813780336e-03,4.306311859479966531e-01,-2.803845251341224865e-01,-1.506801812238302979e-03,4.907322167579080685e-01,-8.183242350687082532e-04,-8.700076110916580771e-03,-2.913128443190779720e-03
-4.583723852948208277e-01,-8.017193966089575241e-03,6.388508408767685776e-01,-4.914868723543967984e-03,-2.780628402070838279e-01,-6.146615727945904314e-03,-9.605306450480867175e-01,-1.438413621114421836e+00,-1.709128078252903499e-02,2.332459359522211575e-02,1.168536157580621238e+00,-3.390480790730046046e-01,1.269247289393680977e-02,-1.388082193893041660e+00,8.125588091007437258e-03,-2.426754570135108632e-02,1.203269548884012607e+00,-4.485370197062396591e-01,-3.402089869769812924e-02,2.056888228513265721e-02,-4.246416402228206377e-02,-6.952463635382408191e-02,4.499081938045698115e-01,2.730834346085126985e-01,-7.126278970460931013e-03,4.897328457840290916e-01,1.985217085827021329e-03,-8.680575878071011137e-03,2.068784146440342218e-03,4.307586647262944823e-01,-2.806739911455223835e-01,-1.403951200475551811e-03,4.902141008340684114e-01,-7.517826100152507620e-04,-8.624174375556912034e-03,-2.879485933218553853e-03
-4.578072677785008926e-01,-8.588470394268920421e-03,6.414641227119831646e-01,-4.064565047250513416e-03,-2.777029495296108319e-01,-8.591003081716513598e-03,-9.606199799085910485e-01,-1.431712005870630522e+00,-1.862775148035430289e-02,2.334081528581889720e-02,1.155346512821015859e+00,-3.412258307894942555e-01,1.290347088685408518e-02,-1.377691020803619937e+00,9.547869485065786643e-03,-2.426818142680925092e-02,1.190677826290212682e+00,-4.449373240226948134e-01,-3.320575322962175668e-02,2.108907547696253423e-02,-4.465298266429501561e-02,-7.199194612789283632e-02,4.512871839680696051e-01,2.733221234835350733e-01,-7.108052793639188342e-03,4.898365236416035717e-01,2.065764084959985109e-03,-8.578076333065010051e-03,2.134649657801391230e-03,4.308147081812316870e-01,-2.809502897755981055e-01,-1.300207505862962685e-03,4.897003635642659947e-01,-6.806506374547091186e-04,-8.550787898546971869e-03,-2.846699311601657949e-03
-4.572113011607785160e-01,-9.143276756743430600e-03,6.439437552038463908e-01,-3.112969353637880417e-03,-2.773126929717180666e-01,-1.115589406608482638e-02,-9.607099071864325657e-01,-1.425105279402893332e+00,-2.016512143955081354e-02,2.354643441674641666e-02,1.142451547171459580e+00,-3.441832016824177831e-01,1.306422849195574762e-02,-1.367501809013459857e+00,1.106811710982164715e-02,-2.433069049832376277e-02,1.178560151672276790e+00,-4.412619589360219918e-01,-3.236605794628436700e-02,2.165198597549942289e-02,-4.656562872191398472e-02,-7.462966788530600581e-02,4.527150739335864538e-01,2.735817279503117705e-01,-7.090806147826378587e-03,4.899146564034309592e-01,2.145337131010469599e-03,-8.482722207915438170e-03,2.197097476650548310e-03,4.308458909317239849e-01,-2.812296069500340723e-01,-1.191406573535438431e-03,4.891627300184693272e-01,-6.100271188718363845e-04,-8.487013558283211176e-03,-2.813672460886787203e-03
-4.565891846803917242e-01,-9.678592986211504573e-03,6.462868196721980318e-01,-2.097087022535383365e-03,-2.768792569541386750e-01,-1.378131902130730335e-02,-9.608035983178756512e-01,-1.418364356949310734e+00,-2.164404730513865005e-02,2.397842415175355235e-02,1.129800198262331135e+00,-3.479046320216649946e-01,1.314713115679174912e-02,-1.357539268770187268e+00,1.273065648350480208e-02,-2.438628463890117615e-02,1.166920906625696031e+00,-4.373655885501835927e-01,-3.151619677154032795e-02,2.229187443149713288e-02,-4.822543830631822320e-02,-7.738609381327464509e-02,4.541427175144176487e-01,2.738675832158724011e-01,-7.066785356352085767e-03,4.899960706765424945e-01,2.229511180172783370e-03,-8.396356957182684461e-03,2.258653995826717751e-03,4.308044126011052466e-01,-2.814744978703285216e-01,-1.083086577318883052e-03,4.886571962194505292e-01,-5.360003934012380362e-04,-8.423004155801824128e-03,-2.781454804649310768e-03
-4.559391683582669774e-01,-1.019293961988623765e-02,6.484853862462598428e-01,-1.008026156977388527e-03,-2.764240440884596084e-01,-1.648136738925038910e-02,-9.608939047897169239e-01,-1.411644058125289813e+00,-2.308476991867876651e-02,2.455048444211546319e-02,1.117507124940910979e+00,-3.520019342692917164e-01,1.322705687851892867e-02,-1.347875593566866481e+00,1.449083032794620113e-02,-2.447660404617204785e-02,1.155849719030699552e+00,-4.334413082008963247e-01,-3.067846033400594558e-02,2.298106527180732508e-02,-4.960578512721531413e-02,-8.032904451471706286e-02,4.556089127920643911e-01,2.741790196252661405e-01,-7.038795090735711947e-03,4.900517832001821117e-01,2.312199478659785010e-03,-8.320100716145240743e-03,2.316908322094076138e-03,4.307292936960854246e-01,-2.817045835846854196e-01,-9.706913614042583880e-04,4.881525179832901240e-01,-4.630601336233327778e-04,-8.364184477326598588e-03,-2.749275423144129787e-03
-4.552633874426355032e-01,-1.067821606140851448e-02,6.505538697087421829e-01,1.321368722972119574e-04,-2.759185506794670228e-01,-1.922021793844567658e-02,-9.609888236359405145e-01,-1.404844649441816751e+00,-2.454657514466514201e-02,2.512353463050676083e-02,1.105569128938883816e+00,-3.561962951249555420e-01,1.337262569141385062e-02,-1.338415683344702289e+00,1.633933926802141889e-02,-2.455787697363107092e-02,1.145243771076517758e+00,-4.292805753618598175e-01,-2.980292332164830721e-02,2.375439765920692517e-02,-5.072211319654608419e-02,-8.340825943644865348e-02,4.570468876422641435e-01,2.745008677827265875e-01,-6.997751486163699547e-03,4.901222048174315726e-01,2.397478358808528224e-03,-8.250880398090753437e-03,2.375262109458549809e-03,4.305765038812987555e-01,-2.818988794869982106e-01,-8.676195623684219331e-04,4.876805617986890717e-01,-3.883974042783681219e-04,-8.306996039033717749e-03,-2.722153611647546573e-03
-4.545609810375026982e-01,-1.113464431352782953e-02,6.524864929146793058e-01,1.321627010363939873e-03,-2.753837899893199492e-01,-2.200400744725603333e-02,-9.610816017224684815e-01,-1.398114496797121520e+00,-2.602941172123266964e-02,2.563028757682272313e-02,1.094103685715338559e+00,-3.603144287286821346e-01,1.359680970040519701e-02,-1.329236823180298455e+00,1.823506135440380871e-02,-2.465519114926893740e-02,1.135198109251564169e+00,-4.250986104835315915e-01,-2.892281955186100720e-02,2.458727547765506699e-02,-5.158102719185268803e-02,-8.668360881782988248e-02,4.584951097067984649e-01,2.748413756019726928e-01,-6.943759899216144123e-03,4.901742466601301529e-01,2.479947080598137246e-03,-8.189886722492982496e-03,2.432194727401808861e-03,4.303701340955390364e-01,-2.820647928033558904e-01,-7.637476048886406455e-04,4.872207239024271552e-01,-3.158897976130128796e-04,-8.254651417684666370e-03,-2.697279996884097315e-03
-4.538407380738842534e-01,-1.155829089324228107e-02,6.543035303356901089e-01,2.538127746343714092e-03,-2.748158870513112695e-01,-2.476392134583330421e-02,-9.611745597607763703e-01,-1.391348496007809521e+00,-2.752526923629603287e-02,2.594088729982771749e-02,1.083020713946194924e+00,-3.643062569373375914e-01,1.391400137051363763e-02,-1.320313400475389587e+00,2.019559715365720071e-02,-2.475483984555172656e-02,1.125625238062653910e+00,-4.209026584695134687e-01,-2.806230708193815926e-02,2.553371191247872513e-02,-5.222403395130044423e-02,-9.007310183490088717e-02,4.598897899253635568e-01,2.751887404301615048e-01,-6.869065290814144187e-03,4.902473899829770110e-01,2.563239043588108525e-03,-8.135862942602416908e-03,2.491480598309383284e-03,4.300524505139945997e-01,-2.821825148865171329e-01,-6.676392335410674889e-04,4.868207328548183610e-01,-2.443060544288284844e-04,-8.201450703530684117e-03,-2.675993666451474077e-03
-4.531027610850699716e-01,-1.194996087658630607e-02,6.560006265557831728e-01,3.778661624959395865e-03,-2.742334211881333195e-01,-2.751050635418335680e-02,-9.612621517879048616e-01,-1.384695652556372503e+00,-2.901630925461550284e-02,2.605911123644499838e-02,1.072419563306408419e+00,-3.680807166734769154e-01,1.429384450399055935e-02,-1.311707959340637109e+00,2.217316816690216921e-02,-2.487749087335627482e-02,1.116595183922873380e+00,-4.168409184496025821e-01,-2.723527339783159487e-02,2.655789228471516772e-02,-5.265764284775146381e-02,-9.362577587705543658e-02,4.612648549172486678e-01,2.755499564281857494e-01,-6.773879189984222809e-03,4.903095820920237435e-01,2.642888320132274343e-03,-8.088853751472092901e-03,2.551503562647072267e-03,4.296427937337336522e-01,-2.822575347671700818e-01,-5.671078957387339081e-04,4.864543177714935052e-01,-1.760518731472946320e-04,-8.148359448002703495e-03,-2.655897559079022606e-03
-4.523591752657075138e-01,-1.230896361805340448e-02,6.575984081926000702e-01,5.026707982622154701e-03,-2.736193204730231199e-01,-3.019567034871316336e-02,-9.613508314673323563e-01,-1.378124622886468087e+00,-3.050723782763774955e-02,2.597965922113373155e-02,1.062309368477437177e+00,-3.717118139168356650e-01,1.471417302048164469e-02,-1.303362139679083098e+00,2.427582381693367541e-02,-2.494544525422607087e-02,1.107996733649105447e+00,-4.127659141852922930e-01,-2.642647271782024021e-02,2.768534155467524890e-02,-5.290116321200306199e-02,-9.723343165310130432e-02,4.625604064141992655e-01,2.759240064860761787e-01,-6.650815957043983151e-03,4.903941755146721815e-01,2.725347480404990020e-03,-8.051412951446866584e-03,2.612994847367230197e-03,4.290878351050069761e-01,-2.822683652820959233e-01,-4.705506283342708162e-04,4.861628818026775822e-01,-1.115953195187777738e-04,-8.089329724470330218e-03,-2.642954099519650209e-03
-4.516098954098132778e-01,-1.263619097467357649e-02,6.590934935075003498e-01,6.276672867812668581e-03,-2.729909271921856506e-01,-3.283512285874706088e-02,-9.614355993800692834e-01,-1.371744127141154790e+00,-3.198525192735114653e-02,2.573127309370475124e-02,1.052742374649914270e+00,-3.751382483555321667e-01,1.515962906405448653e-02,-1.295331188508925813e+00,2.642964654500826183e-02,-2.498489141174205924e-02,1.099893720807233688e+00,-4.088124476682847841e-01,-2.565343880359050727e-02,2.887141227072067759e-02,-5.296248441173795340e-02,-1.009418338764182521e-01,4.638059991651781733e-01,2.763158323719688836e-01,-6.502206575390606647e-03,4.904735147780577287e-01,2.805222232990658895e-03,-8.020870743939343545e-03,2.675239777038210948e-03,4.284096681936119810e-01,-2.822193665625282177e-01,-3.656309539179974704e-04,4.859169596986085971e-01,-5.150237868853716188e-05,-8.025792275338384379e-03,-2.632729769802440861e-03
-4.508669966951495689e-01,-1.293439855242699797e-02,6.605106283996775574e-01,7.507729591960290126e-03,-2.723407503437147437e-01,-3.537077700409471670e-02,-9.615212206876787571e-01,-1.365470295803456358e+00,-3.342389330960796046e-02,2.533266606359884515e-02,1.043602629104494861e+00,-3.782723718210383446e-01,1.566346958995860558e-02,-1.287600959153826441e+00,2.869851740591078393e-02,-2.497657998269510807e-02,1.092210277257547935e+00,-4.049610001745797550e-01,-2.492597821251993709e-02,3.014212585057200744e-02,-5.288318158496261440e-02,-1.046418586720519600e-01,4.649444927210013012e-01,2.767183679605673685e-01,-6.322480097752709687e-03,4.905749842559484764e-01,2.883000539613521547e-03,-7.995990404144517893e-03,2.737715672421713736e-03,4.275662219444407164e-01,-2.820948532212287918e-01,-2.574040896783346137e-04,4.857474750863415847e-01,4.910510247524007025e-06,-7.954077387158146190e-03,-2.627840029713248132e-03
-4.501299401384304955e-01,-1.320408426089687143e-02,6.618465314436924318e-01,8.718215035393397927e-03,-2.716848031316098644e-01,-3.782271094519088633e-02,-9.616032461523267294e-01,-1.359392217522100932e+00,-3.481549526757365259e-02,2.481583330255719699e-02,1.034947164880472892e+00,-3.811737630491585649e-01,1.618959403553529505e-02,-1.280211690838884753e+00,3.100335735595791814e-02,-2.495496908630799940e-02,1.084986103553005066e+00,-4.012851860341987709e-01,-2.424569125123769708e-02,3.144964266086519578e-02,-5.265737640126197383e-02,-1.083786132897232857e-01,4.660038799711885282e-01,2.771313886587005171e-01,-6.117211405415785147e-03,4.906755271980051680e-01,2.956250483195063065e-03,-7.974537840527757063e-03,2.800594986343353781e-03,4.265856928062519149e-01,-2.819026868988032120e-01,-1.344037601341010698e-04,4.856199969250675763e-01,5.742353952390529052e-05,-7.876253707519187061e-03,-2.624141279836054042e-03
-4.494092350368928956e-01,-1.344350429795176764e-02,6.631222146168499476e-01,9.885382228492825205e-03,-2.710173023276825632e-01,-4.014772269989267534e-02,-9.616860513801971377e-01,-1.353447965290276001e+00,-3.614574338178352941e-02,2.422010969239318454e-02,1.026714761049828839e+00,-3.839025668992134821e-01,1.673567199466932665e-02,-1.273211017352407604e+00,3.339821496812457602e-02,-2.491874316291152469e-02,1.078214597620365645e+00,-3.978106838653107102e-01,-2.356684231525544779e-02,3.280080137476536206e-02,-5.230147430014706056e-02,-1.120434835841628007e-01,4.669448232309495461e-01,2.775616300180558937e-01,-5.888198400385153720e-03,4.907917680834846252e-01,3.027707752955360095e-03,-7.956466395638782732e-03,2.865620839782220472e-03,4.254567264987289543e-01,-2.816341280014745818e-01,-5.838422356230563290e-06,4.855472919245786834e-01,1.029469272510331174e-04,-7.791036002613383783e-03,-2.626001762007332003e-03
-4.487042265431400168e-01,-1.365279511336296367e-02,6.643352721799850036e-01,1.101233288439764334e-02,-2.703517863799840826e-01,-4.236400782617390920e-02,-9.617660479381142657e-01,-1.347694676960780935e+00,-3.740356400182801022e-02,2.357648913033052324e-02,1.018936282924927106e+00,-3.865415958111438899e-01,1.727357530845731806e-02,-1.266627243666404556e+00,3.581177627492937443e-02,-2.491849516202926385e-02,1.071913017861988671e+00,-3.945491244913564843e-01,-2.290219458260231086e-02,3.415641718907117680e-02,-5.179862849417865567e-02,-1.156765928580759800e-01,4.677901685387699238e-01,2.780018510086154082e-01,-5.639022358690302765e-03,4.909085227491417625e-01,3.095347074551844328e-03,-7.939924959723426712e-03,2.931841539459185790e-03,4.242059021959692089e-01,-2.812989105948401347e-01,1.393518235718054399e-04,4.855004626919567912e-01,1.435299832592467966e-04,-7.701693077432065875e-03,-2.628762364269384387e-03
-4.480229348509575105e-01,-1.382992146197029558e-02,6.655013709741488537e-01,1.208349948857989110e-02,-2.696683994753300562e-01,-4.443776586705319026e-02,-9.618514585575409503e-01,-1.342062585371563088e+00,-3.857719358875133508e-02,2.291825251404762745e-02,1.011595228693346726e+00,-3.892027466895607857e-01,1.780143157631299683e-02,-1.260454276778052440e+00,3.827594323707959184e-02,-2.495448756973172796e-02,1.066055419559895689e+00,-3.914319197754017043e-01,-2.221940527136339119e-02,3.552074843629580286e-02,-5.116092453503117560e-02,-1.191844844754765126e-01,4.685103393655012383e-01,2.784567350189455781e-01,-5.370645381960624000e-03,4.910459251255017143e-01,3.165224648854350360e-03,-7.925561923951952512e-03,2.998321541244364837e-03,4.228233049398969490e-01,-2.808994424776789511e-01,2.913239708348658026e-04,4.854965303857126657e-01,1.793938103933265769e-04,-7.605912752385362609e-03,-2.635063846765442908e-03
-4.473640201448056408e-01,-1.397497876200588969e-02,6.666183058934023187e-01,1.310340530507866572e-02,-2.689809541560956307e-01,-4.638489907380852900e-02,-9.619386613545587439e-01,-1.336589497830855455e+00,-3.965796718636325352e-02,2.226859572941364621e-02,1.004682494441775376e+00,-3.918897253988583018e-01,1.828391093888147301e-02,-1.254714447527490062e+00,4.073392190289778364e-02,-2.507263497290153353e-02,1.060649088029030018e+00,-3.884539861897675639e-01,-2.153231646326655632e-02,3.686214428223968942e-02,-5.037005656458228703e-02,-1.226108080202529677e-01,4.691286072305520527e-01,2.789180790901509277e-01,-5.086831930350018370e-03,4.911901042386560001e-01,3.233392287342333384e-03,-7.910710280072289630e-03,3.064803722345031071e-03,4.213383352086934597e-01,-2.804439719531965913e-01,4.602798570920269786e-04,4.855103303519789359e-01,2.117454167684321023e-04,-7.507481038595633510e-03,-2.640906918782895407e-03
-4.467338061994861609e-01,-1.408203704041479515e-02,6.677000994901307607e-01,1.405466003188462001e-02,-2.682958988462129657e-01,-4.818048105611610898e-02,-9.620282835961179169e-01,-1.331247484566481232e+00,-4.065894285839932731e-02,2.166864745709300155e-02,9.981634079442672780e-01,-3.947389877004588987e-01,1.880657305411576746e-02,-1.249422801333911925e+00,4.313456527097395826e-02,-2.525118902523058526e-02,1.055612810795832690e+00,-3.855331533933773480e-01,-2.078696428951396641e-02,3.815672180380526995e-02,-4.941442446513193143e-02,-1.259101806367008136e-01,4.696307693128109473e-01,2.793750004698891121e-01,-4.791840144526566397e-03,4.913609891367572424e-01,3.291705029607541050e-03,-7.894020052813923230e-03,3.121902755523044484e-03,4.197829590773316522e-01,-2.799481106169007805e-01,6.358229329876225692e-04,4.855539931937389864e-01,2.322804457090875494e-04,-7.404626097801449321e-03,-2.657670316434061243e-03
-4.461311174258771883e-01,-1.415183189434295920e-02,6.687446757523092256e-01,1.494333322731149043e-02,-2.676206403650056576e-01,-4.983520755296381305e-02,-9.621186734134388185e-01,-1.326053617681107077e+00,-4.157025835247799700e-02,2.113175288903658758e-02,9.920113266104512162e-01,-3.977005063446140687e-01,1.934666813620890963e-02,-1.244584094646945749e+00,4.545575011040133007e-02,-2.552040632778958609e-02,1.050947247723720723e+00,-3.826584107486746822e-01,-1.999910288381216705e-02,3.938697499304276428e-02,-4.827739953270386575e-02,-1.291099661371809260e-01,4.700368354402514881e-01,2.798224114663622197e-01,-4.489451931203269214e-03,4.915419268715623957e-01,3.343175213909623834e-03,-7.873459657378352461e-03,3.174280238854399177e-03,4.181829494333168529e-01,-2.794153913744644169e-01,8.260583440611994101e-04,4.856070185849807874e-01,2.465911919882007256e-04,-7.301311676065545993e-03,-2.677217224421824839e-03
-4.455603241196603448e-01,-1.417995602525935067e-02,6.697651825309316465e-01,1.576211105585931596e-02,-2.669553452639861768e-01,-5.132727583317932274e-02,-9.622119882050907957e-01,-1.320949168012378383e+00,-4.239148200271533606e-02,2.066483230877347310e-02,9.861402732087483081e-01,-4.007441886384959795e-01,1.991580174187145003e-02,-1.240218698892930904e+00,4.763530309144392572e-02,-2.588593485343319150e-02,1.046584253522450991e+00,-3.798287960743998992e-01,-1.918004790803367124e-02,4.052537173260721548e-02,-4.692520821756925725e-02,-1.321398577774156036e-01,4.703193132873577098e-01,2.802449952629743612e-01,-4.184193370151132949e-03,4.917442718847285787e-01,3.387742893894308844e-03,-7.849124283472574265e-03,3.224669129761969719e-03,4.165559192160722124e-01,-2.788554358715767956e-01,1.013508996085016973e-03,4.856740278642471820e-01,2.576089622407415044e-04,-7.203775784181925060e-03,-2.699450263593034492e-03
-4.450201040186335111e-01,-1.416741838202247201e-02,6.707593393830745265e-01,1.651761123431396555e-02,-2.663052444326544088e-01,-5.266254544809947924e-02,-9.623073010289923124e-01,-1.315953815503949409e+00,-4.311302488523739707e-02,2.027377548334387616e-02,9.805438815877238756e-01,-4.038535293979022001e-01,2.049552529578204524e-02,-1.236325839065298471e+00,4.967808433349014952e-02,-2.636255196175283505e-02,1.042519911015509004e+00,-3.770252923870257566e-01,-1.833495297003630287e-02,4.156662025854667569e-02,-4.534460436551737694e-02,-1.350229833048104955e-01,4.704980466731215616e-01,2.806409602838439432e-01,-3.879660672120434015e-03,4.919494679699032424e-01,3.427413854220523557e-03,-7.819948177655265675e-03,3.273938899314881787e-03,4.149269028689994143e-01,-2.782705752129528975e-01,1.208567432717425495e-03,4.857384742897730145e-01,2.669058115533946970e-04,-7.112409778409758618e-03,-2.720489382897925586e-03
-4.445148496137641403e-01,-1.411036379261385552e-02,6.717375793198536726e-01,1.719949921783607907e-02,-2.656673008298640060e-01,-5.382182909236440244e-02,-9.624075400835048200e-01,-1.311012903960451448e+00,-4.374154173189612888e-02,1.996978200480223342e-02,9.751462753743312950e-01,-4.069913286770607819e-01,2.109743079397339086e-02,-1.232917559795866591e+00,5.152631028354909964e-02,-2.691912755693049580e-02,1.038705587227544358e+00,-3.742466883538640432e-01,-1.746139829979043157e-02,4.247188896633255495e-02,-4.351297180993365932e-02,-1.376928597698389156e-01,4.705534708829454127e-01,2.810008935854894641e-01,-3.578578663387722153e-03,4.921604988919386914e-01,3.458476303951828808e-03,-7.789004923143171694e-03,3.319271458939751160e-03,4.133125942679508613e-01,-2.776667686950449743e-01,1.398413311830217290e-03,4.858128352932534755e-01,2.701596824997722058e-04,-7.031001431233497093e-03,-2.745549460602024743e-03
-4.440430435241285445e-01,-1.400980127275727044e-02,6.726975095923450887e-01,1.781492436529318393e-02,-2.650455680425910510e-01,-5.480634649164979610e-02,-9.625122023720408260e-01,-1.306148563248237471e+00,-4.426688495620979824e-02,1.975264594628997616e-02,9.699569703733931236e-01,-4.101661596030686807e-01,2.170581025459486502e-02,-1.229990737341227991e+00,5.320240160847825028e-02,-2.756360322142220945e-02,1.035134017220019409e+00,-3.714698623125289312e-01,-1.656238030754307589e-02,4.324880670052200227e-02,-4.141980775673356069e-02,-1.401703302601573498e-01,4.705030269042633218e-01,2.813259992211398774e-01,-3.285590955083224005e-03,4.923604867127918672e-01,3.484431305091690266e-03,-7.755345732888844525e-03,3.362100999980275912e-03,4.117389026201441760e-01,-2.770458720117679463e-01,1.592734027337607385e-03,4.858831336475262774e-01,2.708582239440072330e-04,-6.957887317695333855e-03,-2.770249842348478965e-03
-4.436066210627695461e-01,-1.386661584354729158e-02,6.736522828898510173e-01,1.836131822530224361e-02,-2.644427116767694153e-01,-5.559920541931629573e-02,-9.626222740986242199e-01,-1.301320012034646867e+00,-4.465584757062833476e-02,1.963350128243606871e-02,9.649056307684470424e-01,-4.133783903585783737e-01,2.230498668652748998e-02,-1.227465999670074748e+00,5.467429163883722604e-02,-2.823501586806944491e-02,1.031697305952841148e+00,-3.687313246638117548e-01,-1.566798803544598717e-02,4.389166079491691602e-02,-3.907081612176461355e-02,-1.424096520260727805e-01,4.703345982649561607e-01,2.816198062566161453e-01,-3.003378489327633225e-03,4.925532441001555517e-01,3.503019765247432273e-03,-7.721613331778121904e-03,3.399413528654271835e-03,4.102110324510892525e-01,-2.764017351284672741e-01,1.779489647797571862e-03,4.859732120391323518e-01,2.627292979517279717e-04,-6.895035395957736964e-03,-2.801116336191796386e-03
-4.432036576533219252e-01,-1.368137405313695973e-02,6.745985842813029265e-01,1.884160263213560671e-02,-2.638639126070122520e-01,-5.620004920642790447e-02,-9.627369236209686321e-01,-1.296551058160959391e+00,-4.491335550302192475e-02,1.961144507760557640e-02,9.600051398867021080e-01,-4.166434963371229427e-01,2.288686835429763755e-02,-1.225349961186388947e+00,5.595777806806450511e-02,-2.894582473901596495e-02,1.028387978355970844e+00,-3.660132010574157491e-01,-1.483130044832832103e-02,4.440948492580112927e-02,-3.646555965525324905e-02,-1.444351718209358759e-01,4.700689678991388232e-01,2.818864239259302185e-01,-2.735726651026026881e-03,4.927201693698826102e-01,3.517586538944612526e-03,-7.687605138304126964e-03,3.432988617079000843e-03,4.087583438555761339e-01,-2.757392167062966415e-01,1.969548247281180560e-03,4.860659321805917421e-01,2.514000303979433706e-04,-6.839006035250089210e-03,-2.832633802289687142e-03
-4.428345767139185152e-01,-1.345318526954263419e-02,6.755416061745829204e-01,1.924189324419244354e-02,-2.633116866723428373e-01,-5.660155055704281513e-02,-9.628566714110068370e-01,-1.291814289685757844e+00,-4.504163454118562115e-02,1.971919476716994454e-02,9.552022287091018748e-01,-4.199519124271651194e-01,2.345984534515415873e-02,-1.223614047306347485e+00,5.700377804063007370e-02,-2.964453395925496088e-02,1.025167306140300827e+00,-3.633637732049679325e-01,-1.412888300923425926e-02,4.478907762818051808e-02,-3.361872350272358118e-02,-1.462349919707752743e-01,4.697098387818066101e-01,2.821337221254042182e-01,-2.480793527973861479e-03,4.928593833668630797e-01,3.520892523778076325e-03,-7.656544366774275384e-03,3.461798383794038522e-03,4.074007793554694778e-01,-2.750578805364444213e-01,2.156092227931700502e-03,4.861781130817684482e-01,2.283815482620129048e-04,-6.792494741648675248e-03,-2.867840418674385498e-03
-4.424978229434357591e-01,-1.318216991358492005e-02,6.764780212435871354e-01,1.956473597562811279e-02,-2.627887001755583318e-01,-5.679929154326721769e-02,-9.629813916407873320e-01,-1.287129223859518223e+00,-4.504724186062421254e-02,1.995117450330815070e-02,9.505149154947098999e-01,-4.233211031168772620e-01,2.401647555543236223e-02,-1.222261886705108713e+00,5.783403127557425888e-02,-3.034193677287437899e-02,1.022014558881456425e+00,-3.608213555913786230e-01,-1.360313527175449622e-02,4.504796764323452246e-02,-3.053198091660801541e-02,-1.478248869972586810e-01,4.692739490246065071e-01,2.823659730611338681e-01,-2.241147769625285134e-03,4.929564835314193538e-01,3.518982448176874011e-03,-7.629073058292858492e-03,3.487256099337326769e-03,4.061632981729245695e-01,-2.743653912844070675e-01,2.347649593193603442e-03,4.862950082835178489e-01,2.015277588413957096e-04,-6.751543914120625156e-03,-2.902219572474992477e-03
-4.421897178803950723e-01,-1.286789188226213423e-02,6.774086169766587728e-01,1.980711480268628963e-02,-2.622972803026062394e-01,-5.677935553370439675e-02,-9.631115821825767531e-01,-1.282488383355844475e+00,-4.490643073421154985e-02,2.032545782638811235e-02,9.459238863122865215e-01,-4.267088858327346412e-01,2.457074663103931550e-02,-1.221238359366991322e+00,5.842509242147196635e-02,-3.099252670320985087e-02,1.018887171606652542e+00,-3.585796447144468102e-01,-1.326692674724591452e-02,4.517274877728699040e-02,-2.722309398882337417e-02,-1.492294535619940743e-01,4.687727461640530113e-01,2.825914724446687565e-01,-2.014950279521865884e-03,4.930053218123801040e-01,3.507658092187664924e-03,-7.609665892676191479e-03,3.504524945010804166e-03,4.050582771319531372e-01,-2.736619190893083142e-01,2.539564660359267499e-03,4.864356990119699797e-01,1.665514043455300114e-04,-6.719004726123218620e-03,-2.939688759457138433e-03
-4.419094182905540791e-01,-1.251056256317444743e-02,6.783300938004056535e-01,1.996857965317947944e-02,-2.618375562322577399e-01,-5.653666346190207997e-02,-9.632476086954742112e-01,-1.277904963689746820e+00,-4.463518054441619615e-02,2.083471011439542650e-02,9.414480008639366515e-01,-4.301347507371938161e-01,2.511405876330191633e-02,-1.220546740113535700e+00,5.880437273173996782e-02,-3.158769824235131002e-02,1.015738492337019627e+00,-3.567307080236749584e-01,-1.311352580965125143e-02,4.518229581037214171e-02,-2.370055668587843153e-02,-1.504531098338452166e-01,4.682167266664053473e-01,2.828174916157693009e-01,-1.803891429836995816e-03,4.929950065883763610e-01,3.492528314365672768e-03,-7.598845759554594473e-03,3.516824756986312167e-03,4.041061345833645291e-01,-2.729549417701914171e-01,2.736673266962716920e-03,4.865861481272136801e-01,1.299463760333694330e-04,-6.690465232440785844e-03,-2.976072107478934786e-03
-4.416495206190624301e-01,-1.210245703262858782e-02,6.792402248328747172e-01,2.004375774769754509e-02,-2.614099590657805727e-01,-5.606638218818345287e-02,-9.633896625275293335e-01,-1.273392243960536740e+00,-4.429099494847014984e-02,2.147154942207462128e-02,9.371394146496534461e-01,-4.336485999846615980e-01,2.574654331605486304e-02,-1.220077009679221947e+00,5.891522845597649272e-02,-3.209063194579506867e-02,1.012445102317882428e+00,-3.555821662787541082e-01,-1.309207292804645886e-02,4.500450814838961172e-02,-1.996081877707004890e-02,-1.515490118245039208e-01,4.676144447887009559e-01,2.830415933514474625e-01,-1.608879113831282199e-03,4.929295802055830844e-01,3.470275090587910099e-03,-7.599690591465120895e-03,3.521700039821089572e-03,4.033230911331190938e-01,-2.722542771770772863e-01,2.930859276097989592e-03,4.867709590321126489e-01,8.408761990264710078e-05,-6.664669810982161435e-03,-3.021556670115165509e-03
-4.414099753320403496e-01,-1.164522856417783171e-02,6.801346031368410427e-01,2.001979097619426690e-02,-2.610116708342533620e-01,-5.535490935232101339e-02,-9.635392828879251192e-01,-1.268946563328501087e+00,-4.389103083825238172e-02,2.224085847827907136e-02,9.329998939844341699e-01,-4.372226425090311452e-01,2.640769132065533265e-02,-1.219841838563224368e+00,5.879577954451692401e-02,-3.244874341570915671e-02,1.008895263312869162e+00,-3.551805710571827035e-01,-1.318902350168010829e-02,4.467157496157572738e-02,-1.604790516647357917e-02,-1.525061022555322388e-01,4.669731330251399859e-01,2.832864312877385049e-01,-1.430346487969128954e-03,4.927899276198159373e-01,3.445448457112880360e-03,-7.612039999151930594e-03,3.521794306590783109e-03,4.027284741020996095e-01,-2.715589672914618391e-01,3.124294789115899043e-03,4.869725847194121826e-01,3.655704981471659713e-05,-6.638974139080920135e-03,-3.069395633135075119e-03
-4.411897959056939600e-01,-1.112414748180193605e-02,6.810291444765976809e-01,1.989293348014643803e-02,-2.606353769522161135e-01,-5.443008617796787907e-02,-9.636964445286646530e-01,-1.264646681604660872e+00,-4.356039036716439355e-02,2.310036822620371161e-02,9.296220481227680521e-01,-4.406761574434761020e-01,2.709593594925049573e-02,-1.219654824321716236e+00,5.835011164377525150e-02,-3.261186117095844772e-02,1.004749960625183514e+00,-3.557916337931140149e-01,-1.343252964485642381e-02,4.406810459358436599e-02,-1.186551996098073741e-02,-1.533081908687274619e-01,4.662892449270034101e-01,2.835023651497370345e-01,-1.271442930159591943e-03,4.925576336787763632e-01,3.411360061418821418e-03,-7.649456892361700816e-03,3.519246654636663200e-03,4.023356083881030054e-01,-2.708973776124586341e-01,3.315031409822755994e-03,4.871662489299773413e-01,-1.858747451854482220e-05,-6.622624285915102924e-03,-3.119325802215268222e-03
-4.409882703878095778e-01,-1.054492926112635121e-02,6.819191863344029603e-01,1.961930246860353610e-02,-2.602853824518158721e-01,-5.326826296986965359e-02,-9.638615537579710013e-01,-1.260450008672518107e+00,-4.331272609700341503e-02,2.412553809544032771e-02,9.268579151803566507e-01,-4.439674334974045289e-01,2.776971633346509566e-02,-1.219587052953434059e+00,5.761254894629203038e-02,-3.244212977799523778e-02,9.999328378409465534e-01,-3.573629318828061008e-01,-1.372857139158424264e-02,4.323189973665894636e-02,-7.545440979596212787e-03,-1.539525425682680693e-01,4.655684316578899140e-01,2.837493858840774430e-01,-1.131768466736574313e-03,4.922108241697480957e-01,3.373497882566805703e-03,-7.708742138254957160e-03,3.513780159466572094e-03,4.021601879213444475e-01,-2.702390992609850495e-01,3.503659279855759773e-03,4.873559208885988037e-01,-7.464112656765036847e-05,-6.613900058828554689e-03,-3.168503422914821684e-03
-4.407981281789034034e-01,-9.910631788887007410e-03,6.827969980430336205e-01,1.917770860236803210e-02,-2.599569538252070600e-01,-5.188354628211396674e-02,-9.640345923647519744e-01,-1.256360241313003723e+00,-4.317317240287483343e-02,2.536277721586152958e-02,9.247740756229159143e-01,-4.470124639596867455e-01,2.844529430917847740e-02,-1.219614834937344572e+00,5.659268813714914137e-02,-3.184357857875517311e-02,9.944620527461891513e-01,-3.598586117069635382e-01,-1.399056202742041122e-02,4.212297786127457838e-02,-3.144050728419393176e-03,-1.544831580672537674e-01,4.648252452725863404e-01,2.840395559228964251e-01,-1.007631253843409985e-03,4.917441047728824954e-01,3.324273626569158955e-03,-7.792362333214883363e-03,3.501963783083015831e-03,4.022033414300755783e-01,-2.695706341568997466e-01,3.690703065897490628e-03,4.875558984670681495e-01,-1.420527149494033243e-04,-6.616229278000838009e-03,-3.220990623806971320e-03
-4.406193773322465423e-01,-9.224848707033182771e-03,6.836591183936736593e-01,1.854345282456532767e-02,-2.596486027355484061e-01,-5.025530567467547532e-02,-9.642163386431311656e-01,-1.252337198889455827e+00,-4.313964572757957722e-02,2.685893505437074447e-02,9.232396647109519794e-01,-4.498259245419407582e-01,2.908842452020029765e-02,-1.219816350302636687e+00,5.531944660387690116e-02,-3.076670618358363571e-02,9.884288479039516906e-01,-3.630119423204911100e-01,-1.417489494282870612e-02,4.079001789195044192e-02,1.258850879284725485e-03,-1.548861475347032279e-01,4.640476407091231326e-01,2.844120252068241261e-01,-8.964490730405759835e-04,4.911614509008384033e-01,3.271597909146494853e-03,-7.899192513951306185e-03,3.485249384369522047e-03,4.024800545505364258e-01,-2.688820761057643671e-01,3.872732009817702898e-03,4.877657727372070595e-01,-2.110749904420878068e-04,-6.625345425446132683e-03,-3.274224117530027869e-03
-4.404419303351020942e-01,-8.497391446724235700e-03,6.844912600172735617e-01,1.772703812449616737e-02,-2.593571702639518861e-01,-4.839939390523553125e-02,-9.644050544359532573e-01,-1.248349876076916054e+00,-4.316435067811155019e-02,2.862779587395514885e-02,9.219965784962230737e-01,-4.524819239441354446e-01,2.973734797556506007e-02,-1.220189699732848521e+00,5.383798564971294109e-02,-2.922743746293744727e-02,9.820622884788445806e-01,-3.665078320302743720e-01,-1.420073203429948576e-02,3.921750832949057186e-02,5.618001556741090800e-03,-1.552343201465625488e-01,4.632560859875184955e-01,2.848749254744820658e-01,-7.885744937809085250e-04,4.904872735850243082e-01,3.210655972521016168e-03,-8.029734197917347618e-03,3.461292749616901032e-03,4.029814936870009801e-01,-2.681619035481474511e-01,4.049381959389800577e-03,4.880145756099089072e-01,-2.846135258037666500e-04,-6.641618817973216245e-03,-3.328542575064730950e-03
-4.402664731800981501e-01,-7.728533893162354944e-03,6.852914384646423551e-01,1.673086068109271365e-02,-2.590756442786988356e-01,-4.630065703684023426e-02,-9.646015436440084079e-01,-1.244384877498685205e+00,-4.323352978834806015e-02,3.066378365808275150e-02,9.210257300843993633e-01,-4.549741261515792279e-01,3.035209712810160027e-02,-1.220787484546510759e+00,5.217808227514584424e-02,-2.727161155548410432e-02,9.755291054358631309e-01,-3.701003916693650919e-01,-1.409609132235419698e-02,3.746290178380927427e-02,9.926961723144472893e-03,-1.555056231593517357e-01,4.624260525871340954e-01,2.854379266622826816e-01,-6.826794609022979361e-04,4.897414262729989920e-01,3.148963404366743931e-03,-8.179894307071564410e-03,3.432824076124161346e-03,4.037228811999932221e-01,-2.674273038914332101e-01,4.213284470836436979e-03,4.882932706931016886e-01,-3.557534343813784626e-04,-6.659611882889330398e-03,-3.383305851351256933e-03
-4.400811915881034375e-01,-6.929994528669415621e-03,6.860416281064815047e-01,1.559522822088242437e-02,-2.587963906095664957e-01,-4.396562270155290886e-02,-9.648047683778639971e-01,-1.240416117768992743e+00,-4.328695051304525671e-02,3.291870753778258080e-02,9.200472533376754525e-01,-4.573858745929907377e-01,3.092536081462026604e-02,-1.221652370911687324e+00,5.045409772555622951e-02,-2.499173781201746714e-02,9.691510726352586813e-01,-3.736937948314365543e-01,-1.379972207821128505e-02,3.554395900262733582e-02,1.418120789573809777e-02,-1.557959982146342459e-01,4.615789681349362628e-01,2.860903479104418001e-01,-5.674607519026383419e-04,4.889551476135386432e-01,3.080184237974578979e-03,-8.347328616551321495e-03,3.398793482291881125e-03,4.046862407670570039e-01,-2.666807628449584522e-01,4.367268269154082373e-03,4.886287035590562988e-01,-4.327196926725620238e-04,-6.681480833832358253e-03,-3.439906394112335602e-03
-4.398875042303055927e-01,-6.100070736198259444e-03,6.867413359170791987e-01,1.433576435550081365e-02,-2.585075238414333842e-01,-4.138727871877372066e-02,-9.650157714451970126e-01,-1.236445184909319428e+00,-4.331465864025717954e-02,3.535485564004299530e-02,9.191251402166870088e-01,-4.596935108739486631e-01,3.143137092580254588e-02,-1.222786385890214600e+00,4.868590000768893700e-02,-2.246141020715656383e-02,9.630030568742051766e-01,-3.771206025038952303e-01,-1.337650494548694308e-02,3.350982788126807138e-02,1.841471509327295003e-02,-1.560709005671371552e-01,4.606842372571215982e-01,2.868244008089285146e-01,-4.436440053399219011e-04,4.881507652724996205e-01,3.011866399612360325e-03,-8.525774927140798015e-03,3.362511309213204406e-03,4.058816660984420066e-01,-2.659534429516071108e-01,4.500416023754359729e-03,4.890075275262640297e-01,-5.075697402673987361e-04,-6.700997287249413695e-03,-3.497640738479519066e-03
-4.396807454219069378e-01,-5.237751119630674849e-03,6.873891291017512062e-01,1.299637234059925796e-02,-2.582104735808739004e-01,-3.860242144240573492e-02,-9.652296611158963646e-01,-1.232583031670814622e+00,-4.335239103744388534e-02,3.787633829714785738e-02,9.186264260163734541e-01,-4.618233032846477126e-01,3.201736497694249173e-02,-1.224141669502754270e+00,4.692498487961368342e-02,-1.982692284144374831e-02,9.571732087153822510e-01,-3.805741321209623051e-01,-1.277833726575774466e-02,3.125683028881636599e-02,2.274618322413875932e-02,-1.563756268225774959e-01,4.597261085689320903e-01,2.875841722166327386e-01,-2.983738866927618011e-04,4.873695994039256574e-01,2.937952803074771798e-03,-8.708364202682665478e-03,3.322452361995313543e-03,4.072827026454231003e-01,-2.652568530647378409e-01,4.620303550131581866e-03,4.894526720364713035e-01,-5.919947975081060873e-04,-6.717340781426450053e-03,-3.562063985329805890e-03
-4.394620276301811623e-01,-4.343278672673315383e-03,6.879867950609735994e-01,1.157186526466899915e-02,-2.578988880028915132e-01,-3.559548960100795273e-02,-9.654466410015796196e-01,-1.228791426498111017e+00,-4.338989033423856778e-02,4.049050658786207402e-02,9.184664375869543429e-01,-4.637718721529863752e-01,3.262777110736777425e-02,-1.225722969952658392e+00,4.518163019688146292e-02,-1.710097490263882622e-02,9.516734420331530719e-01,-3.838913286089971066e-01,-1.207635394477251864e-02,2.884271799893790844e-02,2.715078761095106666e-02,-1.566799805708333770e-01,4.586728820572628651e-01,2.883837639382807461e-01,-1.381329164755304602e-04,4.866228676482498017e-01,2.864975999788636936e-03,-8.888164630486332027e-03,3.282017211573486082e-03,4.088950383222123008e-01,-2.646016057224886420e-01,4.711593926720672454e-03,4.899652129972994485e-01,-6.761082425011986181e-04,-6.726665916112316811e-03,-3.630617767241280970e-03
-4.392255086754141558e-01,-3.428365488566776070e-03,6.885341751506631747e-01,1.012749738624123437e-02,-2.575709351878829878e-01,-3.240361351131659101e-02,-9.656628050072861846e-01,-1.225061268718244722e+00,-4.336123039132816492e-02,4.309014729019266382e-02,9.184375419998617174e-01,-4.658053028573239107e-01,3.321238149619214902e-02,-1.227411187330416542e+00,4.352595439504951952e-02,-1.437129334124042507e-02,9.464854254251742205e-01,-3.869841505164623996e-01,-1.130146876492907522e-02,2.628520580551357150e-02,3.168364149439815980e-02,-1.570200506962932951e-01,4.575475792757015547e-01,2.891768625151950878e-01,4.481596068683818307e-05,4.859218289543314473e-01,2.783852262352730974e-03,-9.066846173675851411e-03,3.246669483616610938e-03,4.106852262419062316e-01,-2.640217768697724066e-01,4.783786918995538463e-03,4.905314795870836519e-01,-7.663489099226687088e-04,-6.734830939302154963e-03,-3.699412126561856494e-03
-4.389717844069071506e-01,-2.493149552066844556e-03,6.890317207256588805e-01,8.656637876681349056e-03,-2.572224819665905327e-01,-2.901742527239003708e-02,-9.658776560321602478e-01,-1.221373025953309321e+00,-4.326897957690620938e-02,4.568292856157317450e-02,9.185222648373269072e-01,-4.678271199813914816e-01,3.374986255824113240e-02,-1.229211965803299389e+00,4.195206321524910797e-02,-1.165028613310535761e-02,9.416204496324946938e-01,-3.898316757339677641e-01,-1.048915987069441377e-02,2.362683481678934036e-02,3.631964946687979423e-02,-1.573743080016880291e-01,4.563295905576008615e-01,2.899794975296519084e-01,2.410258477860339923e-04,4.852642686576673636e-01,2.702578672938918316e-03,-9.237874181841222720e-03,3.215566980764717701e-03,4.126622413270139011e-01,-2.635264999112703621e-01,4.821941230409042267e-03,4.911475740986508409e-01,-8.545829113896330313e-04,-6.737374975749310310e-03,-3.768750005795372827e-03
-4.386978611318808063e-01,-1.538954990696823769e-03,6.894764905028151203e-01,7.217932148998145239e-03,-2.568647727565570027e-01,-2.546591945625399298e-02,-9.660848186978523433e-01,-1.217835492882197501e+00,-4.312645932599505627e-02,4.812011213309896895e-02,9.188771586079371723e-01,-4.700012412082387736e-01,3.427771980757163273e-02,-1.231013787280601290e+00,4.051190848399673777e-02,-9.022684510852365183e-03,9.370722528935672146e-01,-3.927639579673258274e-01,-9.651385597140802255e-03,2.080622592152717512e-02,4.115130618672072083e-02,-1.577773130320954120e-01,4.550209584627486481e-01,2.907233220528214757e-01,4.555026737905944353e-04,4.846720899823209749e-01,2.614439997185574651e-03,-9.399228576862659126e-03,3.184170370019219314e-03,4.147975557233233856e-01,-2.631343677160761785e-01,4.845178741030737105e-03,4.918089249941373087e-01,-9.565597276617468850e-04,-6.736375587746356100e-03,-3.841197268624754139e-03
-4.384045171550295383e-01,-5.675252269819410942e-04,6.898694296418039773e-01,5.789059002024267951e-03,-2.564960168198320845e-01,-2.173548692077223454e-02,-9.662835240030477335e-01,-1.214411373114956838e+00,-4.293873909295303770e-02,5.044214954177102250e-02,9.194382584661985325e-01,-4.721624782636727469e-01,3.477624980521190623e-02,-1.232830360811909998e+00,3.918594758965990299e-02,-6.471083995317779454e-03,9.328113621925652188e-01,-3.956687150830580646e-01,-8.805270700494846614e-03,1.786733728621104494e-02,4.611129796141867632e-02,-1.582081954851723982e-01,4.536023613431469093e-01,2.914416491856275382e-01,6.756282302003568810e-04,4.841323554059726031e-01,2.526643235496245192e-03,-9.546428423600426469e-03,3.154002794720637756e-03,4.170971005834542833e-01,-2.628380945699279603e-01,4.835152446555115481e-03,4.925189852656435274e-01,-1.059954988123669581e-03,-6.729113570399882817e-03,-3.915600640255093717e-03
-4.380874895820165982e-01,4.082251323444370745e-04,6.902134369783181622e-01,4.402402468758721647e-03,-2.561223052213676965e-01,-1.789179826793552835e-02,-9.664687616138118997e-01,-1.211183347823356904e+00,-4.267275866321140754e-02,5.255367797601494251e-02,9.203309373462555953e-01,-4.743563975340722161e-01,3.523683103413267209e-02,-1.234464038034013500e+00,3.794515544991489131e-02,-3.970545515345876887e-03,9.287550726737775486e-01,-3.985551137762704532e-01,-8.061942760516506434e-03,1.481295097647870700e-02,5.114494713734354242e-02,-1.586965932920246791e-01,4.521071975503894169e-01,2.921041178671218708e-01,9.109271052564382916e-04,4.836539588243056742e-01,2.429678529702442719e-03,-9.683784031652018648e-03,3.128877365401115575e-03,4.195002162293840486e-01,-2.626510529171905972e-01,4.800551779804883117e-03,4.932729282468200083e-01,-1.167948788161240949e-03,-6.723896651231776878e-03,-3.992128123468200243e-03
-4.377475100046931411e-01,1.386250035875545919e-03,6.905091161264342858e-01,3.037194781647526657e-03,-2.557465423183369335e-01,-1.392839118469596169e-02,-9.666387543747041455e-01,-1.208117072247491652e+00,-4.233676767681888997e-02,5.451163054643784478e-02,9.214705906215449049e-01,-4.764511505465905961e-01,3.565756871125842081e-02,-1.235949688300101101e+00,3.676734635444697807e-02,-1.515591256146238061e-03,9.248946306400969153e-01,-4.013751905795374109e-01,-7.374685700380164202e-03,1.167458721755682341e-02,5.619245514674096192e-02,-1.592387124300858325e-01,4.505198107698659693e-01,2.927402286455305647e-01,1.147391448189941099e-03,4.832214637753795006e-01,2.332447808308279330e-03,-9.807110603968275525e-03,3.107089893020984796e-03,4.220176419822748715e-01,-2.625604173535059926e-01,4.725736437363849476e-03,4.940667513237992914e-01,-1.273056328575025752e-03,-6.714702369849078790e-03,-4.070536672492288885e-03
-4.373746574902532269e-01,2.349244829385445203e-03,6.907608348335829707e-01,1.718692287327097841e-03,-2.553629135034302666e-01,-9.934092312643215406e-03,-9.667927090714869554e-01,-1.205157793881936668e+00,-4.195548624791774900e-02,5.633112229665787618e-02,9.227355265681503882e-01,-4.785036793624406481e-01,3.604398799737656284e-02,-1.237066541121014440e+00,3.563252435081506325e-02,7.098850824299269766e-04,9.211742487705740778e-01,-4.042370861139108484e-01,-6.696041266914174589e-03,8.441066397460601431e-03,6.121227515872378760e-02,-1.598948796379243420e-01,4.488744712456959607e-01,2.933360842544453506e-01,1.391304576967670147e-03,4.828508983402668431e-01,2.230970909180257644e-03,-9.910767516124371554e-03,3.094099017675466887e-03,4.246043930191899518e-01,-2.625747007114379583e-01,4.623079168045170217e-03,4.948958809873876263e-01,-1.385397765487744823e-03,-6.708339207979539635e-03,-4.144476060842814530e-03
-4.369702466925052264e-01,3.294962264798778628e-03,6.909681718789645322e-01,4.280746602948387386e-04,-2.549806321547016252e-01,-5.894726024931185027e-03,-9.669280977317624703e-01,-1.202304463961658021e+00,-4.152894166551537175e-02,5.805036971328503270e-02,9.240912247655439504e-01,-4.804323284162453911e-01,3.639646679894803505e-02,-1.237896641782464391e+00,3.455263038837601275e-02,2.746955840676550218e-03,9.175939690390648718e-01,-4.070615142406668885e-01,-6.019689824091864136e-03,5.157138592019595152e-03,6.614585359770278061e-02,-1.606805209084863351e-01,4.471636463615807355e-01,2.939149411629615738e-01,1.631268587608403946e-03,4.825203320858301170e-01,2.131859991128274776e-03,-9.995699794612492375e-03,3.085549817245990430e-03,4.272741877658414733e-01,-2.626760712167333089e-01,4.482499097880924752e-03,4.957475791550289834e-01,-1.496150323782179581e-03,-6.698023863781960886e-03,-4.216884556280299338e-03
-4.365315074348172786e-01,4.207829262654973895e-03,6.911451753179912449e-01,-7.941014138674822422e-04,-2.546094064143912261e-01,-1.865163253393681449e-03,-9.670418505598885606e-01,-1.199563601464328721e+00,-4.102016649455234726e-02,5.961073868364735739e-02,9.255048778751966410e-01,-4.822859967223359079e-01,3.670528675668185276e-02,-1.238406372152586199e+00,3.357611625844065389e-02,4.531045375046330835e-03,9.140712009998106513e-01,-4.097740253068387628e-01,-5.372394876575030398e-03,1.819361331898881017e-03,7.097766323219986684e-02,-1.616467142212128227e-01,4.454208689342240013e-01,2.944493639916216932e-01,1.883217722896547708e-03,4.822372513612680489e-01,2.029133557800569428e-03,-1.006536611407913423e-02,3.082951241571518872e-03,4.299771123367611692e-01,-2.628645816328262219e-01,4.320904586421035407e-03,4.966165773571095676e-01,-1.610024451160488573e-03,-6.686661774760204770e-03,-4.287527293794096001e-03
-4.360610674754110683e-01,5.086077655311532081e-03,6.912916421593592320e-01,-1.968609786272206702e-03,-2.542515976674706302e-01,2.165883539302010125e-03,-9.671336818700617677e-01,-1.196923667110673328e+00,-4.044235226644260495e-02,6.104730745981309242e-02,9.269514400632424822e-01,-4.840127017999900083e-01,3.697428851168285679e-02,-1.238674838079723228e+00,3.270514809145357027e-02,6.107513134854593816e-03,9.106439489812416799e-01,-4.123595415469134551e-01,-4.740933529962579156e-03,-1.534774921817235859e-03,7.565051783986526113e-02,-1.627916489364605590e-01,4.436328099530805202e-01,2.949572515934428263e-01,2.132737821612569213e-03,4.819810999071732494e-01,1.929108670988175954e-03,-1.012046770739491452e-02,3.083362307604237303e-03,4.327220987011897169e-01,-2.631183405261347530e-01,4.128487232474889294e-03,4.974881585601529377e-01,-1.720499683717151588e-03,-6.670301807765591402e-03,-4.358007680685760908e-03
-4.355613104728403573e-01,5.920554525038283430e-03,6.914201529968553306e-01,-3.055722195471383303e-03,-2.539151338659414447e-01,6.155705603918090046e-03,-9.672020857319438836e-01,-1.194407121647588443e+00,-3.976568612362725574e-02,6.229413700809304649e-02,9.284171392899879249e-01,-4.856224806327622545e-01,3.719155606165986533e-02,-1.238665298639926027e+00,3.198042350105404635e-02,7.424407913902968115e-03,9.072230414892800132e-01,-4.148168227445702128e-01,-4.161995882978455040e-03,-4.898076621289723133e-03,8.015813352974106298e-02,-1.641256580704887058e-01,4.418221349394074737e-01,2.954100353533315459e-01,2.392649337246251923e-03,4.817648846924885708e-01,1.828734972397274942e-03,-1.016348088698010646e-02,3.089753377095862119e-03,4.354671486909871825e-01,-2.634412318562435185e-01,3.922956347826009327e-03,4.983484409518294522e-01,-1.832216884559593334e-03,-6.654700472376969510e-03,-4.424821601877418353e-03
-4.350354993478252608e-01,6.709859797526051585e-03,6.915304997124668285e-01,-4.078009818142135263e-03,-2.535983763535211155e-01,1.011206961283508086e-02,-9.672481477857302057e-01,-1.191995715817770751e+00,-3.901387328908679369e-02,6.338568145909295737e-02,9.298830747455927304e-01,-4.870908204808096498e-01,3.736480957728188085e-02,-1.238450433015578334e+00,3.139481606553361226e-02,8.530917157501828260e-03,9.038629667244453270e-01,-4.171571352077225736e-01,-3.613827442317887190e-03,-8.243940160937100400e-03,8.444310546410269125e-02,-1.656389111309324036e-01,4.399755234352220601e-01,2.958228257617910306e-01,2.646639294491395789e-03,4.815664844336712824e-01,1.732429127359328986e-03,-1.019488509332633352e-02,3.098898087746776095e-03,4.382165821611085366e-01,-2.638071064393788800e-01,3.695935216290142065e-03,4.991860256282429908e-01,-1.939957992750635570e-03,-6.637091788851315344e-03,-4.490217532996013984e-03
-4.344873659805777444e-01,7.450639608584951751e-03,6.916322760339601583e-01,-5.006944661940764506e-03,-2.533000144020813860e-01,1.398961612888928105e-02,-9.672736550995397753e-01,-1.189707543601226991e+00,-3.819825036198892798e-02,6.426690213122525364e-02,9.313665259476270331e-01,-4.884672546420428807e-01,3.749790706504659704e-02,-1.237990967651528162e+00,3.094355583697011580e-02,9.386418344549733034e-03,9.005139896490927942e-01,-4.194382770121496962e-01,-3.137975486129324608e-03,-1.158212036369071080e-02,8.849703553611548701e-02,-1.673224215709638862e-01,4.381152032641153493e-01,2.961685554871104631e-01,2.906753523688360673e-03,4.813953182335078962e-01,1.635843756463001937e-03,-1.021780428237716899e-02,3.113829277625928139e-03,4.409335229132409495e-01,-2.642242767489985100e-01,3.465756922019602986e-03,4.999871192787978535e-01,-2.050392444122429644e-03,-6.625174130669105911e-03,-4.552345263057352986e-03
-4.339201042660865704e-01,8.141719290187201044e-03,6.917252711349497485e-01,-5.864077197902872567e-03,-2.530177015158839304e-01,1.779577782886516274e-02,-9.672801898155990452e-01,-1.187521324324538385e+00,-3.733893597585453278e-02,6.497206371473179809e-02,9.328450687045176659e-01,-4.897247860748584758e-01,3.759791153420747462e-02,-1.237347982047822592e+00,3.062260399370661870e-02,1.004354762682446375e-02,8.972237476882412022e-01,-4.216721956915598368e-01,-2.704609196791187692e-03,-1.488799336099943735e-02,9.226516347047761246e-02,-1.691684288395716995e-01,4.362284840311650980e-01,2.964607764961472713e-01,3.154257807525268596e-03,4.812312458889185796e-01,1.543169554003114702e-03,-1.023246015145076043e-02,3.130764334308182989e-03,4.436217220654890547e-01,-2.646626342283939781e-01,3.224079868270641504e-03,5.007444518913197751e-01,-2.157784319319841233e-03,-6.615930245810920131e-03,-4.612934821710823474e-03
-4.333398031473824630e-01,8.781230838376114303e-03,6.918170149593309004e-01,-6.627019928701260477e-03,-2.527521771422007180e-01,2.149650006574686800e-02,-9.672695177879147010e-01,-1.185454823737563279e+00,-3.644645352921547371e-02,6.544889231883281588e-02,9.343079735530864793e-01,-4.908385735601726307e-01,3.765865565917693447e-02,-1.236501466372568192e+00,3.041958114951186579e-02,1.046721297144906707e-02,8.939519738886015920e-01,-4.239038551181003034e-01,-2.333841425248724382e-03,-1.816010622261867921e-02,9.574267529105787156e-02,-1.711501522507410666e-01,4.343340371246263154e-01,2.966787869618360274e-01,3.397728287270952718e-03,4.810847789160309085e-01,1.453353547840857641e-03,-1.024064422947876772e-02,3.152666969699067720e-03,4.462502264934676277e-01,-2.651308078170827032e-01,2.983822476777189901e-03,5.014460543040237805e-01,-2.262752924227590546e-03,-6.613071619506696690e-03,-4.667829011486630299e-03
-4.327492713616560294e-01,9.368221215793118978e-03,6.919071564141690001e-01,-7.315493543327553257e-03,-2.525005776229645171e-01,2.509809295416929459e-02,-9.672435203113796121e-01,-1.183488447443915126e+00,-3.553629211212971928e-02,6.573192418935411285e-02,9.357438928309307347e-01,-4.918113439950306254e-01,3.768897486835382643e-02,-1.235497217514540669e+00,3.033208896411098213e-02,1.070890450169549937e-02,8.907382282197755519e-01,-4.261590560404763250e-01,-2.000454197875281299e-03,-2.137884597248239718e-02,9.887946967475561011e-02,-1.732625721728776880e-01,4.324227638303510535e-01,2.968342713504682484e-01,3.618661562688962278e-03,4.809372643555677174e-01,1.368620737250969121e-03,-1.024299588158881363e-02,3.175253768077798255e-03,4.488217374817611849e-01,-2.655975259231053709e-01,2.738881947026794526e-03,5.020898442059680278e-01,-2.362644448804292890e-03,-6.614638632215057157e-03,-4.719901504522607157e-03
-4.321506088648096044e-01,9.898149855620772333e-03,6.920036563438680677e-01,-7.924658201931047627e-03,-2.522478089986701089e-01,2.856765460019633149e-02,-9.672084220882262162e-01,-1.181639024448158715e+00,-3.463226401893405859e-02,6.575868788391729669e-02,9.372765825418568619e-01,-4.929671143228833707e-01,3.768653296742986020e-02,-1.234332522955434275e+00,3.030233409875756831e-02,1.073970725345271653e-02,8.876663467502462490e-01,-4.286424166100451516e-01,-1.733986188670396875e-03,-2.458154466688265011e-02,1.016658570323109578e-01,-1.754867684947705730e-01,4.305029481557762772e-01,2.969063207581534858e-01,3.827851687722321535e-03,4.807876677558895473e-01,1.289673825377475646e-03,-1.024910694953935775e-02,3.202670290139088879e-03,4.512982171406739740e-01,-2.660771799390887482e-01,2.506360667277542694e-03,5.026749076883815226e-01,-2.465796149734454570e-03,-6.628870948203970451e-03,-4.769090008412159125e-03
-4.315455853278779563e-01,1.036991101307978974e-02,6.921064775338129360e-01,-8.471417277627121128e-03,-2.519936748463295073e-01,3.191262475219102529e-02,-9.671654498110320297e-01,-1.179877433350006388e+00,-3.373607720828767503e-02,6.556897653645957225e-02,9.388436866968092875e-01,-4.941795474259136345e-01,3.765971623366527049e-02,-1.233031429988884042e+00,3.034080356147416876e-02,1.061224850360376233e-02,8.847238381595611267e-01,-4.312907383288905883e-01,-1.513078599989924012e-03,-2.774433257757503990e-02,1.040568349634345552e-01,-1.778293888928503819e-01,4.285660868059562034e-01,2.969068655434192183e-01,4.005531421513228510e-03,4.806263175452168968e-01,1.216740928566746073e-03,-1.025656582326657344e-02,3.229639867921900442e-03,4.536878865894262702e-01,-2.665364291415289189e-01,2.278230648970786844e-03,5.032012775285740203e-01,-2.566754897834292674e-03,-6.651443989365071578e-03,-4.816635878173892646e-03
-4.309429545547597828e-01,1.078303394721314215e-02,6.922249906169344325e-01,-8.942690668996547063e-03,-2.517396969434337328e-01,3.510675595662645504e-02,-9.671166780449130806e-01,-1.178242013901253493e+00,-3.282217901245582103e-02,6.512098189099424506e-02,9.404480621476345448e-01,-4.954588425742940117e-01,3.759404554920765112e-02,-1.231593495798747329e+00,3.040717262299139426e-02,1.028361409204560199e-02,8.819042325716183184e-01,-4.341925537065766116e-01,-1.379912570297569217e-03,-3.084648000050033145e-02,1.060744870184017058e-01,-1.802286325966388214e-01,4.266100171537099972e-01,2.968154537693420969e-01,4.164013364606367930e-03,4.804830509357931878e-01,1.145718715202734056e-03,-1.025867795268373128e-02,3.263233020348032219e-03,4.559752688142721944e-01,-2.670027236996127540e-01,2.067490188251927020e-03,5.036671161144669062e-01,-2.671238218856969264e-03,-6.678640438012583246e-03,-4.858377155628828929e-03
-4.303438270396266474e-01,1.113631902869147150e-02,6.923587634398661317e-01,-9.355341319063027392e-03,-2.514858967503273979e-01,3.815578757272838906e-02,-9.670633160239259229e-01,-1.176707720940260327e+00,-3.189248236728976782e-02,6.445850915624291855e-02,9.420450816246369596e-01,-4.967263153195133896e-01,3.749840299863896331e-02,-1.230037044348590403e+00,3.051173935534604031e-02,9.808109153037770575e-03,8.791897120100848895e-01,-4.372718104922586613e-01,-1.302682422347327569e-03,-3.387509437801250467e-02,1.076742092110942461e-01,-1.826946308443150313e-01,4.246380853041314962e-01,2.966448547474901942e-01,4.285851349772095212e-03,4.803418341147355219e-01,1.078402283263817573e-03,-1.025620004611168569e-02,3.296733752393859497e-03,4.581653093268635568e-01,-2.674419713771178930e-01,1.867954236570466570e-03,5.040781352376316748e-01,-2.773841023037008479e-03,-6.709145737775255511e-03,-4.896510458382401232e-03
-4.297548487188002087e-01,1.143106991361080016e-02,6.925152638193398102e-01,-9.721903424237288149e-03,-2.512259648724493033e-01,4.103090058019980002e-02,-9.670095471944905041e-01,-1.175269038724284565e+00,-3.096853316196376132e-02,6.363592878911143724e-02,9.436709606500961467e-01,-4.982487594391746821e-01,3.737040070144354020e-02,-1.228358327477358847e+00,3.058490239048342746e-02,9.192618036277246454e-03,8.766034677025961175e-01,-4.406231338097759132e-01,-1.294638161110364064e-03,-3.682200050982980394e-02,1.088209137705296731e-01,-1.851730094827145623e-01,4.226579387527681919e-01,2.963942757910534298e-01,4.390051138645117805e-03,4.802194065554267199e-01,1.008589459226455747e-03,-1.025432348849553144e-02,3.331695887348559617e-03,4.602471430407405473e-01,-2.678656022190254449e-01,1.693147120538000035e-03,5.044409150675530640e-01,-2.879878256680300491e-03,-6.753784716527183596e-03,-4.931363881585354436e-03
-4.291763389367627135e-01,1.166662948706355743e-02,6.926937039133376217e-01,-1.005150478167550834e-02,-2.509628904556052698e-01,4.373638071969757068e-02,-9.669559058547255725e-01,-1.173912971222992541e+00,-3.004728686989056874e-02,6.267441071505387706e-02,9.452676289539100329e-01,-4.998775343500675428e-01,3.721627954774955893e-02,-1.226568836426732645e+00,3.064366683389905741e-02,8.478536797734534738e-03,8.741109372037424441e-01,-4.441518538413681827e-01,-1.326202407068083084e-03,-3.967714748945277287e-02,1.094903105166659257e-01,-1.876829083120589714e-01,4.206802253151163962e-01,2.960712612785175724e-01,4.458792871220306452e-03,4.801004982354794004e-01,9.403289515171031057e-04,-1.025153059165191151e-02,3.363810964462571936e-03,4.622278475069729331e-01,-2.682463135416332523e-01,1.537153337228705334e-03,5.047566427486092078e-01,-2.983973346849765496e-03,-6.805330860989287738e-03,-4.963429769495962714e-03
-4.286161269012153663e-01,1.184509835473631159e-02,6.928953813821873142e-01,-1.034824549320623351e-02,-2.506910412916549258e-01,4.624655714854042365e-02,-9.669064957808610750e-01,-1.172659539252416172e+00,-2.914466579673756497e-02,6.157256791714284944e-02,9.468040126168787429e-01,-5.015180819164968273e-01,3.696933120661971550e-02,-1.224681778129006249e+00,3.062283792941776148e-02,7.654629281001568836e-03,8.717529898572784486e-01,-4.479355371008043596e-01,-1.377536707833149033e-03,-4.241646592743968797e-02,1.096754253082508068e-01,-1.901608555255152322e-01,4.187021633030799661e-01,2.956785582016660530e-01,4.495199226022895782e-03,4.799986000919095885e-01,8.871881760513237103e-04,-1.024648753377495683e-02,3.403035026157249111e-03,4.640958718970665253e-01,-2.686000997676967206e-01,1.406181315833433029e-03,5.050210927099541003e-01,-3.082206290087305400e-03,-6.859648933932882726e-03,-4.985377079276574926e-03
-4.280738736248908549e-01,1.196601320356520046e-02,6.931192253062359310e-01,-1.061623641521851694e-02,-2.504132884913424784e-01,4.856574999377883534e-02,-9.668618559023151038e-01,-1.171503527341875239e+00,-2.824716785970640687e-02,6.035212749483592765e-02,9.482617032221606346e-01,-5.031177212690542966e-01,3.665210901101038921e-02,-1.222698633534824442e+00,3.054658438471262449e-02,6.753304195764904191e-03,8.694844651847639661e-01,-4.518681222543377007e-01,-1.434085223463801590e-03,-4.503465731267217165e-02,1.093642180108120032e-01,-1.926254209531932660e-01,4.167422979042176845e-01,2.952192504487888836e-01,4.488271508067047041e-03,4.798989913436312871e-01,8.431422316956750825e-04,-1.023985106573872816e-02,3.441429310906655645e-03,4.658551581734466929e-01,-2.689051540487658598e-01,1.297445107783795929e-03,5.052385255610325476e-01,-3.174545761039397271e-03,-6.914396671120394237e-03,-5.000958502386656374e-03
-4.275560351276769255e-01,1.203453841192648512e-02,6.933597138445041219e-01,-1.086115497048301126e-02,-2.501326383901102957e-01,5.068035888714793324e-02,-9.668232515552047657e-01,-1.170494245908184627e+00,-2.737206379220471011e-02,5.905152304950065517e-02,9.496172445985004984e-01,-5.045500218750884613e-01,3.625882539156160406e-02,-1.220642068993557317e+00,3.035386270366896913e-02,5.748993221121001702e-03,8.672918686043470382e-01,-4.558691751795137526e-01,-1.541690965159014199e-03,-4.751285812446581075e-02,1.085515758577854928e-01,-1.950341678169055792e-01,4.148252742365122203e-01,2.946996490488694165e-01,4.454822733843968006e-03,4.798126520209771706e-01,8.007143005896642752e-04,-1.023470304726156570e-02,3.484618504795374862e-03,4.675147019102257606e-01,-2.691791634229763197e-01,1.219874504204997547e-03,5.054105551192440426e-01,-3.265098609710429846e-03,-6.977003990328682625e-03,-5.001398201501180106e-03
-4.270623799850862268e-01,1.205050989010556482e-02,6.936160119235535992e-01,-1.108289206661254231e-02,-2.498486476038853377e-01,5.259488646028661479e-02,-9.667919117949728136e-01,-1.169625215266563600e+00,-2.650143547313402528e-02,5.768503182999935863e-02,9.508804845340559364e-01,-5.058304480599354891e-01,3.581455211912565328e-02,-1.218510718200377818e+00,3.007639475716416405e-02,4.669546820767634526e-03,8.651547008086967194e-01,-4.598929538702581366e-01,-1.690129820465723857e-03,-4.984892259616446192e-02,1.072359334062296249e-01,-1.973934139398041965e-01,4.129685494881401575e-01,2.941207496229012452e-01,4.385476491496431359e-03,4.797291639156763821e-01,7.604736494865202380e-04,-1.023065178733061249e-02,3.526069706625295334e-03,4.690723400173754110e-01,-2.694051312151332089e-01,1.169793888878548158e-03,5.055415337765870598e-01,-3.352056693874424023e-03,-7.042158710905458384e-03,-4.993050965059794843e-03
-4.265969714423526460e-01,1.202068630705090124e-02,6.938852889990282380e-01,-1.128328628242836716e-02,-2.495588489114462794e-01,5.429117886490850142e-02,-9.667706740888041272e-01,-1.168923326860605849e+00,-2.564842915786323327e-02,5.626629636684780944e-02,9.520432890389672886e-01,-5.068772050416020525e-01,3.530950774668526609e-02,-1.216314875271936824e+00,2.964778055508631230e-02,3.493560736838191745e-03,8.630769535965080452e-01,-4.638967855194503498e-01,-1.883857577008765920e-03,-5.204608051725707202e-02,1.054551721636691614e-01,-1.996599606343480715e-01,4.111840059134722059e-01,2.934829828751648328e-01,4.291392664832564645e-03,4.796616152159304258e-01,7.267522526423798868e-04,-1.022684142692209704e-02,3.568693078482366391e-03,4.705289175477195274e-01,-2.696093595661645526e-01,1.148921043160777700e-03,5.056300860737459324e-01,-3.432077471205573216e-03,-7.110209123608511594e-03,-4.973542090456844339e-03
-4.261592922064684763e-01,1.194470399501492038e-02,6.941667905003490180e-01,-1.146057565847928041e-02,-2.492627943917504196e-01,5.577523254930037006e-02,-9.667604863520556924e-01,-1.168383077907197087e+00,-2.479070192259045721e-02,5.480848916215320249e-02,9.531248370302567441e-01,-5.077321933183041036e-01,3.477600381524980494e-02,-1.214054172832296663e+00,2.910835204821282315e-02,2.248875735395649764e-03,8.610488953373183207e-01,-4.678632126783078271e-01,-2.116447989600496200e-03,-5.410120210957163750e-02,1.032105395160649725e-01,-2.018377619839193948e-01,4.094898455050764441e-01,2.927893523766850747e-01,4.164805034567729478e-03,4.796024698059148106e-01,6.970024955506499455e-04,-1.022326836283029595e-02,3.607892683380908849e-03,4.718805880470040015e-01,-2.697768937946384282e-01,1.153045654789556021e-03,5.056825276598598817e-01,-3.506579314449917613e-03,-7.178124091699081624e-03,-4.947740636052583817e-03
-4.257512795353222690e-01,1.182847422326705443e-02,6.944519904120098897e-01,-1.162260801716245504e-02,-2.489561132849262004e-01,5.703326029911779532e-02,-9.667641779982307781e-01,-1.168021576296851327e+00,-2.393939960673300768e-02,5.333640489445930222e-02,9.541237800287369897e-01,-5.082952262488358297e-01,3.422919141924386094e-02,-1.211768593201148603e+00,2.840195488635024329e-02,9.317349668876622002e-04,8.591372728345435528e-01,-4.717903914207196014e-01,-2.423464800804987166e-03,-5.600212957763933685e-02,1.005350335578548415e-01,-2.038976957721750638e-01,4.078944540780446992e-01,2.920471679123234354e-01,4.013743174390157001e-03,4.795566839140920634e-01,6.743894484948001738e-04,-1.022818753383509562e-02,3.646541847452782533e-03,4.731333503440255939e-01,-2.699277771167982176e-01,1.178180874511659077e-03,5.056891550370246069e-01,-3.571676603863340165e-03,-7.256309403053541780e-03,-4.916820254448689247e-03
-4.253722059768772490e-01,1.167167832528097186e-02,6.947405825846809657e-01,-1.176368924910480181e-02,-2.486379021251890198e-01,5.807054345558888137e-02,-9.667826132201630118e-01,-1.167833173399027702e+00,-2.307018305721064699e-02,5.185336686497267478e-02,9.550639550660769972e-01,-5.086244317151992211e-01,3.368477337005993527e-02,-1.209448723246020263e+00,2.757744958466116017e-02,-4.308373195001543015e-04,8.573207848930129993e-01,-4.756465948905152508e-01,-2.780226125497910032e-03,-5.774866979442964954e-02,9.743996075133062873e-02,-2.058388902384308827e-01,4.064153065572865819e-01,2.912573944631933753e-01,3.834356273771025950e-03,4.795216045996488208e-01,6.555396267766809169e-04,-1.023797184417252551e-02,3.681328144004570625e-03,4.742791471180317631e-01,-2.700522407681827386e-01,1.221603411069682992e-03,5.056588244577397973e-01,-3.630650564697051295e-03,-7.338722782080522519e-03,-4.883095718190221327e-03
-4.250241878762913705e-01,1.148647674147970470e-02,6.950261482498937271e-01,-1.188385496520091324e-02,-2.483001471689906814e-01,5.890134305336255233e-02,-9.668176884467581944e-01,-1.167817598979027371e+00,-2.221850959853147178e-02,5.041288157751946247e-02,9.559085996111734707e-01,-5.085484475048168695e-01,3.309604143841492901e-02,-1.207087603879303250e+00,2.660315537309049932e-02,-1.860443723948257281e-03,8.555835281319782437e-01,-4.793818664412665131e-01,-3.118586275337880982e-03,-5.935867728739043642e-02,9.396716393774490195e-02,-2.076192201658568770e-01,4.050543243883908962e-01,2.904334698983481733e-01,3.635852595897119590e-03,4.795020235360548666e-01,6.525175498046511613e-04,-1.025894267312164702e-02,3.719276368941724920e-03,4.753229085656076602e-01,-2.701626180402988964e-01,1.284368998955260667e-03,5.055960193230741861e-01,-3.680183684433152580e-03,-7.425585085455609774e-03,-4.843633383268809885e-03
-4.247060124088504751e-01,1.127277604947961483e-02,6.953082892951395477e-01,-1.197538854770102343e-02,-2.479441843914781951e-01,5.953115759947992525e-02,-9.668693359345105209e-01,-1.167977132901470094e+00,-2.136316046999965634e-02,4.900409525437555980e-02,9.566986429099648692e-01,-5.081750989869205926e-01,3.247740044240945284e-02,-1.204683844865361175e+00,2.552618735037714623e-02,-3.340244604838611079e-03,8.539191924331407391e-01,-4.829986945061982007e-01,-3.443898158337163617e-03,-6.082852300945839480e-02,9.013431634445112639e-02,-2.092428392827445638e-01,4.038276120893533605e-01,2.895766796425279233e-01,3.415456499888174565e-03,4.794990170536523877e-01,6.564906788176471915e-04,-1.028514183069970979e-02,3.755366217047097742e-03,4.762607585716310266e-01,-2.702545768039676388e-01,1.363034953329179001e-03,5.055062883646188610e-01,-3.724103616171098828e-03,-7.512887639187538179e-03,-4.801283674844829263e-03
-4.244161778167656052e-01,1.103251183553818557e-02,6.955776044068688879e-01,-1.204605314200048703e-02,-2.475794292788139894e-01,5.995812707771439737e-02,-9.669355416981054718e-01,-1.168244168041352449e+00,-2.050106388386711137e-02,4.765473279983670207e-02,9.573468723967818450e-01,-5.074189941938501702e-01,3.181946376442120611e-02,-1.202316701756974249e+00,2.435036857434446853e-02,-4.834875182584434314e-03,8.524155616311371864e-01,-4.865145040997077563e-01,-3.757756457384687099e-03,-6.208338057674432642e-02,8.597389595205554014e-02,-2.107134346938553116e-01,4.027370160916685649e-01,2.886974714001663833e-01,3.187339461939033003e-03,4.795332192428330420e-01,6.604916745433628191e-04,-1.030854439201375414e-02,3.792216771773198897e-03,4.771136190900402974e-01,-2.703445951051708929e-01,1.457772692490783874e-03,5.053880898138906064e-01,-3.762438907650397877e-03,-7.602306845062876094e-03,-4.750471218532232275e-03
-4.241537323051295383e-01,1.076615729392585256e-02,6.958338755076655113e-01,-1.208211750184639936e-02,-2.472064316228756720e-01,6.018194960132906834e-02,-9.670166159602110456e-01,-1.168628728012325979e+00,-1.961608664249221701e-02,4.633798937085041592e-02,9.579024811734274669e-01,-5.064205759458141332e-01,3.114524506146025204e-02,-1.199972312323821955e+00,2.311474949453422648e-02,-6.344514918469509532e-03,8.510486601414993801e-01,-4.899003408039003249e-01,-4.065935134476120032e-03,-6.313558029383949111e-02,8.152279730456725437e-02,-2.120261608049124613e-01,4.018024258813795990e-01,2.877919415118795343e-01,2.952304502341533167e-03,4.796035370985921586e-01,6.636845270445908013e-04,-1.032816040686502200e-02,3.827621751308625791e-03,4.778695208004148931e-01,-2.704365886720239143e-01,1.566992278648226579e-03,5.052467357661418745e-01,-3.797434911717359734e-03,-7.690269502923190517e-03,-4.695120058002722092e-03
-4.239153232019099993e-01,1.048604948209845393e-02,6.960688081918744441e-01,-1.208318919648322665e-02,-2.468174113086910593e-01,6.023043645262018964e-02,-9.671129492145394968e-01,-1.169037792827475331e+00,-1.874780034343912286e-02,4.508653921135649667e-02,9.583079012738151548e-01,-5.050965760772165858e-01,3.042802956939139741e-02,-1.197662917654708226e+00,2.180542162521817429e-02,-7.890492091448122330e-03,8.498498073689900734e-01,-4.931677511423175342e-01,-4.348573485540976023e-03,-6.397634861335743661e-02,7.685158540008645012e-02,-2.131670081007859541e-01,4.010150270530253303e-01,2.868686595931243533e-01,2.721787896344418211e-03,4.797124638317656897e-01,6.706619362503434423e-04,-1.035247917618374938e-02,3.867487705317141679e-03,4.785473970248050324e-01,-2.705461184623288995e-01,1.690235385533877177e-03,5.050732962981540064e-01,-3.827632629845675264e-03,-7.784623615415903197e-03,-4.635950197286873263e-03
-4.236995339124601800e-01,1.019245585449156041e-02,6.962818848007534811e-01,-1.203508857240150401e-02,-2.464178939456828643e-01,6.010266263110210921e-02,-9.672233703395921589e-01,-1.169494926202634399e+00,-1.788182668514742488e-02,4.386453823087697185e-02,9.586121194902355036e-01,-5.036164509606686490e-01,2.969579618983585190e-02,-1.195383669037974217e+00,2.046070280144410974e-02,-9.475559139490134439e-03,8.487935369952323006e-01,-4.962873671564457800e-01,-4.613470999586533061e-03,-6.461853793384828015e-02,7.199984218889118881e-02,-2.141443323364986273e-01,4.003974443626598934e-01,2.859266239434078982e-01,2.495969819114530336e-03,4.798581245721734168e-01,6.783255510463577628e-04,-1.037659466968102705e-02,3.908618614249980729e-03,4.791376083094035510e-01,-2.706788207705048133e-01,1.825041062062892272e-03,5.048739758094286101e-01,-3.855211916650774697e-03,-7.880595020962253422e-03,-4.574498600890608731e-03
-4.235016603391146273e-01,9.895090251641754792e-03,6.964640103613682909e-01,-1.194607417590111235e-02,-2.460151522280556169e-01,5.981365590009542904e-02,-9.673449037204128187e-01,-1.169973410759649557e+00,-1.701353312382134289e-02,4.269062157545741587e-02,9.587839181804616029e-01,-5.019175215026741022e-01,2.892347855079029431e-02,-1.193186776461504062e+00,1.906594153711623982e-02,-1.108055575334764356e-02,8.479248619687899113e-01,-4.992624957872407454e-01,-4.856262905265375761e-03,-6.504916699053536755e-02,6.703590256990599183e-02,-2.149914477188810680e-01,3.999441444673182966e-01,2.849719934240264596e-01,2.275856127540421946e-03,4.800420399572462027e-01,6.933114026783566454e-04,-1.039862029463014571e-02,3.954270168694757129e-03,4.796635129733562986e-01,-2.708491521041716532e-01,1.964878134359146402e-03,5.046352038684525088e-01,-3.873372003299881128e-03,-7.980546519357820459e-03,-4.506297282039844858e-03
-4.233209793322444958e-01,9.594209276972007205e-03,6.966150927655164748e-01,-1.180286955797628726e-02,-2.456114828975859143e-01,5.936198025347436819e-02,-9.674770524614171308e-01,-1.170489709607993145e+00,-1.613306691052769984e-02,4.152947472954313796e-02,9.588616007797913232e-01,-5.001566781087790625e-01,2.814387107859956522e-02,-1.191061227109462051e+00,1.765503657483628863e-02,-1.270921380145104314e-02,8.472191791181333809e-01,-5.020611306594926493e-01,-5.084431520104955131e-03,-6.528481202431257735e-02,6.199643422306387597e-02,-2.157060744001228769e-01,3.996729137767598972e-01,2.840047672529334988e-01,2.064565711779361989e-03,4.802641451251699056e-01,7.102809168602960011e-04,-1.041645385310785953e-02,4.001622809752532206e-03,4.801090378503722889e-01,-2.710617392574658502e-01,2.107555400652960566e-03,5.043683688072679860e-01,-3.887263949305172842e-03,-8.081793602934614004e-03,-4.434928267786321203e-03
-4.231557603216229424e-01,9.298801626884276028e-03,6.967291023710064923e-01,-1.160438661519291870e-02,-2.452220421053450394e-01,5.875675541045827233e-02,-9.676151776251777914e-01,-1.171021325313184924e+00,-1.528069732620755336e-02,4.033467114528981740e-02,9.587343833474759602e-01,-4.980719547956519166e-01,2.734927820679105767e-02,-1.189052592346296677e+00,1.618836561878740296e-02,-1.439429139926404200e-02,8.466703530320519588e-01,-5.046287438364421840e-01,-5.307524064865320676e-03,-6.534324515498027286e-02,5.695841839882721108e-02,-2.163059142903124010e-01,3.995755763686330009e-01,2.830224218384280177e-01,1.863717138281000127e-03,4.805251119282027972e-01,7.307401616878692703e-04,-1.043658959837553968e-02,4.053119400947345630e-03,4.804933495821382961e-01,-2.713327428094117755e-01,2.241960778264974041e-03,5.040640965618758962e-01,-3.892442155000942067e-03,-8.193131480809851333e-03,-4.359638404810938124e-03
-4.230058339669371947e-01,9.008536912891355539e-03,6.968058470235100055e-01,-1.134036927280394555e-02,-2.448454718514445905e-01,5.800186640641313146e-02,-9.677592027110729633e-01,-1.171580362774420125e+00,-1.443364537444753390e-02,3.909075146549684243e-02,9.584718601054655895e-01,-4.958892431993717209e-01,2.656849084996169841e-02,-1.187149392218678212e+00,1.470745694680601796e-02,-1.613039381862507379e-02,8.462691431473549075e-01,-5.069657408091067241e-01,-5.528900589787538906e-03,-6.523214779763022997e-02,5.194530296827106625e-02,-2.167810704122465626e-01,3.996653405020456629e-01,2.820314926715709603e-01,1.676099985114256350e-03,4.808226854754686919e-01,7.510569218842490062e-04,-1.045406068307557640e-02,4.106371064948312506e-03,4.807989929707039423e-01,-2.716618772149821393e-01,2.366870197735680779e-03,5.037349163378164185e-01,-3.894201470952105785e-03,-8.309267592457479298e-03,-4.283624559589890683e-03
-4.228678118275389086e-01,8.729826470223396237e-03,6.968397309707146103e-01,-1.101778289388597246e-02,-2.444881609797793787e-01,5.712479038431592104e-02,-9.679054219934796199e-01,-1.172045046785139988e+00,-1.363179372861454686e-02,3.780140074962773378e-02,9.579140775665114793e-01,-4.933318087895083304e-01,2.575577588452735225e-02,-1.185382229147794897e+00,1.320114781421073517e-02,-1.792381762428025757e-02,8.459968233886783207e-01,-5.089547087384690416e-01,-5.739833154165602767e-03,-6.495784815368398080e-02,4.699987345665557203e-02,-2.171439318209443803e-01,3.999375771139057623e-01,2.810375420339449870e-01,1.500850447690926836e-03,4.811553172224780073e-01,7.756965341559272616e-04,-1.047082574793873136e-02,4.161153344364432703e-03,4.810479499466707165e-01,-2.720549979631516901e-01,2.475648078473024517e-03,5.033765503857798862e-01,-3.890523017717289339e-03,-8.432761336114025924e-03,-4.207740367288783333e-03
-4.227414762585269270e-01,8.462443194951823830e-03,6.968300912943924397e-01,-1.062489175773292764e-02,-2.441511723765414366e-01,5.612847559474264808e-02,-9.680531550125263118e-01,-1.172445517246539781e+00,-1.284590073071654494e-02,3.646341860165830395e-02,9.571714640034347799e-01,-4.906724697906026944e-01,2.494644378416215058e-02,-1.183748206778833634e+00,1.170931846277679413e-02,-1.977416552192086396e-02,8.458605904064377956e-01,-5.106409981826793842e-01,-5.944179023152420041e-03,-6.452654128876987583e-02,4.214963504387592153e-02,-2.173922880881607178e-01,4.004034821702437963e-01,2.800466289730728087e-01,1.340109053649145374e-03,4.815212170633014210e-01,8.005037156108647713e-04,-1.048278657951967271e-02,4.216320514860979335e-03,4.812275891111952308e-01,-2.725135358024745047e-01,2.567693597884267067e-03,5.029977172576006739e-01,-3.885181085039796523e-03,-8.559164074028249858e-03,-4.133697238102179879e-03
-4.226204149321595160e-01,8.209977952894147515e-03,6.967738848804458929e-01,-1.017508766467336949e-02,-2.438406962583297977e-01,5.505272486629680245e-02,-9.681980065689373971e-01,-1.172701074060461313e+00,-1.206647903677553028e-02,3.511391660643705531e-02,9.561371800760823936e-01,-4.877478331377708698e-01,2.412999619472625326e-02,-1.182287762220622485e+00,1.026289870645813278e-02,-2.165049365244557655e-02,8.458737177069270974e-01,-5.119780448470201417e-01,-6.143074871568873600e-03,-6.392904166433145685e-02,3.744226606866030843e-02,-2.175714712493258540e-01,4.010548660321658909e-01,2.790658025647412277e-01,1.190868954764445764e-03,4.819126156273155215e-01,8.285868394936302898e-04,-1.049707138903017978e-02,4.273892192714748295e-03,4.813703495337571803e-01,-2.730351669412016125e-01,2.636346790522290772e-03,5.025889435606646360e-01,-3.873834087335460957e-03,-8.696007103316406167e-03,-4.061940369846374875e-03
-4.225059210915716457e-01,7.972433134988533496e-03,6.966714648646006314e-01,-9.658823796739020653e-03,-2.435570081080892790e-01,5.389104600198876133e-02,-9.683400467217653240e-01,-1.172881384022485429e+00,-1.128850981359928729e-02,3.373559388998085412e-02,9.549416305603930510e-01,-4.847480497293744084e-01,2.333630345322624741e-02,-1.180995328112882436e+00,8.876645761533149756e-03,-2.355839036663650438e-02,8.460424494809778428e-01,-5.130085534808973557e-01,-6.338278358610010751e-03,-6.318888243634766810e-02,3.290396833596843235e-02,-2.176731692340900248e-01,4.018915638647173050e-01,2.780991578310255119e-01,1.056918534922737189e-03,4.823315735347686317e-01,8.563760710190584198e-04,-1.050818516321755380e-02,4.332273359363059476e-03,4.814574495854514469e-01,-2.736189460575973453e-01,2.681071217983740148e-03,5.021623118477972492e-01,-3.860758167692482888e-03,-8.837593656884424817e-03,-3.993841420802832394e-03
-4.223945647332512099e-01,7.756922000861239327e-03,6.965227453188399531e-01,-9.092164443642978058e-03,-2.433001862393746051e-01,5.267868515633283844e-02,-9.684767978902822927e-01,-1.172988083606374410e+00,-1.053456353902323603e-02,3.235013194204223314e-02,9.535602328757105672e-01,-4.813852766133445704e-01,2.255372881543492650e-02,-1.179878581085882061e+00,7.552202762540952304e-03,-2.547317080478756629e-02,8.463465649952860437e-01,-5.136879679631015660e-01,-6.522454648807215864e-03,-6.232089129232451508e-02,2.856076437464913007e-02,-2.177280503405712442e-01,4.028807681285042630e-01,2.771492331681779664e-01,9.338518506036537839e-04,4.827711444809612007e-01,8.828447448080952234e-04,-1.052256106410763385e-02,4.389360390058107478e-03,4.815145579088500605e-01,-2.742542147762850879e-01,2.694475139091831364e-03,5.017087162590501137e-01,-3.845326016937955418e-03,-8.993091571047282309e-03,-3.935043706034476590e-03
-4.222883547262868964e-01,7.563004903225349455e-03,6.963292512478180818e-01,-8.470770141133449407e-03,-2.430678473637821746e-01,5.140892009742540486e-02,-9.686089977723566502e-01,-1.173089690700918730e+00,-9.804964525441748485e-03,3.095094344645902412e-02,9.521307393733504654e-01,-4.778449511498926161e-01,2.180550393200713505e-02,-1.178929633480586547e+00,6.294859198908749585e-03,-2.739416493054988230e-02,8.467969665136515500e-01,-5.140673445738868086e-01,-6.697707248283699816e-03,-6.135048436813098083e-02,2.442427875796699538e-02,-2.177219864801164251e-01,4.040155484869020208e-01,2.762216280445136118e-01,8.263170565727348017e-04,4.832355791780071352e-01,9.070613512971758326e-04,-1.053381405302149416e-02,4.445410125001095746e-03,4.815177658438474784e-01,-2.749340775267822279e-01,2.678287227451842199e-03,5.012461163936056119e-01,-3.829979045094104948e-03,-9.154503363902428623e-03,-3.883906545024847640e-03
-4.221880816789759794e-01,7.398629695800054175e-03,6.960945424225389866e-01,-7.813040523368369739e-03,-2.428614746027266680e-01,5.011490631271328655e-02,-9.687341001104672333e-01,-1.173212589494964098e+00,-9.122298626600675031e-03,2.956762563327560225e-02,9.506588469900042471e-01,-4.739113693338428135e-01,2.110880353128455691e-02,-1.178141904188995559e+00,5.112839023143759577e-03,-2.928314241229587611e-02,8.473360461909827945e-01,-5.140960294346511583e-01,-6.904478167745829731e-03,-6.030166719168537914e-02,2.050012293702953986e-02,-2.176583251538162234e-01,4.052563746220571028e-01,2.753240874500028079e-01,7.252115122644682771e-04,4.837205962587171615e-01,9.415897420582029168e-04,-1.054498416335439975e-02,4.507938680270633623e-03,4.814800804288681402e-01,-2.756371086604006981e-01,2.628384352669473154e-03,5.007724670938292766e-01,-3.805746403527863076e-03,-9.323973795035566184e-03,-3.835117639083490855e-03
-4.220957846592190421e-01,7.263006139191137585e-03,6.958208789185826859e-01,-7.119457220176794374e-03,-2.426769345682210366e-01,4.879178046281646558e-02,-9.688532298117858987e-01,-1.173406839424677939e+00,-8.490507108122154895e-03,2.819769668691802372e-02,9.492585161215100209e-01,-4.697661344896028601e-01,2.046905604452715910e-02,-1.177509203743891897e+00,4.003990133818829088e-03,-3.113305822090494182e-02,8.479844603440259698e-01,-5.138427752305060325e-01,-7.134769019651564237e-03,-5.919592890259695733e-02,1.678634295757613915e-02,-2.175217125424873943e-01,4.065926936720942186e-01,2.744621066315499625e-01,6.369796301157599995e-04,4.842312442728356481e-01,9.791646551197455937e-04,-1.055026660257279633e-02,4.572660391616247336e-03,4.813788125960840603e-01,-2.763528177289860666e-01,2.550090302015420134e-03,5.003060354635450180e-01,-3.778809986844201135e-03,-9.494445517316825456e-03,-3.790803206326415296e-03
-4.220076430916671617e-01,7.149150437315760810e-03,6.955071141393093237e-01,-6.413508123118652482e-03,-2.425164255425872051e-01,4.748613483270743008e-02,-9.689632176993360213e-01,-1.173601026702190575e+00,-7.900867557267966801e-03,2.684015093631220844e-02,9.477715289697378198e-01,-4.650705966992734197e-01,1.979188019334346058e-02,-1.177084887475975616e+00,3.028798316069973660e-03,-3.288079741102236525e-02,8.487757265847837296e-01,-5.132477535015533832e-01,-7.372318460741416474e-03,-5.801105593629372198e-02,1.326628982775666411e-02,-2.173458778710088690e-01,4.080086643356815035e-01,2.736480169206966795e-01,5.517600741041738498e-04,4.847541766529209206e-01,1.021315157770475790e-03,-1.054914718098139484e-02,4.633930937275403637e-03,4.812429095052018213e-01,-2.770627171357156193e-01,2.448935424444204350e-03,4.998433308377197570e-01,-3.753038758210910930e-03,-9.662283121581296055e-03,-3.750322119312969604e-03
-4.219261151927611309e-01,7.057090959375430898e-03,6.951562131661676025e-01,-5.691836569026741122e-03,-2.423740410322273997e-01,4.618792705446022467e-02,-9.690660981711159971e-01,-1.173852353232590406e+00,-7.360843652479554487e-03,2.548984441503225271e-02,9.463396407873759797e-01,-4.600733392900062668e-01,1.911487636521922232e-02,-1.176849760104996312e+00,2.170801245275857765e-03,-3.453652856773127555e-02,8.497190638773847171e-01,-5.123703839804570892e-01,-7.614011311180136736e-03,-5.677490145589597637e-02,9.950510023393135603e-03,-2.171079957420762874e-01,4.094877052035795217e-01,2.728784470112550209e-01,4.770417189167101141e-04,4.852990294109022495e-01,1.063820016696501430e-03,-1.053920721126896769e-02,4.692177095888091370e-03,4.810481346712154327e-01,-2.777607494532384758e-01,2.329613272655481869e-03,4.993995130704322327e-01,-3.729176173736625192e-03,-9.823957043792637400e-03,-3.714618289042950858e-03
-4.218480062208344039e-01,6.980993348074877522e-03,6.947717591193690589e-01,-4.977011812993037410e-03,-2.422585653282334495e-01,4.492948334297543200e-02,-9.691580667801574789e-01,-1.174111914847090432e+00,-6.866254283958036359e-03,2.416811797047305893e-02,9.448111457591321649e-01,-4.544716031230059405e-01,1.844158934913722389e-02,-1.176833829989696101e+00,1.449971164236761763e-03,-3.606471117384847658e-02,8.507829994971993770e-01,-5.110773763948393000e-01,-7.872746763637958334e-03,-5.547700232683277360e-02,6.816734034983795015e-03,-2.168513623376877864e-01,4.110152631944490875e-01,2.721609898046143949e-01,4.045338485210496450e-04,4.858573270768550278e-01,1.106890994787963507e-03,-1.052018930212712984e-02,4.745620919974763777e-03,4.808198392322074466e-01,-2.784260183263795874e-01,2.190115201696144452e-03,4.989692730386396935e-01,-3.702048426162175745e-03,-9.979484386933842877e-03,-3.683350688719397217e-03
-4.217760517332373449e-01,6.921250845229418892e-03,6.943570288278371194e-01,-4.263532999412961676e-03,-2.421615013826329821e-01,4.370026333747702857e-02,-9.692419287869807887e-01,-1.174428364348798048e+00,-6.424641960804475943e-03,2.286143562661807627e-02,9.433370747684436397e-01,-4.485716015413466207e-01,1.778620998640113859e-02,-1.177012305814413962e+00,8.476780160787746347e-04,-3.748203116705688120e-02,8.519863697987785089e-01,-5.094661069000590015e-01,-8.142629332733597805e-03,-5.414392618097364079e-02,3.880323715037430499e-03,-2.165450976476248623e-01,4.125719263490366107e-01,2.714880415003558811e-01,3.418741122077239474e-04,4.864380575838994081e-01,1.148546999118914627e-03,-1.049095029616867528e-02,4.795571220959423710e-03,4.805331189082180932e-01,-2.790556272269422156e-01,2.037144553368090780e-03,4.985645820380494864e-01,-3.674618372111068676e-03,-1.012633429268976031e-02,-3.657050035147599038e-03
-4.217099472787374514e-01,6.873674465706374262e-03,6.939177931828848234e-01,-3.565701268805638452e-03,-2.420849509672967914e-01,4.253315350712603971e-02,-9.693157860792126490e-01,-1.174768494297689481e+00,-6.008763897751065626e-03,2.159828268590749042e-02,9.418488160047268076e-01,-4.422620127995822159e-01,1.720658056533996491e-02,-1.177390367898568879e+00,4.218834957480218023e-04,-3.873861484700700381e-02,8.533081927891873475e-01,-5.075352934130655802e-01,-8.455260132823990554e-03,-5.276190750891596865e-02,1.117817326259255839e-03,-2.161991168445952793e-01,4.141360121748567380e-01,2.708629598210465228e-01,2.831955734177807348e-04,4.870293340713867658e-01,1.189930058339524685e-03,-1.045893231554333343e-02,4.839467344914814666e-03,4.802032514502758698e-01,-2.796299058750640332e-01,1.876161852707377035e-03,4.981768605394720217e-01,-3.650501597303055547e-03,-1.027096479361797043e-02,-3.645279658036853273e-03
-4.216518323831896509e-01,6.838913322465661228e-03,6.934573581447565083e-01,-2.878506449982376741e-03,-2.420220666971207024e-01,4.141508524497465593e-02,-9.693821868316041535e-01,-1.175164717614015419e+00,-5.633756807400988262e-03,2.035839081368966477e-02,9.404593071854733255e-01,-4.358103710422009391e-01,1.668703152979041787e-02,-1.177943136930958534e+00,1.408804996561448209e-04,-3.985824575623073129e-02,8.547586041997264905e-01,-5.053626636190639010e-01,-8.798042775757890926e-03,-5.136030668959160050e-02,-1.453961717957803160e-03,-2.157889274320793360e-01,4.156898265183763264e-01,2.702758463759475371e-01,2.337707559811842077e-04,4.876391855187098279e-01,1.229667770191899883e-03,-1.042032993533049436e-02,4.879466057141786800e-03,4.798099370285117682e-01,-2.801482122353232129e-01,1.712859497787777314e-03,4.978151438531657758e-01,-3.628933206955958432e-03,-1.040898580743948587e-02,-3.642430614499514527e-03
-4.215990251648518705e-01,6.813729991350241620e-03,6.929825328078906832e-01,-2.218151365647015073e-03,-2.419739833110542415e-01,4.036156888067886361e-02,-9.694403617358783309e-01,-1.175567728669585810e+00,-5.299726601129468515e-03,1.915550907380293710e-02,9.390628522207751239e-01,-4.290440120078407027e-01,1.615657335494400521e-02,-1.178651841406895384e+00,1.124627392436213630e-05,-4.080756242428198316e-02,8.562774828913044534e-01,-5.028445634335749759e-01,-9.148990752971064913e-03,-4.993349294875949751e-02,-3.868892461083872983e-03,-2.153444394606968681e-01,4.172184542542030083e-01,2.697342386888892940e-01,1.808375073800721372e-04,4.882547100758890535e-01,1.271061573939783699e-03,-1.037869551630263808e-02,4.915522397344163075e-03,4.793790590186643441e-01,-2.805949073626533563e-01,1.547144938142635054e-03,4.974653155811641914e-01,-3.603982958017868526e-03,-1.054362926331701804e-02,-3.641951689104241160e-03
-4.215532515563048532e-01,6.798958657094606069e-03,6.924960896936755983e-01,-1.577527166708392759e-03,-2.419346757672846404e-01,3.936111347788031484e-02,-9.694925615058622714e-01,-1.176002108547317127e+00,-5.012114163488385829e-03,1.797147473500016260e-02,9.377515327026864078e-01,-4.221931764343311300e-01,1.560002354529314676e-02,-1.179495713394315137e+00,5.105040560871215736e-06,-4.161573979744533081e-02,8.578849370772611005e-01,-5.000890494751064619e-01,-9.502371451493726862e-03,-4.850562768063511332e-02,-6.105718948204378292e-03,-2.148441688341227729e-01,4.187076664961480454e-01,2.692259377260289299e-01,1.304980818968643950e-04,4.888807851390250536e-01,1.311822350720940602e-03,-1.033099875765769622e-02,4.948468092843315638e-03,4.788937368991916799e-01,-2.809732232475707359e-01,1.386565345986803637e-03,4.971343689268389321e-01,-3.578350456650429817e-03,-1.067178130400158777e-02,-3.643554358716065769e-03
-4.215119508057505460e-01,6.789220799251008583e-03,6.920068961192058499e-01,-9.737392645500172507e-04,-2.419118522703864738e-01,3.842152874790800282e-02,-9.695367417956003431e-01,-1.176414142078380465e+00,-4.784584965311504921e-03,1.681791640075795680e-02,9.364004198659160449e-01,-4.151465968939849205e-01,1.499999027816710344e-02,-1.180471228436345443e+00,1.153348923559008733e-04,-4.226021604631858414e-02,8.595269817507820154e-01,-4.970022009361902970e-01,-9.850339964980244639e-03,-4.708148301756916176e-02,-8.193871785405801300e-03,-2.143223602397562044e-01,4.201507432680946508e-01,2.687556741176748698e-01,7.459675145350121942e-05,4.895057718680491110e-01,1.353401800257827839e-03,-1.027794915205799617e-02,4.977005994154411195e-03,4.783769309453834717e-01,-2.812758815352874309e-01,1.233970114919392177e-03,4.968117416065628844e-01,-3.551308040968573134e-03,-1.079367537722585382e-02,-3.646721903160543652e-03
-4.214765817778142742e-01,6.785621245972462377e-03,6.915169857287680744e-01,-3.960271098025013687e-04,-2.418992929036114514e-01,3.753412426577661110e-02,-9.695750433931670242e-01,-1.176822256131006217e+00,-4.611621322538803601e-03,1.567794700992514861e-02,9.350847241812131339e-01,-4.080907164012832489e-01,1.437357943797512756e-02,-1.181557125098670502e+00,3.236613014250129235e-04,-4.277513956173573800e-02,8.612267850060673080e-01,-4.937097230735855158e-01,-1.019022049308556353e-02,-4.567569343350660893e-02,-1.010527545597427260e-02,-2.137573523016687294e-01,4.215350226781838239e-01,2.683098145299331883e-01,1.764280279685628621e-05,4.901321640141205749e-01,1.393999312120108988e-03,-1.021846701215650341e-02,5.002106484769459904e-03,4.778162299959291537e-01,-2.815093326358266146e-01,1.094914399468266842e-03,4.965009740476146738e-01,-3.524498501068657526e-03,-1.090850414419437635e-02,-3.650923540857949068e-03
-4.214432238663334274e-01,6.793835512394920569e-03,6.910351875813784961e-01,1.506073800000797458e-04,-2.418842044128675373e-01,3.668872486156091878e-02,-9.696112346920301439e-01,-1.177229135545586169e+00,-4.474097878809709695e-03,1.461740761039169618e-02,9.339210736106706712e-01,-4.013547913096307540e-01,1.381628408841465566e-02,-1.182675789503941921e+00,5.866619300466157164e-04,-4.315591276805507553e-02,8.629408435758090246e-01,-4.902668475455139174e-01,-1.048100784330832994e-02,-4.430508096582547878e-02,-1.185329049545548463e-02,-2.131742757889923401e-01,4.228329367286737250e-01,2.678803197710348805e-01,-3.477713135698640726e-05,4.907491873537818128e-01,1.426343068800693713e-03,-1.016413751517640345e-02,5.026844783525876922e-03,4.772260719625832648e-01,-2.816674075632306651e-01,9.716930212303974673e-04,4.961815757291352935e-01,-3.500165342038924054e-03,-1.103219781453571892e-02,-3.672254564704017718e-03
-4.214123603063418266e-01,6.814294815148442055e-03,6.905631486772504379e-01,6.728049418016976554e-04,-2.418655887442545671e-01,3.587962385760612438e-02,-9.696459337854933525e-01,-1.177632473457128404e+00,-4.370463704528952317e-03,1.362125401783897787e-02,9.328968349738157029e-01,-3.949309558022967015e-01,1.332342313531048421e-02,-1.183817811397986253e+00,8.917363186703960217e-04,-4.342675763089533930e-02,8.646788792207863450e-01,-4.867529053417901652e-01,-1.072973309731625573e-02,-4.297951186241373567e-02,-1.342137987434138639e-02,-2.125686745915845444e-01,4.240396630603300299e-01,2.674607359042749377e-01,-8.308979456353768984e-05,4.913545370825391223e-01,1.453619749521579312e-03,-1.011020728604236640e-02,5.050653880869229555e-03,4.765990350556149613e-01,-2.817530965128997034e-01,8.681161042013675264e-04,4.958609622095423997e-01,-3.477820468445824188e-03,-1.115874687880813280e-02,-3.701260428459509678e-03
-4.213838113492960891e-01,6.836189420905828748e-03,6.901025651325687349e-01,1.156903852921358899e-03,-2.418537675350707350e-01,3.511748599591656139e-02,-9.696763268637081934e-01,-1.177982801065682317e+00,-4.267348128564709894e-03,1.271126488007884824e-02,9.318514048161334884e-01,-3.885723151876104842e-01,1.282178435271405341e-02,-1.185011916220097827e+00,1.256067179749171094e-03,-4.357181473274227002e-02,8.664099944446875812e-01,-4.830349501558360847e-01,-1.095088407911454405e-02,-4.169601838134506105e-02,-1.485330104523465040e-02,-2.119569672106335068e-01,4.251660513846293177e-01,2.670767424448393101e-01,-1.462158545199840917e-04,4.919210627202529329e-01,1.488857372751040001e-03,-1.005865243481312600e-02,5.072508596863950503e-03,4.759564591517591592e-01,-2.817646732472101623e-01,7.901267225464923003e-04,4.955328773308887991e-01,-3.455797717741264027e-03,-1.127931927435037694e-02,-3.721486860252768303e-03
-4.213583186529602509e-01,6.860834702902937794e-03,6.896546424543200660e-01,1.614033198363985571e-03,-2.418461225048988417e-01,3.439400682699000206e-02,-9.697035115026471086e-01,-1.178295137849962426e+00,-4.166928432174276699e-03,1.186384811852210508e-02,9.308233319516558968e-01,-3.823705821830648555e-01,1.232168392753355338e-02,-1.186245415952020599e+00,1.666172680850638074e-03,-4.362399834859870262e-02,8.681533662402995954e-01,-4.792224902450193391e-01,-1.114783286933838762e-02,-4.046381263466245631e-02,-1.611935386522751062e-02,-2.113283800362972809e-01,4.262018575053629355e-01,2.667139607143951818e-01,-2.199956070742463518e-04,4.924537353717571286e-01,1.526852745002460965e-03,-1.000862061009174207e-02,5.091331371966819480e-03,4.752935119944932119e-01,-2.817105895453768105e-01,7.388071202162198618e-04,4.952015782037645919e-01,-3.434585904730861391e-03,-1.139519405836715744e-02,-3.735820055264564132e-03
-4.213345413254176441e-01,6.877651402518619381e-03,6.892226039321293074e-01,2.033670833593685407e-03,-2.418522283708612608e-01,3.371307616349307479e-02,-9.697251117252679853e-01,-1.178525729720178328e+00,-4.044660229582190333e-03,1.110296092899750071e-02,9.296847121827311877e-01,-3.761835118362992225e-01,1.182449970308062197e-02,-1.187538914523749378e+00,2.114906609066409017e-03,-4.359192788181148748e-02,8.698795729252944975e-01,-4.751889131053250170e-01,-1.130156168093530804e-02,-3.927602959507547203e-02,-1.725110631045895931e-02,-2.107037763808585762e-01,4.271604975232733969e-01,2.663852509545788783e-01,-3.075870492171573758e-04,4.929370592335095558e-01,1.565511381700166599e-03,-9.964972884804261868e-03,5.106662728595075425e-03,4.746346438152888036e-01,-2.815919895605008549e-01,7.117262150050362177e-04,4.948572846127748392e-01,-3.410783131568575176e-03,-1.150896006299741495e-02,-3.744438594159525506e-03
-4.213133875887580260e-01,6.888160355255090912e-03,6.888073174576211377e-01,2.428754594446086955e-03,-2.418684259107440615e-01,3.306650475966087938e-02,-9.697424255757596256e-01,-1.178696672953947200e+00,-3.903907777546056484e-03,1.039910740338578776e-02,9.284936310346069144e-01,-3.701312542753986690e-01,1.133656994022263879e-02,-1.188878071462512676e+00,2.594618096005998648e-03,-4.350842714453888316e-02,8.716128733828317765e-01,-4.710630837048518371e-01,-1.141972003167511691e-02,-3.813970630648609583e-02,-1.821483472053213662e-02,-2.100688525156420294e-01,4.280303499673779322e-01,2.660751968644692322e-01,-4.049417470558275972e-04,4.933772969909672179e-01,1.603404013427909289e-03,-9.926347844748776433e-03,5.118369951035850116e-03,4.739747249468163059e-01,-2.814194193191804638e-01,7.088313492291722093e-04,4.945043863385732985e-01,-3.386430583414392920e-03,-1.162115563047778043e-02,-3.749069139978333885e-03
-4.212947697031214633e-01,6.887247626711512534e-03,6.884090744953565988e-01,2.790677052012215803e-03,-2.418994899186010794e-01,3.245336845144402432e-02,-9.697544162182847316e-01,-1.178787378451956247e+00,-3.713507648901171083e-03,9.792645648264633809e-03,9.271687681056781649e-01,-3.640764727025666003e-01,1.084492626831486985e-02,-1.190265325948505426e+00,3.083621491028390622e-03,-4.338169280916406856e-02,8.733157771778319312e-01,-4.667309170539822860e-01,-1.149195497631100293e-02,-3.705043872895206342e-02,-1.904219077982892069e-02,-2.094297450797288906e-01,4.288228657441244263e-01,2.657976070457213624e-01,-5.136356711270981474e-04,4.937591513000558208e-01,1.639513580247817671e-03,-9.895247656394641142e-03,5.125625082503300171e-03,4.733357848104038923e-01,-2.811972817295568250e-01,7.280093696872966735e-04,4.941326620418817761e-01,-3.360595071767666538e-03,-1.173357152308694175e-02,-3.749572120278913193e-03
-4.212796009273316322e-01,6.876351457457405454e-03,6.880286766313346014e-01,3.131093433314475170e-03,-2.419422709308717556e-01,3.186590315129725348e-02,-9.697621863153234045e-01,-1.178824793422337924e+00,-3.483932243801535732e-03,9.251646026385789909e-03,9.257799566622209042e-01,-3.581671406005313418e-01,1.035675923687696953e-02,-1.191690177774518355e+00,3.578397034099743083e-03,-4.323815726514833313e-02,8.750164324998770393e-01,-4.623275294271878555e-01,-1.152776395750822365e-02,-3.601461860722475483e-02,-1.970266349538460013e-02,-2.087736636564221371e-01,4.295262277951128471e-01,2.655381233984466238e-01,-6.296759432958485550e-04,4.940910662548139154e-01,1.673810221946881198e-03,-9.870919388735315339e-03,5.129133342203147025e-03,4.727119152511994882e-01,-2.809353731927359266e-01,7.682581516148558314e-04,4.937495499740923166e-01,-3.334836015659519998e-03,-1.184644689898412852e-02,-3.747102098119474770e-03
-4.212678242056666633e-01,6.855173998991768644e-03,6.876699282957685622e-01,3.438127664562623271e-03,-2.420038079847637857e-01,3.128788029776245760e-02,-9.697646130610808601e-01,-1.178818288450625529e+00,-3.222640679529680495e-03,8.826428109508404826e-03,9.243001961268744182e-01,-3.524031964669824823e-01,9.934381887476017095e-03,-1.193135618469742809e+00,4.051372710831981951e-03,-4.305085623129803474e-02,8.766616387012498013e-01,-4.577969058958638038e-01,-1.151097535299899430e-02,-3.502845382178198380e-02,-2.024904011312657695e-02,-2.081169092906761109e-01,4.301507029231961265e-01,2.653100434121338780e-01,-7.503169598513787213e-04,4.943718382539036837e-01,1.704470051427950687e-03,-9.853791952745116073e-03,5.127096880152550058e-03,4.721109424041756708e-01,-2.806327075406627181e-01,8.279335720093223844e-04,4.933571360576626263e-01,-3.311905435733751134e-03,-1.195967147071663045e-02,-3.748082750941648944e-03
-4.212602762675062285e-01,6.825033676788144071e-03,6.873333907584722180e-01,3.722851577141408994e-03,-2.420806817614644946e-01,3.071409787309101885e-02,-9.697627174138426787e-01,-1.178786278288782130e+00,-2.940551382538110145e-03,8.481360603028854570e-03,9.227803944552688264e-01,-3.468885876193285034e-01,9.565444761861875006e-03,-1.194592938070887511e+00,4.504631029783745175e-03,-4.284278577720963127e-02,8.782769227390067046e-01,-4.532588002908634617e-01,-1.145421480453105538e-02,-3.409410562670085743e-02,-2.065335866567807183e-02,-2.074463839257974507e-01,4.306865462918696985e-01,2.651006437803165583e-01,-8.724578251477263903e-04,4.946081037557271687e-01,1.732592078997911541e-03,-9.843076645975041769e-03,5.121499811708452900e-03,4.715275860499593130e-01,-2.802992984448752778e-01,9.055238749302474844e-04,4.929609506131265584e-01,-3.290947202722712978e-03,-1.207269314653314218e-02,-3.749808518294448900e-03
-4.212588972438168766e-01,6.795477081270157559e-03,6.870223066148973823e-01,3.970527090239458004e-03,-2.421854904746561787e-01,3.014005684968568480e-02,-9.697535769932859040e-01,-1.178773462148150486e+00,-2.701977608030164350e-03,8.228158214013375771e-03,9.212502463884514325e-01,-3.417119253807637813e-01,9.257628312057673489e-03,-1.196042411206662104e+00,4.882271623874886307e-03,-4.259795234037861561e-02,8.797519820696125814e-01,-4.485905260394631444e-01,-1.135519479343997072e-02,-3.324008928312620348e-02,-2.094261908000882508e-02,-2.067707953553238331e-01,4.311381167477787990e-01,2.649195714065309959e-01,-9.958944086155133765e-04,4.948010070036544250e-01,1.759572584412047013e-03,-9.842680801022988743e-03,5.111852294702716286e-03,4.709733311401783640e-01,-2.799401189639280640e-01,9.969938911018692146e-04,4.925651497657323463e-01,-3.269987387368767078e-03,-1.218438771681540009e-02,-3.752125478399318242e-03
-4.212645724861383556e-01,6.766978533303995465e-03,6.867369370335959511e-01,4.189351619071215310e-03,-2.423130133817538168e-01,2.956763345109272509e-02,-9.697384224268763564e-01,-1.178779360918129182e+00,-2.499025659270600989e-03,8.047176836061592856e-03,9.197273685978386570e-01,-3.369014328481766962e-01,9.001326262778660409e-03,-1.197481959622439529e+00,5.199944391467660985e-03,-4.232751224872564194e-02,8.811278206626279585e-01,-4.439333956750646792e-01,-1.122524473616953039e-02,-3.245633653988207190e-02,-2.110156192720191379e-02,-2.060738461807131994e-01,4.314976607155208699e-01,2.647599156381453822e-01,-1.117686005578014076e-03,4.949520994303466259e-01,1.785209479048864437e-03,-9.849830207814210675e-03,5.099829098842098736e-03,4.704431810933952240e-01,-2.795601951075349922e-01,1.101493610285662330e-03,4.921744737623640065e-01,-3.249678855380149292e-03,-1.229417068037897721e-02,-3.753809561125232529e-03
-4.212788317180023445e-01,6.749211458204311051e-03,6.864816724543951754e-01,4.362366043854076086e-03,-2.424767080789016482e-01,2.898602183702082488e-02,-9.697143014000472183e-01,-1.178851815841179373e+00,-2.426171502159562600e-03,7.938362809896147565e-03,9.182547340171790529e-01,-3.326150681401073284e-01,8.816700882343510987e-03,-1.198894047410006269e+00,5.390828439090609644e-03,-4.201205970275684320e-02,8.823007593825387129e-01,-4.391751427242801542e-01,-1.104550266895076675e-02,-3.178287724313758750e-02,-2.116439012412703324e-02,-2.053699682003442550e-01,4.317674810980888234e-01,2.646274317815349164e-01,-1.233146448181257366e-03,4.950662476211803997e-01,1.807062385643476909e-03,-9.865148499230725135e-03,5.087626162621259815e-03,4.699410945883792379e-01,-2.791621043198111995e-01,1.214696450463048725e-03,4.917968049792363905e-01,-3.229734246200217929e-03,-1.239994161991369095e-02,-3.756657994525311114e-03
-4.213024711784657539e-01,6.742001721045399673e-03,6.862562469807977905e-01,4.497644620678403066e-03,-2.426694249970811068e-01,2.840497920683850500e-02,-9.696826689802754418e-01,-1.178970906238352212e+00,-2.449234310392804561e-03,7.895431677390714331e-03,9.168139567536388590e-01,-3.287881835484059989e-01,8.689933609553212104e-03,-1.200279218227448208e+00,5.488572745704648793e-03,-4.165552266170419876e-02,8.833196623417611804e-01,-4.344659115573966668e-01,-1.083033336008028431e-02,-3.119421808827624668e-02,-2.112211182778854848e-02,-2.046393633342904195e-01,4.319423385101628377e-01,2.645198215114631379e-01,-1.340919058027580883e-03,4.951405757349055525e-01,1.826392371361239319e-03,-9.886393262094892928e-03,5.075486461214029354e-03,4.694641537427878819e-01,-2.787485188024639848e-01,1.336556311369201935e-03,4.914329556672947796e-01,-3.210577106504777269e-03,-1.250135921761216275e-02,-3.759316627852549858e-03
-4.213364767931850885e-01,6.744716808846391333e-03,6.860612776756717102e-01,4.584251855270289611e-03,-2.428998468796954857e-01,2.782749617491801081e-02,-9.696413148568815421e-01,-1.179142684495789295e+00,-2.566642498380944642e-03,7.946605249270651677e-03,9.153767524985036985e-01,-3.254075282911688127e-01,8.625233958940305146e-03,-1.201646102944571304e+00,5.475772608588961622e-03,-4.124983559873677402e-02,8.841385824024583506e-01,-4.297139275549731185e-01,-1.058029921350022579e-02,-3.069669822963260256e-02,-2.101162038478304045e-02,-2.038891128412115838e-01,4.320353314880872042e-01,2.644493266719591951e-01,-1.436390466294027541e-03,4.951727339500195391e-01,1.842553979355263799e-03,-9.917490633230847258e-03,5.064987867541610560e-03,4.690152080393203415e-01,-2.783178900470550388e-01,1.465803489796148199e-03,4.910867852337687522e-01,-3.190814480472542111e-03,-1.259802535204044421e-02,-3.761655312960585865e-03
-4.213815778882884500e-01,6.757529907834333716e-03,6.858961558027599770e-01,4.631637258361061792e-03,-2.431607702635655566e-01,2.726125316459045156e-02,-9.695917758608681991e-01,-1.179352196188433233e+00,-2.749424026262708900e-03,8.080610600194564411e-03,9.139360495778621196e-01,-3.224282270859591404e-01,8.608471930241603717e-03,-1.202994227372318869e+00,5.383864389243563954e-03,-4.080143122136748596e-02,8.848038156416517808e-01,-4.250563291691499268e-01,-1.030758333263430762e-02,-3.026777439807792555e-02,-2.081823731691289855e-02,-2.030993559768852208e-01,4.320413381942568298e-01,2.644114000693271183e-01,-1.519222124645545381e-03,4.951615495330808914e-01,1.856714292556516099e-03,-9.955980755608299579e-03,5.055769186193908270e-03,4.685929313255189355e-01,-2.778761800899843259e-01,1.602211515082178602e-03,4.907553059412897989e-01,-3.171315797458108734e-03,-1.268962093941394982e-02,-3.763071669719188737e-03
-4.214380094659488374e-01,6.777973165602244228e-03,6.857613277931738915e-01,4.629566733461441645e-03,-2.434614346958006437e-01,2.670486806169516600e-02,-9.695318184306948028e-01,-1.179606241076192941e+00,-3.000305605715057524e-03,8.318685688988108895e-03,9.124680010299198729e-01,-3.198648140971485643e-01,8.620270943511735076e-03,-1.204334602813249999e+00,5.195124842126568748e-03,-4.030172017285597874e-02,8.852711959719903323e-01,-4.203767153560951653e-01,-9.983844976178875980e-03,-2.991808537839575274e-02,-2.057529824766753113e-02,-2.022830164690910537e-01,4.319743439647387162e-01,2.644172652429864212e-01,-1.584864166076911619e-03,4.951089888046963927e-01,1.867796123094363821e-03,-1.000186554082864443e-02,5.046729725402515632e-03,4.682001489880797673e-01,-2.774215688444084393e-01,1.746418746233533532e-03,4.904460411664448016e-01,-3.152567115422335101e-03,-1.277160047049268575e-02,-3.763240361186041306e-03
-4.215065114111209987e-01,6.806488683731757271e-03,6.856559283145248207e-01,4.588590006109261564e-03,-2.437942037651975868e-01,2.616466540048183534e-02,-9.694631201529687603e-01,-1.179891711332407445e+00,-3.293627635984825927e-03,8.646559682169008623e-03,9.109703500128863984e-01,-3.176762818084549189e-01,8.652197977056066622e-03,-1.205665937780709962e+00,4.939667240096625757e-03,-3.975973320830736984e-02,8.855880585550593986e-01,-4.158105183187100207e-01,-9.626186645735569300e-03,-2.962655396673408853e-02,-2.026393532212139581e-02,-2.014189579653163364e-01,4.318289329530484721e-01,2.644608011519271051e-01,-1.634248019691918272e-03,4.950148816039397492e-01,1.877129690798504287e-03,-1.005381409575560950e-02,5.038513391824511745e-03,4.678366316395042301e-01,-2.769620455210503596e-01,1.897146177977358057e-03,4.901532187136103946e-01,-3.134648182872265803e-03,-1.284573398715305702e-02,-3.762039512426813229e-03
-4.215850181140924358e-01,6.841819412371739906e-03,6.855798654070207609e-01,4.495722061013856900e-03,-2.441556000898163770e-01,2.563259828063557677e-02,-9.693868171856450111e-01,-1.180201540894434853e+00,-3.664210744195574299e-03,9.079468547067500936e-03,9.094665423036391028e-01,-3.159750504516941616e-01,8.726253554321418415e-03,-1.206981186268212269e+00,4.561121907345275749e-03,-3.918769207219429535e-02,8.857408495365631795e-01,-4.112609293206962446e-01,-9.247749890986086546e-03,-2.943855289247864285e-02,-1.990695266900294885e-02,-2.005239979036115838e-01,4.316145814033609529e-01,2.645430857913271261e-01,-1.656081261882904037e-03,4.948792278285040758e-01,1.883413841488339961e-03,-1.011700531727057970e-02,5.037457860186923819e-03,4.674852511102530750e-01,-2.764952892378824689e-01,2.055433407710108035e-03,4.898795479442212830e-01,-3.115750398687118072e-03,-1.291346637570467935e-02,-3.761678830997706047e-03
-4.216738779372232737e-01,6.884358182153262236e-03,6.855320730744672852e-01,4.362480709202689808e-03,-2.445402201688657573e-01,2.511796871821190755e-02,-9.693039446578638474e-01,-1.180522241657446125e+00,-4.079152896622519238e-03,9.603186755848459877e-03,9.079415210491071919e-01,-3.146826893599432573e-01,8.829795499927160091e-03,-1.208280664488786016e+00,4.100218728850039442e-03,-3.859059894761768944e-02,8.857685128846788380e-01,-4.068490890771555568e-01,-8.859953796131707707e-03,-2.932346472365777654e-02,-1.948511272756735593e-02,-1.995836994434125045e-01,4.313254347467639915e-01,2.646602101600085133e-01,-1.656088255986453393e-03,4.947028154605826455e-01,1.888073667112578598e-03,-1.018804035306484709e-02,5.040858004456533724e-03,4.671513817206884300e-01,-2.760285499869610804e-01,2.217791526752681611e-03,4.896173013966946264e-01,-3.096848514754761521e-03,-1.297608591786247011e-02,-3.761241201436222540e-03
-4.217720607814345324e-01,6.920006661148876345e-03,6.855070185855653975e-01,4.168683171665825936e-03,-2.449561006847610634e-01,2.460090926670366329e-02,-9.692130447332942822e-01,-1.180845952442812763e+00,-4.590849144203558094e-03,1.021325048579673628e-02,9.063582792909870012e-01,-3.138606707499141946e-01,8.968626988233066935e-03,-1.209613767349414948e+00,3.503151140776113778e-03,-3.797080878349554794e-02,8.856718351020576030e-01,-4.023144594680431174e-01,-8.447797756037369807e-03,-2.933321702589080163e-02,-1.904820742211491350e-02,-1.986161058248238354e-01,4.309869843155409996e-01,2.648213444676804640e-01,-1.628973060199233325e-03,4.944836080012154911e-01,1.888552614877253002e-03,-1.026805701481474722e-02,5.049190672161202841e-03,4.668256860273009567e-01,-2.755587643260123398e-01,2.391546361150570857e-03,4.893726502517782295e-01,-3.081064305483753856e-03,-1.302833211110463428e-02,-3.756904433416027173e-03
-4.218801305027418125e-01,6.949596255352481072e-03,6.855038593769450239e-01,3.931002449578229960e-03,-2.453966995758594394e-01,2.409279454723673580e-02,-9.691153410755198871e-01,-1.181163595491020013e+00,-5.154284969645172611e-03,1.089068234296747782e-02,9.047120352615377614e-01,-3.134279650360526914e-01,9.130307207775809411e-03,-1.210976687077488512e+00,2.822336048748487394e-03,-3.733888161113638887e-02,8.854978263299654317e-01,-3.978208569834694175e-01,-8.025426245787389140e-03,-2.942645132501253702e-02,-1.856605990651242002e-02,-1.976022780622870012e-01,4.305869289625806617e-01,2.650191510873917133e-01,-1.582275524190928468e-03,4.942281153861886600e-01,1.887253559239739998e-03,-1.035427751698895192e-02,5.060364324760150551e-03,4.665153685529916938e-01,-2.750947882818117751e-01,2.569264009988706833e-03,4.891365842571058775e-01,-3.067016839740589664e-03,-1.307420037987846832e-02,-3.750379784256762696e-03
-4.219954684822904145e-01,6.972062177755493709e-03,6.855231387974329849e-01,3.642259749460783486e-03,-2.458621834723564714e-01,2.359056462025019632e-02,-9.690108389192663152e-01,-1.181489822113088950e+00,-5.767396952280521953e-03,1.165944301098559115e-02,9.030511982990805375e-01,-3.135178382167701505e-01,9.341167840539312678e-03,-1.212373635925169335e+00,2.052211526266801370e-03,-3.667110640489021356e-02,8.852724316351092693e-01,-3.934281561642374858e-01,-7.561429339158234203e-03,-2.958589253017309892e-02,-1.807141319008204877e-02,-1.965702235442115808e-01,4.301306094742410324e-01,2.652503170826373546e-01,-1.509821200438582565e-03,4.939514380909896252e-01,1.882965439962151679e-03,-1.044488667981080705e-02,5.074818516987406915e-03,4.662109567719763259e-01,-2.746334968541684352e-01,2.757290483843179846e-03,4.889218273500819945e-01,-3.062151493550149903e-03,-1.311390557092476962e-02,-3.741485062148184292e-03
-4.221184073267857939e-01,6.988356368213948303e-03,6.855640450388952312e-01,3.318436303631548418e-03,-2.463470255377927520e-01,2.310153207551851259e-02,-9.689006400064685831e-01,-1.181810331541911729e+00,-6.396849338475909218e-03,1.249644281156464531e-02,9.013531947244178832e-01,-3.140161823833823029e-01,9.584382941488747004e-03,-1.213792239963262798e+00,1.233878900650358431e-03,-3.598273265237234009e-02,8.850105283349312124e-01,-3.892161958042363867e-01,-7.074593377609703602e-03,-2.978206273008579194e-02,-1.753228385532262443e-02,-1.955038860065208550e-01,4.296113700616180919e-01,2.655063171390448784e-01,-1.418662839281153477e-03,4.936558659347316524e-01,1.877587591528787113e-03,-1.053783106079308855e-02,5.091532087575466152e-03,4.659176839216111476e-01,-2.741852284211097057e-01,2.949093141390925297e-03,4.887185934595210113e-01,-3.061476161752438307e-03,-1.314904824234007334e-02,-3.730951056587531248e-03
-4.222471297964207615e-01,6.995605603433614067e-03,6.856250794358230705e-01,2.947487611737651791e-03,-2.468542600209340798e-01,2.262025986996660243e-02,-9.687840886749278235e-01,-1.182136594666775453e+00,-7.051899785604636393e-03,1.342588061511998561e-02,8.996444299022512414e-01,-3.150168386126337983e-01,9.852969791726388926e-03,-1.215226445447699088e+00,3.251657167069695780e-04,-3.528210244766654541e-02,8.846585765864232176e-01,-3.849997797115119469e-01,-6.593821655641335204e-03,-3.005043994821101835e-02,-1.697904256366642578e-02,-1.944288473770414416e-01,4.290415014736932986e-01,2.657907777379971415e-01,-1.306670029064091422e-03,4.933412946361943052e-01,1.867973363176145827e-03,-1.064205307966979534e-02,5.110050871620072654e-03,4.656209668020033776e-01,-2.737355148641222313e-01,3.137719992184047780e-03,4.885327514846057317e-01,-3.058694313851891347e-03,-1.318273200789647596e-02,-3.725701487377774523e-03
-4.223820222957105353e-01,6.994771461736686534e-03,6.857052976757147533e-01,2.544147965106398086e-03,-2.473784361049578551e-01,2.215448340648154546e-02,-9.686622814615981625e-01,-1.182453041394224913e+00,-7.702941779646798985e-03,1.442558562008446239e-02,8.978993791870975016e-01,-3.163983333090263916e-01,1.013407111397490561e-02,-1.216671588294766515e+00,-6.318623590188121456e-04,-3.457920430470134282e-02,8.842501468570495016e-01,-3.808964084361224911e-01,-6.127348105910683344e-03,-3.036008171579294979e-02,-1.638283024799984736e-02,-1.933290650787307385e-01,4.284137757652432543e-01,2.660958973083812351e-01,-1.181111519879259964e-03,4.930083926958452323e-01,1.856930660454455140e-03,-1.075190231920429562e-02,5.129718259150863220e-03,4.653275767751450243e-01,-2.732956950451577716e-01,3.319172938974184004e-03,4.883530324607982531e-01,-3.054542341649466464e-03,-1.321503130524736766e-02,-3.723429984422262345e-03
-4.225224477879341856e-01,6.983540505664493671e-03,6.858057621991363595e-01,2.098305414529399917e-03,-2.479277214907135984e-01,2.169985202924029632e-02,-9.685331994581904969e-01,-1.182767383230376446e+00,-8.369556069601503598e-03,1.550455222584768908e-02,8.961071040953486611e-01,-3.181986129514728368e-01,1.041076660119398187e-02,-1.218129616878168342e+00,-1.664059265597593248e-03,-3.386951906286276431e-02,8.837354633191200071e-01,-3.767802684945034675e-01,-5.657738253015440894e-03,-3.072974636056684250e-02,-1.577419517051993278e-02,-1.922237509304214054e-01,4.277423189068852438e-01,2.664203467338874809e-01,-1.038954233578199236e-03,4.926678836612781165e-01,1.845231018919447734e-03,-1.086298149307997341e-02,5.153279725629933937e-03,4.650262003528394250e-01,-2.728587020702807342e-01,3.495026786121278352e-03,4.881911635494067814e-01,-3.047956380985286824e-03,-1.324163817450408655e-02,-3.720606493352934460e-03
-4.226689100392111986e-01,6.962883810093647985e-03,6.859252911092350580e-01,1.624216588360207934e-03,-2.484962048859065686e-01,2.126348596705281147e-02,-9.683980907882377975e-01,-1.183067679320299881e+00,-9.024376850754797091e-03,1.664137274884202808e-02,8.942528053898538554e-01,-3.203175999571717947e-01,1.067654563245266745e-02,-1.219597789424275325e+00,-2.731480163543985318e-03,-3.316313432933269689e-02,8.831537455197097097e-01,-3.727759187834633892e-01,-5.195201040520198293e-03,-3.113001448517487696e-02,-1.512497141324538677e-02,-1.910953373720497006e-01,4.270209910338297887e-01,2.667568629892722587e-01,-8.874443931188669230e-04,4.923178636656703189e-01,1.833832112467106458e-03,-1.097319741003594841e-02,5.178778390666907878e-03,4.647241203217464256e-01,-2.724363115501226007e-01,3.662125814977126598e-03,4.880340829909014522e-01,-3.039979676682112199e-03,-1.326465671844067815e-02,-3.717854479645157396e-03
-4.228167500258491751e-01,6.940512402183222733e-03,6.860622070053336019e-01,1.116822822513813956e-03,-2.490749626917950765e-01,2.084113409345892190e-02,-9.682592952285881127e-01,-1.183383383745912676e+00,-9.688180446848647723e-03,1.786107135782743008e-02,8.924557325976455457e-01,-3.229357893559040016e-01,1.097563082849904031e-02,-1.221054848881932164e+00,-3.880531296380837838e-03,-3.246335324860687849e-02,8.825376396469247764e-01,-3.689864797714430544e-01,-4.747763504852577608e-03,-3.156135211372285143e-02,-1.444943507229199016e-02,-1.899851397815818799e-01,4.262468218519324115e-01,2.670956931354788733e-01,-7.265612243876329573e-04,4.919633743320637187e-01,1.824471598746823641e-03,-1.109291448287445803e-02,5.208503958337462082e-03,4.644135430914270724e-01,-2.720248134169090393e-01,3.822762337987839921e-03,4.878800936063853455e-01,-3.034061866974366219e-03,-1.329555183546721198e-02,-3.718666853470700175e-03
-4.229661573356775506e-01,6.916929364340466263e-03,6.862155243494681978e-01,5.876743783210550912e-04,-2.496596291268124157e-01,2.044066331955856838e-02,-9.681177115961383528e-01,-1.183690982041833761e+00,-1.033613380225194625e-02,1.914471164794332575e-02,8.906703337768244744e-01,-3.258970905686635056e-01,1.129285181160207506e-02,-1.222491424936033244e+00,-5.070339756763421989e-03,-3.177374967453073379e-02,8.818914402272202135e-01,-3.654455527899014844e-01,-4.320335695417996426e-03,-3.199813380600894513e-02,-1.372662267301349645e-02,-1.888803519482221416e-01,4.254189129548208714e-01,2.674319975065693189e-01,-5.614610679059194639e-04,4.915992734381052776e-01,1.816478594393171461e-03,-1.121636758027720962e-02,5.240171780193304124e-03,4.640983891956349527e-01,-2.716332808624144501e-01,3.975278809432657677e-03,4.877209121382495849e-01,-3.028954794046175101e-03,-1.333104139051408295e-02,-3.721207936082593631e-03
-4.231145870743800996e-01,6.898643359068259810e-03,6.863854155690293224e-01,3.179000176039319456e-05,-2.502484557649584662e-01,2.005512915465481813e-02,-9.679739155427894426e-01,-1.184027350319511118e+00,-1.102120530218002152e-02,2.047678928344973809e-02,8.889994960114959710e-01,-3.293966977778094996e-01,1.158031500441513741e-02,-1.223875693739310933e+00,-6.345354398894938880e-03,-3.109394370111304845e-02,8.811654897330852831e-01,-3.620818575051047983e-01,-3.878099430898819533e-03,-3.247380428215894399e-02,-1.296847457145788168e-02,-1.878099300410147054e-01,4.245431335380475679e-01,2.677564561461182047e-01,-3.927337160967137551e-04,4.912373114970441934e-01,1.802665149595969246e-03,-1.133285920240063860e-02,5.271903476289998419e-03,4.637669252684061272e-01,-2.712560141939614478e-01,4.119063920676551555e-03,4.875672465730242489e-01,-3.029037210777602452e-03,-1.336093626556823094e-02,-3.728520339350455647e-03
-4.232621601449654825e-01,6.885613523470232936e-03,6.865707175386126515e-01,-5.427949376245046025e-04,-2.508376176748801645e-01,1.969573747050045592e-02,-9.678286381681102668e-01,-1.184360041151181653e+00,-1.171240620757750886e-02,2.185083053833254685e-02,8.873771899295098686e-01,-3.332389163198230531e-01,1.183794350375120576e-02,-1.225206684597872187e+00,-7.661930543916447428e-03,-3.042055905646589425e-02,8.803747246137376692e-01,-3.589409204657648678e-01,-3.431735342753615848e-03,-3.295866664824990272e-02,-1.216507382426212924e-02,-1.867628929858201059e-01,4.236211179420767969e-01,2.680688604082297477e-01,-2.253395064557502678e-04,4.908701013873832952e-01,1.786650539621729332e-03,-1.144384263393202414e-02,5.303157485755253045e-03,4.634241691645604733e-01,-2.708985331640194616e-01,4.253534925554965790e-03,4.874117492417912034e-01,-3.031188941477207157e-03,-1.338797524992036032e-02,-3.738049406259298137e-03
-4.234069892802187485e-01,6.874277829007173490e-03,6.867698767676573279e-01,-1.140799118468551008e-03,-2.514272563046768827e-01,1.935361396486789953e-02,-9.676820092318405564e-01,-1.184688962256926992e+00,-1.242804947212651848e-02,2.326972530433693218e-02,8.858104634264275523e-01,-3.374604780014064942e-01,1.210621858147884963e-02,-1.226485067953988928e+00,-9.042381016495152843e-03,-2.975878643647008465e-02,8.795129123319674891e-01,-3.559464379436922399e-01,-2.966248409810603309e-03,-3.347195040273732297e-02,-1.134631868823378353e-02,-1.857580232846939017e-01,4.226698699655271896e-01,2.683663549027519579e-01,-6.027606915085916895e-05,4.904979489875466170e-01,1.771723484567937429e-03,-1.155455635468957340e-02,5.334589479859233770e-03,4.630607495655287842e-01,-2.705567753431786793e-01,4.378171924292843797e-03,4.872588180281465786e-01,-3.030122811246434289e-03,-1.341385791699961812e-02,-3.747200338856892642e-03
-4.235492496921219874e-01,6.864763047180422184e-03,6.869815936397535294e-01,-1.753278344510668298e-03,-2.520142249779601662e-01,1.903830464621148952e-02,-9.675346502218937772e-01,-1.184992755486700577e+00,-1.314000671026183988e-02,2.472265938485295259e-02,8.842544228942171847e-01,-3.419080972939810281e-01,1.237620029042068096e-02,-1.227711020551745191e+00,-1.044598403251096805e-02,-2.910835650319328755e-02,8.785963823309695941e-01,-3.531467769845134663e-01,-2.493876741282881337e-03,-3.398614271121676994e-02,-1.049864283863246976e-02,-1.847855022753959464e-01,4.216897672955803311e-01,2.686474795099218493e-01,9.798624865697507630e-05,4.901153829012814822e-01,1.757907378471518407e-03,-1.166433698579635685e-02,5.365225888722484002e-03,4.626830282138804096e-01,-2.702375321373589045e-01,4.492499090006055185e-03,4.870991697645057350e-01,-3.027215150433706058e-03,-1.343990826931461963e-02,-3.756067283083211038e-03
-4.236888802122902864e-01,6.852359140101815273e-03,6.872029451199860306e-01,-2.374501884297453621e-03,-2.526045750199441553e-01,1.873998226376559842e-02,-9.673851887870458244e-01,-1.185294518289477406e+00,-1.386312347882972217e-02,2.617612185680051953e-02,8.827200724009330868e-01,-3.465982621932504060e-01,1.262585615208872657e-02,-1.228892058697511169e+00,-1.186640118251405286e-02,-2.847910873512520674e-02,8.776032947602988576e-01,-3.504471264580925061e-01,-1.991082813969406121e-03,-3.451490286749860775e-02,-9.635781084050209014e-03,-1.838553422711435015e-01,4.206992132184942945e-01,2.689074759253011204e-01,2.509054031022172390e-04,4.897249818910505148e-01,1.740928406531902853e-03,-1.177019170614928417e-02,5.396503338561182105e-03,4.622861100953831182e-01,-2.699407461873404857e-01,4.595893492283465061e-03,4.869358178401744230e-01,-3.022209540879680547e-03,-1.346409080953685049e-02,-3.762526452549014733e-03
-4.238262741585535065e-01,6.837153326357290478e-03,6.874327063464588106e-01,-2.998007136873814382e-03,-2.531943325654688048e-01,1.846647252662367636e-02,-9.672345275590388258e-01,-1.185576716357121363e+00,-1.457434943334757170e-02,2.762417481213597439e-02,8.811768838545971372e-01,-3.514133496923683708e-01,1.285404962333046471e-02,-1.230030174961574740e+00,-1.327287293696526559e-02,-2.787084132614112142e-02,8.765580778921734373e-01,-3.479065974522677629e-01,-1.473438555014430773e-03,-3.503549426429398983e-02,-8.748798498791530986e-03,-1.829551912624732546e-01,4.196968926162105151e-01,2.691459729031740467e-01,3.944909715393173110e-04,4.893231904311159952e-01,1.723128689435409356e-03,-1.187366349940113634e-02,5.427070202658154999e-03,4.618748818224620023e-01,-2.696716557359969957e-01,4.687893914551473883e-03,4.867611339763026623e-01,-3.016088122486368806e-03,-1.348875790439475059e-02,-3.767917191345083409e-03
-4.239609949103807507e-01,6.812777790381281152e-03,6.876690991892455695e-01,-3.611686450413192657e-03,-2.537886074568332373e-01,1.821585126806176541e-02,-9.670814242909873126e-01,-1.185855797356162311e+00,-1.526853884622661472e-02,2.902466588978213149e-02,8.796334183300836829e-01,-3.563642368273690630e-01,1.308536256724541873e-02,-1.231137011737810427e+00,-1.462724592504105643e-02,-2.729756272723384350e-02,8.754613964190597342e-01,-3.455009172090582337e-01,-9.490164278006816070e-04,-3.554149161099737220e-02,-7.839914194729241323e-03,-1.820944520555819734e-01,4.186990889196745003e-01,2.693585014985969694e-01,5.284198544894929675e-04,4.889121114729880202e-01,1.705848052052664522e-03,-1.197809483269890625e-02,5.458353916005046109e-03,4.614465266270653676e-01,-2.694313896033573852e-01,4.767752213827897330e-03,4.865791885579624498e-01,-3.008906491708880637e-03,-1.351476398011953323e-02,-3.772112683525858517e-03
-4.240935393800976394e-01,6.779291756652947552e-03,6.879110172657398881e-01,-4.212721437147953253e-03,-2.543830880322294208e-01,1.799211294456119423e-02,-9.669269783044992517e-01,-1.186117163902243199e+00,-1.593375144978814370e-02,3.037522503071063765e-02,8.780687983624362314e-01,-3.613641971670263353e-01,1.331468799226712997e-02,-1.232212806195610133e+00,-1.591595017794973296e-02,-2.675909535525948513e-02,8.743336477090101200e-01,-3.432702408873499200e-01,-4.289222506334645956e-04,-3.602066381261947309e-02,-6.906017770359198713e-03,-1.812599130923487900e-01,4.177040717066276554e-01,2.695454652684807217e-01,6.500914409757697823e-04,4.884889348392049691e-01,1.689458004726547514e-03,-1.208323891686909589e-02,5.488785874704108989e-03,4.610039277010152814e-01,-2.692236026260086956e-01,4.835353219113260222e-03,4.863840138138234015e-01,-3.001246848799407445e-03,-1.354325415187339170e-02,-3.775992214790182318e-03
-4.242223093867488193e-01,6.730638188842177731e-03,6.881542967221437879e-01,-4.789901714717854399e-03,-2.549763691149178890e-01,1.779139077379498016e-02,-9.667717282010629409e-01,-1.186367762753071986e+00,-1.657918355756169901e-02,3.162648607499515818e-02,8.764966642385741968e-01,-3.663960341355385619e-01,1.357265514767303297e-02,-1.233268108534097740e+00,-1.711013777221482429e-02,-2.626829339163734914e-02,8.732057693292022416e-01,-3.412140729612052614e-01,1.004294005157509596e-04,-3.646134628223341584e-02,-5.950768027299947402e-03,-1.804627081215884610e-01,4.167257670099713818e-01,2.697018779033240055e-01,7.618503644791459802e-04,4.880513297403755724e-01,1.669427075022117011e-03,-1.219145328953395724e-02,5.520229889765130259e-03,4.605435325253235401e-01,-2.690510202334062684e-01,4.889643894608337003e-03,4.861736860454742293e-01,-2.994513319174429804e-03,-1.357666890974989181e-02,-3.779910945131366440e-03
-4.243477830293025943e-01,6.666723358486660762e-03,6.883980957957425151e-01,-5.343143787612926986e-03,-2.555648531404675072e-01,1.761547342668013522e-02,-9.666166519100058974e-01,-1.186597562574510434e+00,-1.719727010265263006e-02,3.278085936668179157e-02,8.749055736054525134e-01,-3.714023041678036208e-01,1.384932462322280289e-02,-1.234300417719763177e+00,-1.820762371167527691e-02,-2.582559413712794127e-02,8.720869412660774422e-01,-3.393439194716612595e-01,6.268368060514704432e-04,-3.685866791758587308e-02,-4.975923697252688030e-03,-1.796916486233681443e-01,4.157623245246813148e-01,2.698293127897463672e-01,8.617895071235926428e-04,4.875992419708695680e-01,1.648400937078641632e-03,-1.230215315291203863e-02,5.551031937260688005e-03,4.600659325662355137e-01,-2.689152237136673285e-01,4.931004263064716828e-03,4.859458419306124655e-01,-2.988304005768784976e-03,-1.361497068961123325e-02,-3.784170424358754628e-03
-4.244673860977201119e-01,6.586599774467898939e-03,6.886395317976035102e-01,-5.857323971365812655e-03,-2.561340550012279338e-01,1.746188247196267876e-02,-9.664657884710958768e-01,-1.186820928543624865e+00,-1.779335855809571418e-02,3.378996271246850064e-02,8.733979307769978995e-01,-3.765067969553973493e-01,1.414673289673751624e-02,-1.235292640074148407e+00,-1.917468243518251000e-02,-2.544175911774926649e-02,8.710412934051060541e-01,-3.377868916824497969e-01,1.137714528743139723e-03,-3.719833281896065685e-02,-3.969835643605911304e-03,-1.789487636799313441e-01,4.148199695165294965e-01,2.699265044064693142e-01,9.488957418354981421e-04,4.871351381993804797e-01,1.631376695233454710e-03,-1.242001113452067748e-02,5.582647782498082432e-03,4.595661740013352037e-01,-2.688152724401435267e-01,4.957780681684089558e-03,4.857053958439941921e-01,-2.983450259768994414e-03,-1.366133304619499694e-02,-3.791888233072385379e-03
-4.245810299716719638e-01,6.489816004878537492e-03,6.888780128904841149e-01,-6.337213252466977406e-03,-2.566839121953467528e-01,1.733117228379681130e-02,-9.663192223150447457e-01,-1.187022627846105571e+00,-1.836482533570568676e-02,3.466610630987762565e-02,8.719354740884341926e-01,-3.816107123677183188e-01,1.445762839196855845e-02,-1.236241193641586911e+00,-2.002097155971384324e-02,-2.511308973487400703e-02,8.700511986960143274e-01,-3.364871018363345678e-01,1.626498085629408171e-03,-3.748254553747456391e-02,-2.944448885686612276e-03,-1.782339338926305916e-01,4.139003786979227328e-01,2.699970848125937684e-01,1.023096509017411802e-03,4.866598938405423680e-01,1.616797776781762940e-03,-1.254237596383224983e-02,5.613360268871365674e-03,4.590452712491044363e-01,-2.687495918218825719e-01,4.971854821941435430e-03,4.854530718801271516e-01,-2.979371080539588643e-03,-1.371357140370005855e-02,-3.801485397001269379e-03
-4.246871861942823623e-01,6.373068796289509987e-03,6.891105148226575050e-01,-6.769840939968836332e-03,-2.572143735301715695e-01,1.721926339862194649e-02,-9.661772261190680888e-01,-1.187216996050094231e+00,-1.892489151648254694e-02,3.535421157381187646e-02,8.705357292516974210e-01,-3.866825135611944853e-01,1.477862044881551179e-02,-1.237137700922954719e+00,-2.070871534724330609e-02,-2.484190374904270138e-02,8.691052503870630996e-01,-3.353969022837716696e-01,2.117076569809148937e-03,-3.771324428443104115e-02,-1.893549101595780413e-03,-1.775616971368860209e-01,4.130140331431843559e-01,2.700400796796154634e-01,1.086615471244129416e-03,4.861794225418822890e-01,1.601763701676651433e-03,-1.266305207180686704e-02,5.643053430304523221e-03,4.584961668821513348e-01,-2.687170783182878386e-01,4.972333963413309854e-03,4.851989454665132651e-01,-2.974670331646912195e-03,-1.376541276026006962e-02,-3.810217085268109705e-03
-4.247860109048646193e-01,6.235731657665413014e-03,6.893365321044381266e-01,-7.163172844934317593e-03,-2.577249699956480899e-01,1.712604224360663591e-02,-9.660399719849098732e-01,-1.187392219463250687e+00,-1.947193743142867223e-02,3.587534237040283097e-02,8.691740430838256204e-01,-3.916626278165994401e-01,1.510575712584436882e-02,-1.237984549282110436e+00,-2.125735059407993927e-02,-2.462414161427580947e-02,8.682001667321627147e-01,-3.344838767995590434e-01,2.598996492409419348e-03,-3.789506433705425864e-02,-8.361734017193181347e-04,-1.769302609124375480e-01,4.121609765161967087e-01,2.700612718863470429e-01,1.139110169019237877e-03,4.856949224403565024e-01,1.586978633281059710e-03,-1.278272619770121944e-02,5.670938338083176405e-03,4.579205551806889152e-01,-2.687136170474732633e-01,4.961098318767144348e-03,4.849422783292132721e-01,-2.969864880031117434e-03,-1.381760729195987379e-02,-3.818775806413056070e-03
-4.248761469398750767e-01,6.076590497779231666e-03,6.895543141270411569e-01,-7.505027322470509549e-03,-2.582084911018967532e-01,1.704996550307930764e-02,-9.659095963723074441e-01,-1.187563014797445415e+00,-2.000892579998634138e-02,3.618839984528334636e-02,8.679170091004886345e-01,-3.966269031446094107e-01,1.544643131645074934e-02,-1.238773319683190266e+00,-2.163686084296337700e-02,-2.446534260340062911e-02,8.673739845979545615e-01,-3.338295884306932693e-01,3.070878500763183933e-03,-3.802310479955992722e-02,2.380750924382503322e-04,-1.763435753112774507e-01,4.113448596755568398e-01,2.700599156949540225e-01,1.180827654987609034e-03,4.852089201920547490e-01,1.576579032228759636e-03,-1.291158747004169521e-02,5.699176206817920670e-03,4.573084007673282048e-01,-2.687386940952872783e-01,4.939123868972526005e-03,4.846875358028463476e-01,-2.965378456485015871e-03,-1.387900769612269124e-02,-3.825412831074522825e-03
-4.249575262039469448e-01,5.894858476499659390e-03,6.897635460195304935e-01,-7.806008860603720796e-03,-2.586659421553571536e-01,1.699014929557285739e-02,-9.657858620944206329e-01,-1.187715048164566856e+00,-2.053647201113677212e-02,3.632065512948352837e-02,8.667282738675364806e-01,-4.015008389155856339e-01,1.579656895988559503e-02,-1.239505564138530858e+00,-2.187383912183504808e-02,-2.435996457366897128e-02,8.666106084330021941e-01,-3.333688783962525659e-01,3.525171204579834097e-03,-3.810488722114972748e-02,1.304761780394577938e-03,-1.758044259471885917e-01,4.105660887403071446e-01,2.700428230924143413e-01,1.212156996155664725e-03,4.847224094299298902e-01,1.568516455807458018e-03,-1.304477397347912279e-02,5.726193539577484337e-03,4.566628265433519407e-01,-2.687860621319821952e-01,4.908183599034328208e-03,4.844331771856761892e-01,-2.961298779057413427e-03,-1.394540948283643986e-02,-3.831384811707790571e-03
-4.250283152175282630e-01,5.692558145003915465e-03,6.899628111169534561e-01,-8.054125024543142344e-03,-2.590928797875717282e-01,1.694197146279089253e-02,-9.656702233767101573e-01,-1.187869028419877404e+00,-2.106141840759681930e-02,3.624072625209247278e-02,8.656631047496046172e-01,-4.063117238404219123e-01,1.618257197586333435e-02,-1.240164049235747301e+00,-2.194275798173056860e-02,-2.430301298096886400e-02,8.659237307884011248e-01,-3.331635477187394612e-01,3.980694673667889601e-03,-3.813341312171669717e-02,2.374664279339827599e-03,-1.753262843224549783e-01,4.098243668786976657e-01,2.700057119739135980e-01,1.239625309175732817e-03,4.842504946223313844e-01,1.558652585532051445e-03,-1.316827175204370037e-02,5.753692447032863339e-03,4.559815854050234818e-01,-2.688545047884394190e-01,4.866429679933274854e-03,4.841968905775166920e-01,-2.959053663368490465e-03,-1.400136269188784893e-02,-3.838480898283203480e-03
-4.250884823228514575e-01,5.468717773908082259e-03,6.901518987597915489e-01,-8.261938569912748859e-03,-2.594906048811553290e-01,1.690432294676747979e-02,-9.655623284983677612e-01,-1.188009454803898857e+00,-2.158490866307618064e-02,3.598060688024455611e-02,8.646837594993344034e-01,-4.109920191461878258e-01,1.659543173859481455e-02,-1.240751802900093459e+00,-2.187512188625649959e-02,-2.428874283094041228e-02,8.652953926591048228e-01,-3.331373240291110593e-01,4.427555435254727778e-03,-3.811830787211308719e-02,3.419014168236774939e-03,-1.749123952574876684e-01,4.091213934951580256e-01,2.699572254628220813e-01,1.262663176559208900e-03,4.837928802653751470e-01,1.548133448058431434e-03,-1.328452744177544866e-02,5.780405289775770832e-03,4.552685849628365644e-01,-2.689364267181112433e-01,4.816369778276663634e-03,4.839761323468653731e-01,-2.957856468361312434e-03,-1.405021506960100683e-02,-3.846544781457688841e-03
-4.251335888464123358e-01,5.233253166722280289e-03,6.903298719745544210e-01,-8.426333572376870987e-03,-2.598393212868470026e-01,1.686266763655361670e-02,-9.654678526268474226e-01,-1.188172353654061819e+00,-2.215548843116313046e-02,3.552269862082046287e-02,8.639909379411223611e-01,-4.158928671158692580e-01,1.703693627009848083e-02,-1.241236414170338254e+00,-2.169391786112076156e-02,-2.430029917902859146e-02,8.648066710325186257e-01,-3.334930970154219576e-01,4.876149908376674856e-03,-3.807664314488572177e-02,4.461616962163348840e-03,-1.745845590637585543e-01,4.084458114665435180e-01,2.698914367507223022e-01,1.286844038382066284e-03,4.833614147090605218e-01,1.537771787950886022e-03,-1.339235242822816793e-02,5.815528315841533846e-03,4.545146414245762601e-01,-2.690317173908514659e-01,4.758359839258994965e-03,4.837810350229621026e-01,-2.960103744153719067e-03,-1.409237297881512675e-02,-3.853123309789610162e-03
-4.251630372140403069e-01,4.984727401192210090e-03,6.904968857430399121e-01,-8.560628886767143036e-03,-2.601432531762716827e-01,1.682033789353944847e-02,-9.653855601225219685e-01,-1.188324120362761471e+00,-2.276214212577933396e-02,3.490747018688900721e-02,8.634865202932845429e-01,-4.208166064229344472e-01,1.749928158807849757e-02,-1.241616789404499821e+00,-2.142106728087268819e-02,-2.432830521332816215e-02,8.644090501695971263e-01,-3.340910004966399782e-01,5.314849192389937277e-03,-3.800952168831128047e-02,5.468639365570307498e-03,-1.743545350006854844e-01,4.078018171045159623e-01,2.698194940908512640e-01,1.311082043540348066e-03,4.829546255708313529e-01,1.527652942684601606e-03,-1.349289835268847361e-02,5.853752328551449328e-03,4.537265266569634470e-01,-2.691295964735411217e-01,4.695193283158140447e-03,4.836096161453105058e-01,-2.964052316596346801e-03,-1.412919480269088889e-02,-3.859325573721829414e-03
-4.251764323958656111e-01,4.718487436946738715e-03,6.906494250177312999e-01,-8.642788490947302116e-03,-2.603928881496530567e-01,1.679049506441455952e-02,-9.653180435916828284e-01,-1.188442991125033599e+00,-2.332838285288117361e-02,3.411767802600899208e-02,8.631408851699746698e-01,-4.255647942843381326e-01,1.799750059470205804e-02,-1.241878244378829876e+00,-2.097761627364093384e-02,-2.438541817161142544e-02,8.641205387605652710e-01,-3.349523423758156704e-01,5.745237929740807173e-03,-3.787195991712855730e-02,6.455954936257416940e-03,-1.742073513574919075e-01,4.071914727448102123e-01,2.697407400087983298e-01,1.333813720633738546e-03,4.825710055218518924e-01,1.516696986406900058e-03,-1.358979766952564221e-02,5.889940491952938215e-03,4.529031079944250138e-01,-2.692330180542216733e-01,4.628809550412565574e-03,4.834640829772335890e-01,-2.967841401009631459e-03,-1.416327123197308295e-02,-3.864631449791928845e-03
-4.251732014580492658e-01,4.433574489187917626e-03,6.907874822363773148e-01,-8.687930197948114455e-03,-2.605944004665663449e-01,1.676838787024142324e-02,-9.652636424742095933e-01,-1.188519948760934586e+00,-2.386694417273739835e-02,3.318686833389913188e-02,8.629106445777213752e-01,-4.300809194739285690e-01,1.852121003051332773e-02,-1.242029424342849353e+00,-2.040762592852316676e-02,-2.446708392493152084e-02,8.639089173275739109e-01,-3.359615906272310215e-01,6.157693305161198935e-03,-3.768325618651478803e-02,7.392641593321283740e-03,-1.741595843041580660e-01,4.066209827509308372e-01,2.696631568842329796e-01,1.355175069731164982e-03,4.822089197123875515e-01,1.505616663249489387e-03,-1.368263898686842596e-02,5.923822113526934843e-03,4.520515456719808034e-01,-2.693340113198631203e-01,4.562033622006864478e-03,4.833397229468409662e-01,-2.971597063834811869e-03,-1.419398181686618021e-02,-3.869542907131250879e-03
-4.251527708585162713e-01,4.131280401914637183e-03,6.909112619176315251e-01,-8.693908727081412630e-03,-2.607449358869210476e-01,1.675002112447480582e-02,-9.652232545648180562e-01,-1.188560841022268555e+00,-2.437285089462493115e-02,3.211988579223563206e-02,8.628263317598795501e-01,-4.344110337814738321e-01,1.907605721157043868e-02,-1.242065775743388834e+00,-1.970826643812671058e-02,-2.456748338748708169e-02,8.637906540832651636e-01,-3.371597210312705650e-01,6.542642040817905902e-03,-3.744547841578642344e-02,8.284182223506110498e-03,-1.742132189800990050e-01,4.060917308687357341e-01,2.695850394414866513e-01,1.377643151864061700e-03,4.818753979313373792e-01,1.495818940373550834e-03,-1.376859900721182778e-02,5.956883225613922132e-03,4.511685486061981498e-01,-2.694328383241722524e-01,4.494637844933483534e-03,4.832476170213895750e-01,-2.977226471287407021e-03,-1.421678263675268429e-02,-3.875254663548136427e-03
-4.251146998203291227e-01,3.810826116219805278e-03,6.910208788548894976e-01,-8.673939719547850424e-03,-2.608502191255526736e-01,1.673114781088756720e-02,-9.651953142472369240e-01,-1.188557864002931508e+00,-2.485671167831969910e-02,3.094717941017823340e-02,8.628484172049695200e-01,-4.385062559590812148e-01,1.965126330376423466e-02,-1.241996172131887288e+00,-1.891888663986426161e-02,-2.468320659919961621e-02,8.637385682611694593e-01,-3.384464003010537181e-01,6.895429945185257981e-03,-3.717444112677510681e-02,9.104059867222690644e-03,-1.743826269469677392e-01,4.056079177769186250e-01,2.695131277769620692e-01,1.400546023580042558e-03,4.815692506396717643e-01,1.486876431197962792e-03,-1.384818726996420515e-02,5.988352384211415025e-03,4.502628542032502956e-01,-2.695224684116064306e-01,4.428213745074148500e-03,4.831805136511830301e-01,-2.983653070948094795e-03,-1.423313064543731826e-02,-3.881498580096559049e-03
-4.250613511184275772e-01,3.476855052756047844e-03,6.911187837534165102e-01,-8.620754560440381173e-03,-2.609151467742508723e-01,1.671347321782039666e-02,-9.651785475172852680e-01,-1.188525609259299953e+00,-2.530949466483249644e-02,2.966241457284551214e-02,8.629671933932024919e-01,-4.423141288672028382e-01,2.023846401774233653e-02,-1.241811872761466207e+00,-1.802573471767175695e-02,-2.481088524873412138e-02,8.637230747607949066e-01,-3.398481830882609245e-01,7.222786702717839784e-03,-3.685513726133429757e-02,9.868074982872855269e-03,-1.746513538190129777e-01,4.051694420423549992e-01,2.694446306024208537e-01,1.421501982761334696e-03,4.813072074100413489e-01,1.482419781706751640e-03,-1.391383902648286874e-02,6.016619647676047303e-03,4.493402505103645805e-01,-2.696078119035404397e-01,4.359894240995253710e-03,4.831498806076712227e-01,-2.986811154641752335e-03,-1.423760533929117368e-02,-3.884888675461721248e-03
-4.249924946381538060e-01,3.128573196449889286e-03,6.912049723667631485e-01,-8.547381846619846874e-03,-2.609442350253280418e-01,1.669276812249599617e-02,-9.651716945512972545e-01,-1.188460076782109187e+00,-2.574219407427293452e-02,2.829588204185393141e-02,8.631613816397475381e-01,-4.458315090281006476e-01,2.083028389477457193e-02,-1.241525714890302279e+00,-1.706711358444060536e-02,-2.494690209592045904e-02,8.637319906401058622e-01,-3.412931712709662002e-01,7.521597407474699473e-03,-3.650453939836634243e-02,1.055006548335690048e-02,-1.750302125887732985e-01,4.047822035134251428e-01,2.693859103294091173e-01,1.441474374332962077e-03,4.810836453573195670e-01,1.480115155770048716e-03,-1.396827350418613882e-02,6.042175468699756413e-03,4.484083109204675677e-01,-2.696823891057854028e-01,4.292456097417234051e-03,4.831468897201644519e-01,-2.988462805582930981e-03,-1.423319802691962177e-02,-3.887053451065952073e-03
-4.249109550491014242e-01,2.771615497546051077e-03,6.912849467601475117e-01,-8.449819876525101539e-03,-2.609405189201564612e-01,1.667144235983183606e-02,-9.651739268853962717e-01,-1.188370086545450510e+00,-2.613937185471669478e-02,2.685882587156255760e-02,8.634340285735216947e-01,-4.490821550245885363e-01,2.141869989186083456e-02,-1.241126048141787175e+00,-1.603850396310595519e-02,-2.508603489392819547e-02,8.637473233076136125e-01,-3.428649601609383146e-01,7.793834947019274983e-03,-3.610475346574608391e-02,1.116219493409561017e-02,-1.754971169638827322e-01,4.044393592384498137e-01,2.693300959724112542e-01,1.464171181800953203e-03,4.809064751115816883e-01,1.477549146354599973e-03,-1.401184729773329897e-02,6.067969668036779854e-03,4.474668994799798072e-01,-2.697496271944474500e-01,4.221815799364964268e-03,4.831768908034611565e-01,-2.987647275271810079e-03,-1.422064888378096227e-02,-3.887887359462868786e-03
-4.248164097571435760e-01,2.405241397989549539e-03,6.913584760681927843e-01,-8.339933025476760353e-03,-2.609084452048678338e-01,1.664509507850611691e-02,-9.651840081288832751e-01,-1.188252536361731337e+00,-2.651315098599223152e-02,2.537816549712762840e-02,8.637657356414953913e-01,-4.520688328630049213e-01,2.199897412785990422e-02,-1.240626646024635349e+00,-1.497510435280119748e-02,-2.522495425613162021e-02,8.637589758398503959e-01,-3.444940380950560210e-01,8.039536147944986028e-03,-3.567351357889627511e-02,1.168133639962884440e-02,-1.760632853311224766e-01,4.041490267781948642e-01,2.692835420120319734e-01,1.489865716352609766e-03,4.807675669976341770e-01,1.474762692847357733e-03,-1.404602488609506261e-02,6.093209013150332858e-03,4.465237812582633636e-01,-2.698046450778989747e-01,4.151858538617707317e-03,4.832297736140415689e-01,-2.985830276162792802e-03,-1.420164828132263954e-02,-3.888349578817126753e-03
-4.247112863310352204e-01,2.030809802607503635e-03,6.914305571942542805e-01,-8.218166682712390800e-03,-2.608489799012296828e-01,1.661174222598484421e-02,-9.652016998747361409e-01,-1.188102099267539735e+00,-2.684894588872322255e-02,2.387363194798888810e-02,8.641533804898644533e-01,-4.548599111614681223e-01,2.257136776241666989e-02,-1.240023042829125899e+00,-1.388992838247111485e-02,-2.536756723363039687e-02,8.637595039202957681e-01,-3.462155841194655692e-01,8.270385732811242133e-03,-3.520809560183039977e-02,1.211183180031294958e-02,-1.767035668724906139e-01,4.039081759445364850e-01,2.692417433007233685e-01,1.516751596168641357e-03,4.806684973034956454e-01,1.473818948232886745e-03,-1.407187810174288442e-02,6.117059536111155681e-03,4.455783760186944886e-01,-2.698517473022090662e-01,4.080225855937296559e-03,4.833101947775340079e-01,-2.982750007602362474e-03,-1.417635746697906186e-02,-3.889560632332421473e-03
-4.245951312993486160e-01,1.647749993616992505e-03,6.915007330907629868e-01,-8.093465530918574069e-03,-2.607669515513892367e-01,1.656766467357739803e-02,-9.652256758300407080e-01,-1.187918169523719314e+00,-2.715720071310234393e-02,2.236527947487646634e-02,8.645773558825855520e-01,-4.574494393834259154e-01,2.313120337767678517e-02,-1.239329780500975087e+00,-1.280926744238131826e-02,-2.551150528746924315e-02,8.637423072630185938e-01,-3.479743287774220706e-01,8.486959590779667023e-03,-3.472272272254613851e-02,1.243715312736968885e-02,-1.774306039224953779e-01,4.037248744862153016e-01,2.692095976928889356e-01,1.544805459954456256e-03,4.806019749212045444e-01,1.473612165220713425e-03,-1.409030848476344744e-02,6.139422529378222963e-03,4.446400528847326838e-01,-2.698878960259183946e-01,4.010065932895649776e-03,4.834068375730024569e-01,-2.979287227453116405e-03,-1.414628021522877123e-02,-3.891398163601854625e-03
-4.244694284390119754e-01,1.256524217348746822e-03,6.915737268861318343e-01,-7.962608394101370821e-03,-2.606645080116868352e-01,1.651097744173265006e-02,-9.652554059701015099e-01,-1.187690333529544562e+00,-2.741045035038779110e-02,2.087127264983393987e-02,8.650123028206799791e-01,-4.598525360669608597e-01,2.367242448951679609e-02,-1.238549156837495557e+00,-1.172830886080135186e-02,-2.565768953043953693e-02,8.637161860049314965e-01,-3.498360854552245991e-01,8.690202919931843545e-03,-3.419365666601569681e-02,1.267176821283737959e-02,-1.782295287477843881e-01,4.035926313845721869e-01,2.691826788474803167e-01,1.571643621370492775e-03,4.805734129974501556e-01,1.477582410337182489e-03,-1.409808573402361424e-02,6.163192937170009628e-03,4.437101081185480522e-01,-2.699163815519299847e-01,3.939133041963942782e-03,4.835208700763365952e-01,-2.972915121933887919e-03,-1.411244711822054639e-02,-3.889699971780925195e-03
-4.243337380133568870e-01,8.568046300840949977e-04,6.916488899610687691e-01,-7.832043630884646945e-03,-2.605459502558226115e-01,1.643677827873187003e-02,-9.652897488410770999e-01,-1.187421938255024401e+00,-2.762235056545633491e-02,1.940365348801379591e-02,8.654479490399540342e-01,-4.620782801956572206e-01,2.419211230299259802e-02,-1.237692103477171290e+00,-1.067016080529745170e-02,-2.580614529971585885e-02,8.636713940014907331e-01,-3.517423901697365185e-01,8.882323753776557793e-03,-3.363751250001011106e-02,1.280597985765138946e-02,-1.791115341668212124e-01,4.035208297096342100e-01,2.691636524528752128e-01,1.598565764964815375e-03,4.805749835398360204e-01,1.483188156264813456e-03,-1.409766596368690166e-02,6.186894475505863925e-03,4.427963679855981272e-01,-2.699368172766346552e-01,3.871185616267446873e-03,4.836416127989686120e-01,-2.965514541688178077e-03,-1.407602710848755191e-02,-3.886362588567352817e-03
-4.241911171414342596e-01,4.500544864194115017e-04,6.917316824160893995e-01,-7.702718864110134900e-03,-2.604205547905122375e-01,1.634626849262909090e-02,-9.653261636727084039e-01,-1.187119205752020346e+00,-2.777377573904950964e-02,1.798370944261035859e-02,8.658652210228590107e-01,-4.641848869180003057e-01,2.467996372545977132e-02,-1.236775552652577437e+00,-9.640738279624704726e-03,-2.595795443305357400e-02,8.636081482908658513e-01,-3.537696530489040647e-01,9.069361838535999060e-03,-3.304146909668313759e-02,1.284797114438832218e-02,-1.800594899093812262e-01,4.035026100329868748e-01,2.691469585090641159e-01,1.624106156719616612e-03,4.806114650691254431e-01,1.491856041420483534e-03,-1.408616702443450837e-02,6.211171304166530210e-03,4.419010228938382023e-01,-2.699518590064525214e-01,3.802015827568590647e-03,4.837743541915637269e-01,-2.953519078083113696e-03,-1.403396262321940195e-02,-3.879248686193562546e-03
-4.240412605083709319e-01,3.610447199491056839e-05,6.918212787439286249e-01,-7.578577710116387103e-03,-2.602906888968549715e-01,1.623447615112600523e-02,-9.653640578650058979e-01,-1.186783815381349250e+00,-2.787891560384278197e-02,1.661656765178029516e-02,8.662553309704354998e-01,-4.661747642409693748e-01,2.513576855223623521e-02,-1.235804486662307689e+00,-8.656825966109874329e-03,-2.611424004389733058e-02,8.635141566481545627e-01,-3.558567630570233509e-01,9.252892953620542316e-03,-3.242144553886079639e-02,1.279371348720720857e-02,-1.810794418461654509e-01,4.035467848466097740e-01,2.691341989572437754e-01,1.649500041667089408e-03,4.806747731932172196e-01,1.501425880175595627e-03,-1.406676105126140192e-02,6.234990950819934222e-03,4.410305325487837158e-01,-2.699628818526427221e-01,3.735369062727011188e-03,4.839085839936966837e-01,-2.939910701416714213e-03,-1.398883826941069337e-02,-3.870559376180821715e-03
-4.238851074271509090e-01,-3.885614280994189196e-04,6.919194082271867829e-01,-7.459483173639392187e-03,-2.601493904867523410e-01,1.609660535826708261e-02,-9.654053811928401396e-01,-1.186391594133602734e+00,-2.791049140262727435e-02,1.532527532385024108e-02,8.666148029647977591e-01,-4.681178012417730461e-01,2.556846544796822357e-02,-1.234775401668223305e+00,-7.722296601352234523e-03,-2.628126388085708781e-02,8.634081002082090173e-01,-3.579947906679023517e-01,9.437663121140299829e-03,-3.176873534483780348e-02,1.265089041448527914e-02,-1.821449762622885105e-01,4.036491593402423139e-01,2.691221548501560590e-01,1.672029682851513188e-03,4.807561766282540394e-01,1.512983878479255131e-03,-1.404555267513120896e-02,6.258574131518507278e-03,4.401842737143846218e-01,-2.699735396392530240e-01,3.670817785683843336e-03,4.840406486498959882e-01,-2.925287637772980634e-03,-1.394629041563295695e-02,-3.860607615952041816e-03
-4.237220714404024702e-01,-8.239049947316421946e-04,6.920250433184347294e-01,-7.346979938104508147e-03,-2.600007889899346725e-01,1.592741161016904272e-02,-9.654490816038928669e-01,-1.185949335117221226e+00,-2.788463416342856771e-02,1.410667335647065000e-02,8.669332533400416763e-01,-4.700022477568686630e-01,2.597560101356938614e-02,-1.233696081194141092e+00,-6.848280684225598047e-03,-2.646135816225820767e-02,8.632814281075894547e-01,-3.601405822890114128e-01,9.623595874805091627e-03,-3.109793620606485232e-02,1.242157251994495913e-02,-1.832675934535837603e-01,4.038183431510322108e-01,2.691110360144989277e-01,1.692467961560409004e-03,4.808507693396720795e-01,1.524857353632913873e-03,-1.402292560488361053e-02,6.281138253809706237e-03,4.393697393341616242e-01,-2.699866253883444478e-01,3.610522293724950302e-03,4.841616813650000406e-01,-2.910843964853027533e-03,-1.390645606864188664e-02,-3.850218717658445994e-03
-4.235524543127648367e-01,-1.268966915376407547e-03,6.921424355848362353e-01,-7.241442501296020164e-03,-2.598440939554825801e-01,1.571861273205147139e-02,-9.654954860385075444e-01,-1.185446563077026116e+00,-2.778939660192987493e-02,1.298745224958782786e-02,8.672023508051546203e-01,-4.718868700337387478e-01,2.638148518008314250e-02,-1.232552528478296328e+00,-6.047152798044404080e-03,-2.665321140739396535e-02,8.631200122618573056e-01,-3.622898370897310039e-01,9.818612192568501942e-03,-3.040383023539275364e-02,1.211795736320336880e-02,-1.844408475443689577e-01,4.040440719140145909e-01,2.690961431358266931e-01,1.711728074521200660e-03,4.809590762992168589e-01,1.537234290294679090e-03,-1.399676217349467462e-02,6.304759098977809513e-03,4.385839047230869481e-01,-2.700031264663991792e-01,3.550100171943389692e-03,4.842735671075509285e-01,-2.892105932513225775e-03,-1.386871771525489093e-02,-3.839127703642377775e-03
-4.233756932732325451e-01,-1.723686759196001953e-03,6.922702835201060001e-01,-7.142697158824850776e-03,-2.596830842550248986e-01,1.546589728863662951e-02,-9.655436207909778856e-01,-1.184891033242216229e+00,-2.764001017577797509e-02,1.195856196728420882e-02,8.674130817326956011e-01,-4.737535489974365466e-01,2.677830751584958993e-02,-1.231354310498713023e+00,-5.322950640239859296e-03,-2.685876415528727981e-02,8.629232458844016129e-01,-3.644204550141585952e-01,1.002028410123405842e-02,-2.969825949324668424e-02,1.174503555107685691e-02,-1.856753724648770587e-01,4.043350713992880374e-01,2.690781644897003444e-01,1.729726921047987668e-03,4.810760048837399161e-01,1.549147573919359370e-03,-1.396862413465465094e-02,6.328099459811618692e-03,4.378340989276953144e-01,-2.700266705781543264e-01,3.491841993984425886e-03,4.843684132864412573e-01,-2.872151361712369996e-03,-1.383406633045961183e-02,-3.828000105005689279e-03
-4.231850092802773577e-01,-2.194587767080852410e-03,6.924079133415449450e-01,-7.047902707131783670e-03,-2.594978106987073652e-01,1.515537862624284984e-02,-9.655990512675038939e-01,-1.184257038773955495e+00,-2.740784031397879711e-02,1.104342710872774705e-02,8.676597345594929678e-01,-4.758726118357384793e-01,2.716606822332962370e-02,-1.230095203255359371e+00,-4.658866923545117340e-03,-2.706698911190709086e-02,8.628105928202376429e-01,-3.666758175368669548e-01,1.026034022383713433e-02,-2.895949266410983991e-02,1.130902153333941847e-02,-1.870034472745436549e-01,4.046810998861402053e-01,2.690598930626677543e-01,1.742644334552536940e-03,4.812003261926404152e-01,1.566906499825728404e-03,-1.393341464633872546e-02,6.356603603486024774e-03,4.371123093486999345e-01,-2.700540710654668053e-01,3.434958018295491099e-03,4.844468658064906008e-01,-2.852378066716287040e-03,-1.380033700705851456e-02,-3.814993586501817628e-03
-4.229795571545998389e-01,-2.681262325346663467e-03,6.925544046165442724e-01,-6.954542613679001901e-03,-2.592937110445953652e-01,1.478082281772580622e-02,-9.656603611138788734e-01,-1.183544902407609678e+00,-2.711219755998865721e-02,1.022435990207946031e-02,8.678950810412875416e-01,-4.781274978073298820e-01,2.753792924022708741e-02,-1.228772693649571313e+00,-4.060187122282519004e-03,-2.728567135068820163e-02,8.627466864004469382e-01,-3.689693083600610324e-01,1.052705152592552616e-02,-2.820253389094451793e-02,1.082210504348547243e-02,-1.884392327382798105e-01,4.050911587716238826e-01,2.690384560963716698e-01,1.752248374449908884e-03,4.813309667739191222e-01,1.586564461536001417e-03,-1.389532905453273910e-02,6.386567022463071445e-03,4.364246375504582942e-01,-2.700909988477456780e-01,3.381160608320499250e-03,4.845051964711976633e-01,-2.833542507142703792e-03,-1.376980922050629642e-02,-3.801256074738541563e-03
-4.227624333966853443e-01,-3.179373600188377391e-03,6.927105599865697183e-01,-6.859635342303702955e-03,-2.590717507242725759e-01,1.434684022595383857e-02,-9.657271568901649728e-01,-1.182762667656745759e+00,-2.672310395359973195e-02,9.529604761744256761e-03,8.681046081414039994e-01,-4.804501900822268357e-01,2.791149570297688648e-02,-1.227378546526623593e+00,-3.522110952448465754e-03,-2.751578369373216745e-02,8.627111404891844026e-01,-3.713211259632949179e-01,1.080820082758053233e-02,-2.739757705791843675e-02,1.029250484560031813e-02,-1.899553172715846838e-01,4.055554671929027521e-01,2.690133594694494867e-01,1.753062912817362606e-03,4.814657202570655770e-01,1.609467150599907821e-03,-1.386046414525187939e-02,6.415548470661026730e-03,4.357719606166076676e-01,-2.701381301335439300e-01,3.326298018754750892e-03,4.845424035443076649e-01,-2.811107171416344849e-03,-1.374845626359288628e-02,-3.784236885638559301e-03
-4.225329027610080224e-01,-3.688547568043791611e-03,6.928752021950710382e-01,-6.761079706860581920e-03,-2.588366279883707044e-01,1.384641091735986512e-02,-9.657982008253661599e-01,-1.181917377691167115e+00,-2.626548194687257712e-02,8.937706254929870739e-03,8.682681702198641327e-01,-4.827908022988184888e-01,2.827750613194919549e-02,-1.225915796161113125e+00,-3.049890023083172939e-03,-2.776250809916813028e-02,8.626847913731655604e-01,-3.736731034697313714e-01,1.109668194851853515e-02,-2.656336837011119556e-02,9.731672992789434234e-03,-1.915643731996361510e-01,4.060845335874806450e-01,2.689820779408717555e-01,1.748182282931928571e-03,4.816013167025166575e-01,1.632821614570239763e-03,-1.382877470200121438e-02,6.442778469220224007e-03,4.351579904257470988e-01,-2.702014046392340330e-01,3.273130561179780126e-03,4.845557120193319522e-01,-2.787982089278523857e-03,-1.373484440313199606e-02,-3.765831059118657318e-03
-4.222940395822746829e-01,-4.204561220426750526e-03,6.930502154829972783e-01,-6.663359825704661538e-03,-2.585921326438688217e-01,1.328150159647436407e-02,-9.658723053726466778e-01,-1.181026690287314995e+00,-2.574464696879360387e-02,8.467171568371003806e-03,8.684048176532972452e-01,-4.852174778523521415e-01,2.863825496287571507e-02,-1.224384402813554207e+00,-2.649952150735169262e-03,-2.801352951841988570e-02,8.626457125193801589e-01,-3.760331460666243575e-01,1.139307853758244997e-02,-2.568896033332649861e-02,9.136768289101145774e-03,-1.932454268130720521e-01,4.066661182594963342e-01,2.689463792612447612e-01,1.733572856022679888e-03,4.817375038850271185e-01,1.659645547555319402e-03,-1.379878463590099823e-02,6.468386422711211101e-03,4.345784112465018167e-01,-2.702746444735031894e-01,3.217279349842265806e-03,4.845514537779618824e-01,-2.761149441402646273e-03,-1.372760835533894282e-02,-3.744943490622076963e-03
-4.220452287489828702e-01,-4.727124692357859495e-03,6.932343046259159536e-01,-6.563665507448471041e-03,-2.583416672094921429e-01,1.264657187968656719e-02,-9.659485314954506796e-01,-1.180094788476762080e+00,-2.518112666977191660e-02,8.096389828022089105e-03,8.684937307850536525e-01,-4.876738168423808695e-01,2.898612434738131668e-02,-1.222789397476639506e+00,-2.322342668220706442e-03,-2.827261773335266667e-02,8.625862856256738542e-01,-3.783676822510894655e-01,1.169102618781620202e-02,-2.479024547430524333e-02,8.519423727072093430e-03,-1.950079627158104179e-01,4.073101322374156896e-01,2.689042114499480829e-01,1.712861845705195311e-03,4.818714397058828647e-01,1.686854349593041365e-03,-1.377126465764573135e-02,6.491965199388669353e-03,4.340362022288037358e-01,-2.703638052764270605e-01,3.161946112805404455e-03,4.845268416035915515e-01,-2.733752424702899902e-03,-1.372600139123433295e-02,-3.723291357083493083e-03
-4.217854727402715609e-01,-5.257992868263892602e-03,6.934267566480041278e-01,-6.463050795655784012e-03,-2.580772777844334565e-01,1.194189795958463737e-02,-9.660288498481353070e-01,-1.179125208236698086e+00,-2.456425664392393460e-02,7.839198141730641459e-03,8.686097815585247517e-01,-4.903525150197589055e-01,2.933731784027174966e-02,-1.221130335623817675e+00,-2.055479899234438027e-03,-2.853107511819280226e-02,8.625491111750864803e-01,-3.807355578339167157e-01,1.200165357216490501e-02,-2.385251071697252687e-02,7.869808260690010215e-03,-1.968519206058810256e-01,4.080045624448285224e-01,2.688565937400424488e-01,1.688150725456614943e-03,4.819959894334115424e-01,1.713587467990285336e-03,-1.375085951599769492e-02,6.516326535586693287e-03,4.335224789376895260e-01,-2.704629894472399543e-01,3.104022069289156128e-03,4.844816576910938033e-01,-2.703697584780919132e-03,-1.373303293436460917e-02,-3.703054437473404185e-03
-4.215140451365229635e-01,-5.796784140625468873e-03,6.936264872090319722e-01,-6.357929335447876085e-03,-2.578027648915300341e-01,1.116153283129878680e-02,-9.661121732664913475e-01,-1.178116171410940716e+00,-2.391419501931157585e-02,7.671629473519810290e-03,8.687093166180216430e-01,-4.931386924758014434e-01,2.968229127238897896e-02,-1.219408808722188597e+00,-1.849546444916539681e-03,-2.879421397635279975e-02,8.625176343580113203e-01,-3.830877359615358357e-01,1.231690515933788095e-02,-2.289191804929141191e-02,7.201701454722453724e-03,-1.987878111966259465e-01,4.087581528838530320e-01,2.688013804654864058e-01,1.661664092134388423e-03,4.821116106013623170e-01,1.738815197988888197e-03,-1.373655384742629437e-02,6.540187163293043407e-03,4.330398078834435394e-01,-2.705784744230058658e-01,3.045988940171077616e-03,4.844150760378987952e-01,-2.673709478103979825e-03,-1.374700705987091584e-02,-3.684040966194504149e-03
-4.212305058380410583e-01,-6.338311273875127556e-03,6.938319107526020879e-01,-6.245988778792456800e-03,-2.575072996669763303e-01,1.030771356800893115e-02,-9.662011846832917472e-01,-1.177081177802098200e+00,-2.320845180801681465e-02,7.623991794564698860e-03,8.688770424902141354e-01,-4.961557050553934145e-01,3.004291786516423424e-02,-1.217612301434511934e+00,-1.690222181912417543e-03,-2.904842542557749263e-02,8.625375290767158809e-01,-3.855479905460604817e-01,1.261503264278551403e-02,-2.189500516399274857e-02,6.526583062278237986e-03,-2.008074443608774962e-01,4.095605882714302148e-01,2.687408949219728393e-01,1.622438869791329374e-03,4.822255323254099890e-01,1.773693724831503643e-03,-1.372029688147414009e-02,6.561867894663528898e-03,4.325743691347394004e-01,-2.707077896443188525e-01,2.988021573556804908e-03,4.843338568913710396e-01,-2.645631830381628760e-03,-1.376342882892249778e-02,-3.663083546275956899e-03
-4.209339363766383957e-01,-6.882176606275630659e-03,6.940421148428548292e-01,-6.124297816575055738e-03,-2.571957276754819888e-01,9.373700758344483130e-03,-9.662944604911204438e-01,-1.176015775392951213e+00,-2.247112635819526957e-02,7.670401895028462237e-03,8.690579418220436558e-01,-4.992677052386095271e-01,3.040678391493294511e-02,-1.215740830623028623e+00,-1.580691288262695135e-03,-2.929813612003534518e-02,8.625802035809860824e-01,-3.880367625023594669e-01,1.289445301776080514e-02,-2.087907531488648535e-02,5.856925544843977899e-03,-2.029244980209614913e-01,4.104208825363674928e-01,2.686723507298052760e-01,1.574582679063521061e-03,4.823388146356520356e-01,1.811596738235288608e-03,-1.370434193179445766e-02,6.581036615616053104e-03,4.321302536303638364e-01,-2.708560681625114541e-01,2.931389847904911170e-03,4.842381871208885635e-01,-2.619739476518463846e-03,-1.378293858609367685e-02,-3.641541614898491808e-03
-4.206290228535479736e-01,-7.415615636780386634e-03,6.942558352429979429e-01,-5.997950476831014933e-03,-2.568718810813610531e-01,8.368180955707424026e-03,-9.663906222885715325e-01,-1.174958417126189314e+00,-2.172175910551871897e-02,7.827838827552939527e-03,8.692869514685178656e-01,-5.024598156529128667e-01,3.076199386723344961e-02,-1.213780959996948905e+00,-1.540969978787713746e-03,-2.952634304004969970e-02,8.625791475827502275e-01,-3.904966660471327899e-01,1.316539890947405686e-02,-1.984665376974345183e-02,5.203349914126974111e-03,-2.051096838199472361e-01,4.113230403955310810e-01,2.686006244723618819e-01,1.518628042463948105e-03,4.824477030309064496e-01,1.851496359817526253e-03,-1.369168833058840608e-02,6.599435146798388399e-03,4.317001968092171182e-01,-2.710162133490914838e-01,2.870362388650861928e-03,4.841301113632680009e-01,-2.588150421793562316e-03,-1.380245823272497827e-02,-3.618137360324584842e-03
-4.203150888285477338e-01,-7.938610741602535048e-03,6.944720860505892990e-01,-5.865168153950640027e-03,-2.565391630243092913e-01,7.287852662318192523e-03,-9.664885642576865887e-01,-1.173904543820702084e+00,-2.097692355081451007e-02,8.076856653757420040e-03,8.695247916956029277e-01,-5.056377431809552236e-01,3.110208722411713506e-02,-1.211743125743521166e+00,-1.567369149175607728e-03,-2.973260943836794623e-02,8.625370689552177561e-01,-3.929105938289169098e-01,1.342519448207115003e-02,-1.880829084074987084e-02,4.572272478217209377e-03,-2.073732604656395584e-01,4.122745538226078588e-01,2.685256367305898229e-01,1.458187361421282120e-03,4.825521419202497553e-01,1.890588476058329814e-03,-1.368217395548852744e-02,6.616282146575724020e-03,4.312882017972724524e-01,-2.711912002604457972e-01,2.807351406881284771e-03,4.840102619318071286e-01,-2.555302871256396203e-03,-1.382368922722890421e-02,-3.594623309655486498e-03
-4.199984194206038413e-01,-8.437373907069684736e-03,6.946918265871137033e-01,-5.732753134888101711e-03,-2.562034526465131190e-01,6.143027680006964489e-03,-9.665863591032216595e-01,-1.172897705597421680e+00,-2.025218192952479498e-02,8.442313117197975184e-03,8.698045027624534686e-01,-5.087945816085710504e-01,3.141789524194688737e-02,-1.209618132460553941e+00,-1.677759884576651098e-03,-2.989273616825241509e-02,8.623982065514519402e-01,-3.952964484689918678e-01,1.365868111768565006e-02,-1.775217336722709899e-02,3.954854613570664597e-03,-2.096761678578875354e-01,4.132568878148855096e-01,2.684517878212568931e-01,1.389921452304169721e-03,4.826521221712132270e-01,1.931280315905659984e-03,-1.367602600348656432e-02,6.631398229235657520e-03,4.308866663114971352e-01,-2.713720125977137076e-01,2.736594791123825050e-03,4.838831206320813871e-01,-2.518556891911708472e-03,-1.384757776580796892e-02,-3.570718550210932440e-03
-4.196783818502284324e-01,-8.912058924179481686e-03,6.949139790557937735e-01,-5.598901627472441939e-03,-2.558670759990849808e-01,4.932162259271388564e-03,-9.666831774142405909e-01,-1.171931977090399313e+00,-1.955919650324723300e-02,8.907638962846747485e-03,8.700960316129170424e-01,-5.118634355565729877e-01,3.170752280421997721e-02,-1.207419915132332822e+00,-1.863943939731767946e-03,-3.000408339319992831e-02,8.621766404416628671e-01,-3.976549119191439274e-01,1.386751793140398974e-02,-1.668619655181734565e-02,3.356254189720668350e-03,-2.120267643714772443e-01,4.142780636532962246e-01,2.683791495586891895e-01,1.318391467745838727e-03,4.827472255577945348e-01,1.970959824907681218e-03,-1.367285745611680065e-02,6.644617541044323290e-03,4.304992389133418529e-01,-2.715618967774848791e-01,2.662432841343752212e-03,4.837482715591717164e-01,-2.481561902441300257e-03,-1.387399494377324072e-02,-3.547615942022820483e-03
-4.193607531589996773e-01,-9.351204356668054579e-03,6.951391129120864099e-01,-5.467826731554109240e-03,-2.555334816773440765e-01,3.663712085860557771e-03,-9.667778027170668143e-01,-1.171043261860717388e+00,-1.892835621562456369e-02,9.472435775421624016e-03,8.704335593784154890e-01,-5.148502305951112579e-01,3.196861183007684154e-02,-1.205140901729925940e+00,-2.132216273778212053e-03,-3.004185355244276198e-02,8.618275270787358888e-01,-3.999943269842070048e-01,1.404644497840013863e-02,-1.560878569684487696e-02,2.772147535349048925e-03,-2.143848924418532698e-01,4.153225986602847031e-01,2.683129228535615085e-01,1.240061903953555440e-03,4.828377338344686520e-01,2.013174385299328420e-03,-1.367006437129881027e-02,6.656233835257303541e-03,4.301190568429099081e-01,-2.717533063017620876e-01,2.578560969485217073e-03,4.836106547051607363e-01,-2.439926599901728801e-03,-1.389909288085073441e-02,-3.524354875014293169e-03
-4.190448603680344553e-01,-9.755184018135246854e-03,6.953661341764488801e-01,-5.337989098536860544e-03,-2.552045764768821057e-01,2.338176675552786857e-03,-9.668695170225777291e-01,-1.170224565841849751e+00,-1.836323498762905751e-02,1.012576223420385592e-02,8.707914040534231459e-01,-5.177033243160964471e-01,3.219882271335897800e-02,-1.202797502776887795e+00,-2.471374109737397261e-03,-3.000228709188164714e-02,8.613715885476227463e-01,-4.023263545500457838e-01,1.419786179431630456e-02,-1.452397043451323505e-02,2.205528830265102332e-03,-2.167588269877523399e-01,4.163984416388504251e-01,2.682535828793047306e-01,1.160125228864579330e-03,4.829239499348751963e-01,2.054780735297331243e-03,-1.366840640582259181e-02,6.666142995529373248e-03,4.297502265674236765e-01,-2.719489429786842716e-01,2.490656409580144920e-03,4.834698758222925052e-01,-2.397872790487935203e-03,-1.392407593350926918e-02,-3.502139054898018890e-03
-4.187299715104976783e-01,-1.012783471264683093e-02,6.955959624408987185e-01,-5.219284545815243079e-03,-2.548720937266983344e-01,9.587167598793958165e-04,-9.669602141610444956e-01,-1.169452933908969205e+00,-1.787499530654276803e-02,1.087382607544833991e-02,8.712177461586431138e-01,-5.206377054542727922e-01,3.238947682152049090e-02,-1.200388632401537814e+00,-2.871437380188069516e-03,-2.985702221924228794e-02,8.608263367089932228e-01,-4.046111127262886353e-01,1.436710172993811534e-02,-1.343066606266406227e-02,1.627361559304283571e-03,-2.191429445349220850e-01,4.174979757159802962e-01,2.682113868187800954e-01,1.077505175912581679e-03,4.830029295257827204e-01,2.101273793290292253e-03,-1.366902545212965274e-02,6.678024127025309828e-03,4.293726909918616497e-01,-2.721313921058803320e-01,2.396199279336360798e-03,4.833317083537773673e-01,-2.352315498577099099e-03,-1.394807809014376489e-02,-3.480147088976077215e-03
-4.184152369818536776e-01,-1.046907156737643223e-02,6.958275523566301857e-01,-5.106400664481422665e-03,-2.545393328679537714e-01,-4.753241988572331480e-04,-9.670488233601738370e-01,-1.168722430149976121e+00,-1.746240466194413227e-02,1.170143431468054218e-02,8.716692614226175806e-01,-5.235445192293151084e-01,3.254105986334392825e-02,-1.197928379697740242e+00,-3.321624379519858700e-03,-2.961208502757793626e-02,8.602078543409508171e-01,-4.068644489135273545e-01,1.454496125507524600e-02,-1.233160387143331441e-02,1.051077311012688781e-03,-2.215490115821630301e-01,4.186279376465175672e-01,2.681830011684818715e-01,9.965802247119486500e-04,4.830778722748020892e-01,2.148166662209891054e-03,-1.367188639824607095e-02,6.690018326077028926e-03,4.289937682254696960e-01,-2.723075623227237396e-01,2.300597652955052152e-03,4.831923350843156384e-01,-2.306922332391463625e-03,-1.397192359366098563e-02,-3.459375006996426218e-03
-4.181046685249647510e-01,-1.078308281828244640e-02,6.960616887873352088e-01,-5.005571838366695836e-03,-2.542127280890224550e-01,-1.953569029645958050e-03,-9.671334017063798472e-01,-1.168028817459070279e+00,-1.710968437691103364e-02,1.262013412027500163e-02,8.721191962068093328e-01,-5.264472528112883465e-01,3.266712665757472850e-02,-1.195447509431781130e+00,-3.800063224182447137e-03,-2.925279157006192149e-02,8.595201738576881967e-01,-4.090712300612451835e-01,1.469827780110757182e-02,-1.120906775202678077e-02,4.508424981657446762e-04,-2.239493884661114265e-01,4.197799996795349431e-01,2.681807684589569973e-01,9.143288687926605937e-04,4.831494740671794519e-01,2.198151447650760395e-03,-1.367565854204479125e-02,6.702676329706669378e-03,4.286008047400268750e-01,-2.724602290330989662e-01,2.200642137349855497e-03,4.830621525992472853e-01,-2.257967933669296871e-03,-1.399164566822620227e-02,-3.438006339616832014e-03
-4.177976225050147874e-01,-1.106929613951763113e-02,6.962972579245398919e-01,-4.908907579869989379e-03,-2.538940089946178369e-01,-3.479462459696160484e-03,-9.672133312584172415e-01,-1.167372285316821356e+00,-1.681782610276982837e-02,1.360950886141387185e-02,8.725461750914506043e-01,-5.292798927979367463e-01,3.276922283185266377e-02,-1.192953398000685450e+00,-4.300889232753394263e-03,-2.879172144532632718e-02,8.587763149851179723e-01,-4.112458319227093595e-01,1.482658045274974981e-02,-1.006980906619154778e-02,-1.510458044016582809e-04,-2.263515262622202706e-01,4.209595530364169114e-01,2.681970941366869643e-01,8.357165388977898018e-04,4.832215974359164723e-01,2.247643800965859733e-03,-1.368045250516151945e-02,6.714870473169800603e-03,4.282011734852750884e-01,-2.726008063784932101e-01,2.102162222850592881e-03,4.829336523780324852e-01,-2.209186319868437429e-03,-1.400895279115020771e-02,-3.417327828402096004e-03
-4.174970973735354085e-01,-1.132555380450520413e-02,6.965345517193769487e-01,-4.823603609606416653e-03,-2.535854786443958453e-01,-5.046781690288921693e-03,-9.672877895763394296e-01,-1.166764422209338514e+00,-1.661685565609270082e-02,1.466045051963511120e-02,8.729890348375701770e-01,-5.321773386536959860e-01,3.286294253193838139e-02,-1.190451010414159683e+00,-4.838833711649111018e-03,-2.822329399024000457e-02,8.579477974208128410e-01,-4.133183509546473622e-01,1.492933256481432554e-02,-8.926154095880406425e-03,-7.636825729327911729e-04,-2.287341315008971088e-01,4.221548679795061876e-01,2.682361521801702176e-01,7.597089448456468153e-04,4.832899652029552517e-01,2.296980516208572531e-03,-1.368865236572924284e-02,6.726846759987891930e-03,4.277874454505820601e-01,-2.727240382244353056e-01,2.002689596816241164e-03,4.828083705838878137e-01,-2.159985470955050248e-03,-1.402408737073584932e-02,-3.396698330399069293e-03
-4.172025202453942261e-01,-1.155153641447568061e-02,6.967725171475266377e-01,-4.742097673005011768e-03,-2.532883059892984678e-01,-6.656076543457808622e-03,-9.673563165678811249e-01,-1.166201919273019527e+00,-1.649847745079430217e-02,1.575818611379539713e-02,8.734174358904892577e-01,-5.350459853204999616e-01,3.294433843222543262e-02,-1.187949474024473595e+00,-5.402347842236150666e-03,-2.755736870998220026e-02,8.570563926849992242e-01,-4.153280648954164600e-01,1.500671226065968845e-02,-7.778607893617135033e-03,-1.367969665368845220e-03,-2.311035155637274630e-01,4.233701084930102110e-01,2.682918915076029087e-01,6.900452593166057566e-04,4.833582800618974606e-01,2.344307144460941808e-03,-1.369891701324987138e-02,6.738129923975801072e-03,4.273668200833647401e-01,-2.728390262888638063e-01,1.906752296407999330e-03,4.826802056617290893e-01,-2.112485096232408644e-03,-1.403857504058181153e-02,-3.376931669105517203e-03
-4.169173385722542147e-01,-1.174565023922708590e-02,6.970122214943934580e-01,-4.673044450772039816e-03,-2.530061669861614626e-01,-8.300955062003758517e-03,-9.674177671862296268e-01,-1.165692320450370412e+00,-1.648743631571393531e-02,1.690016147530704060e-02,8.738490884586804786e-01,-5.379788172522667056e-01,3.301943096596721833e-02,-1.185453098269546146e+00,-6.005128620143178331e-03,-2.678387959508679236e-02,8.560649175418522105e-01,-4.171956570353810845e-01,1.506004895495661675e-02,-6.643032861433393471e-03,-1.978334294871467516e-03,-2.334352334407962526e-01,4.245969763198312874e-01,2.683722800970591571e-01,6.246835493692818458e-04,4.834208111335397406e-01,2.391598810577158334e-03,-1.371277517371085816e-02,6.749128331562685365e-03,4.269323295874360435e-01,-2.729368353170251171e-01,1.809888273849038663e-03,4.825539594219465656e-01,-2.063071353267051985e-03,-1.405098206405436256e-02,-3.357074709520632607e-03
-4.166410522054110332e-01,-1.190765587502186709e-02,6.972525694985751699e-01,-4.608457437122224533e-03,-2.527396626410718383e-01,-9.980209449493439300e-03,-9.674718706337004370e-01,-1.165232687969654402e+00,-1.656813045470196047e-02,1.807558032818318630e-02,8.742567033274293298e-01,-5.408833454108683547e-01,3.308457417919178495e-02,-1.182972135084419563e+00,-6.631895358967226234e-03,-2.591237376074491047e-02,8.550027547596409372e-01,-4.189821463424569514e-01,1.508951010514696274e-02,-5.514981777734450155e-03,-2.576006111442825930e-03,-2.357344621348111402e-01,4.258379363270791140e-01,2.684712748172056185e-01,5.667123788596259946e-04,4.834819847376079505e-01,2.437055077916880450e-03,-1.372852666967891433e-02,6.759466387699569062e-03,4.264919908133953941e-01,-2.730261357752686857e-01,1.716352349699431720e-03,4.824230906362764193e-01,-2.014635786305231727e-03,-1.406308839284863520e-02,-3.338073891933942064e-03
-4.163735399355997790e-01,-1.204017242432378794e-02,6.974961526344261031e-01,-4.559274104293607049e-03,-2.524902253686508447e-01,-1.168399925493453055e-02,-9.675181565605581735e-01,-1.164814057563751559e+00,-1.674407191522083935e-02,1.929719298059616450e-02,8.746773621412119448e-01,-5.439651584181669497e-01,3.315779827021426290e-02,-1.180520280714669523e+00,-7.288319815140610961e-03,-2.493197396561560794e-02,8.538809825350995864e-01,-4.206934782669760620e-01,1.509682024090799012e-02,-4.395356408499334622e-03,-3.186488073106617455e-03,-2.380058078281142575e-01,4.270814393704839285e-01,2.685972246765295224e-01,5.143317557204803679e-04,4.835380021781517379e-01,2.482053039260038920e-03,-1.374813147576611945e-02,6.769426066255980999e-03,4.260372148483146382e-01,-2.730943673042152686e-01,1.622285717693368280e-03,4.822940492449148131e-01,-1.967575066827621181e-03,-1.407541759179233368e-02,-3.320873143578783205e-03
-4.161143847846277000e-01,-1.214270848687794974e-02,6.977419288919085583e-01,-4.515735795822676743e-03,-2.522577564665083316e-01,-1.341204443366208338e-02,-9.675565872324035643e-01,-1.164431063514314690e+00,-1.699908512187043100e-02,2.055095695908105285e-02,8.750714358744081656e-01,-5.470911376907137136e-01,3.323039999944969042e-02,-1.178100136277859367e+00,-7.959425276172904865e-03,-2.385614808464510753e-02,8.527156033486825715e-01,-4.223671202081019649e-01,1.508197277302920219e-02,-3.280466007061682079e-03,-3.785789407164915406e-03,-2.402523552102295845e-01,4.283294789932956537e-01,2.687416273060685978e-01,4.704272723412007934e-04,4.835933939934292103e-01,2.525154738300046473e-03,-1.376956410744683071e-02,6.778867590749356603e-03,4.255756054497580876e-01,-2.731523621281756187e-01,1.532040895640941541e-03,4.821592447953435001e-01,-1.922868520805103140e-03,-1.408873112888577549e-02,-3.305364186092034015e-03
-4.158664545478881758e-01,-1.221243814019836241e-02,6.979899442879923255e-01,-4.487737878504169040e-03,-2.520449801340025608e-01,-1.515788388854332445e-02,-9.675863923981185000e-01,-1.164093288440977592e+00,-1.736470875764377711e-02,2.183447651134896514e-02,8.754648846562550490e-01,-5.503498424444723813e-01,3.330383289710385497e-02,-1.175709937923640203e+00,-8.676178673904293148e-03,-2.268478588485283581e-02,8.514568997276502627e-01,-4.238869116838223650e-01,1.504719995690899197e-02,-2.204498996834845185e-03,-4.383127116211478491e-03,-2.424532121170903110e-01,4.295816959438452654e-01,2.689137537904509045e-01,4.308482457200456619e-04,4.836385216921630370e-01,2.569830362104861664e-03,-1.379534219824919868e-02,6.788316835511974678e-03,4.251029460539790250e-01,-2.731950891515924629e-01,1.440010534121570355e-03,4.820226282812701268e-01,-1.876072185757861896e-03,-1.410157955530420143e-02,-3.289761806445468551e-03
-4.156294228925466738e-01,-1.224909329706635325e-02,6.982391201741221520e-01,-4.465981156436772334e-03,-2.518514258813056017e-01,-1.691819587165599437e-02,-9.676077143875569941e-01,-1.163796260212202727e+00,-1.781656564098145490e-02,2.313974349757146748e-02,8.758247982978285551e-01,-5.536202218000171316e-01,3.337192599671751775e-02,-1.173356944497036425e+00,-9.416995848989292983e-03,-2.142748003639440707e-02,8.501353779706580793e-01,-4.253267293336192578e-01,1.499275791076209313e-02,-1.155566818133446205e-03,-4.958186252054997377e-03,-2.446107431106882557e-01,4.308370824709703006e-01,2.691061172655053735e-01,3.980231538054162729e-04,4.836792860063250932e-01,2.613640027484588797e-03,-1.382304980452278564e-02,6.797224504650461324e-03,4.246282879524233556e-01,-2.732310922095452232e-01,1.349799905654225059e-03,4.818771642209707107e-01,-1.829979457061334334e-03,-1.411559813420071134e-02,-3.275105199674934516e-03
-4.154041498821756107e-01,-1.225182697031127269e-02,6.984884833923609149e-01,-4.459445755169898218e-03,-2.516771645205627128e-01,-1.868071543865816586e-02,-9.676206638312073727e-01,-1.163546640409468091e+00,-1.835435496738558811e-02,2.448267487788532634e-02,8.762027811422875567e-01,-5.570453788066833667e-01,3.343711963352949401e-02,-1.171052501840649462e+00,-1.019310057139350377e-02,-2.007884116976938957e-02,8.487549385671674385e-01,-4.266728786385869387e-01,1.492406686151576123e-02,-1.515206924319134965e-04,-5.521822569161059444e-03,-2.467197777032450190e-01,4.320934370884116915e-01,2.693290103464242580e-01,3.670325805461115013e-04,4.837039667246464392e-01,2.659633046590583610e-03,-1.385551106068325100e-02,6.804989305949300619e-03,4.241485150427117823e-01,-2.732535948007323023e-01,1.257105687316152241e-03,4.817263694099425675e-01,-1.784451319623111664e-03,-1.412998986889994063e-02,-3.261917099306631089e-03
-4.151903649736168322e-01,-1.222024561196033768e-02,6.987371959259472964e-01,-4.458750745753270808e-03,-2.515212872247809539e-01,-2.044282230900954303e-02,-9.676255746054975848e-01,-1.163337644413815708e+00,-1.895658011571030657e-02,2.585374949352376578e-02,8.765596439976753862e-01,-5.604883150028345806e-01,3.349346691342292709e-02,-1.168798755009988755e+00,-1.098469161749411442e-02,-1.864937862279716571e-02,8.473357550617987011e-01,-4.279777154155833263e-01,1.484071406757730451e-02,8.197856455523014601e-04,-6.052991665207256219e-03,-2.487815300434280952e-01,4.333470823268795180e-01,2.695730864210598710e-01,3.407151767983470736e-04,4.837213008661709335e-01,2.705110990916021699e-03,-1.389025347100065165e-02,6.811496351159911262e-03,4.236723939472736844e-01,-2.732709702009469277e-01,1.164937940866216754e-03,4.815648705207573044e-01,-1.740775525110132855e-03,-1.414642224452362929e-02,-3.250547555875664841e-03
-4.149892869649842719e-01,-1.215024068370892420e-02,6.989841867030582856e-01,-4.468191964029838426e-03,-2.513846313445802783e-01,-2.219087022481775612e-02,-9.676225336684691758e-01,-1.163176039987176669e+00,-1.962171717741329965e-02,2.726163972502532520e-02,8.769091675507210137e-01,-5.639358115466417409e-01,3.355556666911974767e-02,-1.166596196828397103e+00,-1.181399571597939284e-02,-1.715171177196324337e-02,8.458582683575667227e-01,-4.292120595704772557e-01,1.473088009014815805e-02,1.746452510628323813e-03,-6.549836695008988581e-03,-2.507898959522185112e-01,4.345929531309510874e-01,2.698437710409392065e-01,3.154103011710791956e-04,4.837230633485823938e-01,2.750267997356688372e-03,-1.392913770685391336e-02,6.817750100378000208e-03,4.232039175810946574e-01,-2.732792734779402322e-01,1.064301401848858578e-03,4.813932661927408652e-01,-1.694456781404338154e-03,-1.416589189385258039e-02,-3.239303286711873661e-03
-4.148007539394225063e-01,-1.204158523524315010e-02,6.992287119672153661e-01,-4.480013349230218232e-03,-2.512657315237240008e-01,-2.392166412602581005e-02,-9.676121204427322597e-01,-1.163057456502505804e+00,-2.033042916942414194e-02,2.869892845939176623e-02,8.772304753922687270e-01,-5.673024587528175955e-01,3.361646048069143189e-02,-1.164446606315736821e+00,-1.266041663321529863e-02,-1.559174096391460936e-02,8.443422315400587186e-01,-4.304240485409487338e-01,1.459785626565379690e-02,2.640716757370849613e-03,-6.995798211710282238e-03,-2.527445884948164578e-01,4.358272630449876450e-01,2.701323341542095635e-01,2.945378759041852174e-04,4.837171537913101393e-01,2.793787501898938475e-03,-1.396978445075819017e-02,6.823311819436757471e-03,4.227497123805046275e-01,-2.732855431026140480e-01,9.600623208009828081e-04,4.812090395013919331e-01,-1.648488703947134561e-03,-1.418911264450179073e-02,-3.229450027662836894e-03
-4.146244648416458900e-01,-1.188850061058360080e-02,6.994683908872308953e-01,-4.494291603374402609e-03,-2.511525219643659379e-01,-2.563006767266333766e-02,-9.675977013640626456e-01,-1.163034429175949347e+00,-2.107054651138534976e-02,3.010135539329162127e-02,8.777697346806870859e-01,-5.706240836943369255e-01,3.368889430931423790e-02,-1.162334964012099014e+00,-1.355527247140666386e-02,-1.399020724523022084e-02,8.428142550730765015e-01,-4.316560170644030969e-01,1.443401975644575085e-02,3.485064365456100235e-03,-7.358655867887965024e-03,-2.546380612638358687e-01,4.370468007283360712e-01,2.704371026864996197e-01,2.684504476299301315e-04,4.836847824046869859e-01,2.838619088074416374e-03,-1.401330143109521739e-02,6.827406677442432285e-03,4.223145651954365865e-01,-2.732980646801436708e-01,8.445853589674975643e-04,4.810011047686501562e-01,-1.602252863139658678e-03,-1.421530243465681485e-02,-3.221223532611886074e-03
-4.144597887160209604e-01,-1.169182233165749242e-02,6.997036977125316026e-01,-4.513164696864508003e-03,-2.510464354286446320e-01,-2.731072094603033754e-02,-9.675791663344136539e-01,-1.163084983185188603e+00,-2.182736728495833847e-02,3.149383480973324406e-02,8.784521499061885841e-01,-5.737947041900536282e-01,3.376511785495058676e-02,-1.160266858962820224e+00,-1.448293586945584126e-02,-1.233277428511626340e-02,8.412806254537481543e-01,-4.329178809396808103e-01,1.424464356300853864e-02,4.289343110329497423e-03,-7.648052294853698550e-03,-2.564776030513145622e-01,4.382476966489333714e-01,2.707557714510283042e-01,2.431163323796811594e-04,4.836388869514218758e-01,2.882581595272905566e-03,-1.405879580447317104e-02,6.830051534127527975e-03,4.219003554432875225e-01,-2.733127753282778016e-01,7.234452391958990595e-04,4.807816480630763278e-01,-1.557736506084856200e-03,-1.424606675523433334e-02,-3.215190930251543913e-03
-4.143058678523146021e-01,-1.145153604634385931e-02,6.999328476459235615e-01,-4.545551455103068184e-03,-2.509413677444747304e-01,-2.895466249602527894e-02,-9.675584713267942893e-01,-1.163190534292103395e+00,-2.261684375585739162e-02,3.289319595902719107e-02,8.793294030654561499e-01,-5.769129254733770251e-01,3.385914841041318818e-02,-1.158245585008918388e+00,-1.548131421306693858e-02,-1.064148939526666886e-02,8.397503078258971021e-01,-4.341475806390277525e-01,1.403417041706885027e-02,5.014008551815996029e-03,-7.858573247365673725e-03,-2.582621597563725668e-01,4.394299396092263832e-01,2.710922568996634863e-01,2.155785394381818287e-04,4.835707049159378990e-01,2.929412596207186647e-03,-1.410942170911561738e-02,6.832957699250037827e-03,4.215002588935539696e-01,-2.733242518012073408e-01,5.914473559300025300e-04,4.805598306474554993e-01,-1.509890214743887229e-03,-1.427783224976404523e-02,-3.208912614989511535e-03
-4.141620561577303294e-01,-1.116821587097099194e-02,7.001563913914170545e-01,-4.590998667295263964e-03,-2.508397014726282959e-01,-3.055556832479488019e-02,-9.675353865056868230e-01,-1.163333930012928397e+00,-2.342152107870872080e-02,3.431780799431451145e-02,8.803275054400414579e-01,-5.798859058398779798e-01,3.395916339200127226e-02,-1.156276694251410442e+00,-1.652760564626754025e-02,-8.903161811520787783e-03,8.382294411619890528e-01,-4.353679409330032946e-01,1.380681407969741939e-02,5.676266752669956867e-03,-7.994790825590913225e-03,-2.600009695971538526e-01,4.405866871334097046e-01,2.714426400825462604e-01,1.894439030502392373e-04,4.834938206112640025e-01,2.976127759720656896e-03,-1.416241740483048690e-02,6.835135254531395956e-03,4.211211236080964482e-01,-2.733298830716023864e-01,4.534064114042010187e-04,4.803421741985159921e-01,-1.462271918262693328e-03,-1.431153752599459775e-02,-3.204229996176526530e-03
-4.140273925534451727e-01,-1.084433381677815493e-02,7.003709266000586187e-01,-4.655292434411264883e-03,-2.507407675724241392e-01,-3.210781469239384900e-02,-9.675104567730630212e-01,-1.163512423028933984e+00,-2.421952972313298758e-02,3.582005311202950820e-02,8.814753211268836486e-01,-5.830651150618720857e-01,3.406191607682533540e-02,-1.154390452953188095e+00,-1.764128198765844632e-02,-7.129082439047692427e-03,8.367800679821149057e-01,-4.366456056416709308e-01,1.357085150994693026e-02,6.262075506633680948e-03,-8.069222913892741891e-03,-2.617048674233159455e-01,4.417172645921661478e-01,2.718140002097563790e-01,1.617199983849411274e-04,4.833969172394437797e-01,3.019267072503132362e-03,-1.421820533045468037e-02,6.833491270173823115e-03,4.207571914214510711e-01,-2.733236508899787309e-01,3.076813471173387490e-04,4.801347127120479952e-01,-1.420937199086872143e-03,-1.434561192205634390e-02,-3.204561187521036761e-03
-4.139015396749779474e-01,-1.047985598515572409e-02,7.005772789639139742e-01,-4.734642009037535321e-03,-2.506456193807676258e-01,-3.360751841346635432e-02,-9.674837938468874299e-01,-1.163712162889779078e+00,-2.500470435817120710e-02,3.738768575596241456e-02,8.827036747416749929e-01,-5.862428787452481638e-01,3.415281849983058116e-02,-1.152579792447080642e+00,-1.879966409894685830e-02,-5.313024642876212726e-03,8.353853138583133831e-01,-4.379585100417862642e-01,1.332814601319068891e-02,6.787787662274618813e-03,-8.076298610071015391e-03,-2.633784348870253367e-01,4.428115420133111879e-01,2.721978174519657512e-01,1.351260900215672475e-04,4.832955507604966283e-01,3.059568710486136427e-03,-1.427475772681318679e-02,6.829173726992207767e-03,4.204158217763835359e-01,-2.733069307821560101e-01,1.575416340634512948e-04,4.799401496278077883e-01,-1.383920675868624810e-03,-1.438017606936160299e-02,-3.209005325161239531e-03
-4.137875985982768512e-01,-1.007690735234474319e-02,7.007727300022973393e-01,-4.827144561346791325e-03,-2.505598770109763729e-01,-3.505152818951084992e-02,-9.674543074890971095e-01,-1.163933029766178739e+00,-2.578612326642535507e-02,3.901400384744175415e-02,8.839572226511225317e-01,-5.893811681242265843e-01,3.422037378360453380e-02,-1.150862346028910910e+00,-2.003166306782783526e-02,-3.495142062434842579e-03,8.340195258916445198e-01,-4.391995920783413054e-01,1.310624491121750897e-02,7.216043221571955338e-03,-8.004483183016055173e-03,-2.650025289513973648e-01,4.438685527264669139e-01,2.725953694823265439e-01,1.100697734365769836e-04,4.831806427436970974e-01,3.095427651889970377e-03,-1.433436738620847556e-02,6.822072084912042013e-03,4.200951225283932611e-01,-2.732789852105554917e-01,-1.985489639625423811e-06,4.797642447763394435e-01,-1.346580933923404323e-03,-1.441282658270847360e-02,-3.215829331159113496e-03
-4.136855036040104627e-01,-9.635423243202108357e-03,7.009577492561134271e-01,-4.928188538016468195e-03,-2.504826837094179526e-01,-3.643395690245797985e-02,-9.674227126256089715e-01,-1.164167870070872191e+00,-2.655097552072900949e-02,4.069333134809718922e-02,8.852067031894990112e-01,-5.923896676949770290e-01,3.425999862446423017e-02,-1.149233656345023613e+00,-2.130806141742564927e-02,-1.668139639797410704e-03,8.326848521425892491e-01,-4.403940592501709994e-01,1.290120838156418731e-02,7.570107491591792845e-03,-7.848005731928538523e-03,-2.665764788219507908e-01,4.448766300457674405e-01,2.729992227981909436e-01,8.695678765477915355e-05,4.830641567173966644e-01,3.128330204877132099e-03,-1.439402197208926489e-02,6.813057911495820629e-03,4.198042912521082748e-01,-2.732417859737808485e-01,-1.677262077765450331e-04,4.796055253046023759e-01,-1.310184867554010013e-03,-1.444404439753998494e-02,-3.225550962680948618e-03
-4.135924575251029300e-01,-9.160142718657086555e-03,7.011299225682543490e-01,-5.038209656985739339e-03,-2.504070790720380746e-01,-3.775282584130241342e-02,-9.673911490886502040e-01,-1.164399927597798312e+00,-2.728897357470002824e-02,4.244387678887313192e-02,8.865204543351686839e-01,-5.956893142654207107e-01,3.425787998338263723e-02,-1.147717711986160571e+00,-2.266333005622227920e-02,1.236219899465196975e-04,8.314724008586387161e-01,-4.416601070519103334e-01,1.270163991539976708e-02,7.821115235354461626e-03,-7.604580882209407630e-03,-2.681149756747698287e-01,4.458344970051613676e-01,2.734111659106850944e-01,6.081964577368338313e-05,4.829389674033128244e-01,3.162443052886916659e-03,-1.445154455932480542e-02,6.802863804327743437e-03,4.195363603634467142e-01,-2.731967581879225504e-01,-3.381426884576351280e-04,4.794709578801210625e-01,-1.280907054012790950e-03,-1.447024271278378807e-02,-3.238193412994356916e-03
-4.135082973885430002e-01,-8.650931824955795241e-03,7.012899036376440964e-01,-5.152016333627058853e-03,-2.503330371739047044e-01,-3.900232420019378310e-02,-9.673601428289103632e-01,-1.164619626522147344e+00,-2.798903047983821238e-02,4.424887060778151526e-02,8.878373254243109303e-01,-5.990537062574531335e-01,3.421102064793365982e-02,-1.146299641040053663e+00,-2.406442825993215795e-02,1.889367114579963876e-03,8.303520047921051361e-01,-4.429565295771537015e-01,1.250702467437289286e-02,7.994055072802210352e-03,-7.267720826806846161e-03,-2.696190610875636162e-01,4.467305349983679563e-01,2.738234767251775392e-01,3.217965204275724224e-05,4.828162441537279248e-01,3.196388193632206717e-03,-1.450592493220345496e-02,6.791323313675252590e-03,4.193019921403986494e-01,-2.731452671127001519e-01,-5.120556976284726522e-04,4.793586723841123942e-01,-1.255730016007071360e-03,-1.449296938674075885e-02,-3.253703334254827526e-03
-4.134320476237918762e-01,-8.110495115758035653e-03,7.014362651043020147e-01,-5.267189585106649141e-03,-2.502583339115364014e-01,-4.017878126005954009e-02,-9.673307027889445076e-01,-1.164821997774448281e+00,-2.865305556500467171e-02,4.609116640252539782e-02,8.891864318141468049e-01,-6.026004594141559645e-01,3.411551043738891842e-02,-1.144987430746919443e+00,-2.553228766123296495e-02,3.590575204579025525e-03,8.293465359940138670e-01,-4.442949616123619827e-01,1.231448299453725102e-02,8.078152001072707797e-03,-6.833101981907501767e-03,-2.710946088594782255e-01,4.475634951803684758e-01,2.742375868232365677e-01,-7.627981558839456956e-08,4.826868541530313084e-01,3.225601479321946533e-03,-1.455939296409268675e-02,6.775702340508376470e-03,4.190984827766864318e-01,-2.730863573020391177e-01,-6.938731810981948328e-04,4.792672199061663862e-01,-1.232326683210291677e-03,-1.451508249943408296e-02,-3.273115874682901681e-03
-4.133635883343220740e-01,-7.538824178801242434e-03,7.015695537697491657e-01,-5.380223138306138193e-03,-2.501826669846853313e-01,-4.127582776520696134e-02,-9.673034644731245413e-01,-1.164998654193440952e+00,-2.927009519207643753e-02,4.795998867972409152e-02,8.905173287513626912e-01,-6.061401074192833693e-01,3.397693857676577223e-02,-1.143767512755548665e+00,-2.703405413317882047e-02,5.240735581718015609e-03,8.284289558957397270e-01,-4.456396095065712215e-01,1.212488021914544245e-02,8.097120264375378546e-03,-6.298667643291209345e-03,-2.725413862925039066e-01,4.483243262601863677e-01,2.746474139793464442e-01,-3.498214338628283243e-05,4.825582953765638061e-01,3.252012494042361146e-03,-1.461068955734787407e-02,6.757588761023000830e-03,4.189343933285051280e-01,-2.730212241712453025e-01,-8.806380595766555601e-04,4.791955453141919508e-01,-1.210248101468947533e-03,-1.453612848538987298e-02,-3.295735599229966152e-03
-4.133049780049551369e-01,-6.938473303657542376e-03,7.016903062066571772e-01,-5.493616808395116249e-03,-2.501113387867194837e-01,-4.230129825912660319e-02,-9.672769709603706856e-01,-1.165158927602852668e+00,-2.985806516272634242e-02,4.983843374276804294e-02,8.918523830096963811e-01,-6.098040439294007964e-01,3.378105667345998597e-02,-1.142649513537599137e+00,-2.861839504362698877e-02,6.804545171369347917e-03,8.275752914962837270e-01,-4.469065374903970489e-01,1.194421906252397282e-02,8.005461244347535435e-03,-5.657668333338392724e-03,-2.739470065710419844e-01,4.490206702973181252e-01,2.750534899325445815e-01,-7.295704700795778799e-05,4.824213029759605309e-01,3.276448407475608324e-03,-1.466041689140139270e-02,6.737532484165528919e-03,4.188010955678616032e-01,-2.729515916609640547e-01,-1.071648844276678432e-03,4.791462199368784480e-01,-1.189460743318422912e-03,-1.455486863555298729e-02,-3.318551563243505101e-03
-4.132562563960363589e-01,-6.309716439954150304e-03,7.017989397826660536e-01,-5.605784158012878764e-03,-2.500434232721785444e-01,-4.324583296758907625e-02,-9.672521179057935736e-01,-1.165296681871662576e+00,-3.040261908731380081e-02,5.172048376284106574e-02,8.931532303188921551e-01,-6.134229784361452387e-01,3.354367739677461407e-02,-1.141626485519425138e+00,-3.024655204530868682e-02,8.303078557010878588e-03,8.267779000371063836e-01,-4.481059755655024679e-01,1.177222297395475251e-02,7.833631441552940666e-03,-4.915252615685298046e-03,-2.753087462503970850e-01,4.496418254169325945e-01,2.754533179214079808e-01,-1.141200453620967270e-04,4.822821216754070162e-01,3.299516792150986901e-03,-1.470774717624622960e-02,6.716076824937263975e-03,4.187081268467054973e-01,-2.728760480391089205e-01,-1.265416977174123195e-03,4.791173270904960368e-01,-1.169680236125240219e-03,-1.457152300638527194e-02,-3.342619383197800980e-03
-4.132183045855634118e-01,-5.658182315827329882e-03,7.018952759664398577e-01,-5.718225110006845170e-03,-2.499806315249615551e-01,-4.410710591580683376e-02,-9.672287986674633631e-01,-1.165391333489118386e+00,-3.092281098197093014e-02,5.359355401139009184e-02,8.943894722216820803e-01,-6.170670130626790817e-01,3.327159470607066877e-02,-1.140718826366653005e+00,-3.194026631176270781e-02,9.701871061933634369e-03,8.260550280241870658e-01,-4.492327051623634104e-01,1.160502407979435539e-02,7.556108669831782670e-03,-4.078820689988160719e-03,-2.766159300777227825e-01,4.501900961302412463e-01,2.758484914666126109e-01,-1.549527645605671224e-04,4.821348758789953393e-01,3.316663478281981804e-03,-1.475372749622089717e-02,6.693983351705709399e-03,4.186473409387402311e-01,-2.727921956115091917e-01,-1.461361665870066114e-03,4.791128325614812944e-01,-1.152036785892403617e-03,-1.458637917957674932e-02,-3.367583329704044396e-03
-4.131910931930501962e-01,-4.983848372689057490e-03,7.019793545292969394e-01,-5.827486382616292593e-03,-2.499217849217076903e-01,-4.487574342717239040e-02,-9.672079970078135691e-01,-1.165441524117661665e+00,-3.140059669757595817e-02,5.545620695463857053e-02,8.955411549252185743e-01,-6.206304618149668384e-01,3.297742737581125377e-02,-1.139917062380933599e+00,-3.365869756595783746e-02,1.101969084425171927e-02,8.253954872745251636e-01,-4.502935040195234495e-01,1.144358180312779298e-02,7.204921039268169861e-03,-3.148833944646035193e-03,-2.778658636783548075e-01,4.506563120638640840e-01,2.762360515424411300e-01,-1.970145453395163234e-04,4.819838245393247567e-01,3.330866609786241068e-03,-1.479766925476468098e-02,6.671356637812984533e-03,4.186297721401782135e-01,-2.727014314062212175e-01,-1.658262724984344884e-03,4.791277601464057345e-01,-1.135589100339494308e-03,-1.459909257855941667e-02,-3.393987687510607257e-03
-4.131723311143226662e-01,-4.290787348290410301e-03,7.020501241667262970e-01,-5.934379807034181713e-03,-2.498602462854176420e-01,-4.555041862142045206e-02,-9.671917078976171034e-01,-1.165432353957145395e+00,-3.185007799489237429e-02,5.727886717199005134e-02,8.966568751513077640e-01,-6.242721895669116616e-01,3.262518785489677831e-02,-1.139235250512230957e+00,-3.542661891972400529e-02,1.222058584423276785e-02,8.248664835463997980e-01,-4.513826203531387526e-01,1.129225681390445303e-02,6.755151613515308039e-03,-2.122047105134427375e-03,-2.790669734551260994e-01,4.510460504297315598e-01,2.766142657104909142e-01,-2.376453303807438187e-04,4.818200786848843564e-01,3.339962756491922195e-03,-1.483968373504481776e-02,6.647425622527796882e-03,4.186454431163176837e-01,-2.726071363559141036e-01,-1.852703974177397420e-03,4.791598531246057946e-01,-1.123445421888083539e-03,-1.460891901245040328e-02,-3.423302154116101854e-03
-4.131618138368721160e-01,-3.579022971759964877e-03,7.021078007087836470e-01,-6.036652300885418133e-03,-2.497961285329837189e-01,-4.612215487472381970e-02,-9.671805414857369554e-01,-1.165363942617985593e+00,-3.225463263564799093e-02,5.906452623154723885e-02,8.977090912839865711e-01,-6.278676772426046160e-01,3.223925248667520310e-02,-1.138659386367604665e+00,-3.720527392938718925e-02,1.332569963140614600e-02,8.244361153544145226e-01,-4.524607714129545433e-01,1.115141729937856388e-02,6.237636549803263208e-03,-1.002019098653336628e-03,-2.802197007901685022e-01,4.513507306101349759e-01,2.769818913584836118e-01,-2.792829788654442678e-04,4.816488683587853425e-01,3.346787406472322320e-03,-1.488007337132186622e-02,6.622744384659198444e-03,4.187052052342861708e-01,-2.725092543653872545e-01,-2.045282249870670858e-03,4.792071143668341637e-01,-1.113348188022059626e-03,-1.461661001010830345e-02,-3.454662951165224545e-03
-4.131604332308418392e-01,-2.851691159567801628e-03,7.021517902223597396e-01,-6.129587327849774815e-03,-2.497279741394121400e-01,-4.659149614673120665e-02,-9.671750614951900582e-01,-1.165230469471187025e+00,-3.263419143919778914e-02,6.077259217360690691e-02,8.986732970103484819e-01,-6.313503951450130103e-01,3.181806156357930987e-02,-1.138192321039654953e+00,-3.900540479178266073e-02,1.430057909649802214e-02,8.241087439985786967e-01,-4.535187528039022475e-01,1.101728181241606874e-02,5.628850322886808782e-03,2.229304649394381679e-04,-2.813102965625606244e-01,4.515780425216192606e-01,2.773336790795001283e-01,-3.224176844349798559e-04,4.814697882520174166e-01,3.350796269468245964e-03,-1.491842869515077642e-02,6.596451051483397110e-03,4.187990998410739407e-01,-2.724131665104461142e-01,-2.232900755985546635e-03,4.792685427147724275e-01,-1.106282411993620958e-03,-1.462352268207266388e-02,-3.484750789976176055e-03
-4.131679545381397034e-01,-2.108994168878508720e-03,7.021821510644130626e-01,-6.213402455830802605e-03,-2.496562207969344471e-01,-4.694901197937909748e-02,-9.671757623728349795e-01,-1.165038514545574833e+00,-3.297288426105927234e-02,6.241131164336452541e-02,8.995528283284583981e-01,-6.346792676618630002e-01,3.138427743139536596e-02,-1.137825211421451321e+00,-4.079217519754414073e-02,1.516985269502574285e-02,8.238616823243266607e-01,-4.545341041400186577e-01,1.089151650752121642e-02,4.958755490128126039e-03,1.542701988135227560e-03,-2.823397741089012092e-01,4.517211718965331024e-01,2.776713218357211854e-01,-3.691777085837548694e-04,4.812849536432184938e-01,3.353757631936142049e-03,-1.495500958803934813e-02,6.569203603706003612e-03,4.189374269454564370e-01,-2.723169669993101838e-01,-2.416741530786363674e-03,4.793429357503798949e-01,-1.100525095571599664e-03,-1.462955772074665990e-02,-3.514511964930586499e-03
-4.131799761294230322e-01,-1.349892956750836431e-03,7.021990034678183834e-01,-6.282471281130432711e-03,-2.495679524354769974e-01,-4.719203535177095288e-02,-9.671862692734645162e-01,-1.164772262299468064e+00,-3.328679412967498752e-02,6.394301974712780778e-02,9.003829280752141395e-01,-6.378572592092308646e-01,3.091453365799659916e-02,-1.137540848902277801e+00,-4.257510068409898346e-02,1.590163548121315343e-02,8.237563978103017437e-01,-4.556678725093378235e-01,1.076620566694754845e-02,4.206191009162600983e-03,2.973054949408747948e-03,-2.833296507508337170e-01,4.517862074207795176e-01,2.779846030942952906e-01,-4.173432505902237885e-04,4.810925928830517839e-01,3.353526217785134014e-03,-1.498689626167825847e-02,6.541484283866965711e-03,4.191083903544953748e-01,-2.722276084148350650e-01,-2.592989169261122016e-03,4.794289118756832058e-01,-1.099309847189229713e-03,-1.463246084014688253e-02,-3.544219233389886339e-03
-4.131960340098346229e-01,-5.748254010015676173e-04,7.022025411964845087e-01,-6.340308514506084667e-03,-2.494653672730975102e-01,-4.731136397126685378e-02,-9.672065269932880183e-01,-1.164438706028454451e+00,-3.356329929158497621e-02,6.538305875024126579e-02,9.011661850472872937e-01,-6.408573168546349841e-01,3.043652583357989508e-02,-1.137328903095882859e+00,-4.432568499468796108e-02,1.652486974637734640e-02,8.237495560387513294e-01,-4.568414544912013375e-01,1.064513238399552447e-02,3.398802784422030182e-03,4.495550390098495240e-03,-2.842848088490342873e-01,4.517677991390407488e-01,2.782789252372124822e-01,-4.696511804517811421e-04,4.808942961551576634e-01,3.352157429650776035e-03,-1.501599361728556820e-02,6.513438279034145482e-03,4.193226499228843718e-01,-2.721402832175195963e-01,-2.764115075690402878e-03,4.795276558562867608e-01,-1.099956527401100247e-03,-1.463351777523347504e-02,-3.574027745490524800e-03
-4.132046228018806944e-01,2.171065099223706092e-04,7.021896232767544932e-01,-6.390172708717604087e-03,-2.493163074268983925e-01,-4.731115161554307058e-02,-9.672446430332816147e-01,-1.163995544267922844e+00,-3.383775111641321165e-02,6.670220933034023969e-02,9.020663686540817405e-01,-6.440145944673123513e-01,2.992191705784431541e-02,-1.137171931597229513e+00,-4.608664594896401401e-02,1.700551805386218279e-02,8.240220643245064203e-01,-4.583685051530768662e-01,1.051798251512931458e-02,2.509937287599901638e-03,6.116796150039088657e-03,-2.852625666024901641e-01,4.516698244760107284e-01,2.785463568351388419e-01,-5.255158675746521464e-04,4.806844968573287247e-01,3.349392790303298579e-03,-1.503914600116719111e-02,6.485438272261116049e-03,4.195665539751070039e-01,-2.720629824301760702e-01,-2.919776834193149248e-03,4.796389886821081361e-01,-1.111009225330134150e-03,-1.463180557332737809e-02,-3.602641318058105203e-03
-4.132047284661132802e-01,1.025192024743401195e-03,7.021611627041316472e-01,-6.436311513843008189e-03,-2.491277578960658379e-01,-4.718169463983246104e-02,-9.672992410989941225e-01,-1.163446168423763138e+00,-3.409342828544737608e-02,6.792243489059639205e-02,9.030283888185489660e-01,-6.471615927186161743e-01,2.940441200774781064e-02,-1.137050895878423118e+00,-4.782765055068236709e-02,1.737633406236999134e-02,8.244777137470679085e-01,-4.600547605206461443e-01,1.039058373826126300e-02,1.568400744329893686e-03,7.814869714492113373e-03,-2.862794213139944199e-01,4.514877332936523269e-01,2.787939967671524411e-01,-5.874617988520209428e-04,4.804689584442248251e-01,3.346462650175835614e-03,-1.505976042498625121e-02,6.457175803932747524e-03,4.198530610019696740e-01,-2.719875053482324612e-01,-3.065438262558665104e-03,4.797670819338843984e-01,-1.126327744747054058e-03,-1.462871139498165066e-02,-3.630336840435812590e-03
-4.131943951350358080e-01,1.844542185297917648e-03,7.021185351034090472e-01,-6.470794009754644339e-03,-2.488931272623658153e-01,-4.694680487543921588e-02,-9.673708376514309482e-01,-1.162791598565852347e+00,-3.435233539468160457e-02,6.901207545118007158e-02,9.041153581745361434e-01,-6.505029614782643632e-01,2.888455507359169103e-02,-1.136949464243905084e+00,-4.954568703489142106e-02,1.762618789378142883e-02,8.251510612650301280e-01,-4.619692347480516825e-01,1.025436014017648209e-02,5.414281367792442290e-04,9.592181602161232307e-03,-2.873377093486320644e-01,4.512344225853558988e-01,2.790169433468612237e-01,-6.466692458229435963e-04,4.802457709460689061e-01,3.335647778696720564e-03,-1.507610630046327810e-02,6.427417321845491603e-03,4.201645711518823267e-01,-2.719189022264018041e-01,-3.191565185724278778e-03,4.799149026706342469e-01,-1.148560957178794417e-03,-1.462018355560395881e-02,-3.653201405793210250e-03
-4.131726772786026292e-01,2.674450455301584286e-03,7.020626138646722803e-01,-6.499318136034858313e-03,-2.486199771608613163e-01,-4.659727764853340004e-02,-9.674577817848412087e-01,-1.162034541746070682e+00,-3.459918555911856153e-02,6.999566578848644138e-02,9.052642492593686585e-01,-6.538528501402474102e-01,2.838763409455056369e-02,-1.136856935176828065e+00,-5.121784719647923950e-02,1.778653047485683272e-02,8.259631760702906833e-01,-4.639542627182219325e-01,1.011573590127852820e-02,-5.420507891771670587e-04,1.142374719634967062e-02,-2.884547993518756792e-01,4.509043575075515897e-01,2.792242246767246971e-01,-7.080780472553915546e-04,4.800202469435752017e-01,3.321914487605865003e-03,-1.509077398560394918e-02,6.396832644437349703e-03,4.205166679596552548e-01,-2.718480882781214025e-01,-3.305735277593049859e-03,4.800836146858906694e-01,-1.172999411376600626e-03,-1.460851507201377242e-02,-3.673366333704591261e-03
-4.131391801929951701e-01,3.505657176104026891e-03,7.019948885545193029e-01,-6.516936714848101803e-03,-2.483018083394144537e-01,-4.615473763889479247e-02,-9.675605829635252064e-01,-1.161159964548672319e+00,-3.487392686793207991e-02,7.081685420322952895e-02,9.065189006259873894e-01,-6.574516372466790992e-01,2.788438984612884308e-02,-1.136779953458733283e+00,-5.283731270402544644e-02,1.784822153787384361e-02,8.269829395604512134e-01,-4.661097960966734677e-01,9.979448011345655456e-03,-1.713328361151877574e-03,1.330652426811574328e-02,-2.896130062169167685e-01,4.505079522771500145e-01,2.794138753425430832e-01,-7.671991720724143527e-04,4.797913556245806954e-01,3.307021596308501975e-03,-1.509813028188104929e-02,6.365931829105569810e-03,4.208955379378536144e-01,-2.717782653758991640e-01,-3.399211392812017795e-03,4.802717884124952930e-01,-1.202111510108304186e-03,-1.459099243636437053e-02,-3.690140277624873785e-03
-4.130928407370636490e-01,4.337588857110435438e-03,7.019162261241198575e-01,-6.528651108588559918e-03,-2.479473981652979275e-01,-4.561017576496997905e-02,-9.676772066781621495e-01,-1.160174726859108274e+00,-3.515602706992259491e-02,7.150388262224262326e-02,9.078144691361448304e-01,-6.610990105509813031e-01,2.740313797588235512e-02,-1.136709777532757037e+00,-5.438553430401157907e-02,1.783731156253082206e-02,8.281319134793422299e-01,-4.682859869825293231e-01,9.848934410985938151e-03,-2.942665198500554226e-03,1.521746249230248454e-02,-2.908335466282114257e-01,4.500405728254257554e-01,2.795942129365471263e-01,-8.290005238539903355e-04,4.795647586701130005e-01,3.292567257218705686e-03,-1.510213282335200191e-02,6.334678453194078455e-03,4.213185218115749753e-01,-2.717013008010529806e-01,-3.480481657635365548e-03,4.804797400328669754e-01,-1.232089557998249834e-03,-1.457027045150450714e-02,-3.705034127374230365e-03
-4.130339376324308476e-01,5.163004826117701708e-03,7.018284837731774140e-01,-6.521452297577553375e-03,-2.475532383419889737e-01,-4.497944286660691265e-02,-9.678076847007026640e-01,-1.159075068641593820e+00,-3.549254228124337079e-02,7.197057265987219510e-02,9.091724127573501679e-01,-6.649279096555915647e-01,2.692702991044682026e-02,-1.136651666513797565e+00,-5.583573471694856794e-02,1.773822080543652202e-02,8.294680938316744134e-01,-4.706096258333671845e-01,9.718122816009831799e-03,-4.244326635529364899e-03,1.717185366521460643e-02,-2.921004968438291050e-01,4.495078571025640790e-01,2.797527996617683033e-01,-8.850432274784001199e-04,4.793404816620963627e-01,3.272536870352196932e-03,-1.510411769053189059e-02,6.304336363250270803e-03,4.217788423593167302e-01,-2.716294117951287834e-01,-3.541256055145399102e-03,4.807000674202001056e-01,-1.268599004147759855e-03,-1.454768989823687977e-02,-3.716713575867832981e-03
-4.129614254668951823e-01,5.981130464157871293e-03,7.017325129590443744e-01,-6.502205262269362095e-03,-2.471279713865662808e-01,-4.425348167909252950e-02,-9.679499555474788686e-01,-1.157870059059689538e+00,-3.585749424967429183e-02,7.225515970013131339e-02,9.105416052698968032e-01,-6.687719249655917908e-01,2.648669546437161515e-02,-1.136597953674122419e+00,-5.717782917263858344e-02,1.757439057247531244e-02,8.309143091136870218e-01,-4.729317948777952418e-01,9.590657033176413701e-03,-5.591248761024987003e-03,1.914245416105712222e-02,-2.934348650688117233e-01,4.489078009320257578e-01,2.799000354639818444e-01,-9.406683550000752075e-04,4.791211190529708897e-01,3.250972578760945395e-03,-1.510559647764359199e-02,6.274612661466124654e-03,4.222912946519356558e-01,-2.715529030186934478e-01,-3.590007104313398291e-03,4.809354635261952615e-01,-1.306625298536571826e-03,-1.452444866177610323e-02,-3.726480496537263459e-03
-4.128775899407242100e-01,6.788314833682791358e-03,7.016315355767729356e-01,-6.456669913598935169e-03,-2.466721927519281710e-01,-4.345063162418569269e-02,-9.681028784938312537e-01,-1.156570501968800402e+00,-3.630704750030477879e-02,7.226978606150380458e-02,9.119093952414929483e-01,-6.726239510852296544e-01,2.605584493180464201e-02,-1.136540047429341005e+00,-5.839431121065667696e-02,1.732993170641307715e-02,8.324801298176343067e-01,-4.753320072188814138e-01,9.458871619378647969e-03,-7.002827803539477675e-03,2.114801133843166939e-02,-2.948114765378982982e-01,4.482502340166473198e-01,2.800218503404396930e-01,-9.875809925624448333e-04,4.789116253938079937e-01,3.223350638028901673e-03,-1.510317294393413549e-02,6.246492136135656757e-03,4.228470030948014435e-01,-2.714853889948108945e-01,-3.620415299933354720e-03,4.811783335482296420e-01,-1.348107957786944238e-03,-1.450026307598324161e-02,-3.731361775748547310e-03
-4.127815128067039430e-01,7.583446147287577731e-03,7.015261904050311692e-01,-6.394337263745514081e-03,-2.461935035084475698e-01,-4.256045769226594888e-02,-9.682646738997650049e-01,-1.155186826281546564e+00,-3.680803979661430303e-02,7.206496037038677416e-02,9.132532718732754295e-01,-6.763963908420982385e-01,2.566777691128147021e-02,-1.136475967373991036e+00,-5.948100044482008963e-02,1.702842987621604881e-02,8.341044656125046197e-01,-4.776913673079486444e-01,9.327134956455842424e-03,-8.452484014431299597e-03,2.315437309390857776e-02,-2.962486989512359559e-01,4.475355368731560590e-01,2.801320272265289679e-01,-1.031657537731378365e-03,4.787106482768728188e-01,3.194131367760968173e-03,-1.509883442138263213e-02,6.219570165837156293e-03,4.234581826878184296e-01,-2.714147996385423145e-01,-3.640329078137272568e-03,4.814330102962981472e-01,-1.389549589149303033e-03,-1.447599765871927270e-02,-3.733592143427414030e-03
-4.126752527820931604e-01,8.359702057449923396e-03,7.014190977833386631e-01,-6.300173700074409092e-03,-2.456883599829253195e-01,-4.159582374662359333e-02,-9.684355038034743179e-01,-1.153715187864106984e+00,-3.741567440402280426e-02,7.154100135140124828e-02,9.145602173186804240e-01,-6.800972686498754083e-01,2.533231234850786065e-02,-1.136408140428323499e+00,-6.041898937794352997e-02,1.663928739702350695e-02,8.358369240985050741e-01,-4.801462517538807595e-01,9.187222720481683091e-03,-9.944810741746044902e-03,2.517398015438700870e-02,-2.977152044845723378e-01,4.467681644432847099e-01,2.802165769897664305e-01,-1.069003042358728948e-03,4.785236641603758390e-01,3.161894470078833227e-03,-1.509057372714254532e-02,6.191635442220518905e-03,4.241134303647770554e-01,-2.713554486302026669e-01,-3.643809778877173285e-03,4.816913423246700909e-01,-1.435885124723291833e-03,-1.445262506663076880e-02,-3.735078694818201421e-03
-4.125577578966770909e-01,9.115640301209372923e-03,7.013108503235350177e-01,-6.185712517042829886e-03,-2.451647558694570461e-01,-4.054594002908539635e-02,-9.686134451819692348e-01,-1.152169030463507715e+00,-3.809004075800716260e-02,7.075811003866978866e-02,9.158254585229370637e-01,-6.836873881805778375e-01,2.507120090411302932e-02,-1.136335574055392650e+00,-6.120948822529066052e-02,1.618588547896398014e-02,8.376140200461114071e-01,-4.825695613680634488e-01,9.044453514919868070e-03,-1.145704481024442840e-02,2.716797871325107513e-02,-2.992314268866533844e-01,4.459530010966492597e-01,2.802910528937270218e-01,-1.104215587486789872e-03,4.783466557890530546e-01,3.129583335834300491e-03,-1.508046839055360300e-02,6.163711850393272830e-03,4.248220552341532841e-01,-2.712932556293171649e-01,-3.637511518873641492e-03,4.819602074135925784e-01,-1.482776627197616645e-03,-1.442986402932905539e-02,-3.735818243418999492e-03
-4.124255483877231065e-01,9.863726925681156471e-03,7.012067690230963102e-01,-6.052186921231322327e-03,-2.446118593511573680e-01,-3.940251318066411573e-02,-9.688012444527966949e-01,-1.150545248463849868e+00,-3.891828497515588403e-02,6.964935523634369074e-02,9.170837901850275031e-01,-6.871304372487809786e-01,2.482342257502693356e-02,-1.136224841358767890e+00,-6.183088000586683952e-02,1.571666470401012622e-02,8.394976880371225469e-01,-4.853015144263035374e-01,8.910309325275783676e-03,-1.296204057271029345e-02,2.914807080597195746e-02,-3.008204561303877145e-01,4.450858581441341499e-01,2.803389208141648381e-01,-1.135773059106282880e-03,4.781906491341312293e-01,3.096629294427552699e-03,-1.506516767623544521e-02,6.139266313983618613e-03,4.255842401479322246e-01,-2.712419196828578238e-01,-3.612155059563763784e-03,4.822385439726479817e-01,-1.539444118240046065e-03,-1.440876881688682790e-02,-3.731652260558954853e-03
-4.122775858439545194e-01,1.060216815274409724e-02,7.011073194446849621e-01,-5.911746729727630593e-03,-2.440370119305035890e-01,-3.815579644666310111e-02,-9.689969676196906745e-01,-1.148851258496686345e+00,-3.985206139639689560e-02,6.828563380692014018e-02,9.183302892427148700e-01,-6.904080384872358644e-01,2.461689719448894795e-02,-1.136069902042775803e+00,-6.229429106166253782e-02,1.524698684699033954e-02,8.414027521110338803e-01,-4.881448528063302983e-01,8.786535890617255123e-03,-1.444539417140344208e-02,3.107577227241366258e-02,-3.025008120357609576e-01,4.441780347199209555e-01,2.803759271025368927e-01,-1.164681925445010214e-03,4.780472981239759500e-01,3.064588118107505147e-03,-1.504768392683046574e-02,6.117408754117949904e-03,4.264041584505925409e-01,-2.711870869841906950e-01,-3.572339193262010892e-03,4.825327715928283134e-01,-1.598702948871949569e-03,-1.438736073100234554e-02,-3.724003004475618696e-03
-4.121076550254291204e-01,1.131429252157541837e-02,7.010065335323270030e-01,-5.786917078656722557e-03,-2.434055944772248736e-01,-3.681286540178324573e-02,-9.692084611211480016e-01,-1.146969456618300853e+00,-4.083342942148985438e-02,6.674853453532217373e-02,9.194359813036462326e-01,-6.931752378526271352e-01,2.436910936085460999e-02,-1.135906469243962880e+00,-6.253511043580405049e-02,1.487379723337205022e-02,8.435898852058170139e-01,-4.913868076909493343e-01,8.650166084176496434e-03,-1.581260407490689412e-02,3.288081442431748519e-02,-3.042679330197819443e-01,4.432208816598728340e-01,2.804322266131264452e-01,-1.195893836948187143e-03,4.778970133989005054e-01,3.031446389213386054e-03,-1.501314874020274331e-02,6.092227811556422297e-03,4.272712267617659876e-01,-2.711132774434898418e-01,-3.511929741937436407e-03,4.828303117186606985e-01,-1.666705431032049125e-03,-1.436319543121189479e-02,-3.711328956429595961e-03
-4.119138970368579344e-01,1.200085957358464940e-02,7.009052718255299741e-01,-5.675180314469305785e-03,-2.427294048553838013e-01,-3.537793733586031691e-02,-9.694321172195655700e-01,-1.144936382327677915e+00,-4.183516075002294970e-02,6.506609568787313780e-02,9.204621345367665075e-01,-6.955847695078716253e-01,2.409884512301965070e-02,-1.135708782071310097e+00,-6.258268033931013719e-02,1.457099128263890028e-02,8.459222240307923135e-01,-4.947370117271910339e-01,8.507478816706602262e-03,-1.707420820450218646e-02,3.457426163151874898e-02,-3.061566714741358886e-01,4.422333816439635301e-01,2.804985372750408712e-01,-1.224695506563576930e-03,4.777463173671074870e-01,2.999497560126907804e-03,-1.497408637932948552e-02,6.066425524364343035e-03,4.281894835873097382e-01,-2.710265528365478072e-01,-3.431787687781192187e-03,4.831348536385633996e-01,-1.736198668722229279e-03,-1.433584416395269900e-02,-3.694380932242179432e-03
-4.116975205022422313e-01,1.266785929739146742e-02,7.008059977765919157e-01,-5.571654237225153253e-03,-2.420089324393732144e-01,-3.387281642696949452e-02,-9.696665744450101432e-01,-1.142765963390305783e+00,-4.286332057683680391e-02,6.325997605928931899e-02,9.213584997998288673e-01,-6.974053410040776946e-01,2.381713468105952497e-02,-1.135445622148628875e+00,-6.248630728475898510e-02,1.431335096333630555e-02,8.483689574441951597e-01,-4.982255184384022928e-01,8.358388387850848242e-03,-1.825381094338674598e-02,3.617309171891300301e-02,-3.081646762833884501e-01,4.412289511643763262e-01,2.805546929544687762e-01,-1.236481714024098739e-03,4.776044813547900558e-01,2.963309597954069848e-03,-1.493826333361929909e-02,6.042376753643025934e-03,4.291378239535055816e-01,-2.709384184125772088e-01,-3.326359412379375526e-03,4.834440236988339357e-01,-1.807999716993885292e-03,-1.430575252683068121e-02,-3.676504848578232131e-03
-4.114571246630475687e-01,1.331549853912259926e-02,7.007091297811837149e-01,-5.476972767578308296e-03,-2.412528821717128957e-01,-3.229715323415417033e-02,-9.699092449843512709e-01,-1.140482934558858741e+00,-4.389156786643257091e-02,6.135718549156565088e-02,9.221894770226930493e-01,-6.988220694639064590e-01,2.351149420237059681e-02,-1.135106985903408638e+00,-6.226528311926525505e-02,1.408686860221502850e-02,8.508464038311708277e-01,-5.016719758927076223e-01,8.207320464856207934e-03,-1.935351203482953489e-02,3.767748110782304094e-02,-3.103170121081033073e-01,4.402244457806885336e-01,2.806001142422318018e-01,-1.234446002355783691e-03,4.774698926784833319e-01,2.926531097754304662e-03,-1.490754506360300428e-02,6.021316890371904325e-03,4.301207537989379381e-01,-2.708487917832048120e-01,-3.200733545221318924e-03,4.837584071466315971e-01,-1.878280074627629130e-03,-1.427287554670702598e-02,-3.656358561444449703e-03
-4.111958403149754138e-01,1.393544058808712446e-02,7.005902066565008468e-01,-5.412376813734785276e-03,-2.404372460047893567e-01,-3.065713265455142014e-02,-9.701653349446472951e-01,-1.138097209328611470e+00,-4.491862869334333624e-02,5.939667977209878158e-02,9.229966123955484214e-01,-6.996363389913849984e-01,2.313595899185159552e-02,-1.134775088037466295e+00,-6.189812293524459691e-02,1.398396132194172116e-02,8.535721575532160266e-01,-5.051555581166673470e-01,8.069064135156740758e-03,-2.038729801014816517e-02,3.903876045798401750e-02,-3.125519223446474038e-01,4.392509993030316306e-01,2.806637061989475934e-01,-1.205613251144512649e-03,4.772891247380797730e-01,2.885457219564575848e-03,-1.488248914656345803e-02,6.004661468801963074e-03,4.311316532674666635e-01,-2.707517579027238774e-01,-3.040443527277682766e-03,4.840432829550720961e-01,-1.944749042543545466e-03,-1.423614111394484391e-02,-3.630331715896019211e-03
-4.109118785125703277e-01,1.452935954801883381e-02,7.004514983085817770e-01,-5.370423763695329235e-03,-2.395724161997325186e-01,-2.895819065170038287e-02,-9.704316766980558562e-01,-1.135633885272497423e+00,-4.592618439772345323e-02,5.738785713640365271e-02,9.238341710280317809e-01,-7.000200453083333940e-01,2.270362524163499832e-02,-1.134427203444836385e+00,-6.141174402141344468e-02,1.396566444944696492e-02,8.564421128173467235e-01,-5.084773466934775499e-01,7.945982151144509106e-03,-2.135859175568080581e-02,4.028187448951622146e-02,-3.149012551642186297e-01,4.383121304860267964e-01,2.807322959873964630e-01,-1.156822782476109356e-03,4.770900086784626293e-01,2.844294572852287990e-03,-1.486763240043627483e-02,5.992329588488653005e-03,4.321751666321717589e-01,-2.706532910069176512e-01,-2.857071480456151082e-03,4.843109375014938989e-01,-2.007077871362150309e-03,-1.419959115222811478e-02,-3.599586440839225472e-03
