-2.862223545484419464e-03,1.865383142973980191e-08,7.897331641517341128e-01,1.789508187234237620e-10,-2.499699712581874081e-02,-7.473945418173145904e-08,9.996875262474201884e-01,3.000056409283196474e-02,-1.007649294313739925e-05,2.141451841076415351e-06,4.999965513280262702e-02,-3.000101706436123644e-02,1.029635221688263765e-05,3.000045103647983741e-02,1.008056988483491626e-05,-1.837644190519344476e-06,4.999977901778536460e-02,-3.000102788992618785e-02,-1.024970303497404563e-05,-6.202968715602726703e-10,6.044634173507687970e-15,-1.311628538881730189e-14,4.979999472742425159e-01,2.999999999999993228e-01,3.655207328529418295e-16,5.010000112981148890e-01,1.273449895273231277e-18,1.045914448257287198e-16,2.705754225173851006e-17,4.979999479596501910e-01,-3.000000000000030975e-01,-8.008608748973628868e-16,5.010000099335686352e-01,-1.141320218807361267e-18,-4.705172023572384737e-17,-6.571793951766607376e-17
-2.855354259702907235e-03,2.184539080794580814e-04,7.888124347181139084e-01,-8.651361766385303733e-04,-2.426698626295277494e-02,1.987932313408849309e-04,9.997051192218436855e-01,2.802550032844172700e-02,1.924170306708156706e-03,3.715566621634341232e-03,4.891809928267726315e-02,-2.838246749086412168e-02,-1.009464833147006527e-03,2.959851510245616740e-02,1.832127918656392945e-03,-2.056896010244126625e-03,4.685114025334376209e-02,-2.742937625980803110e-02,-2.072833454760481876e-04,-7.162166065935480575e-04,3.181059392207277476e-03,-8.511460428658122442e-04,5.023490119498206230e-01,3.003345904076934469e-01,-1.979222163762673226e-03,4.946592196642400907e-01,6.037397161847383315e-02,-8.310107276560005319e-04,-5.796635309875564079e-03,4.988526017568388760e-01,-3.000455502847315659e-01,-5.867937250226750064e-03,4.990611318874084157e-01,-6.141699174700020886e-02,-3.257786063876582771e-03,2.843573013305469421e-03
-2.919292683580222789e-03,5.793069786826241180e-04,7.871807720266895680e-01,-2.128632256417228256e-03,-2.315276132220270636e-02,3.676182767245994012e-04,9.997296051556523455e-01,2.508062998896469845e-02,4.411772983401254962e-03,6.218335254755760072e-03,4.840047405103637540e-02,-3.128371364169513225e-02,-2.949629758921689434e-03,2.893644660529235552e-02,4.415518678377430839e-03,-4.790463200014511910e-03,4.238221475908084124e-02,-2.735368541069589654e-02,-1.257916468997728222e-03,-1.205997026467293953e-03,8.218856358553211505e-03,-1.464073016910389519e-03,5.086295946465757556e-01,3.004428858141944270e-01,-4.699477853778741797e-03,4.854381747485357890e-01,1.494730389557222816e-01,-2.688912558130859137e-03,-1.455559402365746297e-02,5.008488679670354271e-01,-3.008099820256151524e-01,-1.427847552783655105e-02,4.944159403707308331e-01,-1.524355690695637089e-01,-8.829974521897864317e-03,7.881578415625454387e-03
-3.051840213315516401e-03,6.264661279235335303e-04,7.855380349359870618e-01,-1.973584347148747264e-03,-2.253062257253096029e-02,-2.925522701635520253e-04,9.997441624858272036e-01,2.376366039647303044e-02,3.951730831138126725e-03,6.762899662516840167e-03,4.776584610389726648e-02,-3.306644043160190255e-02,-3.938113543268222105e-03,2.750804260064611262e-02,3.825063931456397330e-03,-7.116214966385897567e-03,4.102052905087148760e-02,-2.554935086708847586e-02,-2.832259805098638963e-03,6.239512050387832371e-04,8.328499259194193510e-03,-1.142359017662607397e-03,5.143344794402371356e-01,2.977984724407267136e-01,-1.225902340646915258e-03,4.857875588169517367e-01,2.403108631982078247e-01,-1.499665729556566227e-02,-2.703827545440835173e-02,4.991019123289425763e-01,-2.955879322134246645e-01,-2.738294972464055260e-02,4.982981144460315592e-01,-2.407351842580940926e-01,-1.771204819280398218e-02,1.742765732894230313e-02
-3.254115225367499968e-03,5.247724061167623535e-04,7.844472490630676198e-01,-8.592967672055200953e-04,-2.223877667079187520e-02,-1.051715363016792566e-03,9.997517653478025235e-01,2.304192776289200675e-02,1.632647062636994207e-03,7.987397463434412620e-03,4.749895768491510517e-02,-3.364258039540540812e-02,-4.762729819309231838e-03,2.627351183804110465e-02,1.125326351480945754e-03,-8.591520370081177568e-03,4.104670327586854017e-02,-2.671749320268732020e-02,-3.449351014808636762e-03,3.715791193715054820e-03,5.230189623760834322e-03,-1.638788663947867569e-04,5.189135785763017150e-01,2.927502171304509071e-01,5.299193218662873184e-03,4.928603747395289281e-01,3.321816132161472535e-01,-3.179850966458175332e-02,-4.029416318134376729e-02,4.945963327141855714e-01,-2.866028911012010183e-01,-4.250759915379237475e-02,5.084604298962875912e-01,-3.279842338075262265e-01,-2.814057149743715014e-02,2.888097354728099211e-02
-3.541048780253363854e-03,4.821337676019634777e-04,7.840157156433807950e-01,3.549745283412737598e-04,-2.184751840676131193e-02,-1.285611598680123577e-03,9.997604248695624030e-01,2.123217549705499335e-02,-1.131196903570843692e-03,8.699896349944507765e-03,4.833848276097654079e-02,-3.307032583404945214e-02,-5.171266777500595907e-03,2.528675360612703954e-02,-1.978727615647339535e-03,-9.628986105230327025e-03,4.019687492733418910e-02,-2.720181180041238156e-02,-2.584201981571058321e-03,7.024432364877331199e-03,1.557043964936338874e-03,7.625752824879237146e-04,5.215463539098679213e-01,2.871371396159204115e-01,1.200097339398612309e-02,5.017194567260354621e-01,4.164455015389906811e-01,-4.677642524238920935e-02,-5.174932121577748706e-02,4.907915702468590990e-01,-2.775649235319965213e-01,-5.554180939178315901e-02,5.183801063982726998e-01,-4.182994942395364402e-01,-3.779279171655667430e-02,3.882398037337160546e-02
-3.890494664267051938e-03,5.829390365605381088e-04,7.840641511541265318e-01,1.153196635398647104e-03,-2.130570743860842400e-02,-1.093194191154689974e-03,9.997717448970645515e-01,1.855805438454799505e-02,-3.190901022895914225e-03,9.041825860883612523e-03,4.967402573510670133e-02,-3.151981095728897259e-02,-5.064289058621522163e-03,2.420524141507865781e-02,-4.448162802512738850e-03,-1.120041388392759366e-02,3.885090260953015517e-02,-2.662053486855354284e-02,-1.471348583184220677e-03,1.094915994074612334e-02,-1.150526315157672334e-03,1.584809632419046993e-03,5.234221466881161522e-01,2.803251031981456864e-01,1.851018573177079518e-02,5.105789258113609952e-01,4.974802949503067673e-01,-6.066436671747133663e-02,-6.230936391353002896e-02,4.881957795334224137e-01,-2.688861659953442063e-01,-6.757690758463250069e-02,5.272808220378482069e-01,-5.098928191823511868e-01,-4.667711096326843112e-02,4.831151124093671645e-02
-4.364259275672481043e-03,7.854685193627703420e-04,7.843990225788667336e-01,1.452784854724726476e-03,-2.071624234951676552e-02,-7.159482609039746369e-04,9.997840837586733365e-01,1.570406620035487422e-02,-4.052625997626737968e-03,1.028638186355042804e-02,5.052545366575427604e-02,-2.890112552720279504e-02,-4.692643075491681297e-03,2.289561687329132178e-02,-6.513390187275003643e-03,-1.504916691098502103e-02,3.763325506453722713e-02,-2.681108617393547500e-02,-6.515476298175944952e-04,1.599129328836449912e-02,-2.792403834827741384e-03,2.941504643181025967e-03,5.238836263065295151e-01,2.717835271871400504e-01,2.625865824331779716e-02,5.168808254528698409e-01,5.794995383074608153e-01,-7.306982400611025663e-02,-7.409017127097994315e-02,4.867221315843448526e-01,-2.600279818880490978e-01,-7.974760626241611527e-02,5.344527322035946826e-01,-6.019554974100085332e-01,-5.517151830960160402e-02,5.859018070506034903e-02
-4.888657289096374689e-03,1.041056499034745658e-03,7.848092007926600333e-01,1.270586725264778987e-03,-2.000617252603967972e-02,-2.745876839420670085e-04,9.997990114377169890e-01,1.264276585697849536e-02,-3.846993310312037291e-03,1.129084247465404235e-02,5.106758969772318135e-02,-2.627312062790454483e-02,-4.291570147785947302e-03,2.127834206348807808e-02,-7.806468822481382047e-03,-1.993019505681609474e-02,3.645705653404637814e-02,-2.735930384175330743e-02,1.073020697227540293e-04,2.163296035999942926e-02,-3.434476294558183509e-03,4.420483692247150452e-03,5.244759974385801993e-01,2.621701887799982589e-01,3.437088479910958144e-02,5.203280480440098943e-01,6.618853780941735820e-01,-8.511160126523947822e-02,-8.644477308447809372e-02,4.866938295426120331e-01,-2.514134771052745077e-01,-9.178639797986341831e-02,5.390903657558113737e-01,-6.942954597640170755e-01,-6.363773793122809441e-02,6.948001194476036146e-02
-5.267735191391407883e-03,1.292699557426189860e-03,7.851607689593607109e-01,6.470071107364845512e-04,-1.939580597458081049e-02,-1.958660094516308280e-05,9.998116741210618663e-01,1.022971546444004752e-02,-2.454944716558612929e-03,1.249923935546665317e-02,5.155436715801915704e-02,-2.486654871877416739e-02,-4.299112229980657680e-03,1.990002369064196308e-02,-7.843126040813301267e-03,-2.401030390408007489e-02,3.554560713147655870e-02,-2.763821679086905445e-02,1.024849243434408901e-03,2.669541491167758476e-02,-2.872958106867147619e-03,4.996710930889790292e-03,5.269796221055643715e-01,2.513908576155767793e-01,4.331359592846634188e-02,5.209725633445411175e-01,7.404777447831888404e-01,-9.696189592772423704e-02,-9.758488660830760830e-02,4.881745913627138500e-01,-2.411672440202908552e-01,-1.052916927409219688e-01,5.411338507095020400e-01,-7.833082124084020936e-01,-7.212578624114542036e-02,7.999248416397629347e-02
-5.556163472792257849e-03,1.523176708881172729e-03,7.854069242968158004e-01,-1.754178795769751156e-04,-1.880365351152260209e-02,1.577240608877826999e-04,9.998231678483484597e-01,8.134030176343313642e-03,-6.067540024869112151e-04,1.312670143688968519e-02,5.192648028911452107e-02,-2.418077404528146124e-02,-4.540408886488597057e-03,1.868338744012849537e-02,-7.181703919082842169e-03,-2.730808165449876215e-02,3.462103922214613411e-02,-2.794126752304978631e-02,2.034577345879447566e-03,3.158741529313188051e-02,-1.712809000716368837e-03,4.954202913165287742e-03,5.308303224641824913e-01,2.399939678740295457e-01,5.260551291167697013e-02,5.192910244346260473e-01,8.174893448987630151e-01,-1.091413895287564328e-01,-1.082173450694129957e-01,4.910857434073077066e-01,-2.302645497672803632e-01,-1.193224743622111061e-01,5.410932335695572970e-01,-8.708531118929327963e-01,-8.098186279226800288e-02,9.045063796389757327e-02
-5.725992366533839799e-03,1.735636562746520643e-03,7.855526950744782244e-01,-1.043266054890426130e-03,-1.835038507775154509e-02,4.372411371867025330e-04,9.998309776075279265e-01,6.553829106988907915e-03,1.185834970793758075e-03,1.265328421997339269e-02,5.229483253512293151e-02,-2.412472655898334831e-02,-4.717368144415093160e-03,1.815008840046033675e-02,-5.905255631338871686e-03,-2.888643005572873179e-02,3.357026402462694875e-02,-2.943256523267545263e-02,3.213899212642932872e-03,3.614923131270534468e-02,-2.118368948252631178e-04,4.184575104892507280e-03,5.352319294926319859e-01,2.275821305153977736e-01,6.278937052209446201e-02,5.162788891243572653e-01,8.920717414888673646e-01,-1.214694055502239523e-01,-1.190048054950194889e-01,4.951037315003415928e-01,-2.191417771673783987e-01,-1.332834103450975805e-01,5.399401173311768609e-01,-9.542841079680355332e-01,-9.038994026003220605e-02,1.007283067327131576e-01
-5.830068944180995423e-03,1.910387127489233299e-03,7.856074160388309968e-01,-1.734086760865691116e-03,-1.797398470879866053e-02,7.141094716169571737e-04,9.998366960981460716e-01,5.268941124120453574e-03,2.532198544550446229e-03,1.173270098337086953e-02,5.269757957077391558e-02,-2.457604917614100021e-02,-4.916319203286402192e-03,1.789755095546338368e-02,-4.871741031446118024e-03,-2.992504141846204224e-02,3.252474156777285241e-02,-3.110920389388759089e-02,4.350290774523092076e-03,4.076761863711998723e-02,1.004047742355081586e-03,2.987617590036027553e-03,5.400695048347544658e-01,2.146792827707186546e-01,7.332624420742431259e-02,5.121845634324579954e-01,9.656819045695238524e-01,-1.343071307795060398e-01,-1.298104557745577980e-01,4.999067241117600147e-01,-2.079281074880335867e-01,-1.471493106505911974e-01,5.379939053107321012e-01,-1.036133059510849552e+00,-1.002786351932276748e-01,1.109172181961944892e-01
-5.879637375443242525e-03,2.052698368348996640e-03,7.856001280731476077e-01,-2.152084223929710566e-03,-1.768831153974701961e-02,9.120343309238778621e-04,9.998408175113403518e-01,4.258174713000607327e-03,3.278765785423934549e-03,1.084607498961117147e-02,5.321952254556466116e-02,-2.525168076080895607e-02,-5.138391806672251531e-03,1.771719755159625181e-02,-4.475020861571446691e-03,-3.091318549479898578e-02,3.179909610492015481e-02,-3.240425113220377767e-02,5.384838351581634763e-03,4.558829046996183687e-02,1.833899303696188152e-03,1.398570839885776834e-03,5.453261159812744507e-01,2.012758436511305760e-01,8.394240770894617620e-02,5.073485278069000959e-01,1.038690135983383778e+00,-1.475682525022748437e-01,-1.397065062930874790e-01,5.051245655588737504e-01,-1.958215177560142239e-01,-1.618020410722985636e-01,5.356683601878964307e-01,-1.118035608890162846e+00,-1.105010127721759994e-01,1.205144397482129232e-01
-5.900538871201251208e-03,2.152765662601811153e-03,7.855599851676566825e-01,-2.346980639975840797e-03,-1.747628796322810846e-02,1.073809346226465037e-03,9.998439468108961670e-01,3.416212846114950741e-03,3.558578594172660033e-03,1.002213155673630646e-02,5.385595639997233647e-02,-2.598980414942914791e-02,-5.365001400670711337e-03,1.756679919424597794e-02,-4.626521129702364926e-03,-3.212754989111848980e-02,3.132398711144874365e-02,-3.315018927878418675e-02,6.336649655118143515e-03,5.067648092472204491e-02,2.281092368114444498e-03,-4.236920620764518704e-04,5.508051159597574520e-01,1.875239055517848308e-01,9.456189652044111327e-02,5.019879997539511418e-01,1.111089547613740791e+00,-1.612588872780807703e-01,-1.490474906583618142e-01,5.106359951591700197e-01,-1.833014516541066063e-01,-1.766450831072755301e-01,5.332208559999672692e-01,-1.199393114132896399e+00,-1.210639943251173856e-01,1.298338758455829245e-01
-5.462817442457305189e-03,2.498359807984538994e-03,7.855160176565011421e-01,-2.318295664000992809e-03,-1.805561319291417235e-02,1.306409046595903914e-03,9.998334429457965689e-01,5.027294206604570118e-03,2.931262227617507758e-03,9.661344829947224322e-03,5.484817156497292373e-02,-2.823308371590729782e-02,-5.102413944475536062e-03,1.951451529274247226e-02,-5.506093644506059731e-03,-3.239781065481305011e-02,3.189444651722297269e-02,-3.474504445849846412e-02,6.880577783781829937e-03,5.297602691149327220e-02,4.961928637320901780e-03,-5.044109231591126230e-03,5.571521654337920904e-01,1.665073467704953070e-01,1.096069426980277178e-01,4.969937854485589335e-01,1.164490939477665021e+00,-1.691828383667836611e-01,-1.560065231587232926e-01,5.155531188228220651e-01,-1.629375701677482358e-01,-1.967122269099535747e-01,5.311073048380177131e-01,-1.256143963426958443e+00,-1.292404537325534397e-01,1.358090990505775864e-01
-4.769239949748848781e-03,2.993819576802153343e-03,7.854613233923876114e-01,-2.107391761170637062e-03,-1.909528350200332542e-02,1.487025009571942523e-03,9.998143416677739426e-01,7.972964936093939262e-03,1.622267099235761905e-03,9.313223161735436489e-03,5.615997598139859520e-02,-3.093267783785250830e-02,-4.780433314508034798e-03,2.252865007290896435e-02,-6.818322064135254323e-03,-3.170947030127536925e-02,3.306301943383447434e-02,-3.602252788706039599e-02,7.303932395675788967e-03,5.392430009918368350e-02,9.121133827808764263e-03,-1.145722107900342193e-02,5.637309386710216419e-01,1.421004292106151090e-01,1.264147191312023910e-01,4.917228986908865895e-01,1.210332296308519906e+00,-1.749864212671174979e-01,-1.622715459936574789e-01,5.202505558481805847e-01,-1.385837522178734460e-01,-2.187557872497374600e-01,5.289752593467865749e-01,-1.302812788862034443e+00,-1.364611213996493044e-01,1.402668715825427792e-01
-3.984712059439338497e-03,3.565220780731217110e-03,7.853923269700189280e-01,-1.768322166376244502e-03,-2.020479329429875764e-02,1.582172578555288492e-03,9.997930466324429499e-01,1.097407178899081036e-02,-1.469445996212306871e-04,8.748238205594900674e-03,5.796166675611481162e-02,-3.350382797654386652e-02,-4.608190910141674555e-03,2.560978075656591621e-02,-8.279369713399077624e-03,-3.001274453224562697e-02,3.437030039686780197e-02,-3.620805888719019067e-02,7.811474103028209770e-03,5.471523150996411566e-02,1.409729122667606471e-02,-1.915121428209431292e-02,5.697666962930001411e-01,1.177962754135546686e-01,1.425921567283644220e-01,4.853691386448304446e-01,1.258857796497728110e+00,-1.822005674577207579e-01,-1.687496822935752316e-01,5.250133033417943018e-01,-1.143112353340425269e-01,-2.394266584783384666e-01,5.269780192304721611e-01,-1.351561463144414166e+00,-1.444349585449370144e-01,1.444484358816918168e-01
-3.181107499907339341e-03,4.182657096436138804e-03,7.853115524177427531e-01,-1.246251137838604766e-03,-2.131967077849334161e-02,1.652221186986623175e-03,9.997705680110549054e-01,1.384137043049949410e-02,-2.419195702862301633e-03,8.226192139506292161e-03,6.007772654673914497e-02,-3.593940934904378548e-02,-4.415810037597385322e-03,2.869897600507670052e-02,-1.040501442520438274e-02,-2.894841301484767440e-02,3.565101711175984456e-02,-3.631489694032872390e-02,8.111497826534287692e-03,5.544292104106678803e-02,1.911339157440383046e-02,-2.738895585953250722e-02,5.756174927840365108e-01,9.320641577557135793e-02,1.573540536733916140e-01,4.783367454337474900e-01,1.306395608458722490e+00,-1.899293687935145192e-01,-1.741108630930224277e-01,5.299319808077487259e-01,-9.048677454783159158e-02,-2.592979156701107346e-01,5.247269742054755381e-01,-1.400439492539960806e+00,-1.529795056618261373e-01,1.482823391465923901e-01
-2.434897313208662668e-03,4.793355185770794592e-03,7.852273378005857341e-01,-5.734558782458283339e-04,-2.234162303044230982e-02,1.908195198687015742e-03,9.997484092609525419e-01,1.619257174835373597e-02,-5.116824707606098567e-03,7.392032617774682741e-03,6.241783333139178103e-02,-3.805709211682108822e-02,-4.132625233665280715e-03,3.167564853638833722e-02,-1.319823227182273344e-02,-2.926265735489243236e-02,3.672501118482397048e-02,-3.682995360342908309e-02,8.263674872161454535e-03,5.607645792278603131e-02,2.339338179965444464e-02,-3.544601041693590943e-02,5.818925946043651543e-01,6.795744490516836267e-02,1.702024906859351261e-01,4.708972181741319374e-01,1.346892847466651943e+00,-1.968237880296514475e-01,-1.765081835222865603e-01,5.350573543027077328e-01,-6.709773838083184228e-02,-2.792889360835978385e-01,5.219571319907134743e-01,-1.446509106324126881e+00,-1.618081740828325177e-01,1.514611371272786000e-01
-1.720532371085367607e-03,5.266388386555705299e-03,7.851534002613268504e-01,-1.461386628369176527e-04,-2.346198771870000588e-02,1.828606230551637441e-03,9.997230466359333656e-01,1.904559562030024369e-02,-6.730819475806477416e-03,7.686227460737125872e-03,6.433027554261012970e-02,-4.021014000779733061e-02,-3.868679198030853736e-03,3.467300015203464425e-02,-1.520397500045997559e-02,-2.975794613034125902e-02,3.783071548194553990e-02,-3.722339671172170128e-02,8.483591391066372389e-03,5.705057236636475876e-02,2.711317073551742715e-02,-4.291164463678706631e-02,5.893619271127126247e-01,4.465141866114616387e-02,1.822572213658280593e-01,4.628601510956382170e-01,1.386659459289261598e+00,-2.094644778615820380e-01,-1.824016638180047112e-01,5.407862940246213057e-01,-4.515163594141828607e-02,-2.980666290437218868e-01,5.185240347189409293e-01,-1.486886911496057673e+00,-1.712645173465557058e-01,1.544214451128804455e-01
-1.053760430734051665e-03,5.343662217813227415e-03,7.850992100903195769e-01,-1.427773829121484325e-04,-2.459668770931542139e-02,1.530845454068627829e-03,9.996962734153536090e-01,2.215386266327125722e-02,-6.416027384586957261e-03,9.068942638183334279e-03,6.574905491068494534e-02,-4.212232899073679177e-02,-3.967488628545579217e-03,3.748922334278259605e-02,-1.554641007001929254e-02,-3.044444875129930991e-02,3.900991458280111956e-02,-3.734174010801172977e-02,8.477562301557692998e-03,5.829876289330270661e-02,2.932902855709973791e-02,-4.998603435436001913e-02,5.963675289223011600e-01,2.485361090225542136e-02,1.994136078816524105e-01,4.530180129286331403e-01,1.428334879168215998e+00,-2.214897389397787464e-01,-1.841369149847582876e-01,5.476878293784137597e-01,-2.485432991881394646e-02,-3.142520391269552626e-01,5.149646375705736467e-01,-1.516404414127343836e+00,-1.812032781292448602e-01,1.571132830930635771e-01
-5.204527841344868582e-04,5.126305409429461959e-03,7.850553059788719645e-01,-1.297431686893406615e-04,-2.559158466268445301e-02,1.110127349836950890e-03,9.996718569502845986e-01,2.487299964371406102e-02,-5.727122328756134584e-03,1.026072460056886085e-02,6.709830500170341216e-02,-4.456454518784719321e-02,-4.149174946084042102e-03,3.965898566010647025e-02,-1.519183603401711574e-02,-3.004180275861765420e-02,4.022788250215107719e-02,-3.707050619079879650e-02,8.248895539492753434e-03,5.802967380197480290e-02,2.997741906251344055e-02,-5.614710730813608774e-02,6.023130802144561757e-01,1.039399559118379772e-02,2.171232670328595571e-01,4.452994597069733218e-01,1.458377536116326700e+00,-2.304383996479389962e-01,-1.833178758574028899e-01,5.548103763237457464e-01,-6.262562794149224843e-03,-3.286297784304572089e-01,5.110755104012654204e-01,-1.541065672225079286e+00,-1.917067830110011917e-01,1.589580975179465949e-01
-2.164064871715448463e-04,4.737672130091978052e-03,7.850196514897040956e-01,1.267505069941482607e-04,-2.635171361863032635e-02,5.902058518407913776e-04,9.996525510299683059e-01,2.675062232701633930e-02,-5.717364364946660518e-03,1.020340924905664172e-02,6.863792545169668247e-02,-4.793098454284536181e-02,-4.477379668906928192e-03,4.079741909679222150e-02,-1.479034223677763368e-02,-2.787823488026231616e-02,4.157836668619022125e-02,-3.663577533916603790e-02,7.862002732052708262e-03,5.446297752781792401e-02,2.958147686250408442e-02,-6.062477578365467468e-02,6.074338537759782497e-01,2.692454612590022486e-03,2.318505015501365341e-01,4.431262499301646396e-01,1.461792340879740637e+00,-2.359993881396766358e-01,-1.835959972396989937e-01,5.609956105438305141e-01,1.057223136615964218e-02,-3.420741195355916364e-01,5.063767451207548120e-01,-1.565886795064085568e+00,-2.025628191673689293e-01,1.592603817220180074e-01
-1.543992688490290277e-04,4.278736950827355216e-03,7.849919139917225230e-01,4.350865183075554592e-04,-2.689074479397053630e-02,1.057682520227779259e-04,9.996382782573025594e-01,2.756297758103985404e-02,-6.010175645911053355e-03,9.165771127842368277e-03,7.061671554498639980e-02,-5.165687921422598000e-02,-4.762678475721205708e-03,4.114888595264038634e-02,-1.443247119301674201e-02,-2.583670978508571803e-02,4.281463775780845055e-02,-3.630904372306812539e-02,7.415946044036598669e-03,4.956721830498733716e-02,2.850539268206522467e-02,-6.309485477845158674e-02,6.121462780239367296e-01,2.128282115945998899e-04,2.436274862981890610e-01,4.437999262368367281e-01,1.448366652037591074e+00,-2.403523593963101668e-01,-1.830830531544220818e-01,5.684193792474091511e-01,2.330557253575453805e-02,-3.523817487024984985e-01,5.008469723141325547e-01,-1.579470640299944995e+00,-2.142027598760902485e-01,1.581439319854326120e-01
-3.465806335813791258e-04,3.850499272926243954e-03,7.849646386129028874e-01,5.911279249805934154e-04,-2.703904843870163360e-02,-1.081203748796214333e-04,9.996341974628970561e-01,2.675422416800712216e-02,-6.115855064283248765e-03,7.529892278161818067e-03,7.291159643148266423e-02,-5.450165741699774385e-02,-4.791992419163415041e-03,4.073523359343336758e-02,-1.400911844215304257e-02,-2.510582149084860867e-02,4.333700058969575108e-02,-3.622340103050025739e-02,6.992554927762363245e-03,4.541180942079699190e-02,2.717150814365733302e-02,-6.365955046518205485e-02,6.170235903043485015e-01,1.290950011004734794e-03,2.522665450525848341e-01,4.445217036005056910e-01,1.426026635732176473e+00,-2.439226811003227524e-01,-1.789451661850671171e-01,5.783538982791731620e-01,2.990498204859777520e-02,-3.571674838820846354e-01,4.947483849748476326e-01,-1.566739655481335314e+00,-2.248117274910054753e-01,1.550650574641346258e-01
-7.527238114513668844e-04,3.462954773952774123e-03,7.849440083121181910e-01,5.874017362298268683e-04,-2.697445191609689277e-02,-1.434687585670154112e-04,9.996359403901711183e-01,2.498634388205689741e-02,-5.874938087927068960e-03,5.937830168485608989e-03,7.529604267310326116e-02,-5.694569620629786472e-02,-4.723035257484837698e-03,3.979090352211718529e-02,-1.337950207508170099e-02,-2.496222865315012029e-02,4.353698708111453791e-02,-3.626696403366450744e-02,6.598672559612096117e-03,4.187972637186380270e-02,2.567464176332207026e-02,-6.234836585792693370e-02,6.212055013680122251e-01,6.060676845464742571e-03,2.560194457414555202e-01,4.478601228290111091e-01,1.394301283754524334e+00,-2.465222112604451565e-01,-1.718797091919340159e-01,5.900765804510205159e-01,3.035543364221254120e-02,-3.568095995838534984e-01,4.898190223406148069e-01,-1.536396034815842970e+00,-2.353649689048279148e-01,1.516507334428698062e-01
-1.360274518608782079e-03,3.109758726338531214e-03,7.849350590528935134e-01,4.915307170918380630e-04,-2.689152268504014023e-02,-1.833673233517212476e-04,9.996382199484266096e-01,2.293919497617701031e-02,-5.271986989909547769e-03,5.075262722888119679e-03,7.752023632704287126e-02,-5.929576277115662652e-02,-4.731347300567960608e-03,3.848264582014505886e-02,-1.256666978147218117e-02,-2.471874245205335843e-02,4.387095501882020548e-02,-3.642592055686512398e-02,6.225613223118150324e-03,3.894785654079596648e-02,2.397596153413575695e-02,-5.903079151648903122e-02,6.232899234947065770e-01,1.488913196376667573e-02,2.538365950419474992e-01,4.566692093623950233e-01,1.353636586870178515e+00,-2.464424887367566985e-01,-1.627841798588052780e-01,6.025714796983929755e-01,2.498632165558243440e-02,-3.523299074690167676e-01,4.873387870493811058e-01,-1.496815327999656331e+00,-2.461944144264687495e-01,1.475547638264617101e-01
-2.078093644520169047e-03,2.772332347242032619e-03,7.849403429071771798e-01,3.106528046055988018e-04,-2.674526660752750071e-02,-2.877614247996019463e-04,9.996421916877507030e-01,2.066352158665810124e-02,-4.377418502407318113e-03,4.619004066201218457e-03,7.962113336821381726e-02,-6.158606576422302054e-02,-4.795047222483526592e-03,3.683947141190657693e-02,-1.154504155074114954e-02,-2.433821728545090823e-02,4.423590320203842768e-02,-3.637074971175031923e-02,5.876805126454710988e-03,3.653019284655398963e-02,2.202728338937267119e-02,-5.452885393353036625e-02,6.244979290166768893e-01,2.680025387821455621e-02,2.467500352504606032e-01,4.689166801040769994e-01,1.307747975965073417e+00,-2.440268393030368965e-01,-1.504977467105036715e-01,6.154546590331361200e-01,1.474164283207176490e-02,-3.433130842184262677e-01,4.876716122443668922e-01,-1.450190872722069590e+00,-2.551856102878363730e-01,1.393888752416078680e-01
-2.807225848245878484e-03,2.419916743451113426e-03,7.849609694950644423e-01,8.227216760072209305e-05,-2.651733885065250124e-02,-4.738745825409466299e-04,9.996482378389160983e-01,1.825396564367764637e-02,-3.285106420264720037e-03,4.377172612010940544e-03,8.165031035615485933e-02,-6.384330752950427568e-02,-4.911369104346083488e-03,3.496132296786746280e-02,-1.036018037817933689e-02,-2.384015080902628439e-02,4.459959549668103540e-02,-3.597314402865189192e-02,5.540952429660454814e-03,3.453373535806335964e-02,1.967045510991072277e-02,-4.968566555930626488e-02,6.260899935153304563e-01,4.078793409147904447e-02,2.357190436466625183e-01,4.822182497706073989e-01,1.260424689014462141e+00,-2.395458111150720326e-01,-1.338763576347587470e-01,6.285113197035295807e-01,6.179854820886013927e-04,-3.287880854132403941e-01,4.913749869858039521e-01,-1.398046230110387311e+00,-2.627759934982459300e-01,1.270865016119047120e-01
-3.548706457114923166e-03,2.041681743436370676e-03,7.849860070342850049e-01,-2.032314567477966002e-04,-2.630364065536825585e-02,-5.825756982086677466e-04,9.996538089712878605e-01,1.572224297278661601e-02,-2.049895812395698819e-03,3.979734372028856035e-03,8.385472564330948009e-02,-6.573667075242457802e-02,-4.856112930835475641e-03,3.329935334692200877e-02,-8.998464583311554729e-03,-2.339874598651098259e-02,4.458746024230902244e-02,-3.511354053189683078e-02,5.220704987044300083e-03,3.232146971221550036e-02,1.705138448057057221e-02,-4.435759176822542255e-02,6.283905002248351135e-01,5.709530601896838087e-02,2.210912473718948668e-01,4.954212190788405690e-01,1.211696651766807298e+00,-2.343989424396379917e-01,-1.146174932161125870e-01,6.413092947525081966e-01,-1.686188835304962969e-02,-3.107886140157813948e-01,4.970055406749108173e-01,-1.342595822112657933e+00,-2.706236985970762454e-01,1.130135520205799299e-01
-4.307335752294152130e-03,1.626450898023441404e-03,7.850074549834995530e-01,-5.548603988226142670e-04,-2.618953340687511094e-02,-4.862370966836574858e-04,9.996567231021625810e-01,1.309194316724653605e-02,-7.119122605490561632e-04,3.121151278975715752e-03,8.645281023252791852e-02,-6.713068825531202932e-02,-4.543987875135301231e-03,3.226625581672799142e-02,-7.444408224122144903e-03,-2.316885989710765897e-02,4.382976352812763959e-02,-3.370615647792798986e-02,4.897317577538871751e-03,2.930160353869717266e-02,1.438143174927196052e-02,-3.851050362087186235e-02,6.315328313758089562e-01,7.585008157800407491e-02,2.037713688493681952e-01,5.071024398438555014e-01,1.162376555858409599e+00,-2.298173512463125290e-01,-9.496357095948168570e-02,6.532889495385861833e-01,-3.683434017895947932e-02,-2.913450753057600373e-01,5.026893880421440253e-01,-1.286972172046316754e+00,-2.798622600649400272e-01,9.953095754595905897e-02
-5.067469155042053641e-03,1.164999406413339510e-03,7.850269269234489977e-01,-9.450578383712852784e-04,-2.612758086741052976e-02,-4.138230808563080976e-04,9.996580841138416051e-01,1.054232743878364027e-02,8.361316654015157283e-04,2.395179751950021231e-03,8.909581613214412332e-02,-6.823306343335958091e-02,-4.377373662773789351e-03,3.088918325129581463e-02,-5.673585317403166337e-03,-2.271179990641326862e-02,4.405236026685909606e-02,-3.256919924348479489e-02,4.504281102343779888e-03,2.610385500316852667e-02,1.183165162174183542e-02,-3.272107592144871818e-02,6.347766769542017018e-01,9.639426671777005795e-02,1.827330745308082260e-01,5.180840047370984802e-01,1.104951321073640580e+00,-2.253309605287134865e-01,-7.623921091123996019e-02,6.641062943338340574e-01,-5.779352552742431093e-02,-2.686426520217790048e-01,5.093582370278161298e-01,-1.226431137673772875e+00,-2.886791269049416853e-01,8.901914977642295945e-02
-5.807770906851217677e-03,6.504123678289633120e-04,7.850457065422561387e-01,-1.368074933551216956e-03,-2.604741248132071488e-02,-6.037977665934198121e-04,9.996595901116843708e-01,8.219727909892029366e-03,2.729090355083152539e-03,2.310139469694882063e-03,9.138914357250429998e-02,-6.898652485799888767e-02,-4.655543471981247322e-03,2.813259575406489715e-02,-3.591578644419302861e-03,-2.151507616488184532e-02,4.702523244242707429e-02,-3.263460538824924928e-02,4.050519979737852300e-03,2.343583556562499337e-02,9.652573595623718111e-03,-2.768398592387714269e-02,6.373903315848428175e-01,1.181591094631846278e-01,1.563606751389621796e-01,5.290133847419286051e-01,1.031423183885084471e+00,-2.206668473047013745e-01,-5.951874468138615426e-02,6.732317363535571531e-01,-7.804036498313374204e-02,-2.407059666309192270e-01,5.179633147315466646e-01,-1.155913985601917160e+00,-2.946167488473147023e-01,8.353083967610305804e-02
-6.503366212329150797e-03,8.484947300194654353e-05,7.850673311136655563e-01,-1.810023885879161057e-03,-2.587113043474103397e-02,-8.578758469743349817e-04,9.996632795459639009e-01,5.847076714868952758e-03,4.711767217709181797e-03,2.063901772143013520e-03,9.346715739349353846e-02,-6.935315245513896942e-02,-5.256068627235461511e-03,2.535690681988329864e-02,-1.452175843180563992e-03,-2.064675293979294571e-02,4.963550687352247248e-02,-3.229187149041169019e-02,3.566416813219582156e-03,2.127557789795956125e-02,8.096558497366476356e-03,-2.397941123559391846e-02,6.386690712599143449e-01,1.381093905577324144e-01,1.326458583333911256e-01,5.385352164845265133e-01,9.705171045735225821e-01,-2.151968645019839976e-01,-4.392319626679679068e-02,6.798433628726291422e-01,-9.391636982118803378e-02,-2.137275213719365685e-01,5.236609071164520790e-01,-1.094222616541818960e+00,-3.054300823015130839e-01,7.639582580278223012e-02
-7.064154808346414550e-03,-5.051686435800933645e-04,7.851081267572163069e-01,-2.352303833940830487e-03,-2.558199336245961172e-02,-5.841778343250350180e-04,9.996697889896111189e-01,3.300238540342796591e-03,6.579832848858406177e-03,2.581989071346576028e-04,9.534100539353793091e-02,-6.921037517896544422e-02,-5.926440208611799543e-03,2.438633194114309122e-02,6.232139023958521186e-04,-2.148859389483410293e-02,4.865641908195770388e-02,-3.008931579693500252e-02,3.185553297658442855e-03,1.932590608378872976e-02,7.670214513087253959e-03,-2.231028961403959399e-02,6.379840109301779805e-01,1.519700591095640707e-01,1.219845313483534782e-01,5.452213470537365936e-01,9.514807248124568240e-01,-2.074384574581076557e-01,-3.002067234059907497e-02,6.836030143552871419e-01,-1.008149604147914741e-01,-1.957176660035183369e-01,5.247717865001765292e-01,-1.068729816187348192e+00,-3.145998618488985987e-01,6.322171499627646241e-02
-7.795453406403535755e-03,-9.874859513101155034e-04,7.851143125284766322e-01,-2.731838817724551154e-03,-2.538735740851912406e-02,2.023142516874971118e-05,9.996739562133122314e-01,3.400534179066536100e-04,7.558801322282619403e-03,-2.590497982950609127e-03,9.762450902015001875e-02,-6.834705820743346150e-02,-6.211038734458424956e-03,2.418954651277683415e-02,1.903638892610935067e-03,-2.339557057998882528e-02,4.619429667018458419e-02,-2.733219775807678095e-02,2.982183909723543688e-03,1.713962203393741904e-02,7.818768565724595887e-03,-2.011685200567543685e-02,6.352714430219036368e-01,1.755978093342554225e-01,9.907349309138359372e-02,5.508039910255622118e-01,9.031107383575790459e-01,-1.988350534522052016e-01,-2.018077352485064119e-02,6.827510481153357125e-01,-1.176194967444706557e-01,-1.720498498081809158e-01,5.239941431375898517e-01,-1.022516436985034805e+00,-3.088524260317492831e-01,6.128573610199165161e-02
-9.048389729648826166e-03,-1.202985023472972863e-03,7.850386322180333831e-01,-2.774837437918293691e-03,-2.541224215121357793e-02,2.586090593062464137e-04,9.996731722655136654e-01,-3.291816430493797654e-03,7.278668319214459843e-03,-5.079482195368263849e-03,1.008656018589788594e-01,-6.685513953221457195e-02,-5.773857888086899454e-03,2.312336269402909261e-02,2.026610717132880726e-03,-2.484689762973507979e-02,4.465516366536313730e-02,-2.482308191127419877e-02,2.962231714298591695e-03,1.454325938708592864e-02,8.323999880705503646e-03,-1.510378374866185210e-02,6.308483529901731668e-01,2.247030035087206057e-01,3.676488230936800911e-02,5.551144664082119373e-01,7.522056604237041810e-01,-1.910531709666524747e-01,-1.574600315572545831e-02,6.748009565230731477e-01,-1.639729077601609075e-01,-1.253433371005411301e-01,5.202206543499903191e-01,-8.868256542408755605e-01,-2.798028107848582469e-01,7.704348686881265507e-02
-1.021474102136049611e-02,-1.276329585689124461e-03,7.849607361152712848e-01,-2.722995721955003782e-03,-2.536353877610074761e-02,-1.466471040991011590e-04,9.996745743939264850e-01,-6.860793356765742396e-03,7.103063051686251371e-03,-5.535235228483946501e-03,1.044761406784381064e-01,-6.602279978832294172e-02,-5.798435438194349950e-03,2.146125756527852979e-02,2.046493488731665304e-03,-2.474992316265325898e-02,4.394284675441358090e-02,-2.287163150874493150e-02,2.603589704035047612e-03,1.382956126903332403e-02,9.755143112100763542e-03,-1.218353466580257734e-02,6.252928734060362315e-01,2.699096524060597968e-01,-2.554170302639213741e-02,5.508412308409192937e-01,6.051029726472780812e-01,-1.782200972002832562e-01,-1.468754866117670359e-02,6.660203296368779613e-01,-2.105354511476736079e-01,-7.731602811524462826e-02,5.107157987716215430e-01,-7.384447234618281009e-01,-2.627901990935916920e-01,8.400966220126876438e-02
-1.053904277785879320e-02,-1.218530140845182092e-03,7.849777233372239316e-01,-2.748361665000303902e-03,-2.527747448715035247e-02,3.188440435325124865e-04,9.996766447857954319e-01,-9.492481486117325742e-03,7.107586834470104933e-03,-5.837264586646771086e-03,1.082881586961033926e-01,-6.740782077736720557e-02,-6.656704621170582252e-03,2.157412778484804616e-02,1.846605249699487077e-03,-2.560768810908486959e-02,4.293409078831776637e-02,-2.219939630222833929e-02,2.116468181776572349e-03,1.553433900117791484e-02,1.256206906905269448e-02,-1.514146232206096607e-02,6.183242768717132076e-01,2.814572545478189469e-01,-4.518118660714204315e-02,5.397390483983146581e-01,5.702468694988662712e-01,-1.561312735023566156e-01,-1.602750197081954237e-02,6.633548140083350697e-01,-2.255905790556330115e-01,-6.521845908794626778e-02,5.089695963405310719e-01,-7.015112398901548474e-01,-2.502734733410110768e-01,7.648060933119238403e-02
-1.053404828880214091e-02,-1.049738458595396613e-03,7.850052385700424518e-01,-2.959077564442200940e-03,-2.532159209180549417e-02,1.001356676440249421e-03,9.996744760764425530e-01,-1.105296176051584131e-02,7.289421332015331816e-03,-6.607350140994375579e-03,1.112840241135807373e-01,-6.821681876573090775e-02,-7.801365777177835317e-03,2.282310317987115700e-02,1.969205298576259550e-03,-2.634658731801491072e-02,4.123268291451030743e-02,-2.098667637686726581e-02,1.822028313317217933e-03,1.779783930826496496e-02,1.648454485053809856e-02,-2.018536580187070897e-02,6.104226367514068441e-01,2.748867947371614884e-01,-4.181055448256727758e-02,5.258646039580967546e-01,5.919689121785689512e-01,-1.285289333887379704e-01,-2.227116594529265220e-02,6.624903164682153234e-01,-2.288010345968425896e-01,-6.940920322466541392e-02,5.121430409207570200e-01,-7.175999490041020668e-01,-2.394652990311718910e-01,6.236941563927731608e-02
-1.070442189343816242e-02,-8.287118976027120889e-04,7.849932362542090258e-01,-3.326113453360762893e-03,-2.571454823352385330e-02,1.300497173993608001e-03,9.996629470404215789e-01,-1.126120498560634169e-02,7.849292245285202640e-03,-7.026048022280132616e-03,1.125948938899734575e-01,-6.691819179280182606e-02,-8.566438194146968471e-03,2.472856892648629679e-02,2.692675090413368909e-03,-2.581796329570312104e-02,3.862762016461378928e-02,-1.795623246840292661e-02,1.891332988418684266e-03,1.830932638525050588e-02,2.081276634492657679e-02,-2.373390349593702126e-02,6.021419362712813195e-01,2.656538150279234012e-01,-3.435313545403888280e-02,5.103683062704403861e-01,6.140405332661014182e-01,-1.005546327689339214e-01,-3.535045479530488088e-02,6.582182311498057103e-01,-2.395831171575777407e-01,-7.122069188029749032e-02,5.159322439051233777e-01,-7.268894201401937538e-01,-2.269393306237439123e-01,4.878056880098775860e-02
-1.142312648450031880e-02,-5.961056097111286844e-04,7.848788530973080935e-01,-3.351695793136746839e-03,-2.570095667771702883e-02,1.280079676423891231e-03,9.996632374740914706e-01,-1.468364063562566622e-02,7.668044028568881364e-03,-6.795473700797749483e-03,1.171657553011996866e-01,-6.706248121113878025e-02,-8.761163832613499611e-03,2.415023955462902022e-02,2.705987756059011380e-03,-2.430129088070160162e-02,3.713542984781021544e-02,-1.478818368253945192e-02,2.152761098696012298e-03,1.881806483787010556e-02,2.455194609598263314e-02,-2.469774934381062728e-02,5.891145426081442205e-01,2.724007680631555517e-01,-4.558713069350271013e-02,5.028379317373434798e-01,5.826603282971188902e-01,-8.047593063715777206e-02,-4.618449555994831590e-02,6.525243782444520857e-01,-2.691177681773523345e-01,-5.578817693202295369e-02,5.185969690000316046e-01,-6.796333309787224719e-01,-2.166469644702214148e-01,4.316306451139833439e-02
-1.308547886513387187e-02,-3.424607179183377314e-04,7.846151737700187700e-01,-2.918680406458889001e-03,-2.456895114755745443e-02,1.076586780462245431e-03,9.996932974193121213e-01,-2.597627734175545627e-02,6.533200305565414409e-03,-5.649984801990864600e-03,1.300684456305882530e-01,-7.143786275856778278e-02,-8.467415086282230330e-03,1.796218921127136839e-02,1.569512096667296901e-03,-2.219089316394119021e-02,3.882586648919059136e-02,-1.254421079334933249e-02,2.509692241406557070e-03,2.064266736383126369e-02,2.778513150862343961e-02,-2.192848092277752126e-02,5.669438651630669401e-01,3.140965043194094419e-01,-9.796945548526715675e-02,5.125412820921516621e-01,4.427352041947741901e-01,-7.605487887961440152e-02,-4.485149503765675782e-02,6.475450918162110048e-01,-3.295955057305403058e-01,-7.773218385152221022e-03,5.165782261003375453e-01,-5.252467124349016192e-01,-2.118405355516277955e-01,5.282582323092464838e-02
-1.497550241693679229e-02,-7.418779311552228589e-05,7.843791503159193157e-01,-2.362184717450926171e-03,-2.364894088429245547e-02,9.553427119006834521e-04,9.997170774767799584e-01,-3.633546929262181091e-02,4.975080641853809466e-03,-4.749347631760259675e-03,1.412604196873370466e-01,-7.510055720985006622e-02,-7.681568611196017138e-03,1.242364751127397575e-02,-5.362938385066753043e-05,-2.078911257616561023e-02,3.974369220304192762e-02,-1.091655913806745259e-02,3.134209293068901392e-03,2.250882614411393867e-02,3.091007916114328277e-02,-1.751955067273243058e-02,5.428711137415483945e-01,3.615844980349071647e-01,-1.573396930966372009e-01,5.183604841456208590e-01,2.904304020956308685e-01,-7.044872462195726770e-02,-3.774945027000663200e-02,6.434823422948284799e-01,-3.939986308765671130e-01,4.296808510470453979e-02,5.036459469074444639e-01,-3.553925287181786685e-01,-2.006805475392987315e-01,6.427253816572600642e-02
-1.632797119491643731e-02,1.297124431956137068e-04,7.843629139618505386e-01,-1.634969557452712685e-03,-2.406641101769759275e-02,1.200194788902827743e-03,9.997083045907648735e-01,-3.715393031393122991e-02,2.771603448604586292e-03,-4.913383985880875535e-03,1.403025606834846783e-01,-7.343013007541471238e-02,-6.459452658189440526e-03,1.343045329852864123e-02,-2.257921847618488825e-03,-2.086990824124140831e-02,3.557946510421973463e-02,-8.244376888316834462e-03,4.012482009373026168e-03,2.402194630190385843e-02,3.309165786023651051e-02,-1.376889430490809384e-02,5.244040381727093081e-01,3.872986634722049293e-01,-1.870851690033402681e-01,5.039489212652916716e-01,2.238842495631864216e-01,-4.544246984341836215e-02,-2.883244834407707249e-02,6.405462975712022944e-01,-4.336992530822942338e-01,6.442327402092695721e-02,4.804052337144009699e-01,-2.635018841768146380e-01,-1.744987734931837675e-01,6.290263297033284184e-02
-1.715310396331228698e-02,2.998780159463012500e-04,7.845405139301903086e-01,-7.405227507252046260e-04,-2.507170897518437233e-02,1.074386129981985552e-03,9.996848036904244506e-01,-3.229733642224382612e-02,5.350783994119484230e-04,-3.877867828370841659e-03,1.325963048614588746e-01,-7.052359170094738006e-02,-5.053318585626531863e-03,1.703363054934580942e-02,-4.406827705690797778e-03,-1.926085958129385503e-02,3.015438280638970542e-02,-4.852046337883845518e-03,4.443646167342562431e-03,2.276247082342391578e-02,3.513727767790848083e-02,-1.222704696374691917e-02,5.121924117992442405e-01,3.941444652435643903e-01,-1.943537374302373999e-01,4.814525457300417033e-01,2.038657409099700890e-01,-8.628873900445262202e-03,-2.145337047205823564e-02,6.354755269725810285e-01,-4.492962707744134199e-01,6.496938229190729608e-02,4.535433436107191296e-01,-2.382931399084492474e-01,-1.386012594460894476e-01,5.717088742262925460e-02
-1.745908525334434469e-02,4.261894116723833519e-04,7.848900443304223096e-01,3.460653668847629683e-04,-2.586223400667403763e-02,-7.818102630024830434e-05,9.996654535286655374e-01,-2.588636235546087558e-02,-1.036600889041129495e-03,8.451630927407876095e-04,1.239104642618110014e-01,-7.188405091975003103e-02,-3.442999790876927289e-03,1.922432971449402825e-02,-5.774213974963816540e-03,-1.268525030248140138e-02,2.749714276355863865e-02,-2.880476993978471883e-03,4.056826052677687221e-03,1.621308256716581103e-02,3.756890884221703031e-02,-1.465393043612288684e-02,5.067186774409683236e-01,3.849380311074386829e-01,-1.880385510954141193e-01,4.621287107972580355e-01,1.920065797644373851e-01,2.937271797634816162e-02,-2.039755413734225392e-02,6.244384587010602949e-01,-4.405462367747823849e-01,5.416937499291615832e-02,4.297336353739665271e-01,-2.690276400214273167e-01,-1.004724799803858315e-01,5.746563681527088602e-02
-1.769539825302268721e-02,4.676975394400984844e-04,7.852089916818144610e-01,1.431552053039677032e-03,-2.631470283566432478e-02,-1.490409211341076198e-03,9.996515721759119399e-01,-2.044682815795168668e-02,-2.178997536379696093e-03,6.303784229804204088e-03,1.158875440795544276e-01,-7.354533263885430772e-02,-2.535327200609134753e-03,1.953722974219514533e-02,-7.308023116159952613e-03,-7.308095867950274716e-03,2.699091402686700294e-02,-5.934524708344807338e-04,3.736625713896348216e-03,9.553095334825460055e-03,3.893166918527386777e-02,-1.829608965216071581e-02,5.025644657676713312e-01,3.709760770588247381e-01,-1.760605446973697585e-01,4.476113936903630686e-01,1.823234085479748523e-01,6.316376753670688293e-02,-2.162728102556557563e-02,6.123577498624435123e-01,-4.272617822770598539e-01,4.450920466729350877e-02,4.100967076631014119e-01,-3.020374084175416751e-01,-6.614907834607508530e-02,6.124002169467732126e-02
-1.833587752243380498e-02,4.213081903860079695e-04,7.853511932315158095e-01,2.118080172952233314e-03,-2.646283066327981270e-02,-2.063916577867987243e-03,9.996454234267401207e-01,-1.848224752529331952e-02,-3.002145390071216981e-03,8.461776832969830978e-03,1.106756527619155162e-01,-7.138291423887738185e-02,-3.167798304566355957e-03,1.800182411310070896e-02,-8.776456923361541929e-03,-6.672956513088890672e-03,2.812953130213267927e-02,1.939416552968083445e-03,4.052900969139379764e-03,8.215291497068465815e-03,3.813919244386607121e-02,-2.002421848034107235e-02,4.931443154871085199e-01,3.639374687520479656e-01,-1.674752891099741403e-01,4.404476501810770661e-01,1.677681540498432711e-01,8.735557049232836602e-02,-2.097029907400541071e-02,6.046766175901130413e-01,-4.304343333348248368e-01,4.621775805220126876e-02,3.973974456647603737e-01,-2.795486850911920174e-01,-4.341934584801107611e-02,6.366018618946749086e-02
-1.921378757056295752e-02,3.262763847146997313e-04,7.853913487127033299e-01,2.569691739458558437e-03,-2.643309451473065813e-02,-2.069919761316874919e-03,9.996451388522431536e-01,-1.847527106673789443e-02,-3.736710735241955284e-03,8.941409361734769731e-03,1.071853235234599966e-01,-7.003325447665120773e-02,-3.727955910296840321e-03,1.638020038027977396e-02,-9.963577425784398561e-03,-7.978493093065674654e-03,2.857184623726116007e-02,3.223809155435679308e-03,4.213751012617791315e-03,9.836522278262233021e-03,3.550350591334918565e-02,-1.989693756134549782e-02,4.838576055123627873e-01,3.616632880910612968e-01,-1.636470142539858952e-01,4.371853822734128592e-01,1.515176051690765024e-01,1.015437392071442124e-01,-1.747697666273720710e-02,5.976141390436813250e-01,-4.454013756736769358e-01,5.665871174282277600e-02,3.924115621948978672e-01,-2.257781587283165248e-01,-2.964714818474301072e-02,6.260527467271621849e-02
-2.016174067228571065e-02,2.159573141712165141e-04,7.854261560512704188e-01,3.036712826973537831e-03,-2.635384757441172621e-02,-1.930346555393499305e-03,9.996462008407808186e-01,-1.890516983597672826e-02,-4.777455092364717333e-03,9.349678208109413538e-03,1.043455901505168648e-01,-7.317049098112334005e-02,-2.531492558160858448e-03,1.628430719448656014e-02,-1.109037164931702714e-02,-9.320936825690228147e-03,2.583054187779269817e-02,4.083444367790448580e-03,3.761645816183937369e-03,1.203370026027249587e-02,3.127469568043334675e-02,-1.802374002335245876e-02,4.803529743714327616e-01,3.619538524338341556e-01,-1.658461052167100602e-01,4.343254190555401739e-01,1.373249359036228801e-01,1.049958163544930934e-01,-1.033848102655347476e-02,5.870133043181254839e-01,-4.673711686221638795e-01,7.490615723766100298e-02,3.965197487181402192e-01,-1.657892130408966103e-01,-2.275468237509045699e-02,5.658262712424442370e-02
-2.095143707109868234e-02,1.069683808020189695e-04,7.854382670609008077e-01,3.472896260837731244e-03,-2.640110993035959738e-02,-1.659589197068710468e-03,9.996440197138695138e-01,-1.789275234778215859e-02,-5.974779125410181746e-03,9.127162658436833997e-03,9.889324833052691444e-02,-6.962021537561864648e-02,-9.937593876578425505e-04,1.715292901865303130e-02,-1.209120612509652359e-02,-1.012624352325635149e-02,2.263660570822687707e-02,2.930806750297914286e-03,3.070921614426215095e-03,1.315642847272882610e-02,2.710630301589613336e-02,-1.561169846893524331e-02,4.822518987385220335e-01,3.636806638057688001e-01,-1.719866490591570318e-01,4.353233668582111027e-01,1.229141320798191328e-01,9.861996880173438951e-02,-9.069448865649514663e-04,5.752430443862066589e-01,-4.824649393161737354e-01,8.846951618219550673e-02,4.018962799045713297e-01,-1.223883321502821225e-01,-1.654540171419639771e-02,5.169043723861936612e-02
-2.133644117082654154e-02,5.427980729297808560e-05,7.854557295428110653e-01,3.467799222650074734e-03,-2.671613274021796339e-02,-1.162455302954633557e-03,9.996363695452595843e-01,-1.355794473796533527e-02,-6.475914892020604233e-03,7.587825814039540068e-03,8.781105415040163509e-02,-5.138303231473830696e-02,-6.615244423064340230e-04,1.848098106933948603e-02,-1.186751327424817072e-02,-9.633054397131522381e-03,2.187556658506410734e-02,-3.973265241636648321e-03,2.498597722506141691e-03,1.128247901032080128e-02,2.544309280759428360e-02,-1.409978705754476314e-02,4.890434815156684545e-01,3.652571730791884241e-01,-1.797171180944972801e-01,4.440627060555347172e-01,1.059406944979707221e-01,8.354418570694505108e-02,9.559691754570128971e-03,5.645251746611337218e-01,-4.770729678346543046e-01,8.415637927345437364e-02,4.020607869750436603e-01,-1.190177970337793906e-01,-5.163134664744406868e-03,5.365604108133048555e-02
-2.140052131908886171e-02,7.040256153145391170e-05,7.855197716442726685e-01,3.196390811419133615e-03,-2.722922136181512437e-02,-8.210412292484969236e-04,9.996237684654710742e-01,-7.468727057844262024e-03,-6.164389840039998653e-03,6.552389952800000833e-03,7.585624418383790646e-02,-3.658912556677271222e-02,-1.083562913515637854e-03,1.933296221784916794e-02,-1.111543145482355582e-02,-8.786559457974634987e-03,2.389396323937871894e-02,-1.196649214696579588e-02,3.101785085344703225e-03,8.726745248538184119e-03,2.488287345508134393e-02,-1.380357562379972911e-02,4.987918571840341264e-01,3.624561531886834054e-01,-1.823945125512695942e-01,4.543500670607059644e-01,9.749332957718422066e-02,6.489533732937652344e-02,1.718889937950346392e-02,5.543792913117316923e-01,-4.602602578807751810e-01,7.348385927157237429e-02,4.041782594085758795e-01,-1.344863196672338168e-01,4.978680270951323095e-03,5.747147095917449350e-02
-2.122450797929823288e-02,1.491658301805241370e-04,7.856595860579796975e-01,2.997105110146919705e-03,-2.791073180178312366e-02,-9.921849472473353790e-04,9.996054341490335782e-01,-1.245300641931248141e-03,-5.278837250521126179e-03,7.987114886670719505e-03,6.798597809423372051e-02,-3.766089424233114852e-02,-1.974027189300808695e-03,1.887352274799522500e-02,-1.071635490146906171e-02,-7.648007831152579122e-03,2.953260717547711092e-02,-1.975893442055264015e-02,5.489131554386555284e-03,7.765572284574613973e-03,2.366722129207715630e-02,-1.498068880587952179e-02,5.096772199813516258e-01,3.513522010039876742e-01,-1.730713756385047486e-01,4.598370276057356931e-01,1.088532953565029965e-01,4.801567767980192969e-02,1.837835121625545909e-02,5.444001874497040872e-01,-4.413526974347383725e-01,6.841031860386234675e-02,4.155729470919302115e-01,-1.470026500694589233e-01,7.127402569785341868e-03,5.791307339969197637e-02
-2.099270220541883322e-02,1.770708312856477502e-04,7.857148363416492920e-01,2.639630999085271993e-03,-2.833595997480419654e-02,-1.045190122991013302e-03,9.995944244032684001e-01,3.591602349978979120e-03,-4.351974026381611946e-03,7.957935120821130193e-03,6.206034957544321468e-02,-4.084502185203821301e-02,-2.683979413296997719e-03,1.767783680747582117e-02,-1.001057944074452283e-02,-7.413650937309303884e-03,3.488258811263991732e-02,-2.237930325876179294e-02,7.166758510194333465e-03,7.227837421906668433e-03,2.190042938535511491e-02,-1.722826598013730767e-02,5.205761259432659660e-01,3.368600848988278496e-01,-1.560794616559421644e-01,4.616049827999502142e-01,1.293134741310848490e-01,3.501400007381180735e-02,1.569592397018531107e-02,5.344656760278262420e-01,-4.197878990616317751e-01,6.111486413882241675e-02,4.307054378543729856e-01,-1.613221747550342977e-01,7.113088774593801476e-03,5.888675538031851175e-02
-2.088641573483771691e-02,3.642191024024821547e-05,7.855719942672338973e-01,1.906486384534380671e-03,-2.810032138439907609e-02,-3.015181836547233419e-04,9.996032444597926503e-01,5.635350725845008138e-03,-3.430543985916005827e-03,3.958568687417340047e-03,5.643560720732886116e-02,-3.601395598143958265e-02,-2.187704081702469827e-03,1.652290822636259121e-02,-8.499879810312473485e-03,-9.561449397339789186e-03,3.605046012009188033e-02,-1.667968291328832467e-02,6.346644089485624016e-03,6.069107118075801541e-03,1.964973243495635874e-02,-2.015612082066282895e-02,5.299329644393985239e-01,3.239993605669933552e-01,-1.364191903106074244e-01,4.612610818291129622e-01,1.478952032604927136e-01,2.798373605294475486e-02,1.166800575397209175e-02,5.243604107238745149e-01,-3.945371036036754431e-01,4.310496444733019628e-02,4.442069337742090562e-01,-1.822854758506259887e-01,1.051472096344894906e-02,6.455942913645296155e-02
-2.086201500274735554e-02,-2.159943301699645082e-04,7.853769808328258106e-01,1.154387902126903336e-03,-2.772765724216313260e-02,5.404549026756013666e-04,9.996147019331652617e-01,6.425135151313668413e-03,-2.253769543909757596e-03,1.878575048426395222e-04,5.210150287091605548e-02,-2.957921431907077625e-02,-1.256526061836698085e-03,1.533078683844159296e-02,-6.607405013857648758e-03,-1.152503683101015371e-02,3.650462746354195265e-02,-1.145270543088717369e-02,4.130486774941582312e-03,5.900750536501363046e-03,1.665978425331636134e-02,-2.271153791199889693e-02,5.358998820346078107e-01,3.134703455438681563e-01,-1.159532129456845723e-01,4.644270371850534040e-01,1.661451518807103289e-01,2.048597658090738072e-02,6.542291274827575186e-03,5.165659053713645976e-01,-3.706251677204001616e-01,2.428023228575532100e-02,4.578578703383225923e-01,-2.013191760179866840e-01,1.018862707977504119e-02,6.968170391243926065e-02
-2.087084593739087224e-02,-5.148460167913363437e-04,7.852133491946101662e-01,7.339304969628873340e-04,-2.767936963257918229e-02,6.674515492229334121e-04,9.996163605859991197e-01,7.344282288064067979e-03,-1.002622181721686415e-03,-5.698095509061746342e-04,4.980047290916162633e-02,-2.607079800222857416e-02,-8.543692306811780492e-04,1.366455619416898082e-02,-4.778891029944414524e-03,-1.082901199723542221e-02,3.944036453770040362e-02,-1.113015385655972099e-02,1.543775559197502374e-03,8.469778656923618657e-03,1.268150899337470300e-02,-2.395340103837553802e-02,5.369245885443231225e-01,3.060592683520967361e-01,-9.620475303176410919e-02,4.764197248779527549e-01,1.855721074429593498e-01,6.049962173951440800e-03,6.762520122340007211e-04,5.138520076040347107e-01,-3.536760258280362557e-01,1.587980786488656787e-02,4.731903784903888077e-01,-2.095737091907249328e-01,-6.250343518466074111e-04,6.881960368047766730e-02
-2.098121839885080248e-02,-7.562269434047365260e-04,7.850857852676641491e-01,4.722759032085287753e-04,-2.772562118078063936e-02,5.340220742934680695e-04,9.996153168624596352e-01,7.824097766545893076e-03,1.408695334998181711e-06,-4.824240876738781006e-04,4.891492331202099142e-02,-2.443028586955889314e-02,-1.005309349624829759e-03,1.192316304377168124e-02,-3.343376353019606069e-03,-9.622569790487693620e-03,4.263278846276977174e-02,-1.220605841157725718e-02,-5.600646605084789488e-04,1.149224166894197846e-02,8.945868274527885716e-03,-2.411424745792142138e-02,5.348030657418488820e-01,3.023823465411400457e-01,-7.940124227072750673e-02,4.888106237590822412e-01,1.985580078055646236e-01,-7.137355393408406287e-03,-4.848066081685992873e-03,5.140158657290146982e-01,-3.427358674787550630e-01,1.386399546895608452e-02,4.852412045533294749e-01,-2.092301929619138079e-01,-1.265222401024307733e-02,6.460694632656285852e-02
-2.126621290265316710e-02,-8.412221053895700944e-04,7.849996891634286600e-01,2.033177389615670454e-04,-2.766790677070424254e-02,6.813216892982180365e-04,9.996169173226214788e-01,7.290091505497616267e-03,5.858771151596430535e-04,-1.174184341531332504e-03,4.894561574990578812e-02,-2.359359222320382352e-02,-1.501382840174568913e-03,1.065758223919701861e-02,-2.405386827046288901e-03,-9.298843546890544348e-03,4.389295831321596286e-02,-1.214731282001608147e-02,-1.487435251675365069e-03,1.241930965665882271e-02,6.676718410661653877e-03,-2.337448960600639267e-02,5.315603755171032230e-01,3.028694943285781815e-01,-6.824328024540854409e-02,4.929462583147955490e-01,1.973616941065485519e-01,-1.062651189435164824e-02,-9.197075314808112606e-03,5.147968227540533626e-01,-3.367122044912028711e-01,1.378796278710372331e-02,4.888117330059347787e-01,-2.027001654341375747e-01,-1.658220376462564427e-02,5.974907414454615207e-02
-2.160598507451643238e-02,-8.065181078074267146e-04,7.849681580499258127e-01,-1.095636217181236466e-05,-2.760314347887112690e-02,8.825065806239989910e-04,9.996185710220566456e-01,6.518928043572332597e-03,8.530737681933118956e-04,-1.873769559042027036e-03,4.918171239247895454e-02,-2.297491989254035749e-02,-1.923576517388431986e-03,9.829218309649199320e-03,-1.923867644929294542e-03,-9.390222027421341391e-03,4.415518623159807310e-02,-1.178963943590945369e-02,-1.713373646710496375e-03,1.220728041787023758e-02,5.407999041685212713e-03,-2.230689264214443315e-02,5.278139205852070415e-01,3.053074590841292624e-01,-6.066016261226018363e-02,4.931089361346762678e-01,1.892490942758235928e-01,-9.145736562564199881e-03,-1.278076439632546725e-02,5.153922972252840129e-01,-3.335739075236167639e-01,1.457113230141532031e-02,4.886446477344311146e-01,-1.936973594483311079e-01,-1.649310352951953440e-02,5.497265489976557035e-02
-2.188279031888744688e-02,-6.792671849379782346e-04,7.849876179729177172e-01,-1.472031969377184048e-04,-2.762858600390806843e-02,8.952729727009175499e-04,9.996178460056364123e-01,6.307254109762383196e-03,9.285102575256503395e-04,-1.995701235008802248e-03,4.896079802064760844e-02,-2.237177164479039332e-02,-2.020610309824741324e-03,9.384256050544922956e-03,-1.780853431132044555e-03,-9.427699695886481573e-03,4.428217639248155368e-02,-1.176893768018407935e-02,-1.669138019335968072e-03,1.187407877575521499e-02,4.797702807918098784e-03,-2.145899557989005765e-02,5.240984700671517116e-01,3.075853252159040929e-01,-5.454344758174012320e-02,4.934690494301711139e-01,1.815098764633356898e-01,-7.521227836155741989e-03,-1.591418084992409637e-02,5.150334296996760264e-01,-3.313942855723999159e-01,1.504565922443321796e-02,4.894455672970648430e-01,-1.859321742790087106e-01,-1.654076836885664051e-02,5.098326843488570903e-02
-2.207605261513788386e-02,-5.060522100737249078e-04,7.850333568590089905e-01,-2.247722435810722320e-04,-2.769459077521865126e-02,8.278305443734055051e-04,9.996160632041792837e-01,6.376111761126963817e-03,8.564655890826381856e-04,-1.875535385166909874e-03,4.863939356948268622e-02,-2.198831484731303063e-02,-1.954436925321955711e-03,9.223914508424422079e-03,-1.811448068965339740e-03,-9.272749343257074076e-03,4.435063433374671071e-02,-1.208164494136142360e-02,-1.479275021541085920e-03,1.141163918990919027e-02,4.529197800490119066e-03,-2.091414572752585757e-02,5.210152000074155243e-01,3.095751269788336590e-01,-4.992264248148760991e-02,4.940775747347999625e-01,1.735136848874331561e-01,-6.183013261638824545e-03,-1.797988989263239745e-02,5.143285744111929514e-01,-3.297694664333405967e-01,1.521937654036689160e-02,4.906375801443711437e-01,-1.787278855244806564e-01,-1.654552455294583391e-02,4.760470812661592166e-02
-2.215822616525902483e-02,-3.310415402390048619e-04,7.850889656417991969e-01,-2.871804911411475524e-04,-2.773649803889593340e-02,7.990960513032225286e-04,9.996149086770389491e-01,6.417461836573446973e-03,7.421569929290403132e-04,-1.827969160294750164e-03,4.856678834461032601e-02,-2.202698984833018417e-02,-1.870030101005731729e-03,9.247611910577595296e-03,-1.780707654546979631e-03,-8.776182367800165751e-03,4.445840749558700733e-02,-1.295817019290141335e-02,-1.244539639448990521e-03,1.079568806910416977e-02,4.350424942655106188e-03,-2.083034209635706291e-02,5.191825510920582420e-01,3.111403011457462009e-01,-4.692288071472087985e-02,4.950427655526422610e-01,1.646663807926077860e-01,-5.568462190845141491e-03,-1.835975547684802825e-02,5.139225928567553447e-01,-3.283108656565868477e-01,1.509527644189204675e-02,4.916755781082956522e-01,-1.714613734113855925e-01,-1.631632653988949327e-02,4.468729587207116022e-02
-2.218245187109638833e-02,-1.722768277719501486e-04,7.851297430330828053e-01,-3.327700659089937851e-04,-2.777487231531176881e-02,7.453649046440145257e-04,9.996138705335727570e-01,6.435165536796484502e-03,6.409927457915013142e-04,-1.695241638597635384e-03,4.863498389978329617e-02,-2.174306799999761730e-02,-1.764169190862269459e-03,9.333048782045414576e-03,-1.720687092901408612e-03,-8.108427181492123062e-03,4.454565496060424595e-02,-1.346747072404216351e-02,-1.035227516856252134e-03,1.017483452972879794e-02,4.151788281200152579e-03,-2.089801678629597120e-02,5.181420676101081702e-01,3.125991493864034299e-01,-4.453716005698325070e-02,4.962037555635216424e-01,1.555264015837054259e-01,-5.541793100284344784e-03,-1.803836319577786437e-02,5.136445215302354317e-01,-3.273468374964876859e-01,1.511830527495061985e-02,4.925850248656979402e-01,-1.636250755455321559e-01,-1.592191785046905006e-02,4.197738094548064680e-02
-2.220436783712129505e-02,-4.805573038066683535e-05,7.851409790579849668e-01,-3.727605134129218520e-04,-2.783307448755427058e-02,6.211660018509402269e-04,9.996123224365375259e-01,6.432685780711673747e-03,6.306593419294392920e-04,-1.378137911825078749e-03,4.875922333905746697e-02,-2.069336855654780455e-02,-1.650062133011632190e-03,9.388441403615487360e-03,-1.559531149490140387e-03,-7.207182903967145407e-03,4.461916450479180146e-02,-1.319089597639526955e-02,-8.683879778345007404e-04,9.672676358330408591e-03,3.848679713096616727e-03,-2.079243004980768639e-02,5.173800765385835332e-01,3.142531908766693083e-01,-4.173109692416758498e-02,4.974861435033893220e-01,1.466769701580661056e-01,-5.945676643405396235e-03,-1.802304244387729557e-02,5.132949996144230420e-01,-3.272037816711584335e-01,1.575240832155299850e-02,4.934556930831712207e-01,-1.547051570103819829e-01,-1.543687971407438006e-02,3.921808904667435647e-02
-2.220819284200993213e-02,4.521009406334341378e-05,7.851345054411783542e-01,-4.056463022914076296e-04,-2.790678053483117149e-02,4.884446824957840508e-04,9.996103283145141294e-01,6.460808922839614797e-03,6.456146952430409560e-04,-1.084728360965006447e-03,4.901033707243519083e-02,-2.001847163604700275e-02,-1.533367076838414427e-03,9.490497415252156094e-03,-1.395417855189317073e-03,-6.421574389567969235e-03,4.473291507234906234e-02,-1.313766570069110386e-02,-7.256798784924724677e-04,9.249096882242595005e-03,3.482280750084478828e-03,-2.059385139193348896e-02,5.167421793613476977e-01,3.159696376798615258e-01,-3.898882807980789955e-02,4.986528625574667695e-01,1.381346997760146134e-01,-6.356051556931543133e-03,-1.799581136925776370e-02,5.130430576119135999e-01,-3.272660130892164343e-01,1.637287727566613671e-02,4.942342842043783158e-01,-1.457770583612904569e-01,-1.500943630405461061e-02,3.666536183802326238e-02
-2.217911725894956484e-02,1.115700582924695832e-04,7.851241677254648943e-01,-4.269856415282494741e-04,-2.795945911726675087e-02,4.208067396165631130e-04,9.996088781372541865e-01,6.495342843637066758e-03,6.241917734008735775e-04,-9.849984218891873807e-04,4.935627417417930152e-02,-2.027499210901114943e-02,-1.405783573331515802e-03,9.670975065306536278e-03,-1.308473561725741327e-03,-6.001889461085726726e-03,4.483052605080056763e-02,-1.388120070960904145e-02,-5.769887699955025383e-04,8.844137793813022438e-03,3.088427712034636907e-03,-2.040994213779899133e-02,5.160733189555944955e-01,3.176282937334091172e-01,-3.685577587779070852e-02,4.994465528490107387e-01,1.300199528790856873e-01,-6.343890756744501730e-03,-1.764270038826275949e-02,5.130662474302633003e-01,-3.269324159808571495e-01,1.637108620203090933e-02,4.948612159847609049e-01,-1.380278887364944085e-01,-1.479945859769535299e-02,3.461733903932073808e-02
-2.214729372601403554e-02,1.605530727082578367e-04,7.851006922820000788e-01,-4.415669839070074701e-04,-2.798778080212743075e-02,3.462726566115501329e-04,9.996081078300728118e-01,6.459403188237779377e-03,6.296913413102136385e-04,-8.302679941649931516e-04,4.961484182970616469e-02,-1.964374987754195778e-02,-1.334703060747476945e-03,9.716921614345806757e-03,-1.204121197985691914e-03,-5.533626473045944252e-03,4.493704454877443799e-02,-1.368880399210568866e-02,-4.486925650394855167e-04,8.389654387226878896e-03,2.739600376994470819e-03,-2.018945594585948994e-02,5.153904487400551293e-01,3.189853714793002837e-01,-3.490653176289607723e-02,5.002328325349389981e-01,1.219781745206790641e-01,-6.301986113837298835e-03,-1.710860254560637658e-02,5.131784520565153551e-01,-3.263028932586740094e-01,1.632461302315866072e-02,4.954536530771103120e-01,-1.306728611798022577e-01,-1.464812321687583747e-02,3.250029685750422531e-02
-2.214126068928365040e-02,2.022248800231327419e-04,7.850590088399663768e-01,-4.429597970227901996e-04,-2.797503064635025252e-02,1.809684657600897498e-04,9.996085077155801857e-01,6.316150376656760879e-03,6.855731433594559020e-04,-4.079395952986835695e-04,4.964561524837033529e-02,-1.744722542572418530e-02,-1.371532240010689884e-03,9.424641606732082205e-03,-1.042212639177536680e-03,-4.716587723736183346e-03,4.514731395107540735e-02,-1.193866732477781405e-02,-3.665427183334703720e-04,7.836922412627456147e-03,2.486818494641069438e-03,-1.990288301786608677e-02,5.147132100021839518e-01,3.198066905770350909e-01,-3.272279639933452222e-02,5.014112823463603430e-01,1.136816720740109754e-01,-6.640775985263979581e-03,-1.656019426712660933e-02,5.131788870114595280e-01,-3.254866779590629422e-01,1.684263049010916932e-02,4.961636309122228750e-01,-1.229605889783242922e-01,-1.440684038285187235e-02,2.974315801841261736e-02
-2.212663891484469708e-02,2.492994108563194788e-04,7.850229817446258140e-01,-4.192620565071949177e-04,-2.797451314581752765e-02,4.854248316439794641e-05,9.996085476211228338e-01,6.293563072700614908e-03,6.499060110206664838e-04,-3.768818305243569955e-05,4.964996286364452976e-02,-1.636587527498471750e-02,-1.353161574426760359e-03,9.319672796142475929e-03,-9.883718013428764281e-04,-4.055022794048380140e-03,4.524468783151481405e-02,-1.124572401920429995e-02,-2.830712888594980894e-04,7.261510492456851873e-03,2.286822205565074498e-03,-1.952894701177639719e-02,5.137982323944265683e-01,3.200024075698553738e-01,-3.086298602551320810e-02,5.025317903931876273e-01,1.058909098722157632e-01,-6.671457362884046158e-03,-1.576528677317898253e-02,5.132104444259096843e-01,-3.247113015399496483e-01,1.747643984174697754e-02,4.968159481817824852e-01,-1.152692570085131901e-01,-1.428275255453347048e-02,2.705331034889821989e-02
-2.206744206077354553e-02,3.145639253681300129e-04,7.850185530408850809e-01,-3.465066034717454542e-04,-2.804895373750791385e-02,9.302360191905633931e-05,9.996064863104957565e-01,6.593736858873476027e-03,3.464018839210357371e-04,-6.676873499774245966e-05,4.973861766506668808e-02,-1.786869219013630800e-02,-1.162838776495053825e-03,9.931545965706166032e-03,-1.150474227126644169e-03,-3.732896039142648194e-03,4.486799991598535570e-02,-1.278389403581221134e-02,-1.293853187129791942e-04,6.719905813156814428e-03,2.067137828659377802e-03,-1.905209758985221963e-02,5.123998150420672193e-01,3.194960808243019201e-01,-2.990254993780456713e-02,5.031631826984122036e-01,9.941312087417379650e-02,-5.700301588244742479e-03,-1.447418923865297080e-02,5.134117431801483722e-01,-3.242000722293502113e-01,1.778147760998149626e-02,4.972658071783953027e-01,-1.080048458899417751e-01,-1.447213147745663071e-02,2.515150370991450432e-02
-2.197336251251107153e-02,3.807022509938730532e-04,7.850259444405681686e-01,-2.757788811310384275e-04,-2.814829798100866934e-02,1.825577581833989782e-04,9.996037034442435409e-01,7.039599361278457354e-03,1.444518190347570926e-05,-2.024795690890542933e-04,4.972322413526057694e-02,-1.932321962872670176e-02,-9.134243353114100683e-04,1.073106836806674361e-02,-1.354928655540780982e-03,-3.589606647718440909e-03,4.438779750121494422e-02,-1.436800514043696207e-02,2.366031345689179098e-05,6.217015525851864004e-03,1.893821750371978271e-03,-1.858299672132366839e-02,5.110252922637895656e-01,3.187994515151406083e-01,-2.918312506022284827e-02,5.034793281640004281e-01,9.348812704572669052e-02,-4.491875317274235738e-03,-1.327950926351751000e-02,5.135018971533334975e-01,-3.237907855545563707e-01,1.780196535540449349e-02,4.975369179274323206e-01,-1.012939388404431873e-01,-1.453620251735416105e-02,2.366925114133981364e-02
-2.185034418851485721e-02,4.242472727653158601e-04,7.850387885567812196e-01,-2.068902276928131373e-04,-2.822701291415017494e-02,1.731101995595637534e-04,9.996015020853249444e-01,7.510333663165240717e-03,-2.333610318289386452e-04,-1.663581622142433622e-04,4.959307129308000023e-02,-1.991218668608976672e-02,-7.262848531448499057e-04,1.121961013356469368e-02,-1.485015352583290158e-03,-3.285568726061935396e-03,4.434990002620128186e-02,-1.525396652742118907e-02,1.348000243797820442e-04,5.778154106615837442e-03,1.697384051043346982e-03,-1.826386721506257846e-02,5.101995097770257726e-01,3.184708771137679251e-01,-2.803400574713223181e-02,5.037358370598482571e-01,8.738112158368664673e-02,-3.815137363217030800e-03,-1.280283329115125893e-02,5.131455572721398406e-01,-3.232575498910753575e-01,1.759245871763027991e-02,4.977811448400566996e-01,-9.531761693694679183e-02,-1.403859342012743656e-02,2.224313980870923010e-02
-2.170958927401069397e-02,4.585857124714624302e-04,7.850512697594522749e-01,-1.445256551630499811e-04,-2.829931210005627931e-02,1.316373723089541065e-04,9.995994751492228714e-01,7.943504244213141566e-03,-4.300876212199825771e-04,-5.479875722322922820e-05,4.946561406821431417e-02,-1.970730551390542651e-02,-5.864616738565694293e-04,1.155555170359314800e-02,-1.576525148207344462e-03,-2.929196223315214207e-03,4.449972917237454695e-02,-1.539689583101933566e-02,2.109511156932566988e-04,5.392939290276073383e-03,1.515120298511271699e-03,-1.799562348720223220e-02,5.096713250024250685e-01,3.183020672302595000e-01,-2.679910480632034450e-02,5.039232485732187961e-01,8.129574608070508357e-02,-3.345494793134125722e-03,-1.249960668771975952e-02,5.125780477891584974e-01,-3.227312192146158387e-01,1.736804936176229372e-02,4.980488143853676886e-01,-8.949344468854578127e-02,-1.326687545862822309e-02,2.085111460404199049e-02
-2.156121541317319867e-02,4.964872189517357485e-04,7.850549933877563058e-01,-1.023544085627163628e-04,-2.838615645780615676e-02,1.226095012172584301e-04,9.995970191092204971e-01,8.328732386878963043e-03,-5.918164394512212892e-04,1.068990700150965656e-05,4.937915071144213797e-02,-1.870049178158431427e-02,-4.749617265986896169e-04,1.194728456641020592e-02,-1.647834987564379596e-03,-2.652718815583771182e-03,4.451326456328169590e-02,-1.469731448556240230e-02,2.678110356524708449e-04,5.067183238195753330e-03,1.401772456566829830e-03,-1.768248596115638838e-02,5.092116460450158977e-01,3.180909207268149408e-01,-2.583994465269690705e-02,5.040483439791862974e-01,7.545947247307743799e-02,-2.759503387052500249e-03,-1.181285195374198217e-02,5.120561577881489468e-01,-3.223626887595023582e-01,1.736218376215546699e-02,4.984028389913958135e-01,-8.324597764802817157e-02,-1.251811973852714165e-02,1.947831666600389686e-02
-2.139320575049134809e-02,5.335507787771660588e-04,7.850536513970544084e-01,-6.398524477660492808e-05,-2.847938364988309920e-02,1.271697359362338028e-04,9.995943699524676429e-01,8.745690009006122645e-03,-7.530419278059178982e-04,3.271011034884730513e-05,4.936154043818680864e-02,-1.805175628431358870e-02,-3.877598624141076282e-04,1.238207421812739274e-02,-1.728867652261426328e-03,-2.446010771435817768e-03,4.457129029692515759e-02,-1.432254505268743851e-02,3.030296712421202249e-04,4.817453551503483693e-03,1.297871941724478050e-03,-1.737128145615396760e-02,5.087981690553943226e-01,3.178812872611407880e-01,-2.497041862153123737e-02,5.041697799472307784e-01,6.991701066799725639e-02,-2.155242826678998615e-03,-1.108558344018157997e-02,5.116053458460684267e-01,-3.220053900016405235e-01,1.732436732609547725e-02,4.987677414189020109e-01,-7.713895999898343070e-02,-1.179832607339536925e-02,1.818861012446851971e-02
-2.119213756629672110e-02,5.644154401212404196e-04,7.850486134607930211e-01,-2.693702752596173431e-05,-2.856948211656893874e-02,1.271172086138746518e-04,9.995918005902230119e-01,9.199139912672314734e-03,-9.103875962365953842e-04,1.745160432143758720e-05,4.947296590883221851e-02,-1.813520842800940558e-02,-3.161415525575516695e-04,1.276783514607968302e-02,-1.812960433578420308e-03,-2.294639795420874793e-03,4.490031024216066535e-02,-1.467164493729626595e-02,3.190763482224686612e-04,4.669930741168813043e-03,1.169017784188160864e-03,-1.715965991846621005e-02,5.084467176725678828e-01,3.177353002519578418e-01,-2.402420287199764914e-02,5.043601110181412661e-01,6.477726493866733937e-02,-1.625558037205766717e-03,-1.068057893874800254e-02,5.112854444768603068e-01,-3.215352337609683753e-01,1.701473960798643992e-02,4.990755246456640148e-01,-7.180997110400900996e-02,-1.110577510732274446e-02,1.706157934748688335e-02
-2.099255051515579173e-02,5.974329522387872337e-04,7.850333527895816399e-01,-2.197507952995949146e-06,-2.867407845968423033e-02,1.371162772955263911e-04,9.995888046685930117e-01,9.617341416819333993e-03,-1.048363803663524474e-03,-2.525866430300677276e-05,4.959101330058175716e-02,-1.743582813212334395e-02,-2.536846341053160042e-04,1.309242728361189288e-02,-1.876840226108316594e-03,-2.158812101385309407e-03,4.530058769688010550e-02,-1.430274054977367926e-02,3.305644880113724031e-04,4.532677843290106728e-03,1.069516219099409795e-03,-1.692598885191898272e-02,5.081357832752625425e-01,3.175626386272154544e-01,-2.312856834682423812e-02,5.045182409990192074e-01,5.967111099188446288e-02,-1.126252524133982205e-03,-1.027402862273278129e-02,5.109964196962831773e-01,-3.210563663946414126e-01,1.668102963515766951e-02,4.993280281402415199e-01,-6.654355677650528045e-02,-1.037617083728227529e-02,1.597110010731749713e-02
-2.083059853629349104e-02,6.387221722664506579e-04,7.850065409685235140e-01,-5.109246859162086506e-06,-2.881511534063030053e-02,1.660232477172536168e-04,9.995847445504980611e-01,9.984136423157735640e-03,-1.138561631931460242e-03,-9.505604749095160702e-05,4.962459469960919106e-02,-1.526617630491083032e-02,-1.889808360937228981e-04,1.339798624301099042e-02,-1.893256224155619042e-03,-2.041917509820332082e-03,4.558804052234122217e-02,-1.256674533913116482e-02,3.522671348916220900e-04,4.325909780289065309e-03,1.054573963371612357e-03,-1.653560974069232317e-02,5.078490323762310243e-01,3.172773925099391934e-01,-2.241974728215101464e-02,5.045852050622571250e-01,5.424025220761240218e-02,-6.240211556418137758e-04,-9.530502197918703719e-03,5.106232600999638382e-01,-3.206773917677591124e-01,1.658572192220252040e-02,4.995721882778216827e-01,-6.062812582698316050e-02,-9.557387745316581543e-03,1.479165634345495049e-02
-2.067022693310566206e-02,6.817746967779095757e-04,7.849815096721708407e-01,-5.894475492193880433e-06,-2.892694641578911693e-02,1.775392950243397246e-04,9.995815125421806391e-01,1.043858389975525075e-02,-1.221366655327071893e-03,-1.086388112854939702e-04,4.950400833855239657e-02,-1.415127455887637761e-02,-1.298295199401696201e-04,1.377038998320997444e-02,-1.915351676029361863e-03,-1.901314303022833907e-03,4.572408116172864412e-02,-1.180062072882575273e-02,3.694155317542521214e-04,4.177817959818177530e-03,1.031153178436375632e-03,-1.617264181556486366e-02,5.074935499531382233e-01,3.169304614259986219e-01,-2.168804355772221276e-02,5.046985536045685006e-01,4.920459461295784848e-02,-1.230119746127141195e-04,-8.859691297304718438e-03,5.101596822064253800e-01,-3.202307926300951291e-01,1.643956094099798676e-02,4.998990856830255458e-01,-5.511474818500012446e-02,-8.770912185691912000e-03,1.364509519470261806e-02
-2.047927061877920230e-02,7.206977787633473895e-04,7.849610911250025636e-01,2.006700738485060319e-06,-2.893868553348099767e-02,1.374635807536980835e-04,9.995811790841869771e-01,1.101857975014310272e-02,-1.288718909656290943e-03,-1.215992867148464574e-05,4.905077772658500423e-02,-1.470974460706185247e-02,-8.595523724464862220e-05,1.419953601272137302e-02,-1.935684952668881515e-03,-1.681615925370512224e-03,4.557027817828181171e-02,-1.256167373512070279e-02,3.744339024459996811e-04,4.225248356517961011e-03,9.595988625726060983e-04,-1.602635366862937075e-02,5.070040582851094157e-01,3.165816027645842468e-01,-2.073321049634344396e-02,5.049401299945313060e-01,4.531165231167762902e-02,3.852455232583027779e-04,-8.684995156361815030e-03,5.096365055850874404e-01,-3.195840931225186754e-01,1.595343406253526761e-02,5.003242924087268895e-01,-5.108828181185735146e-02,-8.130562418819892861e-03,1.265795761210445659e-02
-2.027341357533064131e-02,7.587277536807435219e-04,7.849522389167399306e-01,7.360076279536351514e-06,-2.892249249679736123e-02,9.025054481400690868e-05,9.995816531071591848e-01,1.163414563174207210e-02,-1.345982399667209825e-03,8.639565244099688796e-05,4.850435930454049388e-02,-1.558598363263801606e-02,-5.065623791349046704e-05,1.467271566579038573e-02,-1.947405749221257226e-03,-1.452462642986257838e-03,4.528673175212542118e-02,-1.360151650930556746e-02,3.773397143847727732e-04,4.280938952390414554e-03,8.687537325770551110e-04,-1.593014793854258607e-02,5.065509671962493687e-01,3.161617184376213641e-01,-1.976880508445063786e-02,5.051604332035373179e-01,4.212644812597299976e-02,8.307087000340761598e-04,-8.588302957094274409e-03,5.090788767723650743e-01,-3.188739390625728309e-01,1.535596245321566196e-02,5.007005696048723031e-01,-4.781852795562793051e-02,-7.537077136014439828e-03,1.181850022015326802e-02
-2.006407598881349702e-02,7.988505229082626261e-04,7.849557175954806620e-01,1.186583165687755411e-06,-2.894788047649348925e-02,8.367164400084666095e-05,9.995809187922539696e-01,1.222853436505129225e-02,-1.407526350711855697e-03,6.052783762255567181e-05,4.810610811619387556e-02,-1.595600971061549370e-02,-1.673819437741097820e-05,1.520399712305461372e-02,-1.956423178678525204e-03,-1.316315758052386898e-03,4.505347051736757064e-02,-1.418673968618757927e-02,3.809463272427347628e-04,4.185107851811987675e-03,7.801873847533792247e-04,-1.576367225178749651e-02,5.063656436519965442e-01,3.156276733420409486e-01,-1.903001863013386794e-02,5.051599626108016494e-01,3.923257971787695586e-02,1.141610090724149915e-03,-8.146830261168060139e-03,5.085457577979749511e-01,-3.182585876237420952e-01,1.489685505499401506e-02,5.008347983977741169e-01,-4.458613061531368355e-02,-6.883874745811020476e-03,1.112414056993737618e-02
-1.986122509466007463e-02,8.388051828047675016e-04,7.849677278918012480e-01,-9.213640452970255873e-06,-2.899869053890437309e-02,9.554696100409575512e-05,9.995794449331758535e-01,1.278528375441307513e-02,-1.471329081183691233e-03,-1.888261604635503495e-05,4.779301584000507364e-02,-1.580860261349764651e-02,1.653141445636936539e-05,1.572243817451740230e-02,-1.968931004715237035e-03,-1.240286036086560772e-03,4.488533328916601006e-02,-1.431175477421652020e-02,3.821979626137499684e-04,4.066655326238751041e-03,6.766665717972905354e-04,-1.552455464734866196e-02,5.062464322869522082e-01,3.150375723636802405e-01,-1.834681057742328092e-02,5.051131008407573342e-01,3.644007486991483052e-02,1.399456044846008294e-03,-7.626462670481178041e-03,5.080259287191494222e-01,-3.176577549552456192e-01,1.446665570101340892e-02,5.009102032600056820e-01,-4.136998671308365211e-02,-6.244985995034597025e-03,1.050147192205246743e-02
-1.967460442450283051e-02,8.755873840736851186e-04,7.849822535965406134e-01,-2.568009914478979497e-05,-2.904979092221731882e-02,9.622957655258902656e-05,9.995779608053474430e-01,1.326702362919268685e-02,-1.516312281506416830e-03,-1.002436593050625802e-04,4.751193176233647203e-02,-1.514510619024681849e-02,5.518295262179693774e-05,1.612337092413176562e-02,-1.964352127409695579e-03,-1.179848167416642666e-03,4.482286585259740580e-02,-1.398584519916545865e-02,3.817991113574221930e-04,4.087889880568259734e-03,5.568013787492045227e-04,-1.525295986587821458e-02,5.060156024350065396e-01,3.144651299128642941e-01,-1.755947048010271863e-02,5.051951654441116935e-01,3.357802058321247840e-02,1.691546556212839610e-03,-7.304219420069255238e-03,5.075168674684171766e-01,-3.170102361658226897e-01,1.396605619828264304e-02,5.011030240292391191e-01,-3.816978366489608143e-02,-5.693257051125684594e-03,9.882525768239435252e-03
-1.948779767543615260e-02,9.117619448247460835e-04,7.849944659833216765e-01,-3.967236435433704788e-05,-2.910153671312058765e-02,8.839187095844005452e-05,9.995764558921521603e-01,1.376080942302375203e-02,-1.562311828141606327e-03,-1.629283694461182929e-04,4.724854056467104463e-02,-1.471086883521833394e-02,9.616375470587579081e-05,1.651662295600078711e-02,-1.962810215721719730e-03,-1.110388989416935665e-03,4.479590648777131284e-02,-1.384698514314365927e-02,3.817288433391566619e-04,4.149022601244336909e-03,4.186733720153451186e-04,-1.498614964628077785e-02,5.058661893350085981e-01,3.138855089367859619e-01,-1.678108682024728737e-02,5.052371618010765841e-01,3.089533306216111705e-02,1.948613484415037895e-03,-6.968179060596570856e-03,5.070553273551262619e-01,-3.163664857413494014e-01,1.345142931333450850e-02,5.012570309257671219e-01,-3.514703861102571464e-02,-5.157558671288687419e-03,9.285186737264436094e-03
-1.928215324180946114e-02,9.464667736621749884e-04,7.850027018309982951e-01,-6.160278653648128776e-05,-2.913942084402750682e-02,7.175039493696360783e-05,9.995753524421517877e-01,1.433242728538141469e-02,-1.582422739833279053e-03,-2.101064022950676442e-04,4.688662775870983124e-02,-1.466994562531503780e-02,1.402461317917761807e-04,1.696769885933966521e-02,-1.935417923496007137e-03,-1.030225095205146565e-03,4.468898946199986039e-02,-1.405209302918449497e-02,3.799514078061669363e-04,4.171624178031914376e-03,2.824473659979792259e-04,-1.482184071777959203e-02,5.060211307855094764e-01,3.132829492838130614e-01,-1.614308785521384806e-02,5.050798527880381306e-01,2.868549822671006763e-02,2.098237022033440369e-03,-6.404893037213556066e-03,5.066928312143839097e-01,-3.157935240914154229e-01,1.299509181720123752e-02,5.012164790652159363e-01,-3.250248560549460347e-02,-4.561799210927258361e-03,8.739955103127854119e-03
-1.908326717523030694e-02,9.765035763235963614e-04,7.850084374522506847e-01,-8.872686840620240697e-05,-2.917231363091001700e-02,6.207648385651353751e-05,9.995743916244917981e-01,1.490057665682264880e-02,-1.586328977672358132e-03,-2.761862378056646880e-04,4.644523322957126721e-02,-1.437992058401716712e-02,1.855933499857876485e-04,1.740993943089249110e-02,-1.891867482057110143e-03,-9.695653712188218813e-04,4.452612075198497665e-02,-1.403971446448797414e-02,3.790581958988351193e-04,4.211106227296744844e-03,1.406444176789065613e-04,-1.467516198600746571e-02,5.061814147000580633e-01,3.127059318031464308e-01,-1.549027706806233723e-02,5.049363185127825338e-01,2.659145751806096455e-02,2.239593257285111411e-03,-5.875406868847581239e-03,5.063479900520787558e-01,-3.152134753803604861e-01,1.253003375722706349e-02,5.011783799077459411e-01,-2.999408398176356405e-02,-3.978557989096129406e-03,8.218740711996250572e-03
-1.891566417656509805e-02,9.929281561766761018e-04,7.850131529295021338e-01,-1.392023436804643228e-04,-2.918307182461895438e-02,6.297135350091083927e-05,9.995740717806735898e-01,1.534206817823228000e-02,-1.518345584174648480e-03,-3.789219054397868400e-04,4.596325598143542052e-02,-1.350831946862472016e-02,2.379260884400364207e-04,1.771086529868222750e-02,-1.774249795935845756e-03,-9.382232474755713590e-04,4.437852205149376422e-02,-1.352823218424882047e-02,3.830371118818647470e-04,4.348826697602151473e-03,5.189925952221480666e-06,-1.453148120914390592e-02,5.060608860463196024e-01,3.122291044684069039e-01,-1.468974385362387634e-02,5.050458867845660782e-01,2.429407477990978489e-02,2.472536543431886301e-03,-5.654224321024205711e-03,5.059390876211118382e-01,-3.145706381293799092e-01,1.201031713895258334e-02,5.013631668453339962e-01,-2.741294879759936104e-02,-3.485078013839089991e-03,7.704188221409921482e-03
-1.876018188654284685e-02,1.000846489513852527e-03,7.850146014880974299e-01,-1.865310768244772066e-04,-2.917853531308168061e-02,5.864146443816613112e-05,9.995741967679633300e-01,1.577668069871300538e-02,-1.438177128772471754e-03,-4.565933372472563635e-04,4.544272275811189754e-02,-1.298879060515694718e-02,2.935408083882797762e-04,1.799730246240556497e-02,-1.648388182442376941e-03,-8.956275473567353171e-04,4.419346784523633248e-02,-1.332115065697394955e-02,3.896663684726431776e-04,4.494679633214824013e-03,-1.525483294378854901e-04,-1.438721497631840346e-02,5.059515774927317855e-01,3.117317361436335865e-01,-1.388541395616820461e-02,5.051479372979243987e-01,2.222628249600364786e-02,2.657815595513140540e-03,-5.433923985393275015e-03,5.055078231056671090e-01,-3.139031805126688002e-01,1.148390884729198931e-02,5.015492789069129209e-01,-2.509510864218619450e-02,-3.020756364149940979e-03,7.224172829626529860e-03
-1.859670526635790258e-02,1.001034964855425195e-03,7.850130130101879988e-01,-2.403334716840513190e-04,-2.915676226166147994e-02,3.180161781887229719e-05,9.995748218332112245e-01,1.630074264884584859e-02,-1.312757172547388603e-03,-4.709447011669409106e-04,4.479032109209669238e-02,-1.304082330682755468e-02,3.453028752366458761e-04,1.835357631052008526e-02,-1.485006990914420266e-03,-8.192474622463668870e-04,4.387716815381211000e-02,-1.362336252441908799e-02,3.854108452731158630e-04,4.571618576960328854e-03,-3.048789245735762459e-04,-1.427789408818963719e-02,5.061749114651680204e-01,3.110858599650439538e-01,-1.323828209692990386e-02,5.049720923333147482e-01,2.085178468617219366e-02,2.652750080035495752e-03,-4.905939837253833757e-03,5.051185383318953503e-01,-3.132715560697827972e-01,1.100407263544591306e-02,5.014872940060860484e-01,-2.340233182032940701e-02,-2.515904938204810946e-03,6.814509928415661034e-03
-1.843500555973943619e-02,9.888756037532402815e-04,7.850130289259672489e-01,-2.912335298943022192e-04,-2.913146407345904715e-02,-7.144763686861631095e-07,9.995755464113039723e-01,1.684951416028506593e-02,-1.171181485053716465e-03,-4.769489331675074470e-04,4.408823806522300937e-02,-1.318456807574900670e-02,3.940223267427103108e-04,1.872364483785393316e-02,-1.308281101980826892e-03,-7.409262758322509614e-04,4.352307723361996394e-02,-1.400083648629362604e-02,3.786016707584080750e-04,4.651288683172397076e-03,-4.743380209295010091e-04,-1.418116954891456699e-02,5.064581591259923465e-01,3.104260448669934891e-01,-1.263722628236329561e-02,5.047625062471938762e-01,1.977016998110871226e-02,2.591371662095582652e-03,-4.373535485167163832e-03,5.047556777048496368e-01,-3.126466447174112706e-01,1.053397787666817895e-02,5.013811962677190426e-01,-2.201540542118040483e-02,-2.059145857903322240e-03,6.451271871550879819e-03
-1.828202238172373442e-02,9.537776273737478411e-04,7.850177797372606125e-01,-3.649015649879988718e-04,-2.909093646602646521e-02,-3.083921387709495632e-05,9.995767020650889734e-01,1.730012649296792243e-02,-9.371593609183816783e-04,-5.014123005939632571e-04,4.344890875039194439e-02,-1.308157877048496745e-02,4.327384023587940720e-04,1.899185096734529177e-02,-1.041168588870735679e-03,-6.761535867974690977e-04,4.324569929757391545e-02,-1.413756280091440706e-02,3.741643766092803461e-04,4.819412992660806333e-03,-6.297588230851130977e-04,-1.417062362662316333e-02,5.065412242173125135e-01,3.098998032279378090e-01,-1.198638890658555202e-02,5.047939315005036676e-01,1.859956444053156854e-02,2.611428212127748366e-03,-4.146500508618687110e-03,5.044151376848811097e-01,-3.120245598379113305e-01,1.005035771778287589e-02,5.014591557545918787e-01,-2.062846250079803170e-02,-1.740383858360763621e-03,6.120496487455833086e-03
-1.814037576264963814e-02,8.975280665480645610e-04,7.850260741904049322e-01,-4.382868156902731092e-04,-2.905669278450962942e-02,-6.154535596746934893e-05,9.995776671781249068e-01,1.770842154689684922e-02,-6.681170241409210061e-04,-5.246134059027876724e-04,4.285757710490691041e-02,-1.276634176979503550e-02,4.695957974256029861e-04,1.921667381624244178e-02,-7.420039259386820418e-04,-6.141755214726570553e-04,4.302001649638546171e-02,-1.407066750248437033e-02,3.712277824739308252e-04,5.011723772763157329e-03,-7.993772137677932757e-04,-1.417989286121387055e-02,5.065623062032827972e-01,3.094179682122987773e-01,-1.131148150230953595e-02,5.049013664580183081e-01,1.745847807977383634e-02,2.653441533332139175e-03,-4.001087046247075139e-03,5.040852104657250754e-01,-3.113990571205018099e-01,9.552718389743948893e-03,5.015922195343438528e-01,-1.929697053662314879e-02,-1.474337888210296155e-03,5.806904729388003006e-03
-1.801097805016113260e-02,8.167489035898725831e-04,7.850363038803748195e-01,-5.321812585020364601e-04,-2.903608593173547317e-02,-9.195958750794102406e-05,9.995782180701550113e-01,1.810669855849351279e-02,-3.015097378382585250e-04,-5.373208549634977699e-04,4.228710521735427885e-02,-1.229779485043340850e-02,4.731787801762136602e-04,1.943665507319749727e-02,-3.641058459801415552e-04,-6.075066332967916970e-04,4.280377918644373558e-02,-1.383094594904661460e-02,3.334514743956901194e-04,5.173485070846668178e-03,-9.344936023747613986e-04,-1.417751336617107012e-02,5.066991915398348922e-01,3.088892752841455036e-01,-1.065702268277533490e-02,5.048793966368873010e-01,1.648791502542927903e-02,2.660271112624633220e-03,-3.715464105449822838e-03,5.037943055477559495e-01,-3.107908013389036328e-01,9.047716502086236220e-03,5.015989185846275733e-01,-1.809095601176111817e-02,-1.159324461505900974e-03,5.502875165202950232e-03
-1.789176922111013895e-02,7.086372132501522628e-04,7.850461242074308066e-01,-6.233668466990535152e-04,-2.902195561464991982e-02,-1.213574596430389864e-04,9.995785725886894291e-01,1.850104862754199664e-02,1.026204039890675035e-04,-5.571708753485849104e-04,4.172974018201835306e-02,-1.188527426031717703e-02,4.693301861765382236e-04,1.965389857191704795e-02,4.368116239256592415e-05,-6.324670111348535111e-04,4.259661356605674853e-02,-1.362228352821846442e-02,2.859919523590934761e-04,5.337538409044658566e-03,-1.077348914418664594e-03,-1.418640430808462173e-02,5.068723065441868014e-01,3.084104157627902132e-01,-1.001757884656303069e-02,5.048360707066316122e-01,1.559418888777705688e-02,2.656841563753185257e-03,-3.449184435236004893e-03,5.035418964899206484e-01,-3.102180608819801177e-01,8.557615784603763223e-03,5.015836843774087450e-01,-1.697774070976990068e-02,-8.624870975384175530e-04,5.216059556205690333e-03
-1.777795393376981753e-02,5.638332801435337171e-04,7.850562417707008800e-01,-7.451302289401853752e-04,-2.898809919102385974e-02,-1.587886996531046155e-04,9.995794664119412865e-01,1.884675379759376962e-02,6.456934975738611547e-04,-5.879662748522997617e-04,4.116816547615916727e-02,-1.148887278952086428e-02,4.316548089619546180e-04,1.981688142350691156e-02,5.822841627135270839e-04,-6.766599438836610374e-04,4.238087546459575611e-02,-1.338122172482182799e-02,1.983001187962423156e-04,5.562452885912171595e-03,-1.165780113524615431e-03,-1.432379106321622804e-02,5.070087409183193783e-01,3.080696754874165944e-01,-9.408614170018906112e-03,5.049397111969162744e-01,1.470659276532271242e-02,2.671597592560177956e-03,-3.371150067801941853e-03,5.033300275729466478e-01,-3.097296142349718617e-01,8.115268847736143570e-03,5.016962117991190517e-01,-1.594158093663456885e-02,-6.517418974948897738e-04,4.965028636933192623e-03
-1.768143087498983204e-02,3.824437552595068963e-04,7.850665164792867134e-01,-8.624286214415590639e-04,-2.895976599438937135e-02,-2.041463832517073813e-04,9.995801851250736281e-01,1.916399299898343192e-02,1.240171032766948424e-03,-6.135799781479364017e-04,4.061813483263149865e-02,-1.094920847914461308e-02,3.875336164693073690e-04,1.994989295338263011e-02,1.166407505922288385e-03,-7.267148758668387411e-04,4.217048475232871435e-02,-1.299461459601749039e-02,9.945679371407119761e-05,5.815229552744622527e-03,-1.257515341352895884e-03,-1.448828039945849848e-02,5.071693083090063059e-01,3.077775511570431388e-01,-8.831984700216155212e-03,5.050619531702156273e-01,1.386592856093901531e-02,2.668244345261239475e-03,-3.313218018492219193e-03,5.031357835675687173e-01,-3.092871854736569670e-01,7.692663836192464855e-03,5.018301477919338005e-01,-1.496406055267314461e-02,-4.643324680869720953e-04,4.739324291796241304e-03
-1.761631857074584875e-02,1.638319772442635089e-04,7.850767558266147361e-01,-9.719588191946580517e-04,-2.896377477076742327e-02,-2.513683853346856782e-04,9.995799577127464364e-01,1.945713582039173759e-02,1.874728686411062089e-03,-6.498452872780249596e-04,4.013806395154020240e-02,-1.021915431444580906e-02,3.462456895600611400e-04,2.007955618376353751e-02,1.789977183898807094e-03,-7.753952378888325598e-04,4.199256252466356670e-02,-1.242250980524202929e-02,7.944040207714887693e-08,6.066512739630772026e-03,-1.344812638472490506e-03,-1.456699800888524091e-02,5.074149915530442589e-01,3.074258694129790026e-01,-8.292974230074240741e-03,5.050478435392270482e-01,1.311594219185413523e-02,2.598211342337310419e-03,-3.097311421688915718e-03,5.029417100027773202e-01,-3.088715943113941598e-01,7.249076210861277354e-03,5.018327071966114383e-01,-1.402024915864681469e-02,-2.383288260015110037e-04,4.523686765821694974e-03
-1.757894441708303043e-02,-9.587021242811916448e-05,7.850856805559804918e-01,-1.067165428829352581e-03,-2.897693718766646692e-02,-2.975929524785003201e-04,9.995794664295596377e-01,1.973854648733934861e-02,2.536849773660164020e-03,-7.022621541117838196e-04,3.964408802040784302e-02,-9.541002553336291533e-03,3.090343915255846000e-04,2.019735947310253091e-02,2.438865535861369296e-03,-8.439811975759863288e-04,4.179953090640619456e-02,-1.186932091829800105e-02,-9.766384246502923295e-05,6.327785729497304411e-03,-1.437293381742627604e-03,-1.462478378471381013e-02,5.076658799113774601e-01,3.070477642443847910e-01,-7.742371132660488993e-03,5.050332799650451010e-01,1.240864124586707820e-02,2.538145976712593080e-03,-2.894023399893413430e-03,5.027327909252566895e-01,-3.084414592843868208e-01,6.777237124232913211e-03,5.018260636786932016e-01,-1.311762311591853358e-02,-2.541213489978399066e-05,4.296921113505718266e-03
-1.756028137810222364e-02,-4.016330663085308046e-04,7.850957250114053432e-01,-1.184647958532569550e-03,-2.895699448569255541e-02,-3.494726321428935634e-04,9.995798952302152873e-01,1.995749484967011128e-02,3.335238067031308373e-03,-7.624163189594116439e-04,3.907080070063470578e-02,-8.878867993683394605e-03,2.036793050611094701e-04,2.025629339032035056e-02,3.203280456823901813e-03,-9.519455988944056871e-04,4.149955119283671445e-02,-1.123502298871304796e-02,-1.955417739219920611e-04,6.630762058691273310e-03,-1.437807350145450976e-03,-1.483774534227815835e-02,5.078792935539317988e-01,3.066541746271290725e-01,-7.160188428653630442e-03,5.051847773787111473e-01,1.171209281939582410e-02,2.577326681120548860e-03,-2.897246433247417999e-03,5.025256695525766037e-01,-3.079967413386174302e-01,6.272088023794079870e-03,5.019569830930002974e-01,-1.228743815336892815e-02,1.394360932306923969e-04,4.037807763653064423e-03
-1.756512281616507201e-02,-7.534171094721042738e-04,7.851036934803768963e-01,-1.292083069389807779e-03,-2.893812577589351120e-02,-4.110480908932318640e-04,9.995802851384105736e-01,2.016095905911469144e-02,4.189522722713490827e-03,-8.044805497233729376e-04,3.848893164149350815e-02,-8.352897345862746181e-03,8.638089551406497122e-05,2.031893021689843218e-02,4.011652059745479497e-03,-1.064771748492439633e-03,4.113884475290414955e-02,-1.071000874974547927e-02,-2.885135154135122786e-04,6.973990737833759591e-03,-1.407276083608339275e-03,-1.508534003724482445e-02,5.081345502158013394e-01,3.062661376165807803e-01,-6.687334870351842320e-03,5.052969378189854366e-01,1.111793712640729050e-02,2.540307595721327198e-03,-2.885219632523069577e-03,5.023480002507856312e-01,-3.076023394361429575e-01,5.811258973451236855e-03,5.021021178655541428e-01,-1.154315163430534412e-02,3.035558959450788182e-04,3.794122271088204868e-03
-1.759993626321062349e-02,-1.156475552303851649e-03,7.851091216109786775e-01,-1.405964454598363942e-03,-2.896110504869838301e-02,-4.742728478624767081e-04,9.995794379255584783e-01,2.038457771872153809e-02,5.149584370654535295e-03,-8.337571963672904497e-04,3.798442370917938515e-02,-7.941295073810234958e-03,-5.242135302266029027e-05,2.044759394003735006e-02,4.906793511687902558e-03,-1.213769784694599839e-03,4.078194136468864250e-02,-1.036060329212248540e-02,-4.017476951047618231e-04,7.361676615442810587e-03,-1.319089107958789763e-03,-1.523945923457150665e-02,5.084990438145686742e-01,3.058965298139865174e-01,-6.466734963287663202e-03,5.051692579751816403e-01,1.072883004003259352e-02,2.237172966132204999e-03,-2.622553651597390317e-03,5.022260857858168448e-01,-3.073296148991792598e-01,5.468376148007714210e-03,5.021281144030983468e-01,-1.088850846673113798e-02,5.137852375880018994e-04,3.619139304906858826e-03
-1.766248367032590208e-02,-1.614365083452922074e-03,7.851135471556922596e-01,-1.502906267604992019e-03,-2.900518250868289183e-02,-5.362303318659682530e-04,9.995779875114392254e-01,2.059726552081494674e-02,6.158165437150961430e-03,-8.557401292523360639e-04,3.751532841838076809e-02,-7.540489225566908947e-03,-1.952734906918876881e-04,2.058403048259409632e-02,5.840298524038013347e-03,-1.383044733201295624e-03,4.043194173163727062e-02,-1.002684340757517729e-02,-5.201795233629453834e-04,7.765416727492926822e-03,-1.219367085118407612e-03,-1.538374593892490559e-02,5.088938312297124344e-01,3.055473440821908082e-01,-6.329140700604881861e-03,5.049947808174239938e-01,1.040536424141544521e-02,1.892428926463070142e-03,-2.307937510195664718e-03,5.021415849316921420e-01,-3.071207885577021401e-01,5.174809341572743013e-03,5.021171539186093380e-01,-1.029172815588477730e-02,7.088602629513433839e-04,3.476628105059575025e-03
-1.773885396645203186e-02,-2.124302543368113746e-03,7.851215872965553455e-01,-1.621468432527176443e-03,-2.900399505912068868e-02,-6.230247258667524638e-04,9.995777863432755428e-01,2.067741817498279511e-02,7.355279241047320282e-03,-7.144282266815948522e-04,3.706375413910549532e-02,-7.036746049605091709e-03,-4.809303588887988519e-04,2.060590563287183555e-02,6.862954635767738905e-03,-1.707051397221197135e-03,4.000634559511539318e-02,-9.442498233008621636e-03,-6.384328997819827293e-04,8.168930913708549388e-03,-9.499555926632894786e-04,-1.579344384483864425e-02,5.093106652389304267e-01,3.051586826955359766e-01,-6.170800377028314541e-03,5.050127441691657504e-01,1.002819015528318494e-02,1.760198547033533633e-03,-2.189081966907083752e-03,5.021381189277859258e-01,-3.070060920867695442e-01,4.854654753646021371e-03,5.021874603083127386e-01,-9.756560092564143041e-03,8.716258249360296466e-04,3.320558188291036338e-03
-1.784152283013605567e-02,-2.691191851891979597e-03,7.851294311027318118e-01,-1.713099001804321711e-03,-2.899516063331042393e-02,-7.270692111400827405e-04,9.995778195428408619e-01,2.069776606809536901e-02,8.596343275754340582e-03,-5.139179865138888276e-04,3.661987900007730029e-02,-6.461082039430066787e-03,-8.042517474278008255e-04,2.057339741955467247e-02,7.890752654982756409e-03,-2.070997875945488221e-03,3.954701930265389076e-02,-8.747919594843597824e-03,-7.551428492905948699e-04,8.569792431135307698e-03,-6.426489277720458249e-04,-1.630832483695520904e-02,5.097294638257486854e-01,3.047772795586493055e-01,-5.999443896131032364e-03,5.051212909239295445e-01,9.630751007535522448e-03,1.739500009626556007e-03,-2.177629505725884283e-03,5.021585787171578552e-01,-3.069267989006512209e-01,4.528348586816873488e-03,5.023066498526235213e-01,-9.258837110292040054e-03,1.017691419955580549e-03,3.160907169179279219e-03
-1.798979465318134574e-02,-3.327720976868893659e-03,7.851340616323646548e-01,-1.779063460246429291e-03,-2.901974821533739174e-02,-8.108566319433608031e-04,9.995769263334586263e-01,2.070118528671129401e-02,9.880808963932672870e-03,-3.574689599695938342e-04,3.619748465941739074e-02,-5.800115551519112282e-03,-1.130764036292717127e-03,2.054375758314015699e-02,8.942151463498403466e-03,-2.517683979190609399e-03,3.912685056973002479e-02,-8.115274485636274696e-03,-9.829620346733917470e-04,8.956102503616803281e-03,-3.624181226094247139e-04,-1.671533121900608404e-02,5.100824326222780369e-01,3.044693209266173817e-01,-5.798981001041043915e-03,5.052096456101559108e-01,9.268259347416452423e-03,1.707637008261606590e-03,-2.148005045786214803e-03,5.021402996327868351e-01,-3.068012695295797010e-01,4.219431646681181744e-03,5.024078792805451998e-01,-8.741122393265880405e-03,1.151168110483870907e-03,3.030010491961858052e-03
-1.817532470211764492e-02,-4.028892201707549164e-03,7.851325502886986607e-01,-1.808432947715680247e-03,-2.906477843074531039e-02,-8.905594767433653485e-04,9.995754974632296008e-01,2.070475848676940275e-02,1.117586037288722384e-02,-2.174148877223380512e-04,3.577033902137100735e-02,-5.239354466699435928e-03,-1.457809346543750091e-03,2.051653811460114191e-02,9.993618292689208926e-03,-2.991137981058611568e-03,3.870598587557184250e-02,-7.583269535440958185e-03,-1.241526930910643667e-03,9.345285152306892842e-03,-1.121537686622415858e-04,-1.707015660673977253e-02,5.104141604429138779e-01,3.042047165887240556e-01,-5.593349369170092129e-03,5.052818904070947026e-01,8.928047012983759620e-03,1.677227265353713496e-03,-2.105897792986583320e-03,5.021108177380367854e-01,-3.066687967753764510e-01,3.923646167225607745e-03,5.024909219296997964e-01,-8.235281642096206611e-03,1.278173263863781155e-03,2.908605947768843746e-03
-1.838566879029739434e-02,-4.793363539573157125e-03,7.851288590534638567e-01,-1.875584241798297549e-03,-2.911402974228219712e-02,-9.750766415497405916e-04,9.995738615437379515e-01,2.069313863741570683e-02,1.267905099018445253e-02,-5.066034734618231339e-05,3.532893655506462449e-02,-4.724603070100434100e-03,-1.832539055977024881e-03,2.047090866950812202e-02,1.120783798229501964e-02,-3.545822031442352317e-03,3.827514940185323955e-02,-7.074223466227940078e-03,-1.422441332792348566e-03,9.733807867934532107e-03,3.116649453641293348e-04,-1.750128552255937608e-02,5.107799494093903103e-01,3.039000352502420066e-01,-5.437856461095250983e-03,5.053793789948783921e-01,8.599744827833582378e-03,1.670384646705563251e-03,-2.078812620657656540e-03,5.021295748068710374e-01,-3.066185156120005417e-01,3.626571343739832046e-03,5.025864330365763522e-01,-7.792899021625975149e-03,1.423617357717213124e-03,2.768796313531865852e-03
-1.862566841283713401e-02,-5.621722431043295679e-03,7.851203097808915343e-01,-1.915852344852918363e-03,-2.916980370395424321e-02,-1.065845591190885252e-03,9.995720664538603195e-01,2.067141298970177898e-02,1.422435036859565419e-02,1.358713076915391319e-04,3.486211634788272118e-02,-4.251695622367826326e-03,-2.221998555538303062e-03,2.040918806831753390e-02,1.244133603655141716e-02,-4.119295306307888156e-03,3.781888737490737146e-02,-6.571666145829472075e-03,-1.572685340433656407e-03,1.012105897072559067e-02,7.543217730221479919e-04,-1.795431514661272390e-02,5.111662373439547213e-01,3.035882229187332748e-01,-5.307088189128692478e-03,5.054662429842708971e-01,8.271945006098816930e-03,1.672305326150304045e-03,-2.067020450568172324e-03,5.021637982889420870e-01,-3.065970814702844160e-01,3.327758446061766621e-03,5.026858396686609831e-01,-7.367252692700612497e-03,1.578381191720752133e-03,2.622425886164677939e-03
-1.890248786730390138e-02,-6.517806982544942229e-03,7.851092847162874921e-01,-1.962968263182617891e-03,-2.923183247633383622e-02,-1.143464987026680509e-03,9.995700771899367343e-01,2.058749100820882194e-02,1.590917933615900587e-02,3.576788204414509424e-04,3.441349010707187711e-02,-3.682320281460827079e-03,-2.666848474266286274e-03,2.031587117754503694e-02,1.376057649385073814e-02,-4.809555037909488996e-03,3.735640525453154392e-02,-6.042275355381938884e-03,-1.714702784216125438e-03,1.046233200582878144e-02,1.292004031025442874e-03,-1.839109398985567731e-02,5.115416895330395786e-01,3.032570436924628132e-01,-5.194100367607232954e-03,5.055187523997698440e-01,7.946717017169289271e-03,1.661382575941499663e-03,-2.071631493664134738e-03,5.022226945084105054e-01,-3.065918781205666521e-01,3.016535960174959383e-03,5.027623381532103641e-01,-6.911846276649275672e-03,1.732616687825685488e-03,2.481154235211480673e-03
-1.921164549699104149e-02,-7.478533392284022856e-03,7.850925099022716402e-01,-1.966423121274001387e-03,-2.930284569442698217e-02,-1.222597431556569957e-03,9.995678974786237347e-01,2.048686568903710856e-02,1.759365085230163786e-02,5.903069963884921903e-04,3.395684964459563804e-02,-3.173339813326637223e-03,-3.128794020654887369e-03,2.020155533718186874e-02,1.506136350021927695e-02,-5.500464622336463660e-03,3.688497277223482668e-02,-5.519286411261281958e-03,-1.840524764623530790e-03,1.077623059001032307e-02,1.811199691681710704e-03,-1.880998326616744806e-02,5.119062263085824016e-01,3.029352051253598188e-01,-5.098782686818347475e-03,5.055452379087727044e-01,7.631482618078488760e-03,1.650655536321626003e-03,-2.086600611469419889e-03,5.022943263076611320e-01,-3.065968906713759101e-01,2.714464817477658248e-03,5.028303543164792666e-01,-6.467075342426645279e-03,1.884156161906642719e-03,2.342892350552404010e-03
-1.954694168373563232e-02,-8.504221125459442490e-03,7.850704812655928677e-01,-1.963908029633068021e-03,-2.937151247050167127e-02,-1.304117517005770263e-03,9.995657840272181849e-01,2.040363071472881332e-02,1.937341093598974814e-02,8.430218568401264163e-04,3.340313590280564321e-02,-2.789766015020205513e-03,-3.569204725343150426e-03,2.006389130758674116e-02,1.642963902108232968e-02,-6.264678651752331011e-03,3.638378295739026769e-02,-5.068239254811264527e-03,-2.088808250738680410e-03,1.105673488945854190e-02,2.397061208218013821e-03,-1.923549631188083489e-02,5.122261489042494453e-01,3.026052893629103679e-01,-5.036440964994509314e-03,5.055986895011023163e-01,7.339746907111385429e-03,1.657515328807692909e-03,-2.109285373597774484e-03,5.023830459676948967e-01,-3.066428453764864503e-01,2.435769520486374875e-03,5.029220468143762446e-01,-6.075438072555028671e-03,2.044526638189345623e-03,2.207674475537797689e-03
-1.990341330545270654e-02,-9.590959945337819773e-03,7.850408324320143905e-01,-1.904996551962685357e-03,-2.943970287447552833e-02,-1.403357890053128680e-03,9.995637575809914743e-01,2.035030619022161480e-02,2.112810529681476146e-02,1.166099239265738600e-03,3.277962767063916788e-02,-2.618599586531057764e-03,-4.032487297260269749e-03,1.991707944256254637e-02,1.774309289270257703e-02,-7.039876370641003599e-03,3.583578131925735377e-02,-4.686513222400106801e-03,-2.350777206944248705e-03,1.129957092604574019e-02,2.925417009292498663e-03,-1.965200700007795759e-02,5.125131011544130644e-01,3.022881827763145846e-01,-4.987968631910886207e-03,5.056466217863428980e-01,7.057417995628838779e-03,1.673180110300301034e-03,-2.134846970474747578e-03,5.024762475153111696e-01,-3.066985900034452373e-01,2.179211736948958363e-03,5.030250259220779840e-01,-5.718281849799624304e-03,2.209701780271755740e-03,2.073965154326545997e-03
-2.027303196575652722e-02,-1.073353059510812751e-02,7.850071921959768106e-01,-1.817428287250808915e-03,-2.949666369268906865e-02,-1.520867784755703962e-03,9.995620694817313190e-01,2.028671834472569116e-02,2.295211251811398595e-02,1.693638728268871772e-03,3.213843548022329161e-02,-2.638688197373836603e-03,-4.504230653475772318e-03,1.973327894989988437e-02,1.902922939715608400e-02,-7.952007605771669457e-03,3.525877093312004135e-02,-4.295525654638764762e-03,-2.621982372842310977e-03,1.143392026989440736e-02,3.472355578493670821e-03,-2.010762314777931464e-02,5.127867545230051505e-01,3.019411193671990845e-01,-4.958952955704846836e-03,5.056808239921540826e-01,6.774922682536507410e-03,1.694720210565709220e-03,-2.170111867151924227e-03,5.026369581577440071e-01,-3.067800390887041040e-01,1.931479980436867812e-03,5.031265303463189342e-01,-5.387086125550731401e-03,2.384310695881651510e-03,1.937323928356042557e-03
-2.065175192420700551e-02,-1.192531551483714224e-02,7.849691758154339061e-01,-1.668666636460556857e-03,-2.955474105012340785e-02,-1.653225023013518312e-03,9.995604032174038034e-01,2.023945523714240288e-02,2.470976274230184469e-02,2.230587663062813877e-03,3.149027719031279732e-02,-2.814000461962300539e-03,-4.996331789152764526e-03,1.954942187246844904e-02,2.025442321961275216e-02,-8.762112338391862126e-03,3.467070368743457864e-02,-4.027682716730571905e-03,-2.877345027102559249e-03,1.149656703496368740e-02,3.959260247684487539e-03,-2.055865611182940839e-02,5.130464456292272990e-01,3.016004849603358129e-01,-4.943570840580759941e-03,5.056808451034805474e-01,6.497672406409280704e-03,1.709265600218820786e-03,-2.218835631297219960e-03,5.028314019369097831e-01,-3.068704247488540093e-01,1.691113272818166660e-03,5.032146356344296967e-01,-5.087174118623278597e-03,2.549972819126044080e-03,1.795209997851083747e-03
-2.103878449203029632e-02,-1.315149187095894685e-02,7.849285565350323512e-01,-1.443166414515534377e-03,-2.961955249450776151e-02,-1.779840169833558656e-03,9.995586183659737056e-01,2.018836938823321409e-02,2.632641989752488448e-02,2.688004420096005206e-03,3.086855236363280838e-02,-3.004486213943623023e-03,-5.658159824251361020e-03,1.937944484240989793e-02,2.136422357338181241e-02,-9.429127239691916310e-03,3.408203594509735812e-02,-3.872233732075496676e-03,-3.132521257107263521e-03,1.146604629956062167e-02,4.386376159579737435e-03,-2.098564232457115694e-02,5.132104839104960625e-01,3.012617039844085465e-01,-4.940253792206404995e-03,5.057110644119879872e-01,6.229991578362023032e-03,1.718978492997305868e-03,-2.280022138965321927e-03,5.030207881791274316e-01,-3.069780801911625168e-01,1.457841506578254256e-03,5.033178744889205136e-01,-4.834362035883861888e-03,2.691221964868030243e-03,1.647332191181489743e-03
-2.142837883787101008e-02,-1.440140634888637666e-02,7.848879431417423724e-01,-1.137284860724642075e-03,-2.969834076426042940e-02,-1.908295806293441692e-03,9.995564383996086155e-01,2.017042508918083857e-02,2.776592383420592794e-02,3.050471641151912723e-03,3.026785639933004049e-02,-3.288954366310061026e-03,-6.372063236957293056e-03,1.922677215325164363e-02,2.234515968542605951e-02,-9.907709600079684514e-03,3.351756698572563864e-02,-3.734153403291536489e-03,-3.346600296522061167e-03,1.139062326599894932e-02,4.719437922841371834e-03,-2.137544628931500185e-02,5.133189883211288773e-01,3.009388120479885020e-01,-4.933694755554170197e-03,5.057399858350866140e-01,5.966525064233031521e-03,1.736826718532179844e-03,-2.334489184679012889e-03,5.032048430641160586e-01,-3.070816564872740351e-01,1.238368475380183025e-03,5.034291483865235284e-01,-4.601605926836338512e-03,2.831097489062583700e-03,1.509516871179834895e-03
-2.181380380799242263e-02,-1.565996688435269263e-02,7.848513641630034954e-01,-7.675419335081716445e-04,-2.980720336716456351e-02,-2.038372088213312623e-03,9.995532934996703700e-01,2.019550969147975231e-02,2.904568834163819349e-02,3.368601413671973126e-03,2.977403696996171537e-02,-3.751225372091237988e-03,-6.904709088386890882e-03,1.909755954352671675e-02,2.321439286871190139e-02,-1.023642873133021394e-02,3.304097619738591979e-02,-3.489092109764101515e-03,-3.632212798860614926e-03,1.129931061009039998e-02,4.991311034141475249e-03,-2.172584296967854448e-02,5.134419632639370956e-01,3.006194694535461731e-01,-4.921881224453981789e-03,5.057131925572231346e-01,5.709472249591096213e-03,1.769378642694019368e-03,-2.367664743867097053e-03,5.034405921240578952e-01,-3.071818390313869607e-01,1.031849345719727633e-03,5.035148991943142471e-01,-4.360618797557703173e-03,2.993679903004578622e-03,1.399850820448651301e-03
-2.219627172910531437e-02,-1.691469249307542277e-02,7.848220893116620855e-01,-3.500569226660614030e-04,-2.993081153439507494e-02,-2.157677491187893516e-03,9.995495827666013300e-01,2.027205650628801162e-02,3.019859230069122519e-02,3.645559500143977054e-03,2.926132004166506761e-02,-4.250376280617365436e-03,-7.481740608293384158e-03,1.900127351953866464e-02,2.399088664025918888e-02,-1.040211410475364376e-02,3.258344287829021552e-02,-3.242045454665693372e-03,-3.905103593584457241e-03,1.117312575192527802e-02,5.209874529259073822e-03,-2.202311243311673786e-02,5.135495672305641079e-01,3.003070312918759699e-01,-4.916129743139981828e-03,5.056529898400005107e-01,5.465577862847077750e-03,1.785692006231171577e-03,-2.401961297916037092e-03,5.036952482125062192e-01,-3.072872108054189866e-01,8.223536807183684516e-04,5.035708202678912393e-01,-4.121495702554841753e-03,3.136010074596730542e-03,1.292245298215037542e-03
-2.257234894737432385e-02,-1.813173197421346153e-02,7.848041346119153383e-01,1.901659497985432067e-04,-3.003366483174195467e-02,-2.243171184080575403e-03,9.995463526003806054e-01,2.030539716183581492e-02,3.099022293622417934e-02,3.900405182845757650e-03,2.871446803592899930e-02,-4.575510501004473665e-03,-8.234729722833495844e-03,1.894030763323044028e-02,2.443822783840201435e-02,-1.040206343719979332e-02,3.201242097857411040e-02,-3.050197423158501446e-03,-4.274525021772735897e-03,1.096748648874837015e-02,5.262801893433177378e-03,-2.234781006346519411e-02,5.136257331718131480e-01,2.999854734753321650e-01,-4.945013421665147083e-03,5.056242630767576740e-01,5.238728715468891385e-03,1.776173182959372076e-03,-2.478905127757985612e-03,5.039750690566484614e-01,-3.074202098084439783e-01,6.096778389563231246e-04,5.036457958809114066e-01,-3.930117511601205309e-03,3.223827968588905551e-03,1.160365300741938088e-03
-2.294441517018426177e-02,-1.930244582787993268e-02,7.848022838336692342e-01,7.667437182102258440e-04,-3.013711143187673691e-02,-2.301100406418601831e-03,9.995428312761450718e-01,2.036770660930029356e-02,3.162762085051327998e-02,4.147938836651533095e-03,2.810673497129622528e-02,-4.889467387697805055e-03,-9.026312920348996544e-03,1.893262340358659729e-02,2.475246901084698914e-02,-1.025074358070048042e-02,3.137369354404340172e-02,-2.862634172154746807e-03,-4.634139131532105313e-03,1.069695667467659810e-02,5.271301827839352562e-03,-2.262870286460119326e-02,5.136585779299540633e-01,2.996484692608750722e-01,-4.980674789551445963e-03,5.056109289635615234e-01,5.009840076194828004e-03,1.742467665767189356e-03,-2.567797719533721369e-03,5.042705977778083604e-01,-3.075629728565344445e-01,3.929924481287737207e-04,5.037187313619465590e-01,-3.755192037761479352e-03,3.276348290428264011e-03,1.015919262579696161e-03
-2.330994538119270099e-02,-2.040537060452242077e-02,7.848203503244147727e-01,1.392326011195576738e-03,-3.025324959303493655e-02,-2.345774387157863617e-03,9.995385433588162005e-01,2.043410757077801509e-02,3.205112826387682828e-02,4.439704676888507097e-03,2.755264909285843819e-02,-5.165499925242431761e-03,-9.790336464320634202e-03,1.898379610440034324e-02,2.488572441399969359e-02,-9.855948512589017899e-03,3.071726407063436748e-02,-2.687006020744955696e-03,-4.898692493543086238e-03,1.036195279882922218e-02,5.195029988752674667e-03,-2.285897197426874430e-02,5.137256700551242616e-01,2.993048464931660213e-01,-4.986032462531312347e-03,5.055211332382241185e-01,4.740721413354267305e-03,1.724574793915143898e-03,-2.638017459816253962e-03,5.046359815437494456e-01,-3.076844920539499317e-01,1.984532998280305052e-04,5.037491902369203300e-01,-3.600016353342005114e-03,3.311024076958633561e-03,8.734455275856628032e-04
-2.367639966786485098e-02,-2.143446575970869850e-02,7.848568518387220028e-01,1.980801299918916875e-03,-3.035375758194467158e-02,-2.361708173121683345e-03,9.995344657196025828e-01,2.045893119015418371e-02,3.246072536246235457e-02,4.708221242569470867e-03,2.697455589722544400e-02,-5.414844195562480526e-03,-1.051708082458561490e-02,1.900492938189761449e-02,2.501644608662668620e-02,-9.361001957412401833e-03,3.005137135239862450e-02,-2.385693104038294401e-03,-5.185179512285431787e-03,9.961505127874494686e-03,5.155560428365560041e-03,-2.304222800705640548e-02,5.137483635586344022e-01,2.989479903109571457e-01,-4.974267548867436842e-03,5.054105881802053446e-01,4.462068677153390242e-03,1.711065805433671042e-03,-2.692367176866588847e-03,5.050419768527814046e-01,-3.078044323923758707e-01,2.013409324390312539e-05,5.037562108186177667e-01,-3.465173524264409874e-03,3.324655120853010036e-03,7.399818587249432740e-04
-2.405457540868529906e-02,-2.238656063728313578e-02,7.849062370879416051e-01,2.508864641872299642e-03,-3.041467477939091210e-02,-2.325751963664128130e-03,9.995315122766644800e-01,2.037697801710406514e-02,3.290049819252673091e-02,4.859600373802700976e-03,2.630985605474053454e-02,-5.447025716661416279e-03,-1.136001896061373910e-02,1.890295866454520801e-02,2.517723726785190894e-02,-8.872985046836520673e-03,2.942597762505891335e-02,-1.933097167975249319e-03,-5.609523757516951883e-03,9.485904923208048067e-03,5.132206910455214093e-03,-2.316840535093378159e-02,5.136184134982180183e-01,2.986188336330233839e-01,-4.955137518261236960e-03,5.053539804345280606e-01,4.202786299901468264e-03,1.679417246740978016e-03,-2.740572487975738956e-03,5.053975236763450507e-01,-3.079003617269155391e-01,-1.410597708319354375e-04,5.038270455127892289e-01,-3.348550641065211816e-03,3.324612929363646597e-03,6.164560552120309459e-04
-2.443805352963782443e-02,-2.325984615815121156e-02,7.849632170339415627e-01,2.961464127161605921e-03,-3.043959439443637977e-02,-2.224053454767529331e-03,9.995297466356646288e-01,2.032143427609572547e-02,3.341178304979765257e-02,4.891134217557765312e-03,2.530961940435499241e-02,-5.196672912524472922e-03,-1.221264736400957431e-02,1.884157014685702847e-02,2.539349595035799573e-02,-8.413610147639648956e-03,2.852784604678600122e-02,-1.130936728385695429e-03,-6.116247916326944881e-03,8.877528971046322326e-03,5.113725930393718186e-03,-2.324738275949665700e-02,5.133237317871107708e-01,2.983109634872759819e-01,-4.903074270410621299e-03,5.053743641356782668e-01,3.937721543304932223e-03,1.644881770322499962e-03,-2.760684351664456897e-03,5.057527543989900343e-01,-3.079787034391200939e-01,-2.697319987208058678e-04,5.039606377397785053e-01,-3.256006273257330483e-03,3.285738752626084138e-03,5.218822770685498406e-04
-2.481733403017991058e-02,-2.405295147446788809e-02,7.850206888048033571e-01,3.343517028815877479e-03,-3.043442373607442228e-02,-2.044946456296580558e-03,9.995290815877855284e-01,2.040029645916541581e-02,3.398726669257062794e-02,4.803086882151784594e-03,2.376128656014012130e-02,-4.378662942461754651e-03,-1.302890865257278971e-02,1.897491634330361956e-02,2.564501117941355227e-02,-7.975074638703373575e-03,2.708917020640010456e-02,1.961567598613843822e-04,-6.586103035008602190e-03,8.080836899327939471e-03,5.050517554035381836e-03,-2.331894867903375190e-02,5.129222821129993948e-01,2.980212472855635064e-01,-4.783220409244983741e-03,5.054262615729893104e-01,3.630266935702498171e-03,1.638944285699034560e-03,-2.726352136717016209e-03,5.062102848754639339e-01,-3.080388189599835846e-01,-3.387796872187598613e-04,5.041298942112716341e-01,-3.208472075158628426e-03,3.173987303237836392e-03,4.777896522618759151e-04
-2.522816311840237608e-02,-2.476645273215590318e-02,7.850661602339371603e-01,3.641969716958981008e-03,-3.035662495013483758e-02,-1.881115711181200129e-03,9.995307262820382066e-01,2.008725139586642686e-02,3.472587009443916378e-02,4.789256723069985379e-03,2.261023026825725521e-02,-3.665161714929227477e-03,-1.387550867399063061e-02,1.870658758219670079e-02,2.601497349058537814e-02,-7.354597337980178610e-03,2.600545819213313098e-02,1.580739518637928019e-03,-7.089536573688793100e-03,7.171419320541419853e-03,4.963190249630815287e-03,-2.333912320800820422e-02,5.123812167445946919e-01,2.977580874620914808e-01,-4.639571112289124499e-03,5.053482551421487612e-01,3.321063032065822186e-03,1.656954064665789195e-03,-2.662522116448597358e-03,5.066501959592589754e-01,-3.080845075729253257e-01,-3.853212529355492339e-04,5.041840204283162263e-01,-3.166353916595882750e-03,3.042526061067102154e-03,4.629343175768811571e-04
-2.570727329881251216e-02,-2.539479162806413878e-02,7.850905045945130167e-01,3.875057431501209657e-03,-3.016578535217671192e-02,-1.819099187485197092e-03,9.995357423334770841e-01,1.881678060364219696e-02,3.560564906150464476e-02,4.970033989994230260e-03,2.281799766692960141e-02,-3.371897737916065927e-03,-1.488330323474272923e-02,1.741873582718847166e-02,2.649025330647049661e-02,-6.389727229078417253e-03,2.621774193788760018e-02,2.599044485604642876e-03,-7.686361542427100693e-03,6.228590483756488855e-03,4.842265740228449827e-03,-2.328034796815076773e-02,5.116483380462375496e-01,2.975246368558542853e-01,-4.510398894833339035e-03,5.050443506705228902e-01,3.044128763655765037e-03,1.699224696227315213e-03,-2.594327998066451105e-03,5.069267351555396539e-01,-3.081120091722579502e-01,-4.354227142030039541e-04,5.040513841884126656e-01,-3.107158850599493673e-03,2.951338033828219271e-03,4.602046419655072022e-04
-2.623456400080665177e-02,-2.595201572708779464e-02,7.850949131670909020e-01,4.012905189332637880e-03,-2.985662504050619684e-02,-1.894930678842708573e-03,9.995443400724424166e-01,1.687069490068220101e-02,3.680711846126299286e-02,5.380939986044603121e-03,2.385188229044064162e-02,-3.492290063790694406e-03,-1.591388807138569700e-02,1.538461814017362886e-02,2.718766290759738746e-02,-4.992628371160431205e-03,2.716991399357006343e-02,3.441273600649113248e-03,-8.428198738695664993e-03,5.276806360356595463e-03,4.701945831746648027e-03,-2.325461371498504376e-02,5.107363765553858403e-01,2.973293848083222168e-01,-4.401244557854863335e-03,5.045485970785887897e-01,2.818896515796177026e-03,1.750951482411529933e-03,-2.518436349202179958e-03,5.070407498772409038e-01,-3.081019120034113601e-01,-4.798137396802354057e-04,5.037662903673230108e-01,-3.022549012370782592e-03,2.913377972960713713e-03,4.753211973574295642e-04
-2.679006261306137240e-02,-2.645853737914964643e-02,7.850860576819413961e-01,4.073203368827857211e-03,-2.942805004252235790e-02,-2.168013284525663331e-03,9.995562508450482886e-01,1.449987546702583008e-02,3.840223114057778747e-02,5.849089985548830070e-03,2.520359116590886045e-02,-3.403603695970874084e-03,-1.700406925325193344e-02,1.283439729096404365e-02,2.812585036970962141e-02,-3.029892673741962569e-03,2.839178079961036938e-02,4.373819856676922253e-03,-9.299013105424554573e-03,4.373617668941066385e-03,4.436242969968159575e-03,-2.338413134685217443e-02,5.097117666387012136e-01,2.972170993021885366e-01,-4.295496551932491240e-03,5.038627483134241469e-01,2.663983214030273515e-03,1.801397324692740297e-03,-2.424220668772882059e-03,5.069895191241584609e-01,-3.079721472398976867e-01,-4.970708068193205103e-04,5.034162187794580801e-01,-2.908745764559969062e-03,2.930626273439526641e-03,5.181528291831225767e-04
-2.741012284361132173e-02,-2.689408968193415794e-02,7.850433362700264261e-01,4.044110402206055853e-03,-2.893371331083945466e-02,-2.559946281318131560e-03,9.995698735356811637e-01,1.099701855277453004e-02,4.018281717709594469e-02,6.570144280628420659e-03,2.863691463826359765e-02,-4.512086960845596018e-03,-1.816877461736841892e-02,9.073614650448987018e-03,2.925393074101407739e-02,-7.548270261688917217e-04,3.159235172979041328e-02,4.386334949462260963e-03,-1.016572288080997907e-02,3.368330535258865985e-03,4.167115617916458334e-03,-2.354684500702014169e-02,5.084488888257431283e-01,2.971346759947453564e-01,-4.195669417719418912e-03,5.027406003536053491e-01,2.545242818790651677e-03,1.864996640769993113e-03,-2.307937301472894314e-03,5.068120012908196026e-01,-3.077979395356421621e-01,-4.894219831294478349e-04,5.026871774970682605e-01,-2.783307495259905191e-03,2.977671146671873742e-03,5.829716944570729554e-04
-2.813275288599804275e-02,-2.723600777734362308e-02,7.849547399847410789e-01,3.957995243290586204e-03,-2.842642968064947387e-02,-3.005584960563881421e-03,9.995835326916455710e-01,5.600285371911150299e-03,4.184416259696934620e-02,7.327652353854164323e-03,3.584036084819295503e-02,-7.510130597026615923e-03,-1.923130055662143276e-02,3.321839499488162678e-03,3.041682271791528933e-02,1.599621880394052655e-03,3.861114168898990145e-02,2.552913030837178267e-03,-1.096691537796359688e-02,2.159814541267268337e-03,3.950613253575476977e-03,-2.364445042743573699e-02,5.068218556776352690e-01,2.970383436736689364e-01,-4.091593050410824960e-03,5.010147347176859833e-01,2.426814906173061295e-03,1.966558032513332499e-03,-2.163292091202020581e-03,5.065123332339247497e-01,-3.076207655211548597e-01,-4.391734976151311261e-04,5.013739009000145463e-01,-2.682102651386790871e-03,3.030319930277311849e-03,6.725058191695172660e-04
-2.894785197072301947e-02,-2.748048408942156337e-02,7.848238941718861383e-01,3.869250354506168638e-03,-2.794999640222515028e-02,-3.515806827594973247e-03,9.995956511035654080e-01,-1.701290709904982289e-03,4.327547180811060212e-02,8.038669813858040011e-03,4.704138066221344450e-02,-1.234324849632784452e-02,-2.026822903217964308e-02,-4.333620470399946259e-03,3.148868151516839853e-02,4.049165149547147638e-03,4.951655891633859746e-02,-1.356147398126415337e-03,-1.169787941918143913e-02,7.482570825106632344e-04,3.703665735408344113e-03,-2.370348500234831235e-02,5.048659478423629388e-01,2.969468338295173093e-01,-3.973318861944121101e-03,4.986216243373163270e-01,2.306047129632714156e-03,2.091369750310758443e-03,-2.002719247362544537e-03,5.060891501652440283e-01,-3.074083626185107887e-01,-3.609991258835718812e-04,4.994752543786025178e-01,-2.606460781837714041e-03,3.088756253171343925e-03,7.763260366664701331e-04
-2.984828813936729955e-02,-2.761868573796161588e-02,7.846467695304251144e-01,3.826424948797391059e-03,-2.754092628926072678e-02,-4.100992081380518128e-03,9.996049408217174692e-01,-1.099123091886592546e-02,4.439895145772868729e-02,8.792505081475342904e-03,6.260422582009350645e-02,-1.911600479418978579e-02,-2.130156699162541467e-02,-1.394797267629160550e-02,3.234784436158423537e-02,6.576444687506718956e-03,6.460092885392530737e-02,-7.420264139586518759e-03,-1.229847649365338469e-02,-8.627486117346267001e-04,3.378011065657040343e-03,-2.376912582099910409e-02,5.026679760161372190e-01,2.968680286667749191e-01,-3.831488880557245690e-03,4.954401943827143606e-01,2.167268294858292269e-03,2.243049922120314132e-03,-1.833652518112737894e-03,5.055935429797626668e-01,-3.071597289532441155e-01,-2.590222809694206637e-04,4.969261662921780065e-01,-2.568934791679577511e-03,3.147198347709717278e-03,8.853091558217220927e-04
-3.080839156611019439e-02,-2.765952669982719644e-02,7.844105980228933683e-01,3.775963867213187348e-03,-2.720550817335315799e-02,-4.757853472705852148e-03,9.996114071239060594e-01,-2.183632222647612781e-02,4.554823756601976414e-02,9.663324702895100676e-03,8.169686262234032714e-02,-2.776888142882075541e-02,-2.220247023301565731e-02,-2.514002418540651346e-02,3.316762755339726365e-02,9.297277836352592709e-03,8.315477305784303719e-02,-1.522486401584032499e-02,-1.280176597016385517e-02,-2.649034628553210546e-03,3.076902108569463164e-03,-2.391021081639538998e-02,5.002506011564092914e-01,2.967682409952491773e-01,-3.693591426181905713e-03,4.916915896516602102e-01,2.027926181163658935e-03,2.420699301118176081e-03,-1.652273874056657023e-03,5.050724565590335446e-01,-3.069352805136762452e-01,-1.278903159501921941e-04,4.938112403879553192e-01,-2.556033404198770464e-03,3.194711745525109781e-03,1.012432976053576246e-03
-3.180495580110967446e-02,-2.762596681026631765e-02,7.841131191891518304e-01,3.787326700961052804e-03,-2.695031390766421467e-02,-5.510262182508622077e-03,9.996144125348627174e-01,-3.385254550370078719e-02,4.683527158956558162e-02,1.049582070494623279e-02,1.035780177792651469e-01,-3.747603194460687875e-02,-2.295010197457029652e-02,-3.758693120962805501e-02,3.383763892465856127e-02,1.229279795312767688e-02,1.045617885967883576e-01,-2.432847347444475408e-02,-1.314545730912560113e-02,-4.537590242850868955e-03,2.598864425186784861e-03,-2.421736626391250702e-02,4.976557357825650008e-01,2.967078312347393720e-01,-3.541794489491009376e-03,4.876394256261279980e-01,1.895144141626307985e-03,2.632103146531906187e-03,-1.445594709445846820e-03,5.044873071370185036e-01,-3.066655613255171442e-01,7.687479271427843843e-05,4.903943277089031771e-01,-2.576000569842213945e-03,3.213336661197136335e-03,1.179297138708359192e-03
-3.286511040847418796e-02,-2.751676818170938066e-02,7.837113582553292268e-01,3.814931774512108232e-03,-2.678312369925135369e-02,-6.283899246620813089e-03,9.996142371888891986e-01,-4.710186261145285491e-02,4.834624235529744185e-02,1.111958350350934766e-02,1.282032850681932568e-01,-4.847540196903305648e-02,-2.361646254805994244e-02,-5.140292578546817176e-02,3.445169649640508758e-02,1.538507066226606039e-02,1.290801798444695114e-01,-3.497116386231360896e-02,-1.338614710378893159e-02,-6.562077332175040439e-03,2.102946528534961959e-03,-2.444784069728562007e-02,4.948256695230185409e-01,2.966084426260645612e-01,-3.362616256739016461e-03,4.831995069386937902e-01,1.734965416375331771e-03,2.847531546994228491e-03,-1.212322386204077668e-03,5.038346076611351920e-01,-3.064029883368675211e-01,2.968692685030908072e-04,4.865889124244190955e-01,-2.616485957539353788e-03,3.175046206614166693e-03,1.360871988050090138e-03
-3.401840163043001741e-02,-2.733515316791878050e-02,7.831531291300405373e-01,3.832262436134999551e-03,-2.672070024422391193e-02,-6.994026469894678265e-03,9.996111251565867883e-01,-6.170123498808042367e-02,5.021513329896363370e-02,1.163839573133707873e-02,1.557078251384063639e-01,-6.107429473947433018e-02,-2.419126133859089353e-02,-6.670990288270581270e-02,3.504762372110126895e-02,1.838641612429784550e-02,1.569940768018739941e-01,-4.723223168066870148e-02,-1.348685363056384943e-02,-8.811042720552563628e-03,1.686070144400583521e-03,-2.434447153493750349e-02,4.917298498602621359e-01,2.964360781613075146e-01,-3.143936268518061471e-03,4.782291150218568876e-01,1.514705052822598380e-03,3.047450621401642974e-03,-9.480549521803135864e-04,5.031272975381094748e-01,-3.061771843198789478e-01,4.800225644687076488e-04,4.822745049514943205e-01,-2.658817155514173105e-03,3.053502923277064216e-03,1.534089163335565107e-03
-3.524442531140847129e-02,-2.709623363627862089e-02,7.824029847425177930e-01,3.806937071401412381e-03,-2.666450837201473842e-02,-7.813523486228501208e-03,9.996066526760131188e-01,-7.720710230551242059e-02,5.251412462952719656e-02,1.214305289447998454e-02,1.849150012795849340e-01,-7.497306044112292400e-02,-2.461886622080983189e-02,-8.325555891857221169e-02,3.584053614359353213e-02,2.160729721442927395e-02,1.872240335711776726e-01,-6.060803718552210811e-02,-1.348482171345783028e-02,-1.100097384365517940e-02,1.363697592808371705e-03,-2.405279288842313359e-02,4.885129292311496396e-01,2.962647264888287335e-01,-2.938613337701639298e-03,4.730171361010528375e-01,1.305072072051802895e-03,3.199330974171111196e-03,-6.936679782265709523e-04,5.022435336407617967e-01,-3.059536960046690957e-01,6.292595548649393281e-04,4.777598898110083647e-01,-2.669086081076132554e-03,2.900045560721173019e-03,1.682270595645740663e-03
-3.652094261961200822e-02,-2.680536045036229637e-02,7.814335898514838119e-01,3.690574855153336015e-03,-2.651837938354659543e-02,-8.887542516129953024e-03,9.996020041997379924e-01,-9.323336185151689937e-02,5.535422405123647388e-02,1.298898600358895997e-02,2.147554233093919296e-01,-8.952614615963634670e-02,-2.500224069588808870e-02,-1.007672622137691515e-01,3.704751925349424047e-02,2.524763308236274706e-02,2.186520078448473126e-01,-7.432175849711029902e-02,-1.346599885664165504e-02,-1.289289852411042332e-02,1.230213604854446009e-03,-2.376071246926419675e-02,4.853053552159420914e-01,2.961170236136789757e-01,-2.799030264616606065e-03,4.679277201003239628e-01,1.171683325156593460e-03,3.276508524985371606e-03,-4.935409277497684963e-04,5.010833925635377328e-01,-3.057194215744697963e-01,7.370605319784400257e-04,4.734152294270933536e-01,-2.629745031642957091e-03,2.757366091080380895e-03,1.788850936016916785e-03
-3.785125205069423543e-02,-2.645007986874384556e-02,7.802065929442154602e-01,3.491951589896043553e-03,-2.628836620382791339e-02,-1.023044790565474059e-02,9.995959513783942985e-01,-1.097959399623309462e-01,5.844619269870399147e-02,1.444483944517348586e-02,2.456384928153633185e-01,-1.050080246190673167e-01,-2.535005500012163515e-02,-1.192391271671700004e-01,3.864030412116304519e-02,2.920820552594453196e-02,2.513139566251259005e-01,-8.875321308981302948e-02,-1.343703720461694902e-02,-1.459344628277572421e-02,1.324106360457882750e-03,-2.338933492954778370e-02,4.820777713088600369e-01,2.959789621557850636e-01,-2.723094440396504543e-03,4.629100411999242382e-01,1.085562281908556814e-03,3.288764745149768721e-03,-3.468743986502400428e-04,4.996749582796540801e-01,-3.055090226844587309e-01,7.782830201414291625e-04,4.691941381237071940e-01,-2.545573656928356524e-03,2.620134681643511692e-03,1.841273875640166754e-03
-3.924381670659869009e-02,-2.601386875693419837e-02,7.786926202355821669e-01,3.213778857553017780e-03,-2.598392709896419836e-02,-1.188087193477193812e-02,9.995865905663402495e-01,-1.269568900162856839e-01,6.141799981490807941e-02,1.652413359719511615e-02,2.777864159645388464e-01,-1.213100530070466143e-01,-2.569263816410853607e-02,-1.387380452917084395e-01,4.063097031514557173e-02,3.345574260605751332e-02,2.853238277816453339e-01,-1.039326668192988717e-01,-1.343009924772824680e-02,-1.620676362119206557e-02,1.709371678615027781e-03,-2.285169579533844614e-02,4.787453866103502653e-01,2.958080204446811301e-01,-2.703512559647328409e-03,4.580388620818210410e-01,1.028557238770917790e-03,3.240836039905525042e-03,-2.528233622283119087e-04,4.979992529574456261e-01,-3.053467261316966663e-01,7.062080052060722797e-04,4.651409177440966047e-01,-2.412800473698142011e-03,2.478132981202597115e-03,1.823318000846545477e-03
-4.066464068235591672e-02,-2.551447349025031189e-02,7.769228028562962240e-01,2.928408465533276824e-03,-2.563280213854206291e-02,-1.387349477500669434e-02,9.995708629312448634e-01,-1.444398228167466935e-01,6.430352111886759869e-02,1.937268421207340857e-02,3.108248129265621107e-01,-1.384017967068458810e-01,-2.600293115980596356e-02,-1.588176958582687703e-01,4.291351890490788940e-02,3.807676974225323446e-02,3.199886585732543698e-01,-1.197002584322574142e-01,-1.338968704176634467e-02,-1.781574599353496352e-02,2.190436587870089012e-03,-2.224636526982180090e-02,4.753490276523218427e-01,2.956525204253319661e-01,-2.720153913272772839e-03,4.533044972262655903e-01,9.829267101247802282e-04,3.167934673302561996e-03,-1.936280704027945122e-04,4.961676192596039536e-01,-3.051944880922621284e-01,5.946827278995206294e-04,4.612574582457674155e-01,-2.263675649431799285e-03,2.340701699111397832e-03,1.762206588962703796e-03
-4.208394329836515763e-02,-2.496470087509689018e-02,7.749399089506751048e-01,2.713630944767414770e-03,-2.527092979774143641e-02,-1.625900146293909887e-02,9.995447269560685521e-01,-1.621041181896904493e-01,6.706593911930261442e-02,2.295404557605559837e-02,3.446643640856577040e-01,-1.557007197475475668e-01,-2.630711035299482942e-02,-1.791173008656415377e-01,4.535475718844167448e-02,4.310700303030090552e-02,3.547405256097976856e-01,-1.355149789149336370e-01,-1.331754025688005466e-02,-1.947225432127621531e-02,2.582022653492037183e-03,-2.169494724918416204e-02,4.718834088754877976e-01,2.955271049047155651e-01,-2.730103395652955928e-03,4.488055807753005833e-01,9.311192572236154548e-04,3.096351693514044594e-03,-1.442551184750248011e-04,4.942587395923392912e-01,-3.050032960297678342e-01,5.128523516430029665e-04,4.576558933547268948e-01,-2.138424824923979700e-03,2.204000337379029891e-03,1.689468204894657623e-03
-4.349648184657432110e-02,-2.438179307853661007e-02,7.727623906836572631e-01,2.553979650007334040e-03,-2.489472958873937408e-02,-1.905516889581423609e-02,9.995051926653525376e-01,-1.798818163742458287e-01,6.992310741090515536e-02,2.720383666172291465e-02,3.790737376228434652e-01,-1.730316472010097195e-01,-2.656341995153311056e-02,-1.997379899787712909e-01,4.806351739753855767e-02,4.854267187543669787e-02,3.898002180189195087e-01,-1.514421626302893675e-01,-1.327676660194026213e-02,-2.118105722873033642e-02,2.907251389369942124e-03,-2.120378664980401145e-02,4.683253208587394023e-01,2.954094346638004853e-01,-2.715697145878642488e-03,4.445303386275339386e-01,8.584608898109957363e-04,3.041450746614932001e-03,-9.075468330696503873e-05,4.923006194882876829e-01,-3.047938437134009027e-01,4.700909571043753485e-04,4.542963706391125456e-01,-2.053190076471514327e-03,2.070348124517251611e-03,1.625958889726168222e-03
-4.489355502875456982e-02,-2.376983138239202598e-02,7.704044409424612994e-01,2.442471603646690671e-03,-2.447871310222190719e-02,-2.231279600978309033e-02,9.994483308663589805e-01,-1.977992628103659722e-01,7.308757598441872894e-02,3.228245495801380927e-02,4.140739896631002726e-01,-1.904410263177326867e-01,-2.676643289810468757e-02,-2.207083469176407409e-01,5.099199020942395133e-02,5.413532651877448615e-02,4.251002730685380926e-01,-1.676751818681193329e-01,-1.330074300983358215e-02,-2.288393703186281103e-02,3.227085710561865186e-03,-2.082736417966606426e-02,4.646615533018246813e-01,2.952515999791361923e-01,-2.671199552275948033e-03,4.405507320008763550e-01,7.409691205138469079e-04,3.029847182318586019e-03,-2.047797530020791868e-05,4.902997419232660303e-01,-3.046388357959622373e-01,4.868887242195085729e-04,4.511607798183809859e-01,-2.036833350502252702e-03,1.952174725915089637e-03,1.598550413811173493e-03
-4.627737357643712385e-02,-2.313900144282027629e-02,7.678689501829765174e-01,2.429091098053522742e-03,-2.404885413886446305e-02,-2.595890872430932708e-02,9.993707456139030443e-01,-2.158623222624624638e-01,7.644762466293994474e-02,3.801935580438282891e-02,4.496455645199010087e-01,-2.077994416684955659e-01,-2.705784268647703356e-02,-2.418934153556953626e-01,5.412151507940362455e-02,6.004990604151414640e-02,4.604736896337535690e-01,-1.835795546790798261e-01,-1.333361460612558433e-02,-2.467620163053832472e-02,3.389981566096452077e-03,-2.050354569942912722e-02,4.608419055655282870e-01,2.951114463552472755e-01,-2.612210367585269741e-03,4.368621666414501115e-01,6.164907427253856712e-04,3.040007875374871934e-03,5.876692806594746923e-05,4.882219478310086402e-01,-3.044476686616082728e-01,5.418320626020262229e-04,4.483655814032717624e-01,-2.053470114372216073e-03,1.839147387973951320e-03,1.588911615820401543e-03
-4.764430435510706024e-02,-2.248331687541847007e-02,7.651509244421826894e-01,2.525794520782124065e-03,-2.362075768497959652e-02,-2.992994937691605822e-02,9.992696724602033731e-01,-2.340207283408682337e-01,7.993444628519125184e-02,4.424921323775977272e-02,4.857311144003834680e-01,-2.252526212046740139e-01,-2.735351903312100569e-02,-2.631771597463860024e-01,5.737820559832322587e-02,6.617607222646235132e-02,4.957584939107872457e-01,-1.988435229448950181e-01,-1.339110038433350899e-02,-2.660614070653237809e-02,3.394430653529798350e-03,-2.020882218978331188e-02,4.568706962946270655e-01,2.949865771273095794e-01,-2.566333037810364284e-03,4.333669395193350815e-01,5.199673929467247234e-04,3.084588460988652719e-03,1.474079959418143774e-04,4.861544722619491332e-01,-3.042253697879009344e-01,6.093186657810235971e-04,4.458841119652700025e-01,-2.072269624454557788e-03,1.723089563372294042e-03,1.589216677214871703e-03
-4.899590240470921843e-02,-2.181141158531925070e-02,7.622351516464551668e-01,2.674733994948271226e-03,-2.317390305144981927e-02,-3.424254459517643567e-02,9.991412633632275053e-01,-2.522046318468921799e-01,8.384826303105664957e-02,5.108820032666528538e-02,5.221017272648681429e-01,-2.426690952959767722e-01,-2.757978251390960991e-02,-2.846242244331782523e-01,6.108150681895280903e-02,7.275434556044696466e-02,5.310609162327040167e-01,-2.138470377087929031e-01,-1.346762125530318738e-02,-2.864873063772798573e-02,3.328313880842058859e-03,-1.993754769105583052e-02,4.527745183122185435e-01,2.948847255505784304e-01,-2.498735011928979698e-03,4.300473257706082797e-01,4.126058781660903803e-04,3.152300117760271827e-03,2.467273600485605980e-04,4.840697950457701348e-01,-3.039868551920899553e-01,7.027537505713819278e-04,4.436291153096028061e-01,-2.113036661703752116e-03,1.595345189795378382e-03,1.600485612330716963e-03
-5.033306331489167951e-02,-2.112616838173549116e-02,7.591070456478764550e-01,2.829449433690081617e-03,-2.268457480650702338e-02,-3.898151899487850569e-02,9.989784008969377904e-01,-2.703515484447120421e-01,8.845309988576628701e-02,5.867141032018147184e-02,5.586292005868088717e-01,-2.599276379724376751e-01,-2.773966975818883615e-02,-3.063259290008302771e-01,6.551965506202836464e-02,7.997440184145959696e-02,5.664390719088904236e-01,-2.287675309857091221e-01,-1.357845137944172983e-02,-3.070027039029391003e-02,3.283367961112059873e-03,-1.971466132195731635e-02,4.485471015560633101e-01,2.947940699338433279e-01,-2.376142494143873747e-03,4.270537946998463896e-01,2.530452137394109636e-04,3.224541426136676332e-03,3.495732101393595219e-04,4.818770258968175790e-01,-3.037599775225437448e-01,8.358237599232676198e-04,4.416469259265368708e-01,-2.202756408220078559e-03,1.449266013952496329e-03,1.619843730347274129e-03
-5.166712474497007351e-02,-2.040588411824410808e-02,7.557813104053410225e-01,3.046106045072671971e-03,-2.215410487934641598e-02,-4.401492061147979640e-02,9.987805583002319354e-01,-2.885506382048925733e-01,9.343074193986036780e-02,6.667599309179192413e-02,5.953604331327428945e-01,-2.772685917615181905e-01,-2.800669110393649158e-02,-3.279806004120885965e-01,7.038147261687344169e-02,8.763308952951825992e-02,6.013157303772104223e-01,-2.434637655991655492e-01,-1.373106222414561747e-02,-3.283908694967865166e-02,3.127881005697452817e-03,-1.941980953505761248e-02,4.441286340815417399e-01,2.947302428654955953e-01,-2.234915259321275469e-03,4.242616762001790720e-01,8.262300548810656300e-05,3.278321643503784820e-03,4.707906318289890413e-04,4.795421350491882451e-01,-3.035255279745552315e-01,9.817538203504782256e-04,4.399396770909678178e-01,-2.300266129040394718e-03,1.287796501147413404e-03,1.651277422101582676e-03
-5.301375607191855660e-02,-1.961758491424926004e-02,7.522779309934025660e-01,3.354201760172584833e-03,-2.157346038090245458e-02,-4.924090816770366336e-02,9.985482803052470047e-01,-3.068317338498818270e-01,9.847298868316751996e-02,7.477412061189347980e-02,6.321585694424152191e-01,-2.946329590953849498e-01,-2.842516478525295570e-02,-3.495162298771573028e-01,7.535782046264240253e-02,9.543305802948991168e-02,6.354533829306009407e-01,-2.577318675820637894e-01,-1.384883581720216562e-02,-3.510820243877593033e-02,2.823677316943440808e-03,-1.893131095613552820e-02,4.394296414648691251e-01,2.946560707578823601e-01,-2.107722014698985326e-03,4.215579779557316886e-01,-5.148794376283151930e-05,3.288374137149910077e-03,6.343172928205400782e-04,4.770315496951729184e-01,-3.032909194670279085e-01,1.092886159195754396e-03,4.384999093410041349e-01,-2.361247128381092127e-03,1.105129634317057047e-03,1.697759691424875544e-03
-5.434936329643792058e-02,-1.880042660777291735e-02,7.486074868511271019e-01,3.568578753454850361e-03,-2.091504520596433603e-02,-5.474102783173363101e-02,9.982751354219131512e-01,-3.247128559265242131e-01,1.043445795621175398e-01,8.332379120251338922e-02,6.680936326763226019e-01,-3.118150285945262001e-01,-2.866174513819387537e-02,-3.712679482657193497e-01,8.121084688215000902e-02,1.034566889456562389e-01,6.695661813086564162e-01,-2.719480980642418055e-01,-1.395687754144396553e-02,-3.729045401244083374e-02,2.662494776967643927e-03,-1.843088241187881490e-02,4.346170371282832567e-01,2.946362442962847106e-01,-1.962970700402283560e-03,4.189436706470801020e-01,-1.550163962391443682e-04,3.273721685300929989e-03,8.199274890789041374e-04,4.743558018377940777e-01,-3.030694075841712798e-01,1.195188563383131185e-03,4.371888076983249105e-01,-2.377711362225636438e-03,9.212955960250158354e-04,1.766710206105452045e-03
-5.564674418410973239e-02,-1.800638605200644352e-02,7.447793272224352279e-01,3.612964644663042325e-03,-2.015868293319186821e-02,-6.063842018988303828e-02,9.979496760787848197e-01,-3.419595287034566944e-01,1.115052376566517817e-01,9.254162632551503342e-02,7.028672116560217287e-01,-3.286671181340358183e-01,-2.872676952970442885e-02,-3.933529680143854068e-01,8.856859087514321049e-02,1.120238800584986150e-01,7.039496070224752211e-01,-2.865740593322511076e-01,-1.417039251550056798e-02,-3.918778576314157353e-02,2.667305891545982896e-03,-1.814911318882376362e-02,4.299208221268726038e-01,2.948162902385753070e-01,-1.752757193514649587e-03,4.164717591372520400e-01,-2.461662236381518621e-04,3.267779569626528408e-03,1.004434548991655317e-03,4.715012370588283486e-01,-3.027790138133467646e-01,1.350965398728527821e-03,4.360215722503038016e-01,-2.360527069666191070e-03,7.543624821280169382e-04,1.875536008438004765e-03
-5.692758380460477552e-02,-1.719225213291837237e-02,7.407831501187540635e-01,3.623435501439962840e-03,-1.936000030410955919e-02,-6.674852874675261949e-02,9.975754081840313425e-01,-3.589506991895914934e-01,1.193399430386081622e-01,1.021052934214534830e-01,7.372713007471810576e-01,-3.453870336186299350e-01,-2.892390194560243849e-02,-4.156621806284320209e-01,9.653193003480220469e-02,1.204327708177380385e-01,7.384232059748957466e-01,-3.007382269117692686e-01,-1.441065480857765466e-02,-4.100274384839513314e-02,2.829501282223846181e-03,-1.787053158985922596e-02,4.251026600965709390e-01,2.950031823892734772e-01,-1.559580582080521234e-03,4.141534117613485111e-01,-3.265686190321602294e-04,3.245732876854162934e-03,1.154362413516930906e-03,4.684596829157836040e-01,-3.025479005582454306e-01,1.464523600375386252e-03,4.350817889807939154e-01,-2.331269716343981058e-03,5.909900906960985313e-04,1.966504722517858472e-03
-5.820356117101586207e-02,-1.630834208376794048e-02,7.366089949588475738e-01,3.709700730910250963e-03,-1.855960601700134757e-02,-7.286395703347053887e-02,9.971622851423966871e-01,-3.760538647399064849e-01,1.271713387992816635e-01,1.115087657421176548e-01,7.719494291771725747e-01,-3.621164806636952838e-01,-2.931352486062948834e-02,-4.380459082506680812e-01,1.043998823359606337e-01,1.282910374878173665e-01,7.728101795327014800e-01,-3.141911018155471580e-01,-1.446854914680750434e-02,-4.298584874226275138e-02,3.212797822317843902e-03,-1.744820423842459445e-02,4.199464092609608290e-01,2.949751180390841609e-01,-1.458508243538340823e-03,4.119488576857974760e-01,-4.054557359328888342e-04,3.213053661104411235e-03,1.252451397134958944e-03,4.652927300822967127e-01,-3.025435357323921770e-01,1.439770601089546131e-03,4.343821218846118382e-01,-2.321334360120016257e-03,4.157240452022285902e-04,1.990654419696195887e-03
-5.944140706697406684e-02,-1.544317250183471768e-02,7.323089501604604923e-01,3.803540708075791796e-03,-1.775947352815633248e-02,-7.914464115370431485e-02,9.966976773097935283e-01,-3.925092886390509350e-01,1.354755816128740964e-01,1.210479777828654402e-01,8.057676827175794809e-01,-3.789816475797417317e-01,-2.961084392325510906e-02,-4.604215467965132591e-01,1.129072873591201454e-01,1.359422451719126956e-01,8.071332776609020376e-01,-3.274105424386853369e-01,-1.478386075006715532e-02,-4.497639223909992434e-02,3.786158018013715491e-03,-1.708400410938149330e-02,4.147233917192915675e-01,2.949067781589306270e-01,-1.388199378848083447e-03,4.097618476209735627e-01,-4.959138421073949450e-04,3.219592398172855217e-03,1.341280418534280183e-03,4.620486695953138767e-01,-3.026123306844714089e-01,1.418809220665615597e-03,4.337695760310733006e-01,-2.330803154638313654e-03,2.776892139000246632e-04,2.009196859504103292e-03
-6.062740918658199307e-02,-1.468753696508256351e-02,7.279607466873431187e-01,3.751226457439493702e-03,-1.694820300920900011e-02,-8.592459739433791488e-02,9.961504154882664386e-01,-4.079118272961145264e-01,1.450916983261646143e-01,1.310037639540618803e-01,8.384054743905378082e-01,-3.960753706181003864e-01,-2.983558710703490199e-02,-4.833727602051054451e-01,1.235601246009829512e-01,1.430485800675594388e-01,8.424767173011974419e-01,-3.408661836899817832e-01,-1.499394051888154264e-02,-4.657548619184349176e-02,4.729674110308615224e-03,-1.695027814690368284e-02,4.096359243172949527e-01,2.948667708102261087e-01,-1.250964311238544511e-03,4.077708662930055183e-01,-6.076681930171824340e-04,3.281159625410715909e-03,1.458887338659671344e-03,4.586610226810405866e-01,-3.025779840796686271e-01,1.534493304553412492e-03,4.333801098774377469e-01,-2.370626014927441471e-03,2.051115531043111668e-04,2.086364853414374165e-03
-6.179569945822215027e-02,-1.398074007299488115e-02,7.234678448321891775e-01,3.841958707125890746e-03,-1.619299787225905729e-02,-9.285072664652302410e-02,9.955409427715244952e-01,-4.234351377201363564e-01,1.550143625580642226e-01,1.409099246990977994e-01,8.718714665982391088e-01,-4.130448170970109079e-01,-3.034901175431416534e-02,-5.062515861540191064e-01,1.350567607968399531e-01,1.497629993249924851e-01,8.778303045975689445e-01,-3.543223285736052941e-01,-1.537322245382615610e-02,-4.827164665385909326e-02,5.588423727308231351e-03,-1.679680486426916516e-02,4.043355245849249435e-01,2.947640567464737127e-01,-1.144950092932781743e-03,4.059528525240125307e-01,-7.297558046524712898e-04,3.360982578178923347e-03,1.556246258379354866e-03,4.551551898099009397e-01,-3.025642966066708350e-01,1.646611988017246224e-03,4.333001700491476704e-01,-2.451360646487739728e-03,1.433420519258656500e-04,2.153363247627214459e-03
-6.296435556421617341e-02,-1.324624567648824587e-02,7.187316038435398458e-01,4.284424360970920907e-03,-1.553383799434208783e-02,-9.957685288313199157e-02,9.948993888604782398e-01,-4.395390183901315417e-01,1.641209741352568363e-01,1.501990630786704528e-01,9.067414482290182542e-01,-4.302552832218073942e-01,-3.099150811748780515e-02,-5.285406854665969378e-01,1.461986066539840423e-01,1.562036564945068484e-01,9.121233454849321243e-01,-3.665630285748494033e-01,-1.614930391512999636e-02,-5.049727320893966642e-02,6.163229158399248682e-03,-1.640766265605130003e-02,3.984556153728778249e-01,2.944048308688125837e-01,-1.193154544659407509e-03,4.042271596170645687e-01,-8.584839226215014961e-04,3.436136500144973838e-03,1.589312834471256477e-03,4.516489992077347138e-01,-3.028517583513907763e-01,1.605568370287664822e-03,4.334359854771989151e-01,-2.590342371077972855e-03,4.397180131710947152e-05,2.138853363043460767e-03
-6.413350529801888078e-02,-1.258128197479679682e-02,7.138853887409833954e-01,4.854881399367154925e-03,-1.486412249872916778e-02,-1.064303139237842005e-01,9.941972019006223293e-01,-4.551702561747881792e-01,1.733527725076740578e-01,1.592426593250725331e-01,9.409265962588068133e-01,-4.476099551517683794e-01,-3.172081832626633124e-02,-5.506819179318066526e-01,1.583507599548321931e-01,1.622706485264560905e-01,9.455355666497775591e-01,-3.783765235640829672e-01,-1.680186526182016540e-02,-5.293758838276566014e-02,6.593257706743408525e-03,-1.591263019167860754e-02,3.922875779432744570e-01,2.939772360142098306e-01,-1.216788543642882345e-03,4.025722976983939216e-01,-1.059653211737308486e-03,3.529311383512416522e-03,1.627090894497385106e-03,4.479879100627833233e-01,-3.031699283873546813e-01,1.574289853279307438e-03,4.336427768484532042e-01,-2.786096312268254282e-03,-8.869546128013633835e-05,2.111646885714654406e-03
-6.529418043135735983e-02,-1.206942783204151444e-02,7.090643961282325769e-01,5.337676113831105532e-03,-1.403760413698074486e-02,-1.137539844983614934e-01,9.933954327932784656e-01,-4.697567195343202440e-01,1.834397609436204390e-01,1.680557896642208005e-01,9.732001364570567192e-01,-4.653581260263783825e-01,-3.269907686088054793e-02,-5.732876981848048503e-01,1.728026977533177744e-01,1.678510186153153172e-01,9.780127510841942762e-01,-3.904212321413403353e-01,-1.708975262221975808e-02,-5.529641747922813683e-02,7.085890684878516817e-03,-1.555627779988174100e-02,3.862748699165950428e-01,2.936119126059023032e-01,-1.051791889910958996e-03,4.010107784174290479e-01,-1.425838389123488224e-03,3.674319256500170605e-03,1.737349942551623568e-03,4.441456603980921125e-01,-3.033031639041985361e-01,1.732550812936778893e-03,4.338609171580502522e-01,-3.075365017545722297e-03,-2.905105740032335707e-04,2.164046859571796752e-03
-6.643617889685846101e-02,-1.163455933027731683e-02,7.041092157772689264e-01,5.976945496169391164e-03,-1.316227640903757171e-02,-1.213012584178072562e-01,9.925104711329373330e-01,-4.841714093646048434e-01,1.938775986816981545e-01,1.768585020908751693e-01,1.005508753773537656e+00,-4.834865269766336904e-01,-3.385089974406776253e-02,-5.956844745178373479e-01,1.878871245305958060e-01,1.735572508512748802e-01,1.009337790397732526e+00,-4.018297183773834047e-01,-1.727846188525538826e-02,-5.753530935912933020e-02,7.373090036183308632e-03,-1.528888912766028507e-02,3.801898423302024765e-01,2.933175169328978704e-01,-8.532177340059486593e-04,3.994622796443243473e-01,-1.831522605004266228e-03,3.813378582566866355e-03,1.839914952295950866e-03,4.401196330290803038e-01,-3.034525465368748676e-01,1.910395605394351248e-03,4.342352827213683542e-01,-3.388565318461511135e-03,-5.069352262259050040e-04,2.226134044208415846e-03
-6.756038983374572371e-02,-1.118092629837229984e-02,6.988767545300027528e-01,6.919436935724596061e-03,-1.232647803231730517e-02,-1.287153971208407632e-01,9.915808216559236499e-01,-4.990000803443752631e-01,2.039801741396980450e-01,1.854461074597697767e-01,1.038937107630886425e+00,-5.022893837992696842e-01,-3.515762096852503849e-02,-6.171793047691406242e-01,2.017076346162171574e-01,1.800538693462606366e-01,1.039297388347383944e+00,-4.115122059018923029e-01,-1.774188907645295535e-02,-5.972544788426491225e-02,7.443826255517222573e-03,-1.490542450432097432e-02,3.735571656562607923e-01,2.929521270580062176e-01,-7.883507361137568085e-04,3.979315277969887044e-01,-2.135194386826464938e-03,3.883979506631735773e-03,1.867527588328031811e-03,4.358461779800080205e-01,-3.039297146076742062e-01,1.872779886000882450e-03,4.347749017681522554e-01,-3.645933806738248760e-03,-6.642294897860191553e-04,2.192939467989506175e-03
-6.867147656938049627e-02,-1.078348175091032798e-02,6.934989716649656577e-01,7.906770434750867715e-03,-1.149737927497751500e-02,-1.361420063766306809e-01,9.905910595956567422e-01,-5.136049322242104420e-01,2.143180485533108248e-01,1.936791392860126026e-01,1.072150411680587334e+00,-5.207711841904206773e-01,-3.664473233293258359e-02,-6.383450599952948945e-01,2.156025330826787934e-01,1.860682148709699724e-01,1.068645674424126168e+00,-4.207005474850131210e-01,-1.808781963079476515e-02,-6.194129902988822212e-02,7.527295143567536151e-03,-1.442093919616540230e-02,3.665306061618213151e-01,2.925361112284322607e-01,-7.580763805936605341e-04,3.965217081355588702e-01,-2.388858551738863578e-03,3.925752845922943039e-03,1.894243376877194265e-03,4.313041697887731729e-01,-3.044893858129728015e-01,1.779166416013452630e-03,4.354504927550698068e-01,-3.866524144752580237e-03,-7.847944756640853848e-04,2.151024290300875864e-03
-6.977897485794466725e-02,-1.051062116429321569e-02,6.881088089650442274e-01,8.780914893305893573e-03,-1.059719314752273663e-02,-1.438381324917728521e-01,9.895055263475341922e-01,-5.275905946090454490e-01,2.250501076474790141e-01,2.012374695429222371e-01,1.104292460003686083e+00,-5.390403589396863815e-01,-3.834083748860111357e-02,-6.600574785445717518e-01,2.310092227669654497e-01,1.910950822323567722e-01,1.098160574446444882e+00,-4.300439387904467226e-01,-1.820411299543849698e-02,-6.420732626280525879e-02,7.649368738687864488e-03,-1.386278249973824962e-02,3.594862776760462952e-01,2.921211169475123604e-01,-6.689364472718156880e-04,3.953445087878524333e-01,-2.685624921558862378e-03,4.003730317722897954e-03,1.984636476540042795e-03,4.265827462762066813e-01,-3.048454230141884880e-01,1.850085708518932120e-03,4.363657812260235414e-01,-4.111923919075881340e-03,-9.286351349541368703e-04,2.230084674928251975e-03
-7.086544223383435537e-02,-1.033718943259958820e-02,6.826780835390918734e-01,9.626627160611527997e-03,-9.641172566392559526e-03,-1.516001233257049385e-01,9.883480047274277869e-01,-5.412740898867615114e-01,2.362157409735683167e-01,2.084165676978094184e-01,1.135948120115264137e+00,-5.571809167789875117e-01,-3.994919593378243317e-02,-6.813893067030032391e-01,2.469044253097435748e-01,1.961476430626963030e-01,1.126932331839307411e+00,-4.392789094261956295e-01,-1.841453322871627885e-02,-6.658664290898425042e-02,7.659656431455464168e-03,-1.332901498647407965e-02,3.523101044379001179e-01,2.918090532209466903e-01,-5.653034088928272222e-04,3.942954534470841099e-01,-2.958757254894733586e-03,4.079743341773926259e-03,2.103887969809792400e-03,4.216868586921658779e-01,-3.050901307737457491e-01,1.999697673640928128e-03,4.374592896768391137e-01,-4.361675949470213143e-03,-1.084727433735965287e-03,2.371784578688104859e-03
-7.193969892709740910e-02,-1.022298960949596415e-02,6.772178068977446896e-01,1.051316508973105905e-02,-8.614627625831341312e-03,-1.591871509701039689e-01,9.871548574143201860e-01,-5.548177070642539288e-01,2.474466632069172722e-01,2.151287679679023956e-01,1.167028202544674986e+00,-5.754890199042144161e-01,-4.150510311626315341e-02,-7.018913491803053795e-01,2.619958015960960895e-01,2.014786614720799895e-01,1.154337204648852921e+00,-4.473257058163887523e-01,-1.854000231130580392e-02,-6.913649563918861096e-02,7.580459382735748805e-03,-1.271315373768088300e-02,3.446413106437792861e-01,2.916148877119044136e-01,-4.768949764166445374e-04,3.933132397812881265e-01,-3.118970690359346501e-03,4.111121865255044396e-03,2.232207662359532614e-03,4.164796101895028579e-01,-3.053604590286502773e-01,2.081132426955079225e-03,4.385829977370680477e-01,-4.582627266946268617e-03,-1.225318381192424828e-03,2.477206727524846816e-03
-7.297671987827293594e-02,-1.014949514803245752e-02,6.717592088246887583e-01,1.140959918877697092e-02,-7.551004246716993239e-03,-1.666890975734118818e-01,9.859145744593595939e-01,-5.681193095827090644e-01,2.588448551911887163e-01,2.214462071081080841e-01,1.197610522982469838e+00,-5.935478557407565248e-01,-4.316088725447924518e-02,-7.217007242065527350e-01,2.767409105809163217e-01,2.069494222180695842e-01,1.180768179228289139e+00,-4.547403527181712590e-01,-1.835846462444112523e-02,-7.160501343686401232e-02,7.548571213914478592e-03,-1.209814319465728552e-02,3.366426943156607399e-01,2.914692609138093138e-01,-4.322586004762584322e-04,3.924168812867925848e-01,-3.214641489055946634e-03,4.104693622650666673e-03,2.320672392897166810e-03,4.109077671544628108e-01,-3.056531874509886282e-01,2.079400896740473889e-03,4.398199363333380463e-01,-4.747989884706883476e-03,-1.313684918539630934e-03,2.524415759877885780e-03
-7.393612977339310277e-02,-1.003554289660045507e-02,6.663749327690917656e-01,1.245657848422383057e-02,-6.542088740147190655e-03,-1.742425592520904509e-01,9.846022370849384364e-01,-5.807476978685799374e-01,2.696832432985371009e-01,2.276494360256126337e-01,1.227610726265568220e+00,-6.124133318335143183e-01,-4.435014202074892553e-02,-7.406738697612860189e-01,2.907772597465537179e-01,2.126462984321377259e-01,1.206212609393262136e+00,-4.622096114336251560e-01,-1.795812876141590977e-02,-7.396942100316736268e-02,7.474429099605417980e-03,-1.142960360946632982e-02,3.286246917816094681e-01,2.911615799995628806e-01,-5.104617157462824776e-04,3.916786707881005913e-01,-3.298860245837422715e-03,4.039415294817525620e-03,2.331356738630890966e-03,4.050726309399550473e-01,-3.060125533953208521e-01,1.941495512738754346e-03,4.413456322897509332e-01,-4.888221471663252611e-03,-1.337453109723894416e-03,2.441770566150342978e-03
-7.483239913542227839e-02,-9.886829198275801783e-03,6.610512458122301815e-01,1.351750912119484976e-02,-5.592718293387932867e-03,-1.817992179348646986e-01,9.832268521595218802e-01,-5.927483897591210305e-01,2.802991670473738428e-01,2.335836038430907369e-01,1.256881246016416265e+00,-6.309350942440238308e-01,-4.542403098220576529e-02,-7.594017835173120234e-01,3.044669354883581258e-01,2.179189077393473006e-01,1.231431709667102359e+00,-4.689038327428157182e-01,-1.744214609915719152e-02,-7.628983015165138881e-02,7.546913799110818027e-03,-1.064254363637393182e-02,3.203515804750136087e-01,2.907326869889915177e-01,-6.764338203734983476e-04,3.911744837396034513e-01,-3.363023516281169866e-03,3.927888491184543598e-03,2.284925765848396569e-03,3.989067942502668718e-01,-3.064451515456051989e-01,1.693006187362803379e-03,4.431431106478261883e-01,-4.995640158643451650e-03,-1.315754685751441885e-03,2.274590125245391694e-03
-7.567480892856703889e-02,-9.740707326569482752e-03,6.557483482897146221e-01,1.452690420213765578e-02,-4.699704902370364923e-03,-1.892244128043978624e-01,9.818151574644613522e-01,-6.041787083751719578e-01,2.907318565746918049e-01,2.389802322808328439e-01,1.285299345238940294e+00,-6.489321604630378104e-01,-4.673095590052649823e-02,-7.782887937892959407e-01,3.180100825066901060e-01,2.223598554287263829e-01,1.257102007609094629e+00,-4.752680520979302159e-01,-1.683476091179032103e-02,-7.895089814392070027e-02,7.789786170679342120e-03,-9.729861170318414992e-03,3.115927913700280438e-01,2.902749957626878374e-01,-9.113018678795551091e-04,3.910533217440118614e-01,-3.420298649547893772e-03,3.877374080096865610e-03,2.183049526661666375e-03,3.924245016446393786e-01,-3.070151835416270458e-01,1.333136247236434407e-03,4.452150506516288631e-01,-5.030766016305955601e-03,-1.214999844858745057e-03,2.102592918687647139e-03
-7.645107935224851325e-02,-9.619920815591398791e-03,6.505126628545704337e-01,1.548398862436680713e-02,-3.804167985929235614e-03,-1.966282123139805327e-01,9.803484689254250428e-01,-6.149057214842696961e-01,3.011900891505961408e-01,2.441019943567057648e-01,1.312603623658467944e+00,-6.664391543871673873e-01,-4.792045784894712751e-02,-7.970607179736687309e-01,3.316539226392625772e-01,2.262201168531932649e-01,1.282487611341211142e+00,-4.813375534654493748e-01,-1.603744020918377103e-02,-8.174436704496404471e-02,8.142605779536890576e-03,-8.892793871910600542e-03,3.024979606626708728e-01,2.898455477046796847e-01,-1.159278482794877342e-03,3.911994024388033009e-01,-3.471439499731171149e-03,3.837621719924147034e-03,2.061502197466522947e-03,3.856199780831052748e-01,-3.076103433128927755e-01,9.386525999142588924e-04,4.474860412225648010e-01,-5.032473524636891203e-03,-1.069696219440892295e-03,1.928356309887693625e-03
-7.716031907925012534e-02,-9.542279022153217494e-03,6.452934035902586629e-01,1.623036564264949272e-02,-2.764160259822560917e-03,-2.038022195956074867e-01,9.788736332832085330e-01,-6.256165427365254494e-01,3.133052426351794484e-01,2.492877651962629171e-01,1.340004435756350754e+00,-6.849378020708509762e-01,-5.072749174505641195e-02,-8.157141424005832642e-01,3.453571492172261004e-01,2.291438408693026174e-01,1.307127549272956601e+00,-4.875494909073184724e-01,-1.553994162396215260e-02,-8.511849665491764971e-02,8.750437581100565035e-03,-8.181375578869111778e-03,2.934303190336557399e-01,2.892067702938523888e-01,-1.538792299384462081e-03,3.913431415706246086e-01,-3.449888378377968627e-03,3.856716684829428025e-03,2.053089132720577713e-03,3.792990502549229426e-01,-3.082648418498815657e-01,4.499936263047181429e-04,4.496422916123530289e-01,-5.453629471853073743e-03,-4.638595750384882400e-04,1.523249310207813387e-03
-7.781400279843239676e-02,-9.490477998200108276e-03,6.401878345555617189e-01,1.686373050843435750e-02,-1.633789388235905088e-03,-2.107226620801781469e-01,9.773990510591968883e-01,-6.359719430125637674e-01,3.259215147978549165e-01,2.542307723048199963e-01,1.366488833700742145e+00,-7.032831291475243329e-01,-5.408331083542403106e-02,-8.338822633099884918e-01,3.587077935456841060e-01,2.313134744836246592e-01,1.330481397611895655e+00,-4.937794300451329721e-01,-1.509313704713065307e-02,-8.885099019451325741e-02,9.406244534446377148e-03,-7.479651800319258269e-03,2.841083627206162365e-01,2.884066907304562721e-01,-2.050685262950686840e-03,3.916926861670304016e-01,-3.381503003904718242e-03,3.850783647485502698e-03,2.057334243965771702e-03,3.731249747044426135e-01,-3.089076765849368966e-01,-5.977031281066680617e-05,4.519232408999344641e-01,-6.045702182269239652e-03,3.111421826846042437e-04,1.011833647095010131e-03
-7.848061831741642846e-02,-9.457835819788439763e-03,6.350854417640451333e-01,1.740049496681844721e-02,-5.467666518971379041e-04,-2.172225599307929245e-01,9.759668453785982356e-01,-6.464263728746730830e-01,3.385314158795497130e-01,2.584238469605394939e-01,1.392867252566616587e+00,-7.211227706958305284e-01,-5.718964136992810837e-02,-8.517966175699247522e-01,3.714691139942044584e-01,2.325149342971211397e-01,1.353251021375571961e+00,-5.002660291510432344e-01,-1.412797183394468720e-02,-9.369856907968329707e-02,9.595096462767328804e-03,-6.285654327693493762e-03,2.741245388793600024e-01,2.874557785880471616e-01,-2.507878837894225634e-03,3.928440139805716713e-01,-3.300709858401641630e-03,3.934814175791079630e-03,2.124881028038601728e-03,3.665901164409987034e-01,-3.098900437744334657e-01,-6.958445204834990067e-04,4.548982703151114859e-01,-6.517596613177417328e-03,1.188682658905519055e-03,6.615991687693428130e-04
-7.913452046861019218e-02,-9.437244693169904303e-03,6.300834371279857571e-01,1.786497667391070271e-02,5.580312880753111751e-04,-2.234957044491265865e-01,9.745410208412532693e-01,-6.565657795825804444e-01,3.510467142724144618e-01,2.621280118070813958e-01,1.418282281175767379e+00,-7.381481599850642228e-01,-6.019491852101140072e-02,-8.692946008323511053e-01,3.839320232256644427e-01,2.331555340571512536e-01,1.374997276130428769e+00,-5.067891189185117495e-01,-1.288424461515845845e-02,-9.904804641425084266e-02,9.408954556022367660e-03,-4.867485817926697246e-03,2.635628086233793299e-01,2.864084123787858926e-01,-2.952156880887841887e-03,3.944863351977625499e-01,-3.233516573963854824e-03,4.032562715167814678e-03,2.217143084579237255e-03,3.597403319157990165e-01,-3.111112353794343033e-01,-1.430829719465457044e-03,4.583005196274488324e-01,-6.943195865515013054e-03,2.116151313276345980e-03,3.652137636954990666e-04
-7.983162208841812491e-02,-9.462350052133056133e-03,6.250646677595163014e-01,1.811641928500300550e-02,1.449092248715251217e-03,-2.297043741067050227e-01,9.730907439700537953e-01,-6.660197736664054124e-01,3.639448278264966752e-01,2.651085920731939272e-01,1.443068596495435729e+00,-7.536580919199494799e-01,-6.408663426221480885e-02,-8.865070494889399910e-01,3.968781238185180027e-01,2.329887699280426827e-01,1.396648889593295140e+00,-5.130585042386649475e-01,-1.200480650748534349e-02,-1.046976173785258563e-01,8.795983946008115867e-03,-2.447439112178658328e-03,2.521209807169521033e-01,2.856491075880402408e-01,-3.462405658850031820e-03,3.965263292307634191e-01,-3.089336910871288370e-03,4.035002056890246193e-03,2.067189378348152379e-03,3.522443166859487995e-01,-3.124237973038382910e-01,-2.459976356516735407e-03,4.621387133349645349e-01,-7.020039896873448391e-03,2.878312562317259220e-03,-6.510423888919604149e-05
-8.052207915448018893e-02,-9.525017149664010557e-03,6.201262732864005756e-01,1.823363334606711503e-02,2.252563736263552691e-03,-2.358023433654089507e-01,9.716273542027304977e-01,-6.748688320064082369e-01,3.767733663275422695e-01,2.674559725598563142e-01,1.466833030144722327e+00,-7.680833779356865954e-01,-6.823162179728951837e-02,-9.032394776255738833e-01,4.098786854050486816e-01,2.322347502265977304e-01,1.417542810541262188e+00,-5.191358775476483389e-01,-1.121388404291013760e-02,-1.105914248857921278e-01,7.845121474878627779e-03,3.833869536325976851e-04,2.398930979287697829e-01,2.850321155515945226e-01,-4.002698162984743603e-03,3.990440847658693335e-01,-2.892902381177512878e-03,3.985044229973346876e-03,1.842080501357013693e-03,3.442242426906645947e-01,-3.138884002857207367e-01,-3.659833347373587717e-03,4.663267115040308219e-01,-6.930995092141944806e-03,3.531138137681347298e-03,-5.292329976625679330e-04
-8.115126855674784090e-02,-9.609874590597092953e-03,6.153252664865054289e-01,1.825904940631567497e-02,3.111251386071135772e-03,-2.417576780684820015e-01,9.701598591595758103e-01,-6.833445035118592692e-01,3.899592789218494504e-01,2.697625028786715951e-01,1.489842646055062003e+00,-7.818659425189015133e-01,-7.108532273939915935e-02,-9.194383560047023618e-01,4.224677911236350281e-01,2.309457831753423951e-01,1.437038565505486032e+00,-5.246233842668798220e-01,-1.001224588317366562e-02,-1.170378236725066884e-01,6.595754607125936010e-03,3.210939396019313156e-03,2.276748607504705812e-01,2.840879655089865174e-01,-4.473971986015899335e-03,4.020759852997062844e-01,-2.883527395608637307e-03,4.279592102399908463e-03,1.910868259932940868e-03,3.367212735188276351e-01,-3.162046567772394678e-01,-4.916177714065647630e-03,4.702443885997820705e-01,-7.119761646544842462e-03,4.774574664771677121e-03,-8.077828462127844677e-04
-8.172467391327305208e-02,-9.705249577344915793e-03,6.107832402357930013e-01,1.820868114887801148e-02,4.058421488558494432e-03,-2.475543035255418634e-01,9.686943996698984538e-01,-6.913144637499945011e-01,4.031083009146068652e-01,2.719188935379384109e-01,1.511461855208792171e+00,-7.949818644900136233e-01,-7.340411484957774790e-02,-9.348854147865267583e-01,4.345917675124095769e-01,2.293502491588291781e-01,1.454783239543663065e+00,-5.298662186130997931e-01,-8.554107430083741220e-03,-1.239305458307515401e-01,5.069697309735606700e-03,5.955182755212307458e-03,2.151786014912490386e-01,2.829626590136177788e-01,-4.949535653777765130e-03,4.056431327016854493e-01,-2.961144010669333228e-03,4.714124496660720455e-03,2.107508483260390163e-03,3.293273465930383059e-01,-3.191288129892910774e-01,-6.279355875477991671e-03,4.742484940804040927e-01,-7.432670705257974145e-03,6.250010654960514063e-03,-1.002057133772306157e-03
-8.231359432501407503e-02,-9.877772713602111371e-03,6.060975153907166568e-01,1.831962713520300309e-02,4.982761082326740525e-03,-2.530230090607482607e-01,9.672739633834198658e-01,-6.994813908155723681e-01,4.164156314874000731e-01,2.738982081947133329e-01,1.533242257035007716e+00,-8.070586957458146804e-01,-7.673036280029861544e-02,-9.511966886568012924e-01,4.468505354349635583e-01,2.273991732206627758e-01,1.474021300574928528e+00,-5.353233953847946758e-01,-6.811476063285952336e-03,-1.324491830190440422e-01,2.687115571510205383e-03,8.965543261560212154e-03,2.023473379548220430e-01,2.825226699428664001e-01,-5.561396202414125960e-03,4.105809990296471756e-01,-2.728572835095255389e-03,5.116488771506455709e-03,1.964186652787342988e-03,3.213038319839381374e-01,-3.220115830054852690e-01,-8.086406405234005182e-03,4.795183342045983843e-01,-7.457095480639338615e-03,7.283319075591494773e-03,-1.472078327941031464e-03
-8.287988937450482818e-02,-1.009131069894862905e-02,6.014835123175776843e-01,1.850132598997284925e-02,5.913563492665023513e-03,-2.581779827808316496e-01,9.659020964417941446e-01,-7.073943260591035731e-01,4.294086698700028126e-01,2.756384724532597863e-01,1.554099621638149520e+00,-8.181646509903383047e-01,-8.028257417899278825e-02,-9.673337258227545643e-01,4.587184443726028960e-01,2.252118573108244926e-01,1.492913870126623355e+00,-5.408421390297540876e-01,-5.060280419082220649e-03,-1.419605464247185589e-01,-1.644679681187949383e-04,1.211838423771499119e-02,1.889233813979230847e-01,2.823504029165605500e-01,-6.300023710147233634e-03,4.165079860240753495e-01,-2.357525118309288653e-03,5.515653534467658201e-03,1.648354780929950792e-03,3.129089820015166779e-01,-3.250658883729493076e-01,-1.018336988089589036e-02,4.855854974849804218e-01,-7.345552658143910014e-03,8.115557190055938674e-03,-2.088580981283156331e-03
-8.343141450663120462e-02,-1.028463264284120923e-02,5.969201741185066190e-01,1.877491031206049779e-02,6.817278898196634657e-03,-2.628396980562167640e-01,9.646327387026196742e-01,-7.153404658862300147e-01,4.418725975882519807e-01,2.771466183797415272e-01,1.574439933519383494e+00,-8.287879556840253015e-01,-8.338454140146370208e-02,-9.832506045877781320e-01,4.693120243306122541e-01,2.225744780170640369e-01,1.511247179820360165e+00,-5.456445222704263687e-01,-3.230297603474514313e-03,-1.524727548105317965e-01,-3.349986918273790016e-03,1.581200423822527387e-02,1.747974882690206677e-01,2.821817331916887661e-01,-6.863814038881668918e-03,4.232493588201298174e-01,-1.952986916161376886e-03,5.995697935877319570e-03,1.493502748212834422e-03,3.045756584033922354e-01,-3.288657310461307048e-01,-1.243370772682663924e-02,4.922104636875266337e-01,-7.260220526391952117e-03,8.904796463527427791e-03,-2.558181928081344498e-03
-8.394451242263376023e-02,-1.047141173750995233e-02,5.925268723603821508e-01,1.909243309067721467e-02,7.738815963603254064e-03,-2.670903763114099161e-01,9.634512549205540566e-01,-7.231121279463739171e-01,4.536611591974876734e-01,2.783511364918593300e-01,1.593534656200734201e+00,-8.377746172082098930e-01,-8.620741142790418199e-02,-9.985243040312187235e-01,4.788682382034422647e-01,2.197527392560083559e-01,1.528421809031106360e+00,-5.502596720538602826e-01,-1.312189354751269006e-03,-1.636162176287741521e-01,-6.734951430356321198e-03,1.974845438402346443e-02,1.599583058230956145e-01,2.820433512960201505e-01,-7.361946178088752367e-03,4.307208447475661672e-01,-1.532522564884909603e-03,6.487535724665849032e-03,1.411118653611730112e-03,2.961018829178710954e-01,-3.331585247504960101e-01,-1.481838208149747170e-02,4.993661630221008507e-01,-7.179062448782461657e-03,9.689861804927648106e-03,-2.965466206760228665e-03
-8.442325561583993720e-02,-1.065172308350150442e-02,5.883550221736030261e-01,1.940522270072856867e-02,8.647878582184357482e-03,-2.708585224450688056e-01,9.623847008067192288e-01,-7.307247667565230920e-01,4.647635015145452630e-01,2.791246414469553128e-01,1.611285763613801159e+00,-8.446853960724635124e-01,-8.909246061472697598e-02,-1.012926493219174162e+00,4.874348942661466677e-01,2.168686438277778739e-01,1.544415569925528864e+00,-5.553016701908186636e-01,1.260561126350782804e-03,-1.754987439385528869e-01,-1.032258279687139554e-02,2.404200732798393927e-02,1.445493691812480552e-01,2.819112552097668978e-01,-7.756462985228569293e-03,4.388754025500862244e-01,-1.051956286838335360e-03,6.970381291128013510e-03,1.477756170151339190e-03,2.874920876660940761e-01,-3.378516330774140042e-01,-1.725018935081161151e-02,5.069355206670537184e-01,-7.126110368478401173e-03,1.052050467413974920e-02,-3.255051041472178681e-03
-8.484642933239419649e-02,-1.082656483503291120e-02,5.844532768633543540e-01,1.968805157263740779e-02,9.562947646164887683e-03,-2.742394595640926247e-01,9.614123202224867937e-01,-7.379437770340282476e-01,4.753667897594192060e-01,2.796820199304169696e-01,1.628017219492777556e+00,-8.523854840954984136e-01,-9.184532299089194496e-02,-1.026505367902393662e+00,4.950199949785422660e-01,2.138233418253594476e-01,1.559171089067571625e+00,-5.603464165780823736e-01,4.060969100432109888e-03,-1.877257930767045613e-01,-1.400592571297161297e-02,2.849769419285828886e-02,1.284897781251504445e-01,2.818104320468494683e-01,-8.110134586861564299e-03,4.476946289401086410e-01,-5.439172634459200168e-04,7.414337403572316201e-03,1.618531213146953088e-03,2.785896336982110477e-01,-3.428631027254044894e-01,-1.974834796137156165e-02,5.148903336288102039e-01,-7.084444918426257426e-03,1.138226413826320775e-02,-3.484599594045184687e-03
-8.520420087435852385e-02,-1.100101883323082244e-02,5.806528729525674004e-01,2.004923038846065028e-02,1.052361414388013235e-02,-2.770705509021089696e-01,9.605827354939210361e-01,-7.452017310715849385e-01,4.858796638155917780e-01,2.802713561614478821e-01,1.644965681424482185e+00,-8.636755949976480107e-01,-9.473998193804833434e-02,-1.040070767646622096e+00,5.017615591324098290e-01,2.106533139457807124e-01,1.574221629833178815e+00,-5.663535334984106662e-01,7.484998816015988807e-03,-2.005832544669921280e-01,-1.776876082499617357e-02,3.300975219079937961e-02,1.118354709343873377e-01,2.818342009351076927e-01,-8.095811554847377745e-03,4.574412862867483498e-01,-1.384551077520658978e-04,7.739191320668803442e-03,2.004993972298628815e-03,2.694275391570785105e-01,-3.485120534966519856e-01,-2.228215840230110545e-02,5.234779797066013707e-01,-6.860940771542332894e-03,1.193324685399477919e-02,-3.405677510898273957e-03
-8.550908618176190912e-02,-1.116565484656647199e-02,5.770287404540028753e-01,2.049831611331751763e-02,1.148056886813108440e-02,-2.792254828141941259e-01,9.599380945259773368e-01,-7.525928330050304371e-01,4.952706197094402518e-01,2.804367883289068941e-01,1.660115310582696901e+00,-8.696835156523188282e-01,-9.759312480817998459e-02,-1.053261242864423242e+00,5.069577262701974174e-01,2.072259793897596736e-01,1.588948005447313738e+00,-5.725682235921722985e-01,1.106918923705353316e-02,-2.139309784298975003e-01,-2.163836719390008906e-02,3.764334271188327780e-02,9.438214666520693130e-02,2.819762670732585130e-01,-7.918565249077358370e-03,4.679831860872096794e-01,2.173451416710924736e-04,8.007702910809433305e-03,2.501393015582599640e-03,2.598974031261563900e-01,-3.545310341178589120e-01,-2.488689102822652308e-02,5.325380905867330705e-01,-6.545253821420166269e-03,1.233287653783675733e-02,-3.197655249474449981e-03
-8.576655328817102408e-02,-1.130539801524639738e-02,5.735487166985026031e-01,2.111481359326244575e-02,1.233880199771594452e-02,-2.805975187822531414e-01,9.595139139509273329e-01,-7.603539156391130316e-01,5.025723008827103211e-01,2.798161736793262078e-01,1.672976002115161842e+00,-8.665180166257540062e-01,-1.003471509279918877e-01,-1.065934566033827302e+00,5.098116094419871125e-01,2.034311862246133695e-01,1.603280152676043846e+00,-5.781645688983010345e-01,1.421482632386837294e-02,-2.275804587622821118e-01,-2.582324702157798996e-02,4.237150452250904031e-02,7.614631631674161072e-02,2.822819282000352814e-01,-7.653768552381789644e-03,4.791777784593660994e-01,5.498464037413571806e-04,8.250828798627986641e-03,3.030906130475579437e-03,2.500381207469283829e-01,-3.607463887329382390e-01,-2.759500011506874073e-02,5.418633508728015746e-01,-6.148871750878684948e-03,1.265923456794008396e-02,-2.970297979834135051e-03
-8.593313678775299502e-02,-1.143795028125148099e-02,5.702045218431393003e-01,2.171685838805969410e-02,1.308954133059434151e-02,-2.814913403572196215e-01,9.592286835126465627e-01,-7.678382342460456922e-01,5.088057294320111890e-01,2.787467686956240920e-01,1.685895416660974533e+00,-8.673489960967896151e-01,-1.029738601688838240e-01,-1.077750076300479920e+00,5.115784926469358895e-01,1.995789310476848988e-01,1.617066758275130356e+00,-5.835997925769047523e-01,1.715621099468505120e-02,-2.410937270518950515e-01,-2.995368169394342639e-02,4.710962695894851254e-02,5.737574426449267712e-02,2.826659218881995006e-01,-7.308637275433195121e-03,4.909323586406796336e-01,8.748381979362643453e-04,8.514947586139557170e-03,3.592553964839787992e-03,2.397644312709318604e-01,-3.671668243284674227e-01,-3.034790370221061503e-02,5.513219355367356966e-01,-5.710334503266376559e-03,1.297974351464531093e-02,-2.721995798558378334e-03
-8.597063458053222362e-02,-1.158556631189880219e-02,5.669332451584262467e-01,2.210360175912944036e-02,1.371279472325008172e-02,-2.822679214221842092e-01,9.589829042199620179e-01,-7.744771470853288875e-01,5.157252047725759958e-01,2.777406350173400318e-01,1.700225874062749831e+00,-8.770999744827926436e-01,-1.050587736546517298e-01,-1.088604121570786898e+00,5.134895870603387591e-01,1.957029375119767878e-01,1.630305632917997238e+00,-5.888601883179719332e-01,2.003865645439967258e-02,-2.540018417419669938e-01,-3.372484718617749233e-02,5.175248825346654563e-02,3.840271273025741561e-02,2.831208022387897150e-01,-6.733131533516415780e-03,5.031586803835580435e-01,1.191424692158958142e-03,8.850514534042661086e-03,4.301668740127075757e-03,2.289544156078557324e-01,-3.738551731312195203e-01,-3.300533658094170070e-02,5.608108598087175878e-01,-5.247507989482549928e-03,1.327388213752884842e-02,-2.318173954929829417e-03
-8.594299042422154367e-02,-1.176154239688417119e-02,5.637741623033669658e-01,2.236627059431113562e-02,1.429021506128057284e-02,-2.826358122178374566e-01,9.588600196823148236e-01,-7.815404003766782681e-01,5.215224528796283954e-01,2.755871001129710507e-01,1.712749878174078200e+00,-8.782307465502962041e-01,-1.070823669452261734e-01,-1.098673502727528728e+00,5.154271840403590321e-01,1.919513676076236297e-01,1.643023463838701792e+00,-5.938694810179201422e-01,2.275037889271469202e-02,-2.668003431689853211e-01,-3.732144586151923960e-02,5.615404311963956285e-02,1.912262850956284940e-02,2.839030463712397534e-01,-6.009318062278139715e-03,5.159000020410063891e-01,1.495279233231080031e-03,9.127682138678453946e-03,5.085017165305825287e-03,2.174615582082553567e-01,-3.804669099535087362e-01,-3.565923971611113102e-02,5.704852580023161979e-01,-4.787385442741595026e-03,1.350203594786631052e-02,-1.841316015086584502e-03
-8.583028186069562027e-02,-1.199527674872545753e-02,5.607137855722911235e-01,2.251385941068018842e-02,1.476608120219130744e-02,-2.827989182643678712e-01,9.588012624151427410e-01,-7.884097720708115320e-01,5.258963795183351220e-01,2.724170357263756004e-01,1.724339002543222144e+00,-8.779404755265031168e-01,-1.086233289064273966e-01,-1.107917218251486702e+00,5.182512028740405841e-01,1.885687577455402719e-01,1.655455927725060672e+00,-5.983265298643820618e-01,2.522240943454157405e-02,-2.792195753261900171e-01,-4.072406095020476846e-02,6.031463371696871995e-02,-3.260555749748372811e-04,2.850487456459322999e-01,-5.063730489054360170e-03,5.291968709937361348e-01,1.772748988508777643e-03,9.185916547445657082e-03,5.967213390584522048e-03,2.052979432861254949e-01,-3.870914084405887023e-01,-3.826592304702284425e-02,5.803062641918407261e-01,-4.312308835789646633e-03,1.357717865338544869e-02,-1.239054837071365198e-03
-8.564518884340924232e-02,-1.226948178587179521e-02,5.578080669244025458e-01,2.258093438183550461e-02,1.514314843935142194e-02,-2.825991446545909058e-01,9.588527050064999946e-01,-7.952413059570488940e-01,5.284485449314549887e-01,2.681288612058143062e-01,1.735138549433129285e+00,-8.776753803514116825e-01,-1.102034095209691172e-01,-1.116209662545273984e+00,5.209494339831386434e-01,1.853316823064210805e-01,1.667359765999547383e+00,-6.027134799364196605e-01,2.739707391991743485e-02,-2.911812151396317438e-01,-4.391359491298221090e-02,6.431100411706582032e-02,-1.993800690591401512e-02,2.863962418351137518e-01,-3.982510226919921091e-03,5.425308299430343650e-01,2.046592610331256744e-03,9.261076732985262794e-03,6.887355594190226922e-03,1.927526392707971103e-01,-3.937727575747346220e-01,-4.081789489497411605e-02,5.899919349546847158e-01,-3.822017832352257033e-03,1.363350982937215281e-02,-5.879441855319029585e-04
-8.541328611777010416e-02,-1.259007932788793784e-02,5.551118460152497658e-01,2.261302461512031473e-02,1.542374873358030168e-02,-2.817336698111417848e-01,9.591021313642814627e-01,-8.024029305049797944e-01,5.286073939514319697e-01,2.624264923717575804e-01,1.745227929022366897e+00,-8.781554628120140649e-01,-1.120256753670037797e-01,-1.123418618661297774e+00,5.223024152352589988e-01,1.819440145796666908e-01,1.678590888673100689e+00,-6.077294116194845719e-01,2.915398203869720706e-02,-3.024645084359506853e-01,-4.704593308399926399e-02,6.808234271256219383e-02,-3.963243600853620652e-02,2.878436289080275046e-01,-2.790231873958971820e-03,5.553247426039296109e-01,2.315682338056838929e-03,9.609233015117716117e-03,7.818719619980160976e-03,1.801972553212086159e-01,-4.004740991983705145e-01,-4.329523250955492897e-02,5.993425005363836044e-01,-3.302072046440453559e-03,1.379596843015958030e-02,9.632927173563879744e-05
-8.515484285308266843e-02,-1.294367685344284362e-02,5.525801592719938871e-01,2.256767025191436238e-02,1.557386391053394888e-02,-2.801827934205172177e-01,9.595549787757730043e-01,-8.099629911569065088e-01,5.273376540885644781e-01,2.557346857911145799e-01,1.755210666094628502e+00,-8.795058904809672784e-01,-1.134957591428507884e-01,-1.129471705101155132e+00,5.224627258966606513e-01,1.784947722623206334e-01,1.689230421395831572e+00,-6.132930237493046111e-01,3.067271886891466751e-02,-3.131139129128288623e-01,-5.018076810458328707e-02,7.171839371131968899e-02,-5.926185795623641756e-02,2.895227694438229360e-01,-1.509648747032188215e-03,5.676545903326551956e-01,2.599368556089227521e-03,9.946583874506616588e-03,8.760530455718423815e-03,1.675313280144445360e-01,-4.070542463066593730e-01,-4.571435843073030220e-02,6.084089115049683416e-01,-2.752380166530067097e-03,1.397594051222646530e-02,8.146242020200510905e-04
-8.487270820918031700e-02,-1.327449143551645387e-02,5.501006388910654188e-01,2.252672002526609138e-02,1.550432287931314060e-02,-2.778702947904526654e-01,9.602292758138679662e-01,-8.185229602519793479e-01,5.243268358386553585e-01,2.476863501526082034e-01,1.765869309303493395e+00,-8.807452327930757052e-01,-1.145422617667763571e-01,-1.134279033879747711e+00,5.219005135034422427e-01,1.755746443014434000e-01,1.699768109934333360e+00,-6.189622778182720664e-01,3.215033215287997626e-02,-3.227790688361581450e-01,-5.351456526302687117e-02,7.519603977523611760e-02,-7.876049178314395438e-02,2.915557330747107212e-01,-1.059374682831337993e-04,5.795508257230133076e-01,2.865722746073327918e-03,9.914549384417487357e-03,9.716860125008705551e-03,1.545921122106630463e-01,-4.135112001571201734e-01,-4.808164858962134247e-02,6.172226859749445627e-01,-2.128223076894510124e-03,1.400666877338230427e-02,1.615611838743678114e-03
-8.454703855328132844e-02,-1.360318123242199723e-02,5.477252751357100102e-01,2.241162612047789895e-02,1.530590144768757821e-02,-2.746882326859410584e-01,9.611502604792784288e-01,-8.273399499573667049e-01,5.197560832183477642e-01,2.389745001531436430e-01,1.776116898762989171e+00,-8.830061747388225912e-01,-1.154821412484567239e-01,-1.138109053304811047e+00,5.207700980916495359e-01,1.728292075761134750e-01,1.710247258970451156e+00,-6.247142234513258785e-01,3.331407535017463090e-02,-3.318786040152184591e-01,-5.670327441782922751e-02,7.852556028295740176e-02,-9.785259430671072733e-02,2.937858804571076288e-01,1.359461585259213014e-03,5.904594514212728740e-01,3.132583010020877773e-03,9.861590052171853582e-03,1.065066591864012938e-02,1.417475429948531762e-01,-4.198232205073388346e-01,-5.038295082717061252e-02,6.254372081961768748e-01,-1.469118752678650035e-03,1.403655868150058619e-02,2.439881674416854041e-03
-8.418107076404479638e-02,-1.388192667642783318e-02,5.454771524131032390e-01,2.239760184659630657e-02,1.502026213166193953e-02,-2.703838502896692142e-01,9.623748296061946927e-01,-8.376317928188601325e-01,5.117440844984610937e-01,2.285107525117521243e-01,1.785758141101173369e+00,-8.852559471326929552e-01,-1.168664439204921829e-01,-1.140802527911541020e+00,5.197069537836598307e-01,1.711990726544350694e-01,1.720821950636002962e+00,-6.299336374935562421e-01,3.413139037556546518e-02,-3.398504217657587478e-01,-5.946152069926916722e-02,8.185535046223912925e-02,-1.164686987532516788e-01,2.960127392777793798e-01,2.715639738294850329e-03,5.996229783687669901e-01,3.316762892592651710e-03,1.007449437853353592e-02,1.145381684153973928e-02,1.290255205158871710e-01,-4.259742798296029531e-01,-5.268031766194076343e-02,6.325997597070753820e-01,-8.452708070440084070e-04,1.413108177231853918e-02,3.195850053760201665e-03
-8.378993668708527298e-02,-1.415079227964759732e-02,5.434053036694083128e-01,2.232685217383407333e-02,1.470725419547417971e-02,-2.649139063489497348e-01,9.639013593563288129e-01,-8.482544350122254162e-01,5.022738122314651665e-01,2.180103270626748135e-01,1.793896477395716449e+00,-8.875657366199456444e-01,-1.177507285463923054e-01,-1.142516594816384234e+00,5.179759402581940453e-01,1.698413475434901176e-01,1.731161897430704144e+00,-6.350334930571842618e-01,3.460435793941925298e-02,-3.475846119476009854e-01,-6.162265903544188184e-02,8.539879183795121009e-02,-1.346781020215361002e-01,2.982622081466945740e-01,4.032349946859592645e-03,6.071974671495979914e-01,3.490113176292468020e-03,1.028718791984585719e-02,1.218131752884031409e-02,1.165548506446430488e-01,-4.318923261629488697e-01,-5.492740393172534930e-02,6.389358918852005020e-01,-2.312180470938362577e-04,1.415477988103186133e-02,3.891581036412715151e-03
-8.346850946763471890e-02,-1.441223503624533032e-02,5.416995533505980509e-01,2.219089970913228071e-02,1.460053659898136874e-02,-2.579942020637673306e-01,9.657812278164255027e-01,-8.592416943872331903e-01,4.920866684760883958e-01,2.082512651060322573e-01,1.798848185159654278e+00,-8.897538979791926872e-01,-1.178814547470787844e-01,-1.143372100113454248e+00,5.146014191162836537e-01,1.685249936140084670e-01,1.740332333047473590e+00,-6.397106333908660902e-01,3.507393739394312066e-02,-3.555817291363793098e-01,-6.299897155734239529e-02,8.976887411439847531e-02,-1.530242822129730118e-01,3.006533753793965702e-01,5.305583955597622733e-03,6.132467012940241435e-01,3.760475151019779683e-03,1.012387954684200800e-02,1.291513310659579868e-02,1.044050469568570394e-01,-4.373483901083172753e-01,-5.709268373667701624e-02,6.445844358323787882e-01,4.743940133052721927e-04,1.389880287789112615e-02,4.569621120204082204e-03
-8.302993892956803124e-02,-1.460020293856114336e-02,5.399518577607735903e-01,2.205540755990026067e-02,1.431001182247982825e-02,-2.503057695991860454e-01,9.678097975658067620e-01,-8.704029310978529388e-01,4.821892015457156511e-01,1.988477002347282807e-01,1.805136798715651691e+00,-8.922420951623428742e-01,-1.183090367415264299e-01,-1.143601581028358183e+00,5.088522180104233517e-01,1.667910401253715202e-01,1.749811193470147019e+00,-6.448515465471775787e-01,3.502382995250232639e-02,-3.639261583609175732e-01,-6.404444339636826411e-02,9.411542516037522954e-02,-1.710421295317519075e-01,3.030189567079812907e-01,6.601425261337156083e-03,6.170032903321256423e-01,4.078525842341333349e-03,9.880707009686245587e-03,1.364533983274384896e-02,9.282805684281801584e-02,-4.430135124304200311e-01,-5.929131542824590123e-02,6.487335912219579503e-01,1.230226414887999886e-03,1.361063343075242550e-02,5.260869253063629562e-03
-8.228017450550913214e-02,-1.461513512391687981e-02,5.378452090796799201e-01,2.223072320883764247e-02,1.345395129769986348e-02,-2.426668501924767740e-01,9.697616129532836693e-01,-8.807712455094628412e-01,4.720001773629605157e-01,1.867906043538793415e-01,1.826320167548948215e+00,-8.969910204059839964e-01,-1.176836879501091115e-01,-1.143166125820467949e+00,5.002757017054625388e-01,1.651734488364420828e-01,1.760590061191604105e+00,-6.486961487185600728e-01,3.504945904094700776e-02,-3.727507684564446699e-01,-6.549910248544228708e-02,9.741648341401805411e-02,-1.884225159099147118e-01,3.053840427120106393e-01,7.988684758880202838e-03,6.179369013524774745e-01,4.424223023099004178e-03,9.827363881539628171e-03,1.449312534658530639e-02,8.198121256716858762e-02,-4.489532800699035930e-01,-6.153825923309586693e-02,6.509441579155390567e-01,2.084281721032552135e-03,1.335918520388490287e-02,6.157014146109179159e-03
-8.128475102956086995e-02,-1.450833861247514088e-02,5.354096136686347096e-01,2.245081162919723705e-02,1.231944429772682814e-02,-2.348694459239286381e-01,9.716895264027359813e-01,-8.897956315783621672e-01,4.614377365743886905e-01,1.733455307579583882e-01,1.852889542116381127e+00,-9.004330534982867285e-01,-1.170918447841721721e-01,-1.142992433048892531e+00,4.890930555617531983e-01,1.625318208710312962e-01,1.773045910784542434e+00,-6.534466581875620905e-01,3.457412845342727054e-02,-3.823967269735129015e-01,-6.667641291611034471e-02,9.983645740423070791e-02,-2.053558725539136876e-01,3.077996564804104662e-01,9.417254497009338102e-03,6.161282513005743589e-01,4.792377124618447080e-03,9.856095194906957374e-03,1.539841560307293918e-02,7.184016797396466925e-02,-4.552502540698570299e-01,-6.390547102094981669e-02,6.513441326753043326e-01,2.958733416912739857e-03,1.303404140892879502e-02,7.132826087044170579e-03
-8.008860066069337091e-02,-1.429552023336919282e-02,5.326708261426980062e-01,2.238008536092132850e-02,1.128797118433854177e-02,-2.267735139403226907e-01,9.736249210352714289e-01,-8.960439748122331904e-01,4.504061945035061632e-01,1.595656604510229115e-01,1.875154893029240988e+00,-9.018573645184693177e-01,-1.162147654723702517e-01,-1.144066410516995536e+00,4.752523669322827327e-01,1.576780401218519367e-01,1.786922242006704353e+00,-6.599540786011082183e-01,3.298550042625530976e-02,-3.930867066102031182e-01,-6.644447076454411405e-02,1.016096257590984042e-01,-2.221286183780205592e-01,3.101342445595229869e-01,1.078415651827040710e-02,6.116733638715440291e-01,5.140878551534819318e-03,9.823149678369766380e-03,1.630769057385573345e-02,6.240699281661131470e-02,-4.622398403286927526e-01,-6.651786211799347315e-02,6.500347833074724413e-01,3.716659427350899221e-03,1.251918517327946581e-02,8.076908847216537207e-03
-7.871816831229468125e-02,-1.401738133881126440e-02,5.296242872638998733e-01,2.203825416088639119e-02,1.022430627227526381e-02,-2.182596434235023475e-01,9.755882876333834552e-01,-9.003180827838315192e-01,4.384925256520530445e-01,1.448478879825893795e-01,1.895357506289426341e+00,-9.027925242756564828e-01,-1.151622269737552495e-01,-1.145566854411675939e+00,4.590752475660653809e-01,1.512264060866623794e-01,1.801851719182697265e+00,-6.675285788526134079e-01,3.133079763866483680e-02,-4.047591584118014896e-01,-6.538197816401832008e-02,1.027375752357169714e-01,-2.384642657345670269e-01,3.125159284014503713e-01,1.212992229957578216e-02,6.043304477386601814e-01,5.497947045385314854e-03,9.810803557767892522e-03,1.722697443212710400e-02,5.379168962943118443e-02,-4.697097192116858611e-01,-6.930675115351260518e-02,6.466581349586871807e-01,4.433340984879255431e-03,1.187861724343623922e-02,9.055847304241250798e-03
-7.719621055680644939e-02,-1.367614685362141848e-02,5.263151687036493609e-01,2.145099523215344972e-02,8.983754624991464877e-03,-2.092059735095700979e-01,9.775950120598517756e-01,-9.030748259284080426e-01,4.248941368954234910e-01,1.286930923296381590e-01,1.915981602707663933e+00,-9.034903131291190936e-01,-1.138691519422942028e-01,-1.146681390940984313e+00,4.408410061153706372e-01,1.438292677459289959e-01,1.817416613225742550e+00,-6.753767404453487888e-01,3.060213747743415619e-02,-4.175204744546046065e-01,-6.393606003250160152e-02,1.033533640697570782e-01,-2.542030084945323676e-01,3.150160638410351432e-01,1.350167773864425873e-02,5.939779664767471656e-01,5.910087526433479774e-03,9.926238157767790574e-03,1.826867853725531662e-02,4.610452683753927389e-02,-4.774970764191581174e-01,-7.217210903681288425e-02,6.408693951667365774e-01,5.269066540350110343e-03,1.112417530452521758e-02,1.026513004254862513e-02
-7.564033518270479872e-02,-1.323994578689208397e-02,5.228525760281360624e-01,2.063459128084075070e-02,7.761716947098478737e-03,-1.996550419646239971e-01,9.796182080845632356e-01,-9.044853307020018773e-01,4.095380865139360838e-01,1.117966065226997235e-01,1.935271161469337864e+00,-9.039421478116674846e-01,-1.119893478060208364e-01,-1.148090603692202949e+00,4.195965999768637156e-01,1.348742722605330291e-01,1.832878881754611111e+00,-6.819194641220155395e-01,2.913803872143554477e-02,-4.303668387630077419e-01,-6.218906453386861127e-02,1.035764715644798828e-01,-2.695609145114256644e-01,3.176397501241214338e-01,1.493415869869514460e-02,5.803788095438683348e-01,6.417176944754189941e-03,1.011809751175951795e-02,1.935028165087462546e-02,3.902296207232074793e-02,-4.852743133128076813e-01,-7.496028638128121591e-02,6.327648841853452666e-01,6.202743622607396340e-03,1.044004811880858141e-02,1.156227264765577294e-02
-7.419429358387431839e-02,-1.267338116357747888e-02,5.194188808738604557e-01,1.944000283666310475e-02,6.740022589268295644e-03,-1.894275374865934947e-01,9.816791056281949368e-01,-9.047182900460278843e-01,3.919376710828981758e-01,9.460296094318808302e-02,1.951592192189031350e+00,-9.050605721107204404e-01,-1.094290195482152672e-01,-1.150107692488952393e+00,3.953138404007811579e-01,1.239752269883911268e-01,1.847794898560391585e+00,-6.885133610766013268e-01,2.685225180364185504e-02,-4.427452737175419650e-01,-5.986181376483670769e-02,1.038796546688220829e-01,-2.847496725252236516e-01,3.203965234034192866e-01,1.632185003605582732e-02,5.634053379774321968e-01,7.034319364199350180e-03,1.033549334004610007e-02,2.047517770492466097e-02,3.229061637153240322e-02,-4.926272023648814447e-01,-7.756145968474308094e-02,6.225066014133695536e-01,7.197944187076454545e-03,9.940874215620785700e-03,1.290710901355532868e-02
-7.287831579118073111e-02,-1.199198774772467467e-02,5.159986212981355624e-01,1.775554838292901436e-02,5.634772152829542989e-03,-1.783452381155153366e-01,9.837916272696816122e-01,-9.047231707850882376e-01,3.720317762417637564e-01,7.815830207217414061e-02,1.967332846205177121e+00,-9.053470042052180755e-01,-1.071519010643434272e-01,-1.151640029926528586e+00,3.690704119059300958e-01,1.117469857571705416e-01,1.863071452743755074e+00,-6.997767933312927235e-01,2.581107016139615878e-02,-4.543828253029891240e-01,-5.708557484449854752e-02,1.046989092142594918e-01,-2.998956804545418464e-01,3.233115587893327647e-01,1.770139780814794159e-02,5.435996711719629504e-01,7.772369075294887839e-03,1.052121194107809299e-02,2.151165837464381544e-02,2.555355979793007618e-02,-4.995157297099752092e-01,-8.003847090975890755e-02,6.101256413681670487e-01,8.281299208901853059e-03,9.443053502399951366e-03,1.423949668873814543e-02
-7.172272783767903725e-02,-1.116372961776063155e-02,5.126173162346508994e-01,1.565728714162959237e-02,4.196322900226235296e-03,-1.664483128384480481e-01,9.859169333096559074e-01,-9.060743577799087456e-01,3.496368694933860710e-01,6.251799943414940164e-02,1.985482529592536238e+00,-9.050993107875083821e-01,-1.051582132333202385e-01,-1.151994657613361062e+00,3.407491596180700077e-01,9.850078344903304139e-02,1.878520176385184204e+00,-7.145268631997417907e-01,2.594303282941828187e-02,-4.648213983474095423e-01,-5.413645859856354436e-02,1.063210543770503197e-01,-3.151771941105639963e-01,3.264837872889574943e-01,1.900276856423831554e-02,5.215953768145507041e-01,8.636654742572089441e-03,1.064124286819526782e-02,2.241486278911437174e-02,1.826645904649107366e-02,-5.059610917017602905e-01,-8.248020129010451285e-02,5.957187932768448491e-01,9.507492616375085720e-03,8.774500699057215941e-03,1.557964092536951416e-02
-7.066374562879217114e-02,-1.035701768279995161e-02,5.092005644652336516e-01,1.311659423192249735e-02,2.503392611691451948e-03,-1.534923873559017882e-01,9.880596009376019229e-01,-9.108704194402168497e-01,3.254575434322239946e-01,4.656705517596600175e-02,1.997809117375545895e+00,-9.079836407132876319e-01,-1.033701031075569682e-01,-1.150053902060684585e+00,3.121234282679679062e-01,8.508376959991467703e-02,1.893929105592434103e+00,-7.346462212033750827e-01,2.323002552393419254e-02,-4.743244598095952003e-01,-5.094510236514689788e-02,1.082956495071041858e-01,-3.305841980905900868e-01,3.300697398700905838e-01,2.039559695024176569e-02,4.973239489118002066e-01,9.625827107605658753e-03,1.079703924917715073e-02,2.319707915505350021e-02,1.033584707815240512e-02,-5.120745918171817346e-01,-8.474340083535386592e-02,5.789559262704367937e-01,1.088100614092710541e-02,8.191807697477904160e-03,1.691636443060701503e-02
-6.963604354571813204e-02,-9.811863237899905166e-03,5.057992365532574253e-01,1.025174845879213252e-02,6.299444279893463405e-04,-1.392037725230540479e-01,9.902104900165951129e-01,-9.193512779378686384e-01,2.999636444363757981e-01,2.887355269076377282e-02,2.008105735188804530e+00,-9.135281935755166227e-01,-1.016940474987655246e-01,-1.144585983411393837e+00,2.865617747478283461e-01,7.298647793823206942e-02,1.911559614991475975e+00,-7.736542237475915185e-01,2.155677595233369132e-02,-4.830608266536022821e-01,-4.802531198275474672e-02,1.099204185400909917e-01,-3.457582361036013463e-01,3.344895824640696791e-01,2.186601616043599636e-02,4.708558720926386831e-01,1.073424695019831870e-02,1.101696137931303283e-02,2.388558802023300898e-02,1.836237910906830112e-03,-5.171119701095614474e-01,-8.668661705292401987e-02,5.600014470732321836e-01,1.241592016981039361e-02,7.844776825775823942e-03,1.827013459675963861e-02
-6.869085308282590896e-02,-9.358165119926634481e-03,5.026966767206432207e-01,7.304576479697108549e-03,-1.451119467242949039e-03,-1.234295753520396333e-01,9.923253888433771763e-01,-9.296871932125282401e-01,2.726044321584090713e-01,1.056227749591480414e-02,2.017234223631349188e+00,-9.215980697376220387e-01,-1.005038851883228584e-01,-1.136489287599638631e+00,2.592066338991539931e-01,6.109459833010239677e-02,1.927063175702214970e+00,-8.078623181232613693e-01,2.053032253099621243e-02,-4.907812252966678446e-01,-4.546789932416616525e-02,1.117465733969001257e-01,-3.615542929877064160e-01,3.391505291001839506e-01,2.331713348209473249e-02,4.426205371457551108e-01,1.191028455285977547e-02,1.113774087604663295e-02,2.436791713558375191e-02,-7.749647559214676434e-03,-5.214610774553838368e-01,-8.845223471386533254e-02,5.391960789110857855e-01,1.408927376533566055e-02,7.621819914818177971e-03,1.951430834686749757e-02
-6.790787727011038388e-02,-8.808823756600241139e-03,5.002269303847423076e-01,4.318048760316793577e-03,-3.709138759743629832e-03,-1.059693726188857960e-01,9.943531006696386676e-01,-9.396818422451719277e-01,2.429351539905367230e-01,-7.605012953057727759e-03,2.023237267393688921e+00,-9.295568022933152763e-01,-9.921934967048486043e-02,-1.126329183826448199e+00,2.254469785359082268e-01,4.819633690730783931e-02,1.937346706769291105e+00,-8.232757690900049941e-01,2.036974852851240747e-02,-4.978168786786387745e-01,-4.275391976068708411e-02,1.146922253299228062e-01,-3.787561879972091150e-01,3.435018997920906703e-01,2.460949858688093669e-02,4.132270191497416922e-01,1.315846137021366852e-02,1.102101800061507965e-02,2.458520241278792234e-02,-1.887377982012140853e-02,-5.259950400689685779e-01,-9.039452934790501160e-02,5.169611759733045986e-01,1.592476630768015558e-02,7.431444191946055128e-03,2.057882083469467563e-02
-6.732010355027440163e-02,-8.248565066555791497e-03,4.986337806950866813e-01,1.224515256050558165e-03,-5.626912975054168889e-03,-8.756898964074114056e-02,9.961418124273567765e-01,-9.490630631945567997e-01,2.118870258145533758e-01,-2.557704802505978217e-02,2.024647019236705425e+00,-9.372639721274987901e-01,-9.816836711276867578e-02,-1.115021504317148304e+00,1.889465836484156003e-01,3.454078029358575996e-02,1.942426195773516051e+00,-8.258841427168216454e-01,1.876930185109191088e-02,-5.037395966043958229e-01,-3.936103659678595601e-02,1.177532065665787275e-01,-3.969916696917413779e-01,3.480799743316378425e-01,2.575071824533170517e-02,3.828650072503630986e-01,1.443660511964704393e-02,1.074241796354768845e-02,2.462129836455450790e-02,-3.217265333000940419e-02,-5.297909941063670969e-01,-9.212291405231799735e-02,4.930411445905886758e-01,1.784631693461161128e-02,7.362654927703060799e-03,2.152663246801048147e-02
-6.696543265575748138e-02,-7.712853436147882984e-03,4.981795951082088059e-01,-2.118781757423663856e-03,-6.640251998800578495e-03,-6.906010339370231843e-02,9.975881514615680956e-01,-9.578466021658946783e-01,1.804327659949037654e-01,-4.371156569411373261e-02,2.020086559523876613e+00,-9.445962109083294589e-01,-9.756231870164294717e-02,-1.103517652556887274e+00,1.529865698600214041e-01,2.035661040972399499e-02,1.943386095511769884e+00,-8.291334558135893262e-01,1.559434689715724978e-02,-5.080192633283807657e-01,-3.443906543692727001e-02,1.200650842796669865e-01,-4.159053366087372972e-01,3.532520050536392398e-01,2.690953376771548083e-02,3.516506634631753614e-01,1.572935670073073028e-02,1.035706684761896965e-02,2.457522853622837872e-02,-4.836879994511836950e-02,-5.320626975502540379e-01,-9.327703097375894536e-02,4.672500944102455644e-01,1.984468545239681525e-02,7.501625365144706618e-03,2.246458887231631354e-02
-6.674236560609582425e-02,-7.171104933295805416e-03,4.987665635068416203e-01,-5.656855708471466085e-03,-7.457513119733892755e-03,-4.907857291300970343e-02,9.987510596552002795e-01,-9.655101696535725031e-01,1.456863224611291141e-01,-6.287929328067377865e-02,2.010663058182296847e+00,-9.508270542329010366e-01,-9.757804348477448764e-02,-1.088717717898510795e+00,1.149016954967098242e-01,5.547681550871057590e-03,1.941420347630990806e+00,-8.404369868037727676e-01,1.313484886089768058e-02,-5.116905845050905288e-01,-2.862535484381627943e-02,1.227104265201954536e-01,-4.368989000626815056e-01,3.582148182262955838e-01,2.770875121012808528e-02,3.196059252382629223e-01,1.695833311761088188e-02,1.013586014656970083e-02,2.409241017411314564e-02,-6.666944758488463352e-02,-5.334870179031986348e-01,-9.419114621180217639e-02,4.397888404560433284e-01,2.192404944645932885e-02,7.627802013256167364e-03,2.300399768290790903e-02
-6.654580503163742833e-02,-6.547599735736112959e-03,5.003691205852046631e-01,-9.290150726141104334e-03,-8.725013867310574267e-03,-2.652284209741253423e-02,9.995669592776549317e-01,-9.705512549698842584e-01,1.048274810006497582e-01,-8.393521731717516754e-02,1.996246282845358655e+00,-9.558314679285421223e-01,-9.787440443045006266e-02,-1.067921327212466798e+00,6.998925712998030346e-02,-1.027187199345933576e-02,1.939248077318495689e+00,-8.740808993724225040e-01,1.867845358801967573e-02,-5.157443860607364705e-01,-2.230733312912364097e-02,1.268199213342588727e-01,-4.612677667233078260e-01,3.620913378046823894e-01,2.774995177452656628e-02,2.869349184881744286e-01,1.805219503573301729e-02,1.036139111950669552e-02,2.287078402308132322e-02,-8.636509769578398776e-02,-5.352537004483838290e-01,-9.537618830263923375e-02,4.108142469309096212e-01,2.410727899443049563e-02,7.626451142056131852e-03,2.281967444379913446e-02
-6.652503004686091681e-02,-5.820612239271244492e-03,5.032368170033206800e-01,-1.304790562704941960e-02,-9.246541004785455500e-03,-4.180165904631171631e-03,9.998633805931712581e-01,-9.768751801361083009e-01,6.254455163027708431e-02,-1.059758330574126495e-01,1.979561683293620700e+00,-9.513993668917481994e-01,-9.934197113527822032e-02,-1.046545210427866079e+00,2.885739897110737445e-02,-2.613789052365777382e-02,1.928992251089622467e+00,-8.872308050606158014e-01,1.786677437041531841e-02,-5.169443702136501395e-01,-1.424280409634543984e-02,1.305817501152776727e-01,-4.871204142697182493e-01,3.659925968958021025e-01,2.777078829729757309e-02,2.539874582015516635e-01,1.892073501054274479e-02,1.016919309554144973e-02,2.152240879041174282e-02,-1.100056421046086419e-01,-5.359459960469457052e-01,-9.633007730213299924e-02,3.804583821320413062e-01,2.606519950640235478e-02,7.884352901970117372e-03,2.240200445916714148e-02
-6.647874618447351114e-02,-5.098476407144945585e-03,5.075651038755546463e-01,-1.696729548978099383e-02,-8.869676745528427136e-03,1.724317072635504072e-02,9.996680012791721026e-01,-9.838361464238929432e-01,2.040829689824946724e-02,-1.287470657701936527e-01,1.960576313675063576e+00,-9.366897791800903317e-01,-1.008079425709996479e-01,-1.023990462201443963e+00,-2.722999159374170364e-03,-4.084803438047771018e-02,1.911746948107740485e+00,-8.935541333062313463e-01,1.184751765992138675e-02,-5.157272808271042841e-01,-4.132444218457057006e-03,1.329149757446523583e-01,-5.119911961308681869e-01,3.705411178606995981e-01,2.809026381527204158e-02,2.212177573958264976e-01,1.953523876228251827e-02,8.878258383097891934e-03,2.058889933871890093e-02,-1.384941515965032177e-01,-5.346648592415711443e-01,-9.641505317476101178e-02,3.482413488133206392e-01,2.756712693123106184e-02,8.913043658430087196e-03,2.233123748054675548e-02
-6.647133901026104630e-02,-4.766084713302985547e-03,5.134196125953458534e-01,-2.115038911226061608e-02,-8.438094459583728862e-03,4.000657143761245094e-02,9.989399050213675357e-01,-9.873454079441525977e-01,-2.377051442608207193e-02,-1.538426663548297935e-01,1.934459736093778082e+00,-9.187047589119636815e-01,-1.038785844983514534e-01,-9.974352533147528010e-01,-3.002940630097876776e-02,-5.702384747887168787e-02,1.889405082880185160e+00,-9.012601180143445800e-01,9.870129558780693646e-03,-5.124528592372077362e-01,6.788974696695581137e-03,1.352498889481417166e-01,-5.376998996031426836e-01,3.742905483458967564e-01,2.793215969390357503e-02,1.879578042813082051e-01,1.996494755852160768e-02,7.407923063077977155e-03,1.937609444973502695e-02,-1.692004848957568419e-01,-5.312838443866794158e-01,-9.555804646356748366e-02,3.146774646012112653e-01,2.883120168037925021e-02,9.897663311835235705e-03,2.181296467437544850e-02
-6.666611072701567053e-02,-5.156270974337608115e-03,5.209909383881067280e-01,-2.571196239478515042e-02,-8.422954905743787121e-03,6.679596044367089314e-02,9.973997435777055554e-01,-9.887123818840485301e-01,-7.379791009880110053e-02,-1.835542347467719049e-01,1.901688235951355610e+00,-8.907316484779661536e-01,-1.088632951202179316e-01,-9.642192465614519703e-01,-6.014316760140698409e-02,-7.815269864769952557e-02,1.861168829422971793e+00,-9.094656444643552939e-01,1.694100036435065154e-02,-5.083093827637218398e-01,1.785009201640035126e-02,1.392367713210793390e-01,-5.667943303659470633e-01,3.757848774297009031e-01,2.628296810756610216e-02,1.540886253672979211e-01,2.024654355027072014e-02,6.464342109475320827e-03,1.723521280837640376e-02,-1.999820919035681099e-01,-5.262118278162283280e-01,-9.431996819795934739e-02,2.798871700277025809e-01,3.006976718323572592e-02,1.001449460255672205e-02,2.008383522969623206e-02
-6.694989839352927241e-02,-6.373440184131869655e-03,5.296558055436234591e-01,-2.950336436542019825e-02,-8.334353444627559671e-03,9.593978356579191402e-02,9.949148948393177205e-01,-9.879979288895851530e-01,-1.277606454792066248e-01,-2.150308249134149918e-01,1.864796980261769432e+00,-8.570304294604055295e-01,-1.135979661865177542e-01,-9.269633242755568325e-01,-8.738202809942821614e-02,-1.053771374553222062e-01,1.835984168983451292e+00,-9.140747896041420129e-01,1.770604252897432784e-02,-5.019430795966368652e-01,2.832124157849666077e-02,1.425971282818864760e-01,-5.997703881556049055e-01,3.773988110238726823e-01,2.472185486741226845e-02,1.187586313698870549e-01,2.019171840737249771e-02,5.475140445737326257e-03,1.468253978565918147e-02,-2.344159638216691544e-01,-5.204570164116214537e-01,-9.313578320636703434e-02,2.422102298778882890e-01,3.095003357328909160e-02,9.933642458773442319e-03,1.782219840663755439e-02
-6.705084808535688445e-02,-8.673175340436626787e-03,5.388279433031357701e-01,-3.124775389625562838e-02,-8.210697704512163325e-03,1.266124044759196210e-01,9.914259737128490180e-01,-9.837175801849505907e-01,-1.860889213851389667e-01,-2.468768906279587283e-01,1.824632272656316889e+00,-8.200282682560344760e-01,-1.188009127181781921e-01,-8.845883895070070224e-01,-1.121843359647557020e-01,-1.537305889038003137e-01,1.835523493730795153e+00,-9.091020860486804800e-01,-5.746061218553807221e-03,-4.925941537284733718e-01,3.646969068045154139e-02,1.431573704429398297e-01,-6.373428416266143648e-01,3.816747286834608066e-01,2.550174371708472526e-02,8.117910795665247981e-02,1.971036716481920983e-02,4.007488109722410867e-03,1.216875604654755333e-02,-2.752806367673895638e-01,-5.146585326351185152e-01,-9.148941543512872920e-02,2.004602372067849636e-01,3.107709167835245520e-02,1.042846060212867382e-02,1.566793217905079055e-02
-6.689688389992702600e-02,-1.225346417380560396e-02,5.495677218569969824e-01,-3.015218167395298382e-02,-6.068478264995283075e-03,1.563658382292022475e-01,9.872202105643541614e-01,-9.766390522564082355e-01,-2.446778965958304186e-01,-2.765766629833651957e-01,1.775263875939138813e+00,-7.765700611215451410e-01,-1.241617042967337325e-01,-8.321083336768374528e-01,-1.262354049890593854e-01,-2.199198177532412091e-01,1.791545541345684001e+00,-9.041103689618620320e-01,-3.659898986461739088e-03,-4.756060417507128046e-01,4.067347831639740730e-02,1.366725947859415702e-01,-6.771275501615181547e-01,3.894118637902764801e-01,2.688674996995083985e-02,4.149393849885715108e-02,1.855634519303830596e-02,2.236632859107047771e-03,9.622549646615770683e-03,-3.211116595187256673e-01,-5.046026684113251726e-01,-8.831800157977991172e-02,1.564871727015803848e-01,3.041014289337781382e-02,1.199575625287232702e-02,1.335651750520670117e-02
-6.633545724546778544e-02,-1.658584484435834255e-02,5.637066863627436808e-01,-2.891375143432192360e-02,2.437077046764341373e-04,1.836169043010727475e-01,9.825725255875212838e-01,-9.673767516896876195e-01,-2.962067796457336089e-01,-3.082384619964486094e-01,1.709596923724779005e+00,-7.239511145739567777e-01,-1.291849670560757113e-01,-7.704532273951116839e-01,-1.194035190222005743e-01,-2.689961392084340153e-01,1.645146875428374456e+00,-9.122687745086665023e-01,1.559575155664094572e-03,-4.493484452809193286e-01,4.894892318866345127e-02,1.228378465257668611e-01,-7.105257099509875163e-01,3.973231081666867004e-01,2.573603291004228008e-02,-1.189977552056943610e-03,1.685219904029552213e-02,5.913486052887982538e-04,7.016611557141618286e-03,-3.657671922615672866e-01,-4.872608696392128347e-01,-8.389796473986421699e-02,1.091790702239224808e-01,2.927600782630021894e-02,1.591733549423748895e-02,1.007032652385915841e-02
-6.486903364432017316e-02,-2.113365753659448426e-02,5.812851282534541308e-01,-2.815729684446375072e-02,2.882284093288418371e-03,2.179314699443319903e-01,9.755535523387333097e-01,-9.387296845280316271e-01,-3.496996274777203761e-01,-3.494359011331241160e-01,1.628406238336151057e+00,-6.712941526799620640e-01,-1.380102413289204799e-01,-7.054739193283975363e-01,-1.426334705581897289e-01,-3.197318303499443459e-01,1.534170170827105606e+00,-9.066626460830645717e-01,3.084490900586754972e-04,-4.283029381500598198e-01,5.833124947958868989e-02,1.178832213161021131e-01,-7.419339106428242125e-01,3.973951684489711589e-01,2.216121063113586295e-02,-4.452250913788921571e-02,1.449782694113626452e-02,-5.738432568825160059e-04,3.894217649215176574e-03,-4.058334567072676702e-01,-4.697520546593247359e-01,-8.005606211519937510e-02,5.892539185626502474e-02,2.675007106846808910e-02,1.862874510553070434e-02,4.840617286315263348e-03
-6.250816584200979964e-02,-2.629207417969051108e-02,6.027032582232231261e-01,-2.914774207788106697e-02,4.727252951827292911e-04,2.633705152791154247e-01,9.642541974729332832e-01,-8.947751113260338229e-01,-3.829186318012573476e-01,-3.942401087965455297e-01,1.532883430080386633e+00,-6.450879031677621001e-01,-1.465393883226633331e-01,-6.139031338977574137e-01,-2.110203343403608822e-01,-4.111889429766770188e-01,1.435864582859988081e+00,-9.001555780401547802e-01,-1.756236037159382120e-04,-4.182188599465013756e-01,7.072821745708204877e-02,1.255655701188124196e-01,-7.735332295222793197e-01,3.827854415546857458e-01,1.465046841149601764e-02,-8.766312977273681140e-02,9.607169336475764390e-03,-1.628023227616346488e-03,-6.360624977936888205e-04,-4.379829806779482748e-01,-4.559293758501214988e-01,-7.924809329408276370e-02,7.544611286613364665e-03,2.223390907588950263e-02,1.626928896310033193e-02,-2.650369756668249401e-03
-5.874815585298341636e-02,-3.199062552699472733e-02,6.261772545160346759e-01,-2.814566106760081621e-02,-2.120096265297588285e-03,3.117137671447339220e-01,9.497567342890140818e-01,-8.452078380643962552e-01,-4.075792080111588778e-01,-4.369675191314623119e-01,1.428229187121191179e+00,-6.260111997125491490e-01,-1.552326590192730227e-01,-5.169265864710295144e-01,-2.757076446736217989e-01,-5.028022494728916492e-01,1.335738240534125376e+00,-8.812979890200837163e-01,3.651242081847620551e-03,-4.085636083436450239e-01,7.938140513723074276e-02,1.297290087597576802e-01,-8.024101620251691269e-01,3.640833877693817056e-01,4.396391566753476976e-03,-1.304347632883511299e-01,3.713409188959081002e-03,-2.258905271258682471e-03,-5.570675313170202203e-03,-4.671538751100249298e-01,-4.416083933571063325e-01,-7.984122390849525408e-02,-4.248729601570468140e-02,1.709559997151702954e-02,1.333138567581296230e-02,-1.002715243930953591e-02
-5.364328247524124960e-02,-3.739415891131098874e-02,6.501019465940176545e-01,-2.655800155427788523e-02,-2.402283374076498793e-03,3.538575074269026399e-01,9.349191227189942444e-01,-8.099641558229213611e-01,-4.317904560987371188e-01,-4.687886927692246353e-01,1.345956071798058318e+00,-5.817162093537601164e-01,-1.595046981833287691e-01,-4.365080132741948615e-01,-3.012254240027036345e-01,-5.681333234919552222e-01,1.233443038261608615e+00,-8.607176760597599063e-01,1.303255587900216395e-02,-3.877662768052083098e-01,8.717738261097528196e-02,1.241094557285248728e-01,-8.263248407009307073e-01,3.480407756940904762e-01,-4.842161082548113518e-03,-1.722879335878099716e-01,-4.676467103952751045e-04,-1.946124852035471722e-03,-9.378134860449086757e-03,-5.003198127445172005e-01,-4.247076682243806633e-01,-7.882179072847943224e-02,-8.700288328808736260e-02,1.237613030281793994e-02,1.452589365945963773e-02,-1.554213097350809134e-02
-4.761259313180082192e-02,-4.232448655865908571e-02,6.739759660210083991e-01,-2.399437307758734220e-02,-1.417229340350074397e-03,3.929865654652135443e-01,9.192300152222329102e-01,-7.896038540640166747e-01,-4.562568624784028026e-01,-4.836632031503225182e-01,1.293957450001166798e+00,-5.215106047045714455e-01,-1.614743275032109182e-01,-3.667377889288793158e-01,-3.073285284738868639e-01,-6.128921981705248712e-01,1.131570456031993466e+00,-8.053777778917549091e-01,3.270604255362469931e-02,-3.631451038862372194e-01,9.217059276615642560e-02,1.128282461980946449e-01,-8.470028865242760219e-01,3.345828336526449620e-01,-1.097721177281983131e-02,-2.120896166883042555e-01,-3.898601995203535269e-03,-1.242082289673600033e-03,-1.174972467232989447e-02,-5.379706560197768939e-01,-4.075415216540954622e-01,-7.528560113837105827e-02,-1.278742694234516752e-01,7.876513261468900268e-03,1.906890109566402106e-02,-1.894670633819719313e-02
-4.111339253447836295e-02,-4.727270980623603930e-02,6.973312424890915073e-01,-1.841087096916580249e-02,2.138090516962489786e-04,4.306778801465730444e-01,9.023178806098772764e-01,-7.852322038665575654e-01,-4.814759028696922183e-01,-4.734412514863228227e-01,1.277994498888375796e+00,-4.558213665417353844e-01,-1.635710726241914048e-01,-3.171074824848875706e-01,-3.038474733136012906e-01,-6.257975172948438969e-01,1.044678778086014947e+00,-6.729509814129147616e-01,5.664131011069882538e-02,-3.386494521886831421e-01,8.740967250684270051e-02,1.008704093062839230e-01,-8.674528211909753317e-01,3.249607587031419498e-01,-1.274554875299757639e-02,-2.486688782054067570e-01,-7.393774320887011933e-03,-1.624368464862896606e-04,-1.243812758873208760e-02,-5.800620725414985523e-01,-3.893645846728787663e-01,-6.866949763134952422e-02,-1.663975245793022084e-01,2.959256967398939987e-03,2.593740746656359591e-02,-2.036461116882335581e-02
-3.406486272875956789e-02,-5.202672450068783483e-02,7.199202565006601606e-01,-1.225589733866121710e-02,2.043945190981232701e-03,4.688470252069588673e-01,8.831919849178129223e-01,-7.938984166513768370e-01,-5.031443851405336121e-01,-4.425997299667502327e-01,1.287670553225807257e+00,-3.836190174956417565e-01,-1.625744324926407247e-01,-2.815591474737616506e-01,-2.938437242406493621e-01,-6.116351426901514010e-01,9.740381507773931968e-01,-5.057939137094196180e-01,5.673870118291225034e-02,-3.176193239762404308e-01,7.889533191136244294e-02,8.952480553047269252e-02,-8.859869025046669400e-01,3.149810317480523647e-01,-1.256743041211263491e-02,-2.810981013895595404e-01,-1.020058749737945587e-02,1.518372640769543582e-03,-1.169250856219725306e-02,-6.218750158869834621e-01,-3.727590879425549675e-01,-6.110943322372357905e-02,-2.033966233453653460e-01,-1.584853881676262163e-03,3.250403589228713364e-02,-2.046918462432927369e-02
-2.672117583836416954e-02,-5.639311379219048848e-02,7.416852314860556961e-01,-8.288947777651878290e-03,2.778127534914401862e-03,5.083810798614207815e-01,8.610878311711734900e-01,-8.108909045802284998e-01,-5.146748547583308575e-01,-3.976755956049696228e-01,1.312058331764740071e+00,-3.024640619727386737e-01,-1.555382568438460900e-01,-2.603632484802007596e-01,-2.854130853767419262e-01,-5.868328369615805062e-01,9.348308448437541163e-01,-3.508660522440186780e-01,4.970826769500757275e-02,-3.016407903128507373e-01,7.433656538112005940e-02,8.101048311292334547e-02,-8.996392118295896134e-01,3.000639575023998362e-01,-1.255976037749295844e-02,-3.098075838135824767e-01,-1.153863090264876934e-02,3.789656436799834771e-03,-9.709395770809627069e-03,-6.595213741343616265e-01,-3.599148396462140131e-01,-5.397037419500146788e-02,-2.396607773830422561e-01,-4.887742700493493547e-03,3.626472059288372157e-02,-1.959648034271700354e-02
-1.887435995718013404e-02,-6.048866222692392269e-02,7.621229359602387232e-01,-6.880448875079232980e-03,2.977871492724342220e-03,5.487039309123579178e-01,8.359831265677417633e-01,-8.384739079774008452e-01,-5.164906578510820578e-01,-3.379560446064958645e-01,1.356015461844998438e+00,-2.143795087312466152e-01,-1.439009841865870054e-01,-2.572717945495444636e-01,-2.710683508876477465e-01,-5.426488539842868608e-01,9.361956367974729742e-01,-2.100510898793005732e-01,4.447942750205234608e-02,-2.918395352489421279e-01,7.328422772001849661e-02,7.253266867817018126e-02,-9.087693860784425981e-01,2.838635626117117505e-01,-1.298782771716090398e-02,-3.338192598323318494e-01,-1.203951443286540961e-02,5.658548918483870781e-03,-7.426859922383050212e-03,-6.944409604544777848e-01,-3.490911294386531138e-01,-4.643378058819810916e-02,-2.723811908881532684e-01,-7.220698506998742688e-03,3.785199261075122834e-02,-1.789542878650327018e-02
-1.015098761580076822e-02,-6.446916836976107623e-02,7.806460730659414704e-01,-8.090019400750469644e-03,3.210181656572048351e-03,5.890980628664747032e-01,8.080146772471368255e-01,-8.779882276387949158e-01,-5.095594115408320635e-01,-2.643559757838619961e-01,1.424132868316355660e+00,-1.212290749465900486e-01,-1.290163376810827545e-01,-2.760184658606637531e-01,-2.428022254492842313e-01,-4.735390237121033241e-01,9.949131650232900803e-01,-9.306861126586421507e-02,4.168136703995743014e-02,-2.888770500815363018e-01,7.345810885005518709e-02,6.159108703180999483e-02,-9.149061039205275137e-01,2.702835890101000227e-01,-1.428674254215275830e-02,-3.516460208429477152e-01,-1.232756760409222524e-02,6.483898456822619755e-03,-5.779772558626626588e-03,-7.278390819799617217e-01,-3.375744635258360327e-01,-3.859464654954492674e-02,-2.986619584255195692e-01,-8.869272470080085194e-03,3.797458544840635886e-02,-1.568162578359659845e-02
-4.586073633248977099e-04,-6.806833817481677817e-02,7.976763780940642201e-01,-1.054658640551015165e-02,3.575859282368097462e-03,6.283712239922167875e-01,7.778339074661808628e-01,-9.202218441562296514e-01,-4.957380348044502227e-01,-1.873466697712224960e-01,1.504191705071403318e+00,-2.975906859699969931e-02,-1.114977771830338443e-01,-3.066603174360265638e-01,-2.021386951487370298e-01,-3.926355748000411872e-01,1.086202474336269708e+00,2.347402192638689544e-02,3.999654084134147969e-02,-2.900502806228794639e-01,7.216723718705941870e-02,4.863908159810800130e-02,-9.175025707872078717e-01,2.589669341309946415e-01,-1.640217572498966353e-02,-3.643777758803993794e-01,-1.223191878922264691e-02,6.336878826715057304e-03,-4.549490257413392469e-03,-7.576374066094692106e-01,-3.249539245464764803e-01,-3.061419752804296623e-02,-3.198676349077739234e-01,-9.908272315252179482e-03,3.693874875482133779e-02,-1.334651970500248808e-02
1.002178620481193952e-02,-7.098337582320164707e-02,8.137675050604876725e-01,-1.338222099755332836e-02,3.754476414004274086e-03,6.661805613485725086e-01,7.456609683692247970e-01,-9.570856410963206606e-01,-4.767470746208530841e-01,-1.150256615398446702e-01,1.584581366776187217e+00,5.352096983173322553e-02,-9.248450373742371500e-02,-3.376879699220720066e-01,-1.528268752006751996e-01,-3.137026430126456100e-01,1.185229583904978679e+00,1.083151388080814959e-01,3.920631516558904101e-02,-2.948308304427949555e-01,6.897604059880746430e-02,3.556778815485189815e-02,-9.153287600546099467e-01,2.488481312113693666e-01,-1.854924711707264806e-02,-3.731654373394882596e-01,-1.149984799748265431e-02,5.187474589652918584e-03,-3.423282863026582204e-03,-7.823524654180853410e-01,-3.117553948219886628e-01,-2.205343698267982211e-02,-3.372710990349832572e-01,-1.039505887381518383e-02,3.549422177779325283e-02,-1.122041898983223811e-02
2.102564210268403899e-02,-7.306579825471945511e-02,8.290145245856387346e-01,-1.614799024476842870e-02,3.876884320146804612e-03,7.020786458728336399e-01,7.119057431910430500e-01,-9.871193285778790960e-01,-4.549397675229628346e-01,-5.047550674181774943e-02,1.663024881117494802e+00,1.270582353153502653e-01,-7.374673304524084760e-02,-3.663392889545590836e-01,-1.015689515143908400e-01,-2.449009662012550381e-01,1.288558423550115073e+00,1.752731961599130472e-01,3.958734222112994527e-02,-3.008279410192941650e-01,6.386609153292477359e-02,2.275771505729212718e-02,-9.097986805904026975e-01,2.396078969907692313e-01,-2.110480604774265384e-02,-3.784478007625073914e-01,-1.050135512057834633e-02,3.533921460668063789e-03,-2.422563918343780334e-03,-8.026778520593288446e-01,-2.982870076895986489e-01,-1.353151343194518123e-02,-3.510606582913485818e-01,-1.039028565696400314e-02,3.357280526778990554e-02,-9.285157473983229881e-03
3.223751004925277247e-02,-7.430713738262612056e-02,8.435185009811990708e-01,-1.875536870690229160e-02,3.962800684863255346e-03,7.357769204879947011e-01,6.769526243634804707e-01,-1.010246571389227244e+00,-4.317383987958937630e-01,3.893184645474674632e-03,1.737131307309808914e+00,1.892300770929981613e-01,-5.717139362392878454e-02,-3.911231994994647243e-01,-5.412372301643689904e-02,-1.909528986641458592e-01,1.390646291130089640e+00,2.384172214810733603e-01,4.124472583456089553e-02,-3.058045695843421563e-01,5.765002249088198999e-02,1.090123622122657690e-02,-9.023299984704691301e-01,2.309328301466896660e-01,-2.401580645467330660e-02,-3.804269725261050783e-01,-9.621459948876136259e-03,1.882656478544115922e-03,-1.583425121472449137e-03,-8.198921708141855280e-01,-2.856269003582667110e-01,-5.327808318637699408e-03,-3.609095174617689694e-01,-9.959771368475277276e-03,3.137104991737213466e-02,-7.495774031399848186e-03
4.340424185052950412e-02,-7.475490191255808325e-02,8.573379952116912950e-01,-2.137966318496001966e-02,3.964320492725483154e-03,7.667996714469070829e-01,6.415180886257566550e-01,-1.027287339823100165e+00,-4.067728838681772263e-01,4.795542294394929128e-02,1.806021600315250497e+00,2.409992238198422343e-01,-4.277578827211862139e-02,-4.127064357027978025e-01,-1.272112960997987680e-02,-1.515088420582268447e-01,1.488472416815472377e+00,2.918950939002531442e-01,4.337395936034833810e-02,-3.068587523263566208e-01,5.161879396105762546e-02,3.822083125679543586e-04,-8.937035716094875459e-01,2.225225046765076931e-01,-2.736637834148068771e-02,-3.803611026587576105e-01,-8.761761321992203588e-03,4.374843431609145347e-04,-9.585196508368808242e-04,-8.349524204819300799e-01,-2.739314037884399422e-01,2.065194440053388925e-03,-3.675491640839541052e-01,-9.098797438779407387e-03,2.899223827825270910e-02,-5.926896920037776073e-03
5.434412187247832093e-02,-7.455924030464504415e-02,8.705185505590190553e-01,-2.431409046588524359e-02,3.752716367969959749e-03,7.947398515310141187e-01,6.064514082044334398e-01,-1.039603464815151312e+00,-3.789240761621952003e-01,8.125936859864293926e-02,1.868839238470551001e+00,2.833101191761097093e-01,-3.051318105576100725e-02,-4.322575643825825598e-01,2.159563781696641205e-02,-1.252626253425932479e-01,1.579239569778694952e+00,3.296709220569706833e-01,4.525871066719719393e-02,-3.008951118125144375e-01,4.708852672978938725e-02,-8.332039824559796595e-03,-8.849310494287029316e-01,2.144004214404577613e-01,-3.110532802645157857e-02,-3.789753202163507750e-01,-7.773550245081646548e-03,-5.316988226969207240e-04,-6.622683072678466195e-04,-8.490396110530324947e-01,-2.637433717742470041e-01,8.302930654966612228e-03,-3.710494905334408289e-01,-7.787204709015961221e-03,2.668133718871773530e-02,-4.682700230322717205e-03
6.498604664141689746e-02,-7.374841077391150468e-02,8.831096842580157258e-01,-2.753981685279848629e-02,3.362451741851853627e-03,8.198628878126006381e-01,5.718873119711447295e-01,-1.048247114728747986e+00,-3.491298483777407480e-01,1.051790189115816704e-01,1.925593156162987984e+00,3.165015496433369324e-01,-2.071840070737585721e-02,-4.500236985066577433e-01,4.911702837472806810e-02,-1.089707986708692011e-01,1.658751803775525335e+00,3.564779973816920022e-01,4.605386301210076527e-02,-2.879032554174559833e-01,4.415863215311409407e-02,-1.544966474565662509e-02,-8.761229071624591080e-01,2.065586243267519551e-01,-3.513558107687637239e-02,-3.772477128911947419e-01,-6.818864932605779063e-03,-1.189800960381581525e-03,-6.411720715213830744e-04,-8.621494368328711522e-01,-2.548866850554157293e-01,1.349679242695848991e-02,-3.722791772690672851e-01,-6.504592411876580597e-03,2.444316139235865395e-02,-3.789759172136950710e-03
7.534624816637126854e-02,-7.235687550430065784e-02,8.951629694165247342e-01,-3.100097586138589670e-02,2.894679521341590386e-03,8.423674137160779285e-01,5.380034392412346156e-01,-1.054201671848572053e+00,-3.176107184812478335e-01,1.206703999952425249e-01,1.976395263604012520e+00,3.407392806773795746e-01,-1.384803126023630496e-02,-4.663403591220749989e-01,7.024628792703585534e-02,-9.995428517075877206e-02,1.723262275501074692e+00,3.776844466601604888e-01,4.521490103734244342e-02,-2.678605235447181765e-01,4.230896083663759216e-02,-2.125365433109332319e-02,-8.671237619764067261e-01,1.994697657723650264e-01,-3.926169924133619121e-02,-3.758492247586733281e-01,-5.916512774506346717e-03,-1.402876888260100839e-03,-8.947145075866800570e-04,-8.739354631859537204e-01,-2.473974073211288038e-01,1.762851023050872323e-02,-3.716711389047360203e-01,-5.837379142471069843e-03,2.270712339859108295e-02,-3.394196495783530047e-03
8.540228751956067954e-02,-7.037680999580134267e-02,9.066247736455893547e-01,-3.455285405899570506e-02,2.303482474213470067e-03,8.629108498755567735e-01,5.041682848136259665e-01,-1.058054024123715520e+00,-2.867322471093274872e-01,1.290787885462171269e-01,2.021543474170838017e+00,3.575814206549595697e-01,-9.232118087290306155e-03,-4.811872544860392731e-01,8.583459439360117960e-02,-9.666100070955258028e-02,1.773826939682481729e+00,3.931123578707566013e-01,4.331189875802648331e-02,-2.432294845508749526e-01,4.126038980212028140e-02,-2.574186907147945139e-02,-8.584652558354842755e-01,1.932285302734814969e-01,-4.338135050060780429e-02,-3.750005581149662426e-01,-5.133429196027839911e-03,-1.453441131611457387e-03,-1.399912474675012522e-03,-8.845477381383987092e-01,-2.409983914308900799e-01,2.079456015227029025e-02,-3.699907289813108568e-01,-5.499506293075652648e-03,2.119308266136679317e-02,-3.391938217234221654e-03
9.516077756534971344e-02,-6.779746194375647905e-02,9.174419460805798288e-01,-3.802197156179649290e-02,1.665966040590939092e-03,8.820019088549040376e-01,4.697064902809109377e-01,-1.060261157567674362e+00,-2.585191660369244859e-01,1.316979601199470551e-01,2.061512823217759305e+00,3.685064355903984734e-01,-6.209758785836037853e-03,-4.945957548339933174e-01,9.628166582327306322e-02,-9.824420967874104849e-02,1.811535795916838332e+00,4.030403317785999362e-01,4.102731006911092965e-02,-2.165031176581782291e-01,4.033109149819716355e-02,-2.900631032729076783e-02,-8.508308118002940734e-01,1.880096538775388459e-01,-4.729687723658457243e-02,-3.744430936362668216e-01,-4.450076306571528438e-03,-1.516890640401200290e-03,-2.194858641736095739e-03,-8.939132492798419483e-01,-2.355358417924008352e-01,2.304105060754593065e-02,-3.674121132833814696e-01,-5.322988515514934411e-03,1.975087880550679270e-02,-3.725482469509353717e-03
1.045710732326384507e-01,-6.460035724855715811e-02,9.275743954676097802e-01,-4.140858870822847204e-02,1.104938977790886640e-03,8.996190679561822945e-01,4.347063841959285524e-01,-1.061088821985918917e+00,-2.332458605208074243e-01,1.299485030523516715e-01,2.096003324251235700e+00,3.746466414666723144e-01,-4.633818779876976851e-03,-5.072476533123844167e-01,1.045685705755658584e-01,-1.009737619091083949e-01,1.838194656975207453e+00,4.081380150449096522e-01,3.844838074296550584e-02,-1.882979640562786883e-01,3.940258452864280059e-02,-3.143715058457351857e-02,-8.439061341956657358e-01,1.838466422584036641e-01,-5.090365774019479234e-02,-3.748924023023722518e-01,-3.794653042644400859e-03,-1.765594877032614606e-03,-3.158024587244808931e-03,-9.021840199925489356e-01,-2.306753598770251434e-01,2.468903427079102708e-02,-3.647920864375740480e-01,-5.252455092702933495e-03,1.835418438924979467e-02,-4.301525586704319296e-03
1.135860938116945718e-01,-6.076944359816992269e-02,9.369859749166362661e-01,-4.470284782458623651e-02,7.915377353170682286e-04,9.157476902821090059e-01,3.992583081256647626e-01,-1.060694641061256993e+00,-2.111129702340608372e-01,1.252068512081484231e-01,2.124851433263185374e+00,3.770775932659310437e-01,-4.427031078256121743e-03,-5.197132269286856010e-01,1.134655557003701187e-01,-1.013135913749463879e-01,1.855561127987717995e+00,4.094656928433057508e-01,3.569103088889517827e-02,-1.593669868116365240e-01,3.808991408618636609e-02,-3.337718722929063075e-02,-8.371749463298790994e-01,1.808683460517149233e-01,-5.398294354533569872e-02,-3.774249658168731814e-01,-3.037794388027991160e-03,-2.247569547292966631e-03,-4.152042088808820426e-03,-9.092874591764427139e-01,-2.260899094111588903e-01,2.609950228258807459e-02,-3.631312496559006564e-01,-5.299931029733782190e-03,1.721518601610831298e-02,-5.045647781316786769e-03
1.221426830394760771e-01,-5.635152751204522414e-02,9.456410851187680988e-01,-4.795709541588680236e-02,6.415492074010134028e-04,9.305232610568241469e-01,3.630787325719584402e-01,-1.059180463694369356e+00,-1.912358999176763941e-01,1.193960761775371970e-01,2.148753043813057761e+00,3.766944393774210864e-01,-5.181094148521702553e-03,-5.317717380219044720e-01,1.209353092374079314e-01,-1.025341751548033420e-01,1.864345476019558134e+00,4.081474451793981606e-01,3.268118726064090512e-02,-1.300165357410662803e-01,3.674093227952800883e-02,-3.478385366084438962e-02,-8.309444449353671214e-01,1.785304251167376954e-01,-5.675835164811712796e-02,-3.819278525840659189e-01,-2.309012999029294664e-03,-2.804460921336629758e-03,-5.142154732529996206e-03,-9.154502923250831259e-01,-2.220030921109894806e-01,2.710404290225791255e-02,-3.630247579435873506e-01,-5.477388023994716505e-03,1.613171245944449578e-02,-5.882499824821975712e-03
1.302029442670808446e-01,-5.140710360616895097e-02,9.535002097162955659e-01,-5.119871947807646401e-02,5.323266924974574474e-04,9.439963272945054440e-01,3.259591106359549517e-01,-1.056659378917722991e+00,-1.723937392143560232e-01,1.141955622699688810e-01,2.168669744439217784e+00,3.744805009205174895e-01,-6.534289858903332554e-03,-5.432465427672281688e-01,1.250377067288815924e-01,-1.077817660646852305e-01,1.865204899459983245e+00,4.052813402499200190e-01,2.931461214553676697e-02,-1.004256804377260948e-01,3.566506635997464952e-02,-3.554440417898414167e-02,-8.256787808901312475e-01,1.764330752941264679e-01,-5.938428695473182278e-02,-3.880239236158968819e-01,-1.712633504739633633e-03,-3.296878246336747489e-03,-6.116119890216467105e-03,-9.209426127724894551e-01,-2.189244024708708325e-01,2.763863077786175501e-02,-3.646234588608195937e-01,-5.865938909917774169e-03,1.489150421623972737e-02,-6.718125429739801174e-03
1.376771323250001733e-01,-4.596798216574968232e-02,9.605439738762994173e-01,-5.438857312629596236e-02,5.450794702149259867e-04,9.560589895585956954e-01,2.880847001939773055e-01,-1.053142657151473260e+00,-1.549967697328774041e-01,1.101365908876618116e-01,2.184543827084347800e+00,3.709522720402165796e-01,-8.223781466013733998e-03,-5.540131021104619524e-01,1.283770809079329001e-01,-1.131704852716775567e-01,1.858758590593754034e+00,4.013894114261261636e-01,2.594713915181578665e-02,-7.072678447000137203e-02,3.479351620314868887e-02,-3.593390899426158330e-02,-8.210029312413971159e-01,1.746189416888466739e-01,-6.178987185002285387e-02,-3.959563493677587531e-01,-1.157467348000504413e-03,-3.730370263320060414e-03,-7.033922024716895809e-03,-9.257627863935482537e-01,-2.166485262809877133e-01,2.785655373461937839e-02,-3.681835861336017479e-01,-6.319274009879275941e-03,1.363703675138729435e-02,-7.474522994871861045e-03
1.444986326030862078e-01,-4.008247332884479208e-02,9.667576682852174752e-01,-5.746157627452513211e-02,7.275790524132173288e-04,9.666444088801208201e-01,2.495921165853826618e-01,-1.048559317100917987e+00,-1.392292492240774782e-01,1.076198269957719111e-01,2.196287012052195120e+00,3.666582501343685352e-01,-9.976228670156702880e-03,-5.638709669166941385e-01,1.335574229672049362e-01,-1.149041863376688982e-01,1.845692303859681305e+00,3.971243483189692558e-01,2.288937489463776717e-02,-4.133710188719724732e-02,3.396806570925273161e-02,-3.600355007652621120e-02,-8.164429342480178375e-01,1.732783803068896900e-01,-6.386577548831762208e-02,-4.061592049603339194e-01,-4.806915035228097061e-04,-4.062755170753641620e-03,-7.877739882091890772e-03,-9.297283956452708775e-01,-2.151111883227247723e-01,2.781838145811289451e-02,-3.740403958322868760e-01,-6.766781329139747933e-03,1.263719546229766927e-02,-8.089932934801117789e-03
1.506217342806399628e-01,-3.379757950937508498e-02,9.720656480091098839e-01,-6.036012705236398768e-02,1.155109748078658998e-03,9.756017235367174800e-01,2.110843381586580692e-01,-1.042586966794649905e+00,-1.249387541783571615e-01,1.064355357109509209e-01,2.204257829770548849e+00,3.619581416108020311e-01,-1.188115167160011011e-02,-5.734882788406149290e-01,1.449472380166225982e-01,-1.076380466511363404e-01,1.829687587902255608e+00,3.927404252585400268e-01,2.003091211589284534e-02,-1.178285374453112017e-02,3.293186277072936152e-02,-3.602616675302547367e-02,-8.118630174168405267e-01,1.726401150294862297e-01,-6.539111971786983057e-02,-4.181028018513451849e-01,6.906587554284719741e-05,-4.429546300073106471e-03,-8.598561915045984522e-03,-9.331795999487305648e-01,-2.138580535898298995e-01,2.795907082319273179e-02,-3.813115845892459665e-01,-7.344604698120601495e-03,1.181556748019954584e-02,-8.539748264925301965e-03
1.560231061971878441e-01,-2.716503968049795506e-02,9.763879947700866424e-01,-6.295613234994061613e-02,1.898483854546266936e-03,9.828871107007590702e-01,1.731064665947073533e-01,-1.034801317793680786e+00,-1.120429188571367141e-01,1.061600233708957092e-01,2.208823845601342484e+00,3.571264746299409598e-01,-1.406596402586266469e-02,-5.832980718527969177e-01,1.670550323418585892e-01,-8.570717138129758939e-02,1.814580783210443915e+00,3.887627518880280020e-01,1.724994903751279895e-02,1.813444273943267890e-02,3.127285575000341572e-02,-3.597693965751137118e-02,-8.074106042617741341e-01,1.729432483233462881e-01,-6.621948801297652953e-02,-4.310754812137850833e-01,2.570568721408756589e-04,-4.979335347608590014e-03,-9.181910594605623144e-03,-9.364401058567020097e-01,-2.124880374711019260e-01,2.856342294403448057e-02,-3.888635052171888207e-01,-8.275622328415291329e-03,1.107097250589140179e-02,-8.798116430992583559e-03
1.606747263517833424e-01,-2.026026512522168324e-02,9.796332346621248188e-01,-6.517240661125391077e-02,2.789862765396116003e-03,9.888022783250354220e-01,1.342193296864004903e-01,-1.025179508545954077e+00,-1.013421699133479625e-01,1.072427703934379917e-01,2.211070112736369442e+00,3.526700675647374550e-01,-1.599127240949319365e-02,-5.923292030669057295e-01,1.911601789181225641e-01,-6.165713856976481888e-02,1.804871971703895017e+00,3.854201174615946024e-01,1.468897404637042534e-02,4.659747136403230572e-02,2.955052453926006878e-02,-3.582547408757898871e-02,-8.035427753073045576e-01,1.733095996151907958e-01,-6.661945297290117196e-02,-4.437596602575681892e-01,2.686847284158795797e-04,-5.435837828739274909e-03,-9.560471284082541418e-03,-9.393831408309554210e-01,-2.113656669340340799e-01,2.926863294450714539e-02,-3.967084877111097252e-01,-9.346878576563218480e-03,1.040472241891912675e-02,-8.854762623948745498e-03
1.645909968290568959e-01,-1.318501108850780174e-02,9.817088980112163021e-01,-6.690452844561732559e-02,3.617317396813053438e-03,9.933918254681683990e-01,9.318465636219311343e-02,-1.013872272308107503e+00,-9.280081894946266841e-02,1.098661232078545213e-01,2.212254071735032301e+00,3.493873024321833554e-01,-1.707107512828073131e-02,-6.005998608700412467e-01,2.084341666247510882e-01,-4.824703119200481061e-02,1.804875850690757400e+00,3.824457565652789048e-01,1.248916628731872730e-02,7.214544204232516134e-02,2.847013936500127421e-02,-3.542082121181634041e-02,-8.007417626669607325e-01,1.731935277602428269e-01,-6.689035980106551593e-02,-4.549448138777292816e-01,3.199941710703183787e-04,-5.495299863955080584e-03,-9.688903096868305490e-03,-9.419512331763290058e-01,-2.113500535286584603e-01,2.965365605915288444e-02,-4.046708745156059606e-01,-1.039607857329596409e-02,9.898490425941807239e-03,-8.691546071390979580e-03
1.676943078362717610e-01,-5.994679016885932910e-03,9.826334374649172698e-01,-6.810771986893116026e-02,4.566511124544137684e-03,9.964498271624391279e-01,4.927704758150044245e-02,-1.001276217680705072e+00,-8.927405299837372354e-02,1.124612520767195589e-01,2.211630739657757250e+00,3.471384314057862075e-01,-1.754293280409757738e-02,-6.077054223893373353e-01,2.190529590731634391e-01,-4.432735535962724349e-02,1.813284041087522169e+00,3.802095636274857582e-01,1.087091262528279076e-02,9.246493492468030317e-02,2.763313645716306693e-02,-3.519666109603293569e-02,-7.985814421646116879e-01,1.728460978362753309e-01,-6.696627562828935676e-02,-4.638507690764821501e-01,2.245003222996380231e-04,-5.362869382002008294e-03,-9.641483725187405956e-03,-9.436298566607757010e-01,-2.119803019085119145e-01,2.996781795341403945e-02,-4.121781765454524682e-01,-1.144357316718303159e-02,9.673623817626873442e-03,-8.377783146620000621e-03
1.699125779831146266e-01,1.246605612975532767e-03,9.824249472488049140e-01,-6.875871153725389429e-02,5.829771444003010658e-03,9.976148030400545652e-01,1.719915114200443185e-03,-9.878284397821397445e-01,-9.352478753198829875e-02,1.132893694328378775e-01,2.208524841666440253e+00,3.457288957602011048e-01,-1.766813353364787495e-02,-6.130057141531720655e-01,2.231375396504921838e-01,-4.866798539541775104e-02,1.828836585606985476e+00,3.792486491411609650e-01,1.005998379397118371e-02,1.050629277157717201e-01,2.650378096538609854e-02,-3.556309194421921477e-02,-7.968361172115095981e-01,1.724887189214729666e-01,-6.694824389823413047e-02,-4.695940221511359369e-01,-2.160633112649156516e-04,-5.252341698650165279e-03,-9.526342446681136666e-03,-9.438426349116459946e-01,-2.126598454456422871e-01,3.029499375480094667e-02,-4.185856664763794588e-01,-1.258591190025127975e-02,9.840436596801626495e-03,-8.002144365836559928e-03
1.712631649090887720e-01,8.424738447110748790e-03,9.811409662800946174e-01,-6.900833756795125840e-02,7.327892344554075288e-03,9.964030632995560799e-01,-4.863215795288722276e-02,-9.738473133226465128e-01,-1.036318091983020329e-01,1.119457318450905320e-01,2.203323181869465408e+00,3.452063811081937938e-01,-1.747135257180352716e-02,-6.166482123340375487e-01,2.239865019611855801e-01,-5.665003174511529238e-02,1.847276886937739171e+00,3.792484982121152592e-01,9.491101706947946415e-03,1.111228016491406650e-01,2.514632739995631416e-02,-3.663216837584596514e-02,-7.952947929204632338e-01,1.722344623788856499e-01,-6.681897704892117429e-02,-4.722352247241650702e-01,-9.046514133286584318e-04,-5.202796647005403230e-03,-9.381380715678681176e-03,-9.428574034979121388e-01,-2.132050902790574021e-01,3.069455083064793338e-02,-4.236386810912321499e-01,-1.384203367533731049e-02,1.031193348117263008e-02,-7.638724020801033153e-03
1.717900734726173217e-01,1.543568361615976769e-02,9.788390620349493032e-01,-6.896960517225260434e-02,8.962661044231115537e-03,9.924628213165808122e-01,-1.008980305740494188e-01,-9.597155172957706482e-01,-1.175730246789510047e-01,1.081364155762451623e-01,2.196367066622273878e+00,3.459321027567016649e-01,-1.696403145736034498e-02,-6.187429048076189542e-01,2.251666567216309700e-01,-6.318430245721050331e-02,1.864603098617445109e+00,3.800094427701463662e-01,8.528461551539903360e-03,1.116356288352789022e-01,2.359098563867059045e-02,-3.837027019972938380e-02,-7.936730168341967762e-01,1.722858928213066854e-01,-6.655098696015146476e-02,-4.718789173856281494e-01,-1.755845430474042932e-03,-5.214190132614811984e-03,-9.238796191794256332e-03,-9.408948490888758842e-01,-2.135763630227617837e-01,3.116046096437708954e-02,-4.269894492806435293e-01,-1.529698451937565144e-02,1.114899782056320669e-02,-7.359250688069060402e-03
1.715730066134116272e-01,2.220820606503463510e-02,9.755342556311602520e-01,-6.872645526333429067e-02,1.068182394222728405e-02,9.856031033178573875e-01,-1.541074161564346401e-01,-9.452049929316642674e-01,-1.323559436223324670e-01,1.030373988225487814e-01,2.188725588757443496e+00,3.474744722562926325e-01,-1.619132282969817233e-02,-6.201569005509928179e-01,2.256437640761015384e-01,-7.022666595168629289e-02,1.879092053545149188e+00,3.815421837288516249e-01,7.543175547705807844e-03,1.091318431773039832e-01,2.181701909513910492e-02,-4.060061203475190394e-02,-7.922334229001115613e-01,1.723487295445207956e-01,-6.635359203375136572e-02,-4.690880347886437485e-01,-2.625789910331200079e-03,-5.128091420733432021e-03,-9.137717097996191085e-03,-9.385566499725700451e-01,-2.138032370721186237e-01,3.149750249127040991e-02,-4.289274737064562304e-01,-1.672282842497436334e-02,1.210319990062438955e-02,-7.184518880163291189e-03
1.707045509599043609e-01,2.868926981946921806e-02,9.712407072421297416e-01,-6.836040748424566937e-02,1.240359715231295450e-02,9.758246764269983275e-01,-2.072177751603715978e-01,-9.301859348001632055e-01,-1.449204391571490280e-01,9.780084987410661568e-02,2.181585495752940584e+00,3.494612972432678544e-01,-1.527664529338236543e-02,-6.217991260911175377e-01,2.244657504537190540e-01,-7.937796763452351079e-02,1.888950356828424493e+00,3.837253237576913611e-01,6.957762089498052346e-03,1.062874787154222678e-01,1.988031427674191720e-02,-4.308805896749181436e-02,-7.912571211551543415e-01,1.722773840634545250e-01,-6.629154157727915053e-02,-4.642816440241600007e-01,-3.395128875320447930e-03,-4.841051534854126127e-03,-9.116719548260862616e-03,-9.365223225796244222e-01,-2.142514229546501614e-01,3.161766445459901487e-02,-4.294518125047271373e-01,-1.790793556929334493e-02,1.289478404033785053e-02,-7.117057002011606577e-03
1.692099096413582915e-01,3.482937897816473088e-02,9.659552855233343172e-01,-6.785935153892473648e-02,1.402143268812764895e-02,9.631815125029080660e-01,-2.597689007689305551e-01,-9.148609737957180688e-01,-1.550519397943141975e-01,9.194419982770740685e-02,2.174148678000278334e+00,3.518563869817833978e-01,-1.435819204701437903e-02,-6.239289504951529564e-01,2.240691362129001718e-01,-8.863526310785396767e-02,1.894232624368614948e+00,3.865933166195757442e-01,6.562221805588495244e-03,1.034449292651239416e-01,1.787014116381802770e-02,-4.574528351492462841e-02,-7.906364644730540236e-01,1.722936768313033662e-01,-6.634253067675048576e-02,-4.582263925339666866e-01,-4.102670186132415138e-03,-4.422880080907664810e-03,-9.203062668892513995e-03,-9.350207067571544295e-01,-2.148014895333069385e-01,3.152163530536686298e-02,-4.287439737149121854e-01,-1.894877130050724029e-02,1.362250934508683550e-02,-7.181342358426963737e-03
1.671238920783946480e-01,4.058963914058781597e-02,9.596736749182501747e-01,-6.718066877976139328e-02,1.547108640716701039e-02,9.478053578732755780e-01,-3.113075759026707745e-01,-8.994516430562619069e-01,-1.625174034242050369e-01,8.515617339618905546e-02,2.165501805257348256e+00,3.547723868451948537e-01,-1.358630820670932854e-02,-6.268726913517087551e-01,2.269291084015161997e-01,-9.584372268905935743e-02,1.895161642853048001e+00,3.902672989500582945e-01,6.146205806486784544e-03,1.008946722657786121e-01,1.580531806670574385e-02,-4.835092734196815012e-02,-7.902626342142974325e-01,1.726655774567495971e-01,-6.637889043534644928e-02,-4.516855567212869627e-01,-4.793209467982975820e-03,-3.912369384203131725e-03,-9.409405550388811809e-03,-9.342416709840485334e-01,-2.153595295464820203e-01,3.123518001539341005e-02,-4.268950323471758512e-01,-1.997699390517414589e-02,1.446896234114966422e-02,-7.389298929227606193e-03
1.644992309074548298e-01,4.590497601201347366e-02,9.523953138287857278e-01,-6.634424665210428285e-02,1.690401607712329821e-02,9.296791240018652536e-01,-3.619522365889632498e-01,-8.850034279278902183e-01,-1.669979047532802463e-01,7.784387333570999545e-02,2.155863808484070443e+00,3.580298445082026326e-01,-1.277088474129242646e-02,-6.300007887613113811e-01,2.306247092981036362e-01,-1.014811354727558762e-01,1.891639780904630586e+00,3.943668904641414730e-01,5.715724038369941924e-03,9.804333983059476676e-02,1.344096566132099539e-02,-5.075303187131047916e-02,-7.901134608656306124e-01,1.732652550501879718e-01,-6.641875156829048221e-02,-4.449019853534613711e-01,-5.456538576843424082e-03,-3.360024637753259574e-03,-9.721723296383722943e-03,-9.345650341500610914e-01,-2.160173190906282126e-01,3.067002260355464194e-02,-4.241389286968901828e-01,-2.094626250025605554e-02,1.535021730645867027e-02,-7.732768650448767003e-03
1.614172250874095216e-01,5.071492407798497415e-02,9.441262240901783231e-01,-6.533234171284767189e-02,1.841204405863670207e-02,9.087539963727417902e-01,-4.117752491790498404e-01,-8.726408963546445907e-01,-1.679621920500199705e-01,7.055360270344801510e-02,2.145658625920663809e+00,3.617282462219981731e-01,-1.168962049845069864e-02,-6.324328427316767698e-01,2.328637476414300578e-01,-1.058640955494664082e-01,1.883568109026874993e+00,3.983231608098402599e-01,5.254275556127046415e-03,9.430826454965662853e-02,1.078083503639109576e-02,-5.266609325010390003e-02,-7.900821611961692525e-01,1.739561107383345573e-01,-6.642034142004124564e-02,-4.381872006134344133e-01,-6.102397563247661909e-03,-2.822646303608735210e-03,-1.012047184343120923e-02,-9.362417313879968228e-01,-2.169954714032771570e-01,2.984849415501588180e-02,-4.206307721329523575e-01,-2.185546986519771445e-02,1.626741070473007589e-02,-8.191040088840782080e-03
1.579034561985309393e-01,5.497912040640789283e-02,9.348649686784432644e-01,-6.415715593432470831e-02,1.991641839345582171e-02,8.851628689546147122e-01,-4.604062239423249436e-01,-8.621298927563936232e-01,-1.656703022154908667e-01,6.308528579067851361e-02,2.134247678407814153e+00,3.648994276838760098e-01,-1.059262726034232438e-02,-6.346453543949083231e-01,2.347063133347321584e-01,-1.090655098017196539e-01,1.871284917385630520e+00,4.021397444968641821e-01,4.735087771161394093e-03,9.007623317070825864e-02,7.915559607256546226e-03,-5.416386316718149740e-02,-7.898686076396872480e-01,1.747784855489174505e-01,-6.638043408662949729e-02,-4.317661963298253802e-01,-6.754645853361932427e-03,-2.337340105454532944e-03,-1.061482321626547147e-02,-9.396169858592550161e-01,-2.181824027276458300e-01,2.877613084307847902e-02,-4.164685188164490848e-01,-2.269887384682650958e-02,1.714869885497680158e-02,-8.753135195028648174e-03
1.539921473281818942e-01,5.866218750901794343e-02,9.246075632201116168e-01,-6.282944438291129807e-02,2.138349323484536532e-02,8.590210531461861532e-01,-5.076199733927204694e-01,-8.537047981990931733e-01,-1.602184417228822155e-01,5.551357195985723303e-02,2.120995902281135770e+00,3.669061265608748457e-01,-9.650882727937168393e-03,-6.367458137358272818e-01,2.365776881216566929e-01,-1.111660598868550315e-01,1.855189024629323891e+00,4.054891423914405713e-01,4.170544073375931186e-03,8.544505560296158930e-02,4.843540216630542843e-03,-5.525599804763680484e-02,-7.892067231076640432e-01,1.757898668141592013e-01,-6.631746058228354945e-02,-4.258321387615494613e-01,-7.438376669294510454e-03,-1.937169404668561117e-03,-1.122407159721674173e-02,-9.450028166138078056e-01,-2.195254598119539546e-01,2.750212417815299515e-02,-4.116944889430638188e-01,-2.347498281577349924e-02,1.794915905854655921e-02,-9.397315231982672490e-03
1.497311889128644380e-01,6.171750715639025275e-02,9.133568697488813060e-01,-6.139001044204330654e-02,2.286112721084483310e-02,8.303170135117259321e-01,-5.534277663377062950e-01,-8.470737560257286525e-01,-1.524830669007345152e-01,4.855480732917989012e-02,2.105618743222641420e+00,3.669949052037514980e-01,-8.724686823319383749e-03,-6.392288212737646802e-01,2.380345646158543715e-01,-1.129158076181225184e-01,1.835115436528031552e+00,4.074849878707735851e-01,3.699141993801414834e-03,7.969103815438133287e-02,1.397320340577361958e-03,-5.595612705290898409e-02,-7.878152149723184339e-01,1.769853553631165755e-01,-6.618460174885698599e-02,-4.203980617463920488e-01,-8.045584459645241729e-03,-1.634243114974300330e-03,-1.192303236248374275e-02,-9.527617791487468235e-01,-2.210768047201356334e-01,2.600272317479473613e-02,-4.063025525107181735e-01,-2.416038712156864249e-02,1.869378331259901119e-02,-1.011307534135162667e-02
1.451742486370434793e-01,6.411640985429606365e-02,9.011187134784907071e-01,-5.988332079612925657e-02,2.438845302326489092e-02,7.990928439891961110e-01,-5.977205182481337697e-01,-8.414902285380467806e-01,-1.433062862260700010e-01,4.266583175791414245e-02,2.087784621061217205e+00,3.643494604824017991e-01,-7.716206272980529433e-03,-6.430521314580549541e-01,2.390900267325727635e-01,-1.146716749030295690e-01,1.811078675414069084e+00,4.074016242658739517e-01,3.409597658791807887e-03,7.230786129223587544e-02,-2.615768089796736105e-03,-5.617070244142308849e-02,-7.854019657441021485e-01,1.783702503585839483e-01,-6.596736586219242859e-02,-4.156242356721718267e-01,-8.467793641776050206e-03,-1.429369114110854658e-03,-1.270455165127596688e-02,-9.631505512731471930e-01,-2.228289558660024317e-01,2.431587898944037943e-02,-4.003563169212148165e-01,-2.475010045710177020e-02,1.945038438884717086e-02,-1.088592719487351326e-02
1.403573923057161166e-01,6.582258513784995657e-02,8.879097873468124735e-01,-5.813610489699380657e-02,2.576636120001268848e-02,7.656419183659803895e-01,-6.401161931858755372e-01,-8.354786496872302903e-01,-1.331409438743315909e-01,3.686695407201654590e-02,2.066212906503316127e+00,3.571132062142872154e-01,-6.992763312280015145e-03,-6.493070595327353756e-01,2.425257711017788920e-01,-1.157638506395744921e-01,1.782873963900107661e+00,4.052228926486603489e-01,3.774845366698152942e-03,6.371160928179991911e-02,-6.663715925085049105e-03,-5.583040205160736541e-02,-7.815339318835881066e-01,1.799973365427735561e-01,-6.559519998908845684e-02,-4.114770734134441388e-01,-8.780658311420209278e-03,-1.323767296588933533e-03,-1.357462511305088972e-02,-9.765763230367049408e-01,-2.248073182041843698e-01,2.249147730505091786e-02,-3.935454922077439299e-01,-2.519677334785000444e-02,2.012134542546860708e-02,-1.170851361084958991e-02
1.353218136830160179e-01,6.681533579666427969e-02,8.737466401672263627e-01,-5.601536432388166259e-02,2.690457602661744038e-02,7.302087458605754922e-01,-6.803922473229804257e-01,-8.280391313887844884e-01,-1.220614395674154834e-01,3.053188377258638647e-02,2.039514460720377009e+00,3.437037903672013894e-01,-6.859833157389482600e-03,-6.588575095972201145e-01,2.501519835154423776e-01,-1.152372902964838991e-01,1.750518406048948927e+00,4.006388823428603807e-01,5.293230189245172815e-03,5.399175114622779825e-02,-1.044036709521296152e-02,-5.480720621845733970e-02,-7.758972250317263120e-01,1.819470305226826845e-01,-6.510323811894870583e-02,-4.079030872134697949e-01,-9.058805221223173096e-03,-1.331929178743139789e-03,-1.457175465109031981e-02,-9.933863644231697432e-01,-2.269890649688847684e-01,2.055500599404071552e-02,-3.855687060102238051e-01,-2.545260435099118770e-02,2.060006716664799370e-02,-1.257717808251346096e-02
1.301351238682874056e-01,6.710501086014947214e-02,8.586574810891973719e-01,-5.368157959390155304e-02,2.794050871815963524e-02,6.925821740553237404e-01,-7.187959016060643247e-01,-8.205281472536745113e-01,-1.084727273246365170e-01,2.478781164659385472e-02,2.007458908593718228e+00,3.233226888063845950e-01,-6.806984754050469065e-03,-6.708451294047347302e-01,2.576866813684530744e-01,-1.135749261478352923e-01,1.713857039739971944e+00,3.913937335292189124e-01,7.674215796898273788e-03,4.210296121709402456e-02,-1.434188735932954983e-02,-5.305836566975859203e-02,-7.682586947933304211e-01,1.842205367464993249e-01,-6.445708649777921739e-02,-4.046187353283706156e-01,-9.213684210810991690e-03,-1.552111028847330890e-03,-1.566775828318489952e-02,-1.013854066425966760e+00,-2.294541004938271400e-01,1.847620720103605035e-02,-3.763203195568416981e-01,-2.561794986483099945e-02,2.085332707016010478e-02,-1.347326477113054352e-02
1.248720770920276057e-01,6.669848806122877227e-02,8.426703991877240174e-01,-5.116771497187060785e-02,2.886946532379674676e-02,6.528981791884356234e-01,-7.551638143667244174e-01,-8.129626289564113595e-01,-9.097390492162349407e-02,2.019235318959770181e-02,1.969718813737008967e+00,2.945817343013027445e-01,-6.627176267033385235e-03,-6.852251336162885620e-01,2.632709806137630282e-01,-1.105008419935415293e-01,1.672867600929014653e+00,3.760028971580834933e-01,1.048807452329587192e-02,2.795767659769787805e-02,-1.829935399137280760e-02,-5.046617494860436426e-02,-7.582775727261131804e-01,1.868217745166748101e-01,-6.364709113263311568e-02,-4.015747989527023165e-01,-9.133471477559322593e-03,-2.108826523506373944e-03,-1.686584456495208648e-02,-1.038232271081418023e+00,-2.321958174229085126e-01,1.634072771621406309e-02,-3.657019236404466800e-01,-2.578104357360501420e-02,2.086994957501170367e-02,-1.439028863602801953e-02
1.195805700729491300e-01,6.556945172513126141e-02,8.258426491705608274e-01,-4.845761052943388381e-02,2.968203096913940228e-02,6.114555758716133660e-01,-7.892356528660107173e-01,-8.050202371645022170e-01,-6.968197275529734724e-02,1.733940643453106209e-02,1.924785599231108701e+00,2.554434119508746104e-01,-6.315088665393166732e-03,-7.014208221902730189e-01,2.686211530496991351e-01,-1.033167761753596842e-01,1.625437534283619367e+00,3.536450252985017806e-01,1.419364177804598171e-02,1.185010325890226840e-02,-2.228424695334398770e-02,-4.700757323146684957e-02,-7.456361034702628787e-01,1.898563983561543655e-01,-6.261244737808160932e-02,-3.982839986191676340e-01,-8.897245222310716517e-03,-2.998599021098283940e-03,-1.811217419426276731e-02,-1.066217034818626619e+00,-2.351379859552223117e-01,1.433892358706990305e-02,-3.533275933140958003e-01,-2.600412115607559152e-02,2.042356460670054219e-02,-1.526730697679315983e-02
1.143320167916539176e-01,6.370742303361806580e-02,8.082465786111673323e-01,-4.545533442385643608e-02,3.031694637801414516e-02,5.681679053680915858e-01,-8.210967827511947981e-01,-7.978658740477457822e-01,-4.341766019496316742e-02,1.799885040266833991e-02,1.871480406864175716e+00,2.048659403136859347e-01,-5.509552150310553092e-03,-7.171315549161888514e-01,2.734809899011447776e-01,-8.984411749548075476e-02,1.568706590446318661e+00,3.226255874858485195e-01,1.929768913214816028e-02,-6.933635787001755924e-03,-2.597040876179269875e-02,-4.269173924508055940e-02,-7.300617212193786232e-01,1.932729718811684871e-01,-6.138498489856386575e-02,-3.941761150769053645e-01,-8.581348136121784778e-03,-4.296456998153953301e-03,-1.938952299800346391e-02,-1.097486122060479463e+00,-2.381825605216913166e-01,1.262240160211722598e-02,-3.388946921859777306e-01,-2.635406216793135734e-02,1.926708544884293828e-02,-1.605569662233113232e-02
1.092004402242115202e-01,6.121005757528837771e-02,7.898211424771384159e-01,-4.217394339104531958e-02,3.078660551230998424e-02,5.232407711919773163e-01,-8.505837047476881851e-01,-7.917040414122551439e-01,-1.208122236561069013e-02,2.313592349614161311e-02,1.808259292782536276e+00,1.426530210383545050e-01,-4.744633382460981125e-03,-7.329488376405616235e-01,2.772635740550303818e-01,-6.985887237939544803e-02,1.507050602291725161e+00,2.807032819433752380e-01,2.537390472079682074e-02,-2.787481600382262295e-02,-2.917145689397748071e-02,-3.708195393350032648e-02,-7.123989123427930670e-01,1.974206910974279083e-01,-5.969487604676909642e-02,-3.884599070486218775e-01,-8.239589821602569253e-03,-5.960090074535373018e-03,-2.054997619699651043e-02,-1.131889894184926026e+00,-2.415407304384952769e-01,1.124522410801477579e-02,-3.221492828616094317e-01,-2.685919150822225696e-02,1.755545428258483212e-02,-1.667049530495884682e-02
1.042631399512180951e-01,5.817573012569452612e-02,7.704960414892383369e-01,-3.859323994799163798e-02,3.107315765722218001e-02,4.768753457230160420e-01,-8.775733162221145411e-01,-7.864997662404076273e-01,2.436176269564447466e-02,3.421844284662080987e-02,1.733454794109891228e+00,6.870652712276832663e-02,-4.648607293100322571e-03,-7.495329059296228502e-01,2.790771553098915780e-01,-4.365593305727899498e-02,1.445417343802974042e+00,2.254134488491072730e-01,3.187135162719097192e-02,-5.055291893665585234e-02,-3.146774167403112998e-02,-2.983808540748709298e-02,-6.934499978356744032e-01,2.025059087315326523e-01,-5.728183434952334452e-02,-3.803187795535034610e-01,-7.899450633191664600e-03,-7.984569421792458987e-03,-2.146046773225635668e-02,-1.169460976767290106e+00,-2.454624279739335002e-01,1.027595737728469530e-02,-3.028487999926856022e-01,-2.752355255582242255e-02,1.545906907718968583e-02,-1.706744115043265161e-02
9.958038210550626546e-02,5.449273446878954291e-02,7.504839268274782205e-01,-3.476807584746482299e-02,3.123172584125828710e-02,4.293737237301117338e-01,-9.019168285229953730e-01,-7.823740499030634732e-01,6.600344597793678103e-02,5.374471867454806706e-02,1.648511406218331476e+00,-1.651755902969320733e-02,-3.720602134923311176e-03,-7.625964020737260318e-01,2.800907868026284442e-01,-5.706164671681689116e-03,1.375036433726250396e+00,1.598363875380904853e-01,4.063085059933212173e-02,-7.440482060149992971e-02,-3.325304185036984106e-02,-2.174484478679521854e-02,-6.714029976506321606e-01,2.089039215329208943e-01,-5.413163991508297690e-02,-3.691610435339218732e-01,-8.018220886620588961e-03,-1.055650516417551942e-02,-2.223325486965363126e-02,-1.204255965481694002e+00,-2.485335506554126606e-01,1.101568033618287659e-02,-2.814138160603129601e-01,-2.901128428195373643e-02,1.191062369706029356e-02,-1.717694243813910546e-02
9.526795035166510384e-02,5.008504830874937336e-02,7.300020021339013176e-01,-3.057920404067103817e-02,3.126159124665864320e-02,3.808671619474466308e-01,-9.235950574483725584e-01,-7.792962852914139260e-01,1.124901326045968097e-01,8.409608308400839949e-02,1.555429774228149098e+00,-1.121122488618896823e-01,-4.958814935544357018e-04,-7.667469307883464369e-01,2.823150317065297732e-01,5.078024226433493216e-02,1.285692439885836480e+00,8.721327512666743331e-02,5.348739748290644302e-02,-9.964741220008545286e-02,-3.453788924417051237e-02,-1.351941104908626311e-02,-6.445403573144390386e-01,2.171810461666610625e-01,-5.013353924210952467e-02,-3.541913051187133843e-01,-9.083745405710517973e-03,-1.389626321487492933e-02,-2.301276375106182243e-02,-1.230767878225417888e+00,-2.490207041295633139e-01,1.423894646982098652e-02,-2.585123558560821211e-01,-3.199555606719631240e-02,5.925074756532106718e-03,-1.704799140293078441e-02
9.152595400719784613e-02,4.547995005439168376e-02,7.082989749713671790e-01,-2.600940646707108200e-02,3.100150730330978807e-02,3.319537016333939938e-01,-9.424272689667041458e-01,-7.804664646295607078e-01,1.574596306917968314e-01,1.199866025228598920e-01,1.463301396847082714e+00,-2.097746985207432080e-01,3.023403622258516010e-03,-7.735124433914313258e-01,2.790012698310572192e-01,1.119152461026062528e-01,1.215140746869836974e+00,-4.746680487192553310e-03,6.611544250071045570e-02,-1.209385851845184434e-01,-3.349245086233654939e-02,-4.302943802023194431e-03,-6.153511276558200072e-01,2.252172972662213613e-01,-4.580837415281468344e-02,-3.330404288388448264e-01,-9.791737090723911033e-03,-1.747167114405673988e-02,-2.314461338899151052e-02,-1.246699596490060236e+00,-2.487600026883272364e-01,1.903080472251263838e-02,-2.320202917943574028e-01,-3.474229600141619939e-02,-6.163300374045256602e-05,-1.680842502772575409e-02
8.833521967442228839e-02,4.115721124966856270e-02,6.845966573667083832e-01,-2.131202129845733914e-02,3.018516628975696434e-02,2.836751823018158203e-01,-9.582082469016142134e-01,-7.900755870853325424e-01,1.936752662375484657e-01,1.522612381886377375e-01,1.381411212139672884e+00,-3.015885168692260532e-01,5.750129869449919703e-03,-7.991490353569357108e-01,2.614248406281390325e-01,1.540655391540528552e-01,1.204697020503928906e+00,-1.278873086189794006e-01,7.467141632192580980e-02,-1.323771316262922493e-01,-2.900979515510030554e-02,6.264650861051174885e-03,-5.866551285330283694e-01,2.319206193450749354e-01,-4.235169278851879521e-02,-3.034424797730115864e-01,-8.745298304309704479e-03,-2.038799373397176540e-02,-2.203394883326741452e-02,-1.249688392938504089e+00,-2.497968834146594430e-01,2.353487712807974044e-02,-1.997536185041294543e-01,-3.536828528470591093e-02,-3.778171739929150810e-03,-1.686874261763276345e-02
8.609213557726062838e-02,3.703060177408800530e-02,6.587905370727704657e-01,-1.721092599676606050e-02,2.913317412993268740e-02,2.364958939153780637e-01,-9.710431166290272031e-01,-8.132217225543328931e-01,2.102833597709912183e-01,1.751870845897389173e-01,1.338427268006947557e+00,-3.857244752459022541e-01,1.208678048643655085e-02,-8.393736866853155343e-01,2.331238801646000891e-01,1.793256168674701723e-01,1.241604709599358092e+00,-2.475242795256965556e-01,8.093451978202849395e-02,-1.323595732600027775e-01,-2.148558913392728531e-02,1.461496654735986583e-02,-5.591507226507193007e-01,2.370471925899306220e-01,-3.873602949882716528e-02,-2.645440908805581914e-01,-7.801423534437099648e-03,-2.240249061856108490e-02,-2.014340891686371496e-02,-1.237125278380391213e+00,-2.517322587109327436e-01,2.736144540488830504e-02,-1.592285801297543824e-01,-3.435913772792355964e-02,-5.774657869063464302e-03,-1.663509438211450281e-02
8.513775481635005304e-02,3.297071373795060212e-02,6.308344969408548053e-01,-1.467546174217128352e-02,2.810674606071755441e-02,1.905715461001608046e-01,-9.811611118799634657e-01,-8.557687117351246986e-01,1.967542000619492137e-01,1.782481943830298843e-01,1.365429976028556869e+00,-4.589869096995811137e-01,2.705672093095055908e-02,-8.894469485374199014e-01,1.997475727708714621e-01,1.942232264645757378e-01,1.316944751815173120e+00,-3.662410064944124910e-01,8.846010724156058713e-02,-1.191523703796590061e-01,-1.294979437752780994e-02,1.679800438801025766e-02,-5.342426095479313464e-01,2.406017822326152189e-01,-3.504580146398511564e-02,-2.147618281167801846e-01,-8.802398318423353130e-03,-2.295593042471593889e-02,-1.815956826799882892e-02,-1.205290725804178287e+00,-2.546007408271943606e-01,2.836698208584286646e-02,-1.086574301957637101e-01,-3.216547062913352462e-02,-6.718948796335576235e-03,-1.588126359625920136e-02
8.539599720023806351e-02,2.901274367833545087e-02,6.026728651576758189e-01,-1.351938139328508030e-02,2.690445173451738725e-02,1.480068820301848609e-01,-9.885278648957298575e-01,-8.996004250971016969e-01,1.579013287405640620e-01,1.645050013600046213e-01,1.420277134084265480e+00,-5.053394480226199859e-01,2.742612706011142085e-02,-9.444268778733116987e-01,1.623516775198151352e-01,1.877825728123177496e-01,1.409834006594697486e+00,-4.342059362641075282e-01,8.528114005700455913e-02,-9.557209238025579645e-02,-5.588506405090475082e-03,1.205564554415675289e-02,-5.113569393207867408e-01,2.437992306921533403e-01,-3.235866313194976640e-02,-1.573526541683665236e-01,-9.148605603653344950e-03,-2.105957628162296105e-02,-1.564216808698902159e-02,-1.153852978230360149e+00,-2.578787214803478500e-01,2.625712458380444897e-02,-5.219160456556765082e-02,-2.764765379348977162e-02,-6.809845192047032057e-03,-1.453568906280415865e-02
8.619522403675826394e-02,2.559310973942252251e-02,5.762918373545394823e-01,-1.372396032293761621e-02,2.611433948180727146e-02,1.088244479916541385e-01,-9.936231346470323356e-01,-9.650012396400750037e-01,1.058247019230396657e-01,1.354062995970179428e-01,1.502479070992447818e+00,-5.391127118943177532e-01,2.782798684225040037e-02,-1.005351462269592933e+00,1.171065383357230150e-01,1.669075962483902442e-01,1.524843799133872579e+00,-5.023588324309253839e-01,8.243840678740735339e-02,-6.754257395577024925e-02,-1.942291473955216723e-03,4.131865030542577338e-03,-4.921005042090918491e-01,2.460461595298020221e-01,-2.977637472362049467e-02,-9.524896410962038762e-02,-6.260665821945702800e-03,-1.633570726243872492e-02,-1.172587344233907286e-02,-1.086113787439231926e+00,-2.608192840995837147e-01,2.282394673092270551e-02,7.882074879840286763e-03,-1.965161555236406843e-02,-5.949666969366233273e-03,-1.217714384612399517e-02
8.745075381870903719e-02,2.246000334819681435e-02,5.521104938470923207e-01,-1.372032513374687318e-02,2.569325973123133544e-02,7.315293249399362763e-02,-9.968953092226567891e-01,-1.035253053777964727e+00,5.394101251592506308e-02,1.058843054122308724e-01,1.592391459654287411e+00,-5.662879506133020602e-01,2.996087666653163284e-02,-1.062172361237283980e+00,6.872172901837184100e-02,1.422569524103158567e-01,1.639792097230932111e+00,-5.668077140709369965e-01,8.144767372895228563e-02,-4.002827826816431067e-02,-3.025701756993529057e-04,-3.973091775101168788e-03,-4.769540787363958922e-01,2.489780161172328310e-01,-2.758689996647878048e-02,-3.120573150826526365e-02,-2.732341122489546394e-03,-1.056666253994779925e-02,-7.462533222522881558e-03,-1.012136999325050413e+00,-2.646491526938827832e-01,1.745053113202930245e-02,6.764952300543995711e-02,-1.096052641012709716e-02,-4.860426089519341748e-03,-9.371248273550653041e-03
8.877068070363940133e-02,1.956696005032851002e-02,5.306354970437658913e-01,-1.343216763693487470e-02,2.547562078167128416e-02,4.271329937677328936e-02,-9.986721902980533194e-01,-1.101480003186388501e+00,8.833186317862035120e-03,8.239980103355219743e-02,1.677611200379954148e+00,-5.876314661110129123e-01,2.964284091664734846e-02,-1.111443176635942720e+00,2.394013275794704826e-02,1.210450230787118997e-01,1.742927757531677280e+00,-6.222991997386773111e-01,8.260743136379149199e-02,-1.624860363747329325e-02,-5.684567605818888723e-04,-9.238411016473690660e-03,-4.648452254897614266e-01,2.543656776919474005e-01,-2.410963785222295513e-02,3.107035738416999426e-02,-1.219622052777176360e-03,-6.568814180596918573e-03,-3.211632534460118378e-03,-9.435320580148573999e-01,-2.679009706241740618e-01,1.344204471423059849e-02,1.236477891227887177e-01,-4.716454364907894832e-03,-4.492460054693617894e-03,-5.487735951141025845e-03
9.011078997671115309e-02,1.701949497469006783e-02,5.115663070737274110e-01,-1.276686235332530339e-02,2.524157805692505904e-02,1.607102555712050518e-02,-9.994706559476316254e-01,-1.162487727644832436e+00,-3.098323645485750316e-02,6.494340122311408059e-02,1.754450602228775136e+00,-6.033902680362271953e-01,2.723325412165467085e-02,-1.153124934858982265e+00,-1.712297292760441014e-02,1.044768370570902383e-01,1.832673838694657720e+00,-6.693587929694807537e-01,8.390285781217442229e-02,2.724093467274552732e-03,-1.083648534675324838e-03,-1.225609639020417904e-02,-4.563699178877861917e-01,2.599184524874174063e-01,-2.019923507937351759e-02,9.102876179393235012e-02,-1.032649634688266854e-03,-4.098305831417911084e-03,2.654495831461520933e-04,-8.826317811725888918e-01,-2.708415431275417729e-01,1.116724433055791589e-02,1.753447739767167723e-01,-6.195171869412281068e-04,-4.643933328571138441e-03,-1.700668877926239317e-03
9.136148005674224470e-02,1.492614933347859336e-02,4.946343284009818708e-01,-1.190871773987133703e-02,2.513470016339126173e-02,-8.228577306347416992e-03,-9.995792713962216025e-01,-1.217919503093038314e+00,-6.809389050639809426e-02,5.290174265680400861e-02,1.821294259332288057e+00,-6.126769215408227609e-01,2.291261523788507004e-02,-1.187361383755747291e+00,-5.679735938347970498e-02,9.225453339554079424e-02,1.909879096644518492e+00,-7.096694228239321944e-01,8.438041175916816128e-02,1.582295128902214826e-02,-1.074356808169086392e-03,-1.280284079178869126e-02,-4.520046122254955945e-01,2.642463702267144887e-01,-1.729829481854290932e-02,1.481880790733658138e-01,-1.542100522424909130e-03,-2.952400819262521528e-03,2.151130876660815351e-03,-8.308008938720263803e-01,-2.741039769861010611e-01,9.262896702708970503e-03,2.211798531852761096e-01,1.591355229646821984e-03,-5.417138700913047382e-03,8.747552623401791579e-04
9.258071973165310498e-02,1.319596281387626531e-02,4.796470182454389830e-01,-1.096964511209917378e-02,2.494083223680553310e-02,-2.971408217452617406e-02,-9.991870170763702541e-01,-1.267835915651226220e+00,-1.008462007944974648e-01,4.561727125674457095e-02,1.878835827781926371e+00,-6.179814528572293852e-01,1.863110206668197252e-02,-1.215606446022656106e+00,-9.297299289660004851e-02,8.396183822045244494e-02,1.974945143708654705e+00,-7.423760995291864839e-01,8.375065735387857146e-02,2.503555242272653691e-02,-9.280132137145296820e-04,-1.243468522547906165e-02,-4.508812263406703491e-01,2.676576953755467891e-01,-1.506751654032300117e-02,2.025212355404032438e-01,-2.413737369893636121e-03,-2.586410307317243192e-03,3.040020857437980041e-03,-7.869803641558287266e-01,-2.771129277883537245e-01,8.092902633733099760e-03,2.632506545763538264e-01,2.544438382109224031e-03,-6.328589378889054595e-03,2.509198600916892879e-03
9.385953623543379087e-02,1.174008416660272947e-02,4.664141636156217130e-01,-1.007589159861528236e-02,2.445608416884414299e-02,-4.786811378008852536e-02,-9.985033900987791977e-01,-1.312592201679955384e+00,-1.279237694999718622e-01,4.220746974209631242e-02,1.928914419124230228e+00,-6.243274769217985742e-01,1.642704677637986388e-02,-1.239073973784957872e+00,-1.234806580548392652e-01,7.918019331453696186e-02,2.027665823670489420e+00,-7.678363014786403484e-01,8.317244253240786700e-02,3.271713945584368843e-02,-1.416754030943827899e-03,-1.254774927946921553e-02,-4.526456623695118142e-01,2.706657474762541038e-01,-1.344213983577283861e-02,2.544953746213093893e-01,-3.267873288518097566e-03,-2.346944369660631212e-03,3.281572722211523185e-03,-7.499277874860016402e-01,-2.794521561730079484e-01,6.919673534175840163e-03,3.038630737751777389e-01,2.947118890887973075e-03,-7.030045659864828968e-03,3.316058772317550824e-03
9.510073980426696216e-02,1.056225940310016181e-02,4.547829855588437220e-01,-9.154852684629705140e-03,2.374565496850907648e-02,-6.258903016719344348e-02,-9.977148619947326935e-01,-1.352509122029661004e+00,-1.491398875074918529e-01,4.130489094903300185e-02,1.972291215406875686e+00,-6.304679033090421214e-01,1.456581439289483630e-02,-1.259247528663057336e+00,-1.475141275728865387e-01,7.697337894243140577e-02,2.070221479285451860e+00,-7.902984877857819335e-01,8.259671004212915113e-02,3.907110625469159548e-02,-2.217365190939014387e-03,-1.279153568472218318e-02,-4.567411267792825247e-01,2.733406951159305653e-01,-1.215893776753299536e-02,3.043395409996368928e-01,-3.942966511661661830e-03,-2.324571771491038257e-03,3.026077085948185048e-03,-7.192784679418353644e-01,-2.811058903824346644e-01,6.028162632675748700e-03,3.433933446196222317e-01,3.031616650473482368e-03,-7.495421846912033934e-03,3.422660509973835408e-03
9.624058201322453765e-02,9.654957384032257853e-03,4.446035063305244783e-01,-8.193507574711293359e-03,2.296618443945656896e-02,-7.383259599721211930e-02,-9.969725014132674312e-01,-1.387567930465649857e+00,-1.645922553484088779e-01,4.179023272694167013e-02,2.009686097646177227e+00,-6.350382440195725398e-01,1.218596158737424856e-02,-1.277537925032954380e+00,-1.647276717203927376e-01,7.656795578160525972e-02,2.105857614704022662e+00,-8.097809984467028155e-01,8.224847811428909194e-02,4.434694377117055775e-02,-3.135266407592712020e-03,-1.270824449594300590e-02,-4.628499194111030945e-01,2.758915033621625601e-01,-1.131025949900086626e-02,3.527013367668432320e-01,-4.278803560303450632e-03,-2.559573850154905558e-03,2.305319363912562963e-03,-6.944557331193519367e-01,-2.821322960897720833e-01,5.118654162938223937e-03,3.821173617787829713e-01,3.057118924252531442e-03,-7.666197110915183750e-03,2.905678532119255857e-03
9.731769606893679592e-02,9.011907651548828335e-03,4.357406070610185811e-01,-7.219324240238545257e-03,2.214004195248352874e-02,-8.201492890473170705e-02,-9.963589972176732923e-01,-1.417970918020700521e+00,-1.751377733067287501e-01,4.305086558596768476e-02,2.041872292359450558e+00,-6.382217193377562880e-01,1.036604105377174692e-02,-1.294586211394264552e+00,-1.762620689307524968e-01,7.724340411043280341e-02,2.136822846558507738e+00,-8.266344076534049012e-01,8.192909942937849632e-02,4.826530688966670923e-02,-4.053936260540680347e-03,-1.261317010922968600e-02,-4.700442467455724915e-01,2.781271253883252914e-01,-1.068568826483622287e-02,3.987829526641638034e-01,-4.430194326565052923e-03,-2.798320011993700712e-03,1.453304002131586888e-03,-6.739280437793597756e-01,-2.827555206522659459e-01,4.413759371086950836e-03,4.197601194914303835e-01,3.044708289598632971e-03,-7.631732796721512994e-03,2.155099230920015478e-03
9.837119138787407679e-02,8.629590364378846024e-03,4.280514622515751988e-01,-6.206753414251700400e-03,2.122702587489994422e-02,-8.760662048187946305e-02,-9.959096192086429600e-01,-1.443722673309526083e+00,-1.817625123964409506e-01,4.443951061316576273e-02,2.069430982887273007e+00,-6.411831448081485307e-01,9.475036834744288497e-03,-1.310942086336196466e+00,-1.832568718189526713e-01,7.852637892203159775e-02,2.164050092945482007e+00,-8.412589181004167527e-01,8.162577392040969160e-02,5.059055106565648469e-02,-4.797931390386845317e-03,-1.291921377733250102e-02,-4.775962744627417766e-01,2.798827825610788467e-01,-1.014481063018888435e-02,4.419013583552728885e-01,-4.537993140046102901e-03,-2.745519122369897719e-03,7.135444349944540694e-04,-6.560459533335266658e-01,-2.833135894840521085e-01,3.866299961873805990e-03,4.559599444404331958e-01,3.043055171881719166e-03,-7.483478691670173398e-03,1.491272246300387721e-03
9.936165399558267997e-02,8.457301247917631271e-03,4.213935774044288984e-01,-5.311383565343079025e-03,2.018596137171266985e-02,-9.065144070333232273e-02,-9.956639154185166207e-01,-1.464837090584997670e+00,-1.841451980578016900e-01,4.578359669126467330e-02,2.092890315461878981e+00,-6.452323659011925949e-01,9.128985456357964490e-03,-1.327209115369658132e+00,-1.855261109010566956e-01,8.042787480399034294e-02,2.187449261694598412e+00,-8.515085657170611277e-01,8.126811720364862657e-02,5.177614853497863878e-02,-5.581746282354303410e-03,-1.358160603849565239e-02,-4.853371867050448873e-01,2.814503420715142590e-01,-9.710294079269612966e-03,4.824471088399100438e-01,-4.507824324645731857e-03,-2.659325181127092635e-03,2.957717315520418284e-05,-6.407863182027023763e-01,-2.836282785959724495e-01,3.415393056167357298e-03,4.914056433836988536e-01,3.098027697303312906e-03,-7.280462723561192430e-03,8.620009900679242651e-04
1.002632690522910902e-01,8.459693847578851622e-03,4.156196225131869593e-01,-4.617168544371964660e-03,1.906024383324255583e-02,-9.114184801199472219e-02,-9.956447922831755948e-01,-1.481733088811572951e+00,-1.818837349387065760e-01,4.704950583959775084e-02,2.113021828275199354e+00,-6.500049596784022166e-01,9.369339422637554260e-03,-1.343742366143558797e+00,-1.827908524864623740e-01,8.283926765798968472e-02,2.207018839724657511e+00,-8.561950996780657297e-01,8.064865945239017841e-02,5.241337448104316926e-02,-6.398413091393139948e-03,-1.441765991639768971e-02,-4.932342654705365592e-01,2.830308626627445756e-01,-9.401458270219174851e-03,5.209677461864299364e-01,-4.224478188076305658e-03,-2.779891316229657090e-03,-7.386377441453464672e-04,-6.281595563935277182e-01,-2.837448821390415321e-01,3.021916427503208973e-03,5.269038504304578430e-01,3.289075776553603784e-03,-7.074736696903906850e-03,1.413273328373304072e-04
1.011456369159176444e-01,8.584266265926811940e-03,4.106020351988470818e-01,-4.058050531762554675e-03,1.798430733370768100e-02,-8.970264631360135021e-02,-9.957979374149880103e-01,-1.495146707743921333e+00,-1.763339398948222114e-01,4.796890734501829678e-02,2.130783663471427225e+00,-6.550472989639696264e-01,9.853512948169981800e-03,-1.359896998542449387e+00,-1.767264916225658733e-01,8.515804795303907881e-02,2.223565506606716369e+00,-8.581973569866935270e-01,7.994020274839573614e-02,5.204829184700367900e-02,-7.187170692889393968e-03,-1.533426520914185458e-02,-5.001358813307033024e-01,2.845172824586061355e-01,-9.163759840772910115e-03,5.564354659906926015e-01,-3.820270113931482480e-03,-2.831838799427263253e-03,-1.343619455575933205e-03,-6.167098783159272735e-01,-2.837266070428258735e-01,2.683693247962316928e-03,5.605048772473499863e-01,3.528209625670617779e-03,-6.788633410225430528e-03,-4.072111763337473963e-04
1.020864049411371183e-01,8.782187645422401615e-03,4.062137248897603192e-01,-3.538812571737167279e-03,1.709549424083985775e-02,-8.697455233105183536e-02,-9.960575526188512052e-01,-1.505721829710933157e+00,-1.689171312432671546e-01,4.832278797892033267e-02,2.147031410600527046e+00,-6.601674239013357592e-01,1.038587951712011820e-02,-1.375110480368646693e+00,-1.690921257929901833e-01,8.675884852066917396e-02,2.237955115115843441e+00,-8.598538687417179860e-01,7.911682572535624902e-02,5.025046432917437689e-02,-7.817568161110797012e-03,-1.626161701809506616e-02,-5.049499781579617208e-01,2.857012949312179306e-01,-8.816856700042945139e-03,5.877692775811216297e-01,-3.401299490723221595e-03,-2.490392349978285194e-03,-1.585315407550747391e-03,-6.048710819611582412e-01,-2.838022725099501042e-01,2.597592034016426958e-03,5.901582227374815304e-01,3.771222814953188555e-03,-6.340756411974952760e-03,-6.014930644826019116e-04
1.030671574219818309e-01,9.019204981325863735e-03,4.024077758841685393e-01,-3.117625216371925755e-03,1.629166208213759723e-02,-8.286606313325534101e-02,-9.964226401183413628e-01,-1.513933194704845775e+00,-1.593996674572176475e-01,4.813979066857220629e-02,2.162152042721024792e+00,-6.660188055933020657e-01,1.104544894412297015e-02,-1.388715914364438975e+00,-1.593407828430981055e-01,8.763179631254171265e-02,2.249862229254200763e+00,-8.611230794671963507e-01,7.797237289031234975e-02,4.803577375577548075e-02,-8.331465841314212445e-03,-1.727755211554773268e-02,-5.073752238564885886e-01,2.867638311077461699e-01,-8.460527799578690389e-03,6.152448751837854557e-01,-3.008419818862186415e-03,-2.057288546343916287e-03,-1.657512416031259013e-03,-5.928803955538517467e-01,-2.838482183805656200e-01,2.583820130674339965e-03,6.162196728239969223e-01,3.970501469523102234e-03,-5.888944925004849749e-03,-5.616818350801906171e-04
1.040844028858482345e-01,9.249276713326553059e-03,3.991553953103352814e-01,-2.886180064350147949e-03,1.556359652064030243e-02,-7.750620449350685559e-02,-9.968662060141211256e-01,-1.519826550824126654e+00,-1.479902837791712833e-01,4.750933741220256246e-02,2.176266710054995279e+00,-6.735325752593778192e-01,1.178844295266540977e-02,-1.400713594841829224e+00,-1.473446802262439737e-01,8.796486467448225155e-02,2.259417513018813661e+00,-8.612326900205492519e-01,7.663098497129118558e-02,4.604316878296325216e-02,-8.889686745791264624e-03,-1.828142419473634261e-02,-5.071788538157856463e-01,2.877928363729810868e-01,-8.101741045848364145e-03,6.391692329303301223e-01,-2.644066438882728375e-03,-1.781870024706246232e-03,-1.854697341593781676e-03,-5.808700433962122878e-01,-2.838593234799018372e-01,2.671720538504707230e-03,6.391242087533127725e-01,4.120606789893499315e-03,-5.604532782089873509e-03,-5.165176695324922478e-04
1.051515127917752451e-01,9.464831279391643440e-03,3.964273558159222555e-01,-2.785163615550622848e-03,1.489726270696586918e-02,-7.137199357362168650e-02,-9.973346243667667865e-01,-1.523639160415733773e+00,-1.355235662557387200e-01,4.646259119521130299e-02,2.189265432101492159e+00,-6.823202925855048617e-01,1.248948058676240327e-02,-1.411023928684203899e+00,-1.341892076932032496e-01,8.771233541635072017e-02,2.266992253567023052e+00,-8.607781499320222851e-01,7.509418603545191251e-02,4.404705955106529708e-02,-9.416668144661469869e-03,-1.929170934386670311e-02,-5.043938482887129204e-01,2.887693373143529474e-01,-7.824747279518224491e-03,6.591040338356596306e-01,-2.314838054248234862e-03,-1.497910202759762839e-03,-2.060544336468115179e-03,-5.685040082502604841e-01,-2.839039408830970057e-01,2.729354145782396813e-03,6.581809121072828006e-01,4.197243389950935065e-03,-5.265954667132586794e-03,-4.204132788576190856e-04
1.062835020132246872e-01,9.660821736632992443e-03,3.941821388497180334e-01,-2.743757191856991545e-03,1.428612883414879207e-02,-6.495310373843005136e-02,-9.977822771697990589e-01,-1.525660439736835405e+00,-1.228922070649318271e-01,4.504689783614101994e-02,2.201062680115408288e+00,-6.919964022658129377e-01,1.304624007452573863e-02,-1.419577032220506352e+00,-1.209757398061427208e-01,8.689397458789362150e-02,2.273045689667545055e+00,-8.601783824057962491e-01,7.339052997236285292e-02,4.183183104216789405e-02,-9.822044989066035930e-03,-2.032546293938455179e-02,-4.991168824783605018e-01,2.895516531267609550e-01,-7.557007474342633882e-03,6.746236848623118343e-01,-2.010391314899858620e-03,-1.037558839553623944e-03,-2.185011045685622978e-03,-5.554313479334852532e-01,-2.841412872189448824e-01,2.815853759062150481e-03,6.727168480252944116e-01,4.205419878008739669e-03,-4.685261859900410018e-03,-2.938869363650509106e-04
1.074881946680697614e-01,9.829358714770849992e-03,3.924016755853904637e-01,-2.722840689174892310e-03,1.376927851930419798e-02,-5.831541820302093421e-02,-9.981995317106919785e-01,-1.525759320726970403e+00,-1.100905721500763240e-01,4.320162370306695337e-02,2.211662663745877833e+00,-7.024524189068885871e-01,1.342470669804773746e-02,-1.426420812669492166e+00,-1.075893524632578063e-01,8.554333939930058861e-02,2.277779268026474124e+00,-8.595320333662906931e-01,7.158892480916421996e-02,3.953870493299332239e-02,-1.006977124739512688e-02,-2.131835183677433312e-02,-4.913880678551411085e-01,2.902638858412240341e-01,-7.290161097063005066e-03,6.858479953691353215e-01,-1.761986574497041843e-03,-5.444740078827240738e-04,-2.273522805433652975e-03,-5.415792158547932944e-01,-2.844658471831686408e-01,2.871477719350739883e-03,6.827804058727393599e-01,4.147115849921844538e-03,-4.048172290333730203e-03,-1.618724948178598612e-04
1.087752131655803367e-01,9.964667854044003889e-03,3.910716416895633207e-01,-2.683756231493747164e-03,1.337006111930142370e-02,-5.150805508383719811e-02,-9.985794706379835795e-01,-1.523881913243243291e+00,-9.708981515414216723e-02,4.088996316597835745e-02,2.221060360630892294e+00,-7.134404370737403855e-01,1.360163001140492732e-02,-1.431552556537471599e+00,-9.392354950406658909e-02,8.365431989712439342e-02,2.281307575963514189e+00,-8.589216595690374323e-01,6.971413793875141929e-02,3.736692525776385415e-02,-1.013580644275477796e-02,-2.225404185110969185e-02,-4.812492571625919258e-01,2.909798734383174934e-01,-6.978689678766137640e-03,6.929473227504896471e-01,-1.594328992299006093e-03,-1.669838611404625374e-04,-2.387645065602517647e-03,-5.268336749158885057e-01,-2.848132012073928965e-01,2.934334098310357498e-03,6.884438662870326908e-01,4.033873728444548057e-03,-3.551311416489161439e-03,-6.937556714155227356e-05
1.101410526505557652e-01,1.007376078578755933e-02,3.901697439852117588e-01,-2.651216376515669847e-03,1.306666648167975273e-02,-4.471150930853220323e-02,-9.989109641074791490e-01,-1.520205127812527257e+00,-8.421907464325471826e-02,3.833612979965390910e-02,2.229109088240197156e+00,-7.243711642428655173e-01,1.363845164246364067e-02,-1.435097515070058671e+00,-8.038273854285518660e-02,8.144949947807955670e-02,2.283762344916145715e+00,-8.583399613086620805e-01,6.783724182178570150e-02,3.523655743520059253e-02,-1.008190249119595219e-02,-2.315621610639538933e-02,-4.690595485208083892e-01,2.916724284227386610e-01,-6.654438404597674307e-03,6.964591022886191807e-01,-1.467348323992425816e-03,1.735470927295397828e-04,-2.517117592364601954e-03,-5.112659652022004675e-01,-2.852195288917270810e-01,2.988824653463336128e-03,6.904381280828689738e-01,3.880464107242389583e-03,-3.083481736556938167e-03,1.963318871157755338e-05
1.115808151200506498e-01,1.016223120914133173e-02,3.896691312489000136e-01,-2.649936257671077055e-03,1.279453990179179289e-02,-3.809994010968879158e-02,-9.991885068144894522e-01,-1.515074440717572468e+00,-7.178579078613980813e-02,3.577109312548826248e-02,2.235680333410658971e+00,-7.345727844981756460e-01,1.360389416315610500e-02,-1.437228351819874295e+00,-6.735512408678176466e-02,7.913194600325103301e-02,2.285241375795419305e+00,-8.578602691002029657e-01,6.599633511233186922e-02,3.312133964161546179e-02,-9.978751888885299681e-03,-2.412667859017540717e-02,-4.552410797951514931e-01,2.922996308653525999e-01,-6.376490271086452180e-03,6.969952664221086280e-01,-1.338967448587141760e-03,5.438380850506989526e-04,-2.657307172054542300e-03,-4.949584685172973009e-01,-2.857331118713443696e-01,3.051392028073734736e-03,6.895376548435955266e-01,3.701155827082753657e-03,-2.549329543016027894e-03,1.421694439196566091e-04
1.130810774887840015e-01,1.023739548686168968e-02,3.895872532730220716e-01,-2.713959102184130678e-03,1.255233934276599704e-02,-3.165382687813142470e-02,-9.994163839196273935e-01,-1.508424300468724777e+00,-5.973042550570945713e-02,3.332496933461499833e-02,2.240810628389822146e+00,-7.447955897031084405e-01,1.345947722911595978e-02,-1.437951503327616010e+00,-5.476781696053692472e-02,7.685135563468729891e-02,2.285629079772407479e+00,-8.575302273749355608e-01,6.422534955062339512e-02,3.109031224896526002e-02,-9.875277703998016146e-03,-2.504726942861441180e-02,-4.398628932261750557e-01,2.928687762353644475e-01,-6.093262901752485514e-03,6.946836188700712400e-01,-1.218652547234444364e-03,8.807824114647260991e-04,-2.757841386318559199e-03,-4.778576303188795671e-01,-2.862955098655495800e-01,3.089048537358384406e-03,6.858205095800485873e-01,3.509283495704479828e-03,-2.066363789176102819e-03,2.602932664086937535e-04
1.146314675874739175e-01,1.030948528212936345e-02,3.899568355619614235e-01,-2.864734649250068928e-03,1.233497712414991995e-02,-2.534401300653889993e-02,-9.995985807510230359e-01,-1.500184812162710601e+00,-4.798205238919096838e-02,3.110850194146776160e-02,2.244489658060953019e+00,-7.555832542858373913e-01,1.319217798047177606e-02,-1.437214428459728799e+00,-4.255252143044653546e-02,7.472466942806706147e-02,2.284758466554396072e+00,-8.573716946714854403e-01,6.255410971685056165e-02,2.924480928101345911e-02,-9.802045822732209299e-03,-2.582367984637438940e-02,-4.229657608248412748e-01,2.933720279318334234e-01,-5.791352753719755490e-03,6.897024225958152677e-01,-1.126654696952852355e-03,1.124265602871825755e-03,-2.771387580035640334e-03,-4.598516201407828463e-01,-2.868566577753451363e-01,3.078603034152072298e-03,6.793896329468124273e-01,3.316758443439800450e-03,-1.745279406213395574e-03,3.407495808068711847e-04
1.162321322424961362e-01,1.037241645611639007e-02,3.907194695551747254e-01,-3.038516731961051452e-03,1.213774851275572879e-02,-1.925346536532215186e-02,-9.997363385155788595e-01,-1.490709414681198330e+00,-3.670454064440141495e-02,2.903469031757547475e-02,2.246826142133695914e+00,-7.660154509179976090e-01,1.281887974395790920e-02,-1.435142509311251535e+00,-3.087668098234000805e-02,7.265143618714514639e-02,2.282718949970675038e+00,-8.567653117027665965e-01,6.091504698321063144e-02,2.752188416884928171e-02,-9.706605795850377014e-03,-2.650560930634865420e-02,-4.050298089542364588e-01,2.938291400393008845e-01,-5.486563265737588041e-03,6.825758188898756185e-01,-1.042509444104911757e-03,1.355435903950113000e-03,-2.765548228909932727e-03,-4.412306122391271290e-01,-2.874328580015151346e-01,3.056674538465229980e-03,6.709115964772605079e-01,3.133116461404118931e-03,-1.455909699322621969e-03,4.254578094364258882e-04
1.178820686073802082e-01,1.042033829499353255e-02,3.918133703586628158e-01,-3.167960027078208212e-03,1.193516746570192667e-02,-1.347629397140943583e-02,-9.998329386990748580e-01,-1.480396558568096710e+00,-2.607649454785806661e-02,2.700422224837695923e-02,2.247970129132620176e+00,-7.756103758328865005e-01,1.234571359834975290e-02,-1.431887702845282995e+00,-1.993448859218050623e-02,7.051999541327685916e-02,2.279642919812377766e+00,-8.555111182081561738e-01,5.925119436888087038e-02,2.585002410698455586e-02,-9.532567963079260909e-03,-2.718969078377439508e-02,-3.865576933814642846e-01,2.942752473976252836e-01,-5.238493214539827192e-03,6.738636908623850674e-01,-9.448223463130831380e-04,1.663683301034110619e-03,-2.807281861083422460e-03,-4.222806047481355574e-01,-2.880245370333143207e-01,3.045198659231876381e-03,6.610633521183820749e-01,2.963483105782956008e-03,-1.059866770456839406e-03,5.580002096432024397e-04
1.195668094031066553e-01,1.044899523168673142e-02,3.932583561178049081e-01,-3.262415460579027454e-03,1.170514868254462701e-02,-7.986250016933746365e-03,-9.998942773865386879e-01,-1.469196386881386873e+00,-1.599592610892416888e-02,2.502940131891717018e-02,2.247829877099386309e+00,-7.848701421238505338e-01,1.168423823763183392e-02,-1.427487243727871613e+00,-9.652294111685348968e-03,6.835130520536944476e-02,2.275597405923910355e+00,-8.546465683854242990e-01,5.755387056993197664e-02,2.430084149584885861e-02,-9.293462518640795839e-03,-2.781342638248755425e-02,-3.676943944494086569e-01,2.946812131440776916e-01,-4.997702268766609363e-03,6.637033931235437612e-01,-8.694217612382486478e-04,1.961338584254688436e-03,-2.854365056516606266e-03,-4.030232556572124203e-01,-2.886439481372597426e-01,3.047294365378295199e-03,6.499431754175040155e-01,2.782658620569243915e-03,-6.653223478294378705e-04,7.242221561725330822e-04
1.212772450769258326e-01,1.045483992422689690e-02,3.950725234621632054e-01,-3.324082547331966113e-03,1.142287855477984795e-02,-2.755111463192023991e-03,-9.999254360608924586e-01,-1.457123219603718711e+00,-6.352075737954130524e-03,2.311073675039882619e-02,2.246352823418357403e+00,-7.940739146941770965e-01,1.076907138326555109e-02,-1.421986686692496837e+00,4.649464780071173309e-05,6.615174025371085842e-02,2.270563364131668038e+00,-8.546051097672398011e-01,5.580177604988752899e-02,2.296143131130555168e-02,-8.988107933286035647e-03,-2.834156218426170382e-02,-3.485580838039016860e-01,2.950168639997808318e-01,-4.732404969308690555e-03,6.522359090714564545e-01,-8.612165239330812081e-04,2.156454079639011021e-03,-2.867309209858942901e-03,-3.834480265615528571e-01,-2.893067043048734299e-01,3.074258164481250520e-03,6.376509431000159100e-01,2.568191755450900671e-03,-3.817398658238975754e-04,9.143600482330565670e-04
1.230216298418827653e-01,1.044817195062976330e-02,3.972317807248186283e-01,-3.376395049357140687e-03,1.111549763964008418e-02,2.188605913823859616e-03,-9.999301253951934365e-01,-1.444273146315538270e+00,2.745621586470537237e-03,2.137636695313998095e-02,2.243607445830400504e+00,-8.027362040574199664e-01,9.763356219270947697e-03,-1.415389687534814644e+00,9.136471210265260240e-03,6.407623480694710216e-02,2.264470852361059716e+00,-8.543546624870782535e-01,5.402300178709844997e-02,2.171689253387420332e-02,-8.654863811696540329e-03,-2.879894415951508163e-02,-3.290927841503088480e-01,2.953439226543461138e-01,-4.467750952756957897e-03,6.398105446159672027e-01,-8.682194034858205364e-04,2.315118925088445641e-03,-2.875967254254759280e-03,-3.635892486630927234e-01,-2.899532938483405098e-01,3.086155684310367634e-03,6.245292942501874389e-01,2.359842273283005616e-03,-1.494711540944214194e-04,1.090278901364009553e-03
1.248053783534148753e-01,1.043785211680763048e-02,3.997108654148350815e-01,-3.439266717772891321e-03,1.078917426170618830e-02,6.801557751795479778e-03,-9.999127481812315477e-01,-1.430774092516435392e+00,1.117947267113776622e-02,1.993959756538254274e-02,2.239668172321036099e+00,-8.107239593114319298e-01,8.816544983832563104e-03,-1.407737750536578014e+00,1.755896682646735513e-02,6.225598895353896822e-02,2.257359546894365465e+00,-8.535528049372216319e-01,5.226784622781170675e-02,2.043011443432733373e-02,-8.331552545760352591e-03,-2.924021458290109246e-02,-3.092688434792753571e-01,2.957218839196381621e-01,-4.243258194524165625e-03,6.268048919146536058e-01,-8.396886459948796604e-04,2.505343760951163345e-03,-2.906144140920118284e-03,-3.435029516228227942e-01,-2.905247576260145959e-01,3.050039456838997236e-03,6.109423228033042941e-01,2.195116946250034052e-03,9.126419404307395270e-05,1.213616077757685967e-03
1.266147320833590495e-01,1.042370020460301437e-02,4.025319515127750991e-01,-3.525556229519277718e-03,1.049001591423892078e-02,1.111645302515326325e-02,-9.998769696775351434e-01,-1.416434760519505787e+00,1.909434428341739987e-02,1.882990079274823175e-02,2.234357806833965121e+00,-8.179329451747372470e-01,7.836664126884149151e-03,-1.398936562920356952e+00,2.533299159255603811e-02,6.070660649288588812e-02,2.249238263717054931e+00,-8.526732671801215968e-01,5.058421510504195612e-02,1.926037226561256796e-02,-7.997090587945258552e-03,-2.951181017395200501e-02,-2.891104826843146069e-01,2.960495968320557281e-01,-4.010863878197734080e-03,6.132656387927717390e-01,-8.194868640611723508e-04,2.658210254233061513e-03,-2.904372372894493612e-03,-3.231259344003316603e-01,-2.911227287999110236e-01,3.009840804436079119e-03,5.969403783483870907e-01,2.018151292472716764e-03,3.221362803816149459e-04,1.327771970766779839e-03
1.284383346965028427e-01,1.040651162519644346e-02,4.057193331217223142e-01,-3.651722643657848849e-03,1.025469329947444747e-02,1.517076327730993227e-02,-9.998256618674331575e-01,-1.401104237858066925e+00,2.662563619379045704e-02,1.809009308165023672e-02,2.227578210662264357e+00,-8.245123985097456698e-01,6.752215085315536533e-03,-1.388906322562578177e+00,3.249641754646931391e-02,5.946251510382674632e-02,2.240064430595662959e+00,-8.519686507360311190e-01,4.900468212779642702e-02,1.837565900985712458e-02,-7.639919217675320701e-03,-2.948982772999799579e-02,-2.686273158626965585e-01,2.962284159742616385e-01,-3.739754428426727336e-03,5.992463685182253252e-01,-8.525996009869355645e-04,2.696639146564012469e-03,-2.824977795127218191e-03,-3.023731965322565829e-01,-2.918467965018560206e-01,3.013228228483562973e-03,5.825707106400254132e-01,1.770861571789660851e-03,5.133105416438605174e-04,1.481088626701171189e-03
1.302789370573206040e-01,1.037910972021086065e-02,4.092415064412890380e-01,-3.787622301554798097e-03,1.002634281182421261e-02,1.891450976518819355e-02,-9.997636559144679191e-01,-1.385151588156343649e+00,3.362211707562549196e-02,1.762960004589947047e-02,2.219511083574400079e+00,-8.304777197265484912e-01,5.656595190720753799e-03,-1.377851581589584651e+00,3.901820163391847562e-02,5.845753901518082468e-02,2.229872607309263177e+00,-8.511885408149378884e-01,4.746069885455499876e-02,1.759928055784718351e-02,-7.269538536479900302e-03,-2.937843673236767428e-02,-2.479066675222994787e-01,2.963691760363072469e-01,-3.477267432890318241e-03,5.850405362946550225e-01,-8.982962393143896279e-04,2.689447180741879120e-03,-2.736408061790203232e-03,-2.813831535729866551e-01,-2.925725663202434768e-01,3.009667614723665792e-03,5.680922050848487004e-01,1.520840463270575846e-03,6.688265622463540443e-04,1.626716048492497834e-03
1.321393100794163167e-01,1.033460100413375986e-02,4.130587188441519619e-01,-3.903604952405450700e-03,9.723207857096608300e-03,2.228354968100345820e-02,-9.996967862862005116e-01,-1.368998690183224287e+00,3.991343484720842605e-02,1.735382783000952861e-02,2.210324158889349189e+00,-8.358982248816499983e-01,4.620230280125254933e-03,-1.366038431501931161e+00,4.482103904123624361e-02,5.761492211178602385e-02,2.218765430974733555e+00,-8.503998379085804249e-01,4.589140110533489886e-02,1.672267405519596573e-02,-6.896940821261379924e-03,-2.943072204346192447e-02,-2.270378645866087119e-01,2.965862468869914226e-01,-3.274655385830179451e-03,5.709481055059937304e-01,-9.099425837833896406e-04,2.713666266536974778e-03,-2.714377418481479093e-03,-2.603079336622934337e-01,-2.931772528959251667e-01,2.970797950277374432e-03,5.537724728851428635e-01,1.329059713675453209e-03,7.964407186506608288e-04,1.726198250530028115e-03
1.339990202301130640e-01,1.026575689025392008e-02,4.171435785154244402e-01,-4.003302716146333456e-03,9.415831859380557542e-03,2.529379955672920663e-02,-9.996277003873704770e-01,-1.352598205848573043e+00,4.555954247312041933e-02,1.724152950560807820e-02,2.200033361974281121e+00,-8.405568719295750668e-01,3.621600371168308755e-03,-1.353480940902960006e+00,4.992074704321741024e-02,5.689676835592182708e-02,2.206835779358141014e+00,-8.495031033554719668e-01,4.430080244524674943e-02,1.586125141883433856e-02,-6.539697004276869355e-03,-2.947667337843843868e-02,-2.061427064030288969e-01,2.968248781865567287e-01,-3.101945849998385529e-03,5.569676765657437523e-01,-9.087958613046431692e-04,2.753861294760033031e-03,-2.720314968152693150e-03,-2.391581981690334979e-01,-2.937385624170300025e-01,2.902451655736197882e-03,5.396059943220250510e-01,1.169630473171161819e-03,9.121650896705123810e-04,1.790590527034958534e-03
1.358355207928431396e-01,1.016554015637069139e-02,4.214759929799701821e-01,-4.094822585946830684e-03,9.138534065922611360e-03,2.796104478214191114e-02,-9.995588524933417540e-01,-1.335957262951212421e+00,5.059892902248154523e-02,1.727222107984712623e-02,2.188650560930946121e+00,-8.444706466039404447e-01,2.616547044435662932e-03,-1.340230108899145511e+00,5.432815897558156831e-02,5.627639455265517204e-02,2.194136134533449134e+00,-8.485948131077007961e-01,4.268918052722569384e-02,1.513020226985569393e-02,-6.229657872838479001e-03,-2.937932062187743540e-02,-1.853095896883535376e-01,2.970312927144407866e-01,-2.920115311853513970e-03,5.430745549028836994e-01,-9.223540669345087293e-04,2.798706612225847039e-03,-2.723646101226120508e-03,-2.179173259416381236e-01,-2.943225464694077531e-01,2.814982874262787326e-03,5.255785997924196096e-01,1.022466441231984630e-03,1.037988705522677928e-03,1.838750418836150764e-03
1.376282487917679376e-01,1.004370748583890798e-02,4.260923088469638076e-01,-4.175830783701300203e-03,8.846317691938096472e-03,3.032639803297992875e-02,-9.994921784000633247e-01,-1.319121469164264093e+00,5.513618726440094875e-02,1.745906249357081705e-02,2.176017447737044197e+00,-8.476860551173095448e-01,1.607603419779924129e-03,-1.326325976120113603e+00,5.815755579792879909e-02,5.577955581509830979e-02,2.180402444966071052e+00,-8.476812138518171613e-01,4.108036731834500965e-02,1.448157973858907495e-02,-5.938645190121400602e-03,-2.918543955094492215e-02,-1.645720945602739682e-01,2.972293346035890793e-01,-2.738788273901007590e-03,5.294189475807127288e-01,-9.347636233272315406e-04,2.807598801591848145e-03,-2.702321666700572070e-03,-1.966975083793694734e-01,-2.948811056642846595e-01,2.718898462297876604e-03,5.118359627233054487e-01,8.887534724555426176e-04,1.123217386615450297e-03,1.885807364035742501e-03
1.393602585832635632e-01,9.912612852648999481e-03,4.310295702140695684e-01,-4.239344447389751039e-03,8.479205207543336759e-03,3.243001117399559041e-02,-9.994290497143650809e-01,-1.302185579312769903e+00,5.925380169634599653e-02,1.780507756808537984e-02,2.161981273104911949e+00,-8.501250277377797593e-01,6.035695490800340249e-04,-1.311873910836043766e+00,6.150933175347972348e-02,5.542045688508175083e-02,2.165400842762181810e+00,-8.466568542931494079e-01,3.949605761652208447e-02,1.386199978589783451e-02,-5.625809366063721714e-03,-2.897526715375688469e-02,-1.439850161971299169e-01,2.974180776732002762e-01,-2.566433516516483139e-03,5.161836810643261053e-01,-9.225685676710336817e-04,2.734305015783147167e-03,-2.636479414577059047e-03,-1.756379979204415742e-01,-2.953787404531624805e-01,2.652563613678817975e-03,4.985497287962634139e-01,7.632922149569988657e-04,1.108024950491677974e-03,1.949270965081569256e-03
1.410426444226995368e-01,9.772961810987438810e-03,4.362318160623344099e-01,-4.297865968876141314e-03,8.120239581432717527e-03,3.426922493904761141e-02,-9.993704069459583561e-01,-1.285082020152892301e+00,6.288965386981251737e-02,1.831796263555824505e-02,2.146786351281280592e+00,-8.518183844814204431e-01,-3.516324533542437370e-04,-1.296867546990685183e+00,6.436094124045557696e-02,5.520793683652643752e-02,2.149432697764290801e+00,-8.454887404044977295e-01,3.794641805227286224e-02,1.325839825584399639e-02,-5.317891204732526009e-03,-2.869891933616424556e-02,-1.235283393279383302e-01,2.975983825015245943e-01,-2.402535586458731751e-03,5.033177937696963200e-01,-9.060012061603748244e-04,2.640045757382290716e-03,-2.551181875834324791e-03,-1.547051875482969296e-01,-2.958431179904960628e-01,2.591149342479993640e-03,4.856570103374518999e-01,6.445540155079740102e-04,1.056902865141354361e-03,2.008551102749997659e-03
1.426813107261019620e-01,9.631275883227270740e-03,4.416510112921002706e-01,-4.377527151387016618e-03,7.844381392184135091e-03,3.585513550884621148e-02,-9.993166225947883730e-01,-1.267726264730321573e+00,6.603852549757839585e-02,1.906590789059636054e-02,2.130604954708585019e+00,-8.527202860401532636e-01,-1.224933033677950717e-03,-1.281298759582838231e+00,6.674368782794642962e-02,5.521373526282399163e-02,2.132686575184346900e+00,-8.439628896201989416e-01,3.642904788115974152e-02,1.254866717668017342e-02,-5.064707844180482352e-03,-2.830306608476362493e-02,-1.031675477737528102e-01,2.977835136077371936e-01,-2.219366882575259797e-03,4.907457509343522983e-01,-9.196560991552708321e-04,2.601082487603147749e-03,-2.469531793902733120e-03,-1.338014723041334175e-01,-2.962817042649883437e-01,2.514161431742810340e-03,4.730870807089652130e-01,5.400915162149907056e-04,1.040868593955864008e-03,2.044168735283301546e-03
1.442714388201017384e-01,9.487980543809414191e-03,4.472922001587651963e-01,-4.457744892086231737e-03,7.611207286365819988e-03,3.722915063972818267e-02,-9.992678261491084735e-01,-1.250155341656886465e+00,6.875964937648507136e-02,1.996628850238079886e-02,2.113359835550757904e+00,-8.529286230968494698e-01,-2.031894835047664931e-03,-1.265255588563404476e+00,6.870502617914493737e-02,5.535542815469882139e-02,2.115039250972924556e+00,-8.420607713404412165e-01,3.496499839263707277e-02,1.181270913544913218e-02,-4.837487972747343302e-03,-2.786145906105333761e-02,-8.296342191038119651e-02,2.979698930467867268e-01,-2.039862201346222172e-03,4.786672068669856617e-01,-9.447447457653441929e-04,2.563392014035838305e-03,-2.394917631322005403e-03,-1.129829184325358976e-01,-2.966840933412117631e-01,2.416372518993716891e-03,4.610645585304433691e-01,4.518617207473082063e-04,1.026207113007761252e-03,2.052798463782572018e-03
1.458101483182022151e-01,9.345259569311594253e-03,4.531535856756479519e-01,-4.509861479798599714e-03,7.388891360294053134e-03,3.842474801049554356e-02,-9.992240009998899497e-01,-1.232440631713873636e+00,7.111051980964201713e-02,2.092912588894376216e-02,2.095042988449319576e+00,-8.524258593432134656e-01,-2.778339841977973783e-03,-1.248833621636880942e+00,7.029994121782578986e-02,5.554181000309814376e-02,2.096402582704817164e+00,-8.396509931870979049e-01,3.356009980823664030e-02,1.105244819539009070e-02,-4.593328171613030031e-03,-2.743985909547979815e-02,-6.300091357631629196e-02,2.981516504591888994e-01,-1.881518818803864764e-03,4.672758387900209365e-01,-9.618753997250953109e-04,2.477552740636188716e-03,-2.331565900163136158e-03,-9.227682095018246988e-02,-2.970336006960256903e-01,2.292835669686120806e-03,4.498281647281339723e-01,3.828469865161084409e-04,9.853570120245611075e-04,2.031794924514576401e-03
1.473088354842183867e-01,9.200541400129302536e-03,4.591953210628095805e-01,-4.543025790709758968e-03,7.207299771451848060e-03,3.943763112233288071e-02,-9.991857129673780147e-01,-1.214592785297754052e+00,7.306669649008031009e-02,2.194060200919797574e-02,2.075799600568805747e+00,-8.511643256570848859e-01,-3.485301161491043305e-03,-1.232018747797052338e+00,7.152740093228197871e-02,5.577590254147653248e-02,2.076959955588840945e+00,-8.369352285583001594e-01,3.219863826468061935e-02,1.029130285596608144e-02,-4.356117254382440955e-03,-2.704254077813454671e-02,-4.324800840213586378e-02,2.983226078674193760e-01,-1.741689763489421248e-03,4.565147142513421019e-01,-9.697159723468817306e-04,2.400388543797785275e-03,-2.268563049471830628e-03,-7.164864519111587005e-02,-2.973628903160808745e-01,2.174157789759715003e-03,4.392937565640107622e-01,3.217522053053113447e-04,9.638416124228433440e-04,2.008454012437344352e-03
1.487712134741314973e-01,9.053282224589464383e-03,4.654069174767843653e-01,-4.566457977966547482e-03,7.076180349985438690e-03,4.026228794846954673e-02,-9.991536534999727603e-01,-1.196600144869008453e+00,7.458367557817892346e-02,2.299001399244914381e-02,2.055637020577098184e+00,-8.490773928208662502e-01,-4.150179633653389676e-03,-1.214790829997446808e+00,7.236631966954563955e-02,5.605959145572281949e-02,2.056729056002551292e+00,-8.339439242458933643e-01,3.087833073412416321e-02,9.561606344250836442e-03,-4.145307849896711153e-03,-2.665193554455826813e-02,-2.363334001062241188e-02,2.984613068579904382e-01,-1.619699580716594438e-03,4.463143456912487816e-01,-9.646211461524737286e-04,2.392450713293074738e-03,-2.199659935648210028e-03,-5.103129600145794170e-02,-2.977035434820569648e-01,2.085824158443707818e-03,4.293711393370561180e-01,2.587019882832306038e-04,1.011041503232460543e-03,2.011657883068191516e-03
1.501884752091613706e-01,8.903879095829379114e-03,4.717939875720165710e-01,-4.578558562403646157e-03,6.975809620903637015e-03,4.094116352265097375e-02,-9.991267166936506072e-01,-1.178461628472755818e+00,7.577157353028757258e-02,2.407420034117236166e-02,2.034501583392560153e+00,-8.462383412689372664e-01,-4.752192365788852901e-03,-1.197222513535288524e+00,7.288608320261082130e-02,5.636901171855994430e-02,2.035613722236766066e+00,-8.305313736672198521e-01,2.958867444615139938e-02,8.872450642471704785e-03,-3.951702821468907299e-03,-2.626527363684962382e-02,-4.321011106121642326e-03,2.985949534274336403e-01,-1.514883094930506019e-03,4.368147758947769632e-01,-9.568117305978875381e-04,2.403414508540680037e-03,-2.137343277265996502e-03,-3.067804399880349683e-02,-2.980202637011616362e-01,2.002829306837867421e-03,4.201803731293701771e-01,1.979268963922744965e-04,1.068230837341277136e-03,2.013034404482338165e-03
1.515560947143273773e-01,8.754778456682680773e-03,4.783548589120892869e-01,-4.565711937540531395e-03,6.862505899414227638e-03,4.150973057958629725e-02,-9.991040999588046700e-01,-1.160273727258552157e+00,7.669746508810897090e-02,2.515196573384839707e-02,2.012401469993332359e+00,-8.426868553782923543e-01,-5.256086775208733235e-03,-1.179452652802786217e+00,7.314029135126083603e-02,5.665333542769519087e-02,2.013559410010481443e+00,-8.265828583867544932e-01,2.835020887710675702e-02,8.243253915544538485e-03,-3.732740665427284037e-03,-2.592835997469671722e-02,1.455390526206140275e-02,2.987157536840081007e-01,-1.429736511171111760e-03,4.281661834157227675e-01,-9.477591976860382786e-04,2.401879140066176966e-03,-2.096326040193273108e-03,-1.083311032421080053e-02,-2.982984186953330785e-01,1.911445688168846675e-03,4.118496686931392703e-01,1.388931248820436573e-04,1.101917718052570095e-03,1.992245606120907498e-03
1.528787797630638268e-01,8.604736112137649842e-03,4.850676216789029938e-01,-4.539610065734269069e-03,6.762875539808937790e-03,4.196794598832241652e-02,-9.990857555607549623e-01,-1.142032735948335986e+00,7.736253738982244721e-02,2.622861713304986200e-02,1.989440811072234139e+00,-8.383409679249761437e-01,-5.706413790122167803e-03,-1.161473448388205210e+00,7.316327697829314025e-02,5.694582538110144754e-02,1.990671922312756248e+00,-8.220458929537726167e-01,2.717479419700211465e-02,7.659704330330000151e-03,-3.525539674368736477e-03,-2.559585856075572916e-02,3.296091047369625882e-02,2.988340861300685103e-01,-1.350161527213632456e-03,4.202398744256994889e-01,-9.347992865836274269e-04,2.411028152159036628e-03,-2.046787416868550095e-03,8.525102852364772194e-03,-2.985570883754480320e-01,1.821133112888770984e-03,4.042310295505391338e-01,9.220600667372600237e-05,1.131862064778669163e-03,1.976914503547495556e-03
1.541543738935424457e-01,8.445672952847023060e-03,4.919377182773416735e-01,-4.490874627707032787e-03,6.701217713312863401e-03,4.228232434366553660e-02,-9.990731358485890334e-01,-1.123690109501013890e+00,7.766147150461003013e-02,2.720958907559755183e-02,1.965568602256647424e+00,-8.330700509332182868e-01,-6.121102440692739906e-03,-1.143200046607829590e+00,7.287907760364720211e-02,5.717555113750347889e-02,1.966920568356608001e+00,-8.168684578612311897e-01,2.607587942786248475e-02,7.163339651598118682e-03,-3.350995085099547476e-03,-2.519760470115784204e-02,5.088321200758534613e-02,2.989312649953854151e-01,-1.244882600217421011e-03,4.128938931231011522e-01,-9.282577539166814032e-04,2.449681427768677245e-03,-1.955882635303521529e-03,2.741500323544411935e-02,-2.988173160935727046e-01,1.748286123051559114e-03,3.971487982325127009e-01,6.685769410785485207e-05,1.152789487638866336e-03,1.998943163841566603e-03
1.553907979882530044e-01,8.279036870473804183e-03,4.989587755486933340e-01,-4.430422262163074068e-03,6.669085794633142217e-03,4.248816280693295394e-02,-9.990648881201528164e-01,-1.105218020584710414e+00,7.770838643062447093e-02,2.815080996280598311e-02,1.940812655013933075e+00,-8.269945772801026163e-01,-6.483706624056979374e-03,-1.124665058364916481e+00,7.237730954634609415e-02,5.738120187092762142e-02,1.942316040059006266e+00,-8.110200501001226803e-01,2.504224904955211495e-02,6.748596707032424730e-03,-3.212345554763522577e-03,-2.478323855369804485e-02,6.832222376278387910e-02,2.990267220855544750e-01,-1.134404610531573095e-03,4.062508941447982025e-01,-9.234201218279401973e-04,2.488801698401464819e-03,-1.849925548048463909e-03,4.578864126411236191e-02,-2.990553445028111823e-01,1.687106939881564570e-03,3.907596028107617747e-01,4.685451389349020292e-05,1.156266391847212208e-03,2.029267668357868579e-03
1.565964151587219688e-01,8.108272116872880866e-03,5.061171113258404741e-01,-4.370146248904923682e-03,6.648232362239997993e-03,4.263105173644147344e-02,-9.990592055809630612e-01,-1.086621693280294121e+00,7.760549454016088533e-02,2.910393823311850994e-02,1.915222750681129460e+00,-8.202327079108933106e-01,-6.788896920484246110e-03,-1.105943148988936864e+00,7.172647050604320784e-02,5.759463882430046477e-02,1.916893549399309560e+00,-8.045008470046528526e-01,2.406449323019117792e-02,6.477275694708496678e-03,-3.106132233603933670e-03,-2.441273459446104133e-02,8.531333198760417125e-02,2.991135162589505514e-01,-1.037007264554387674e-03,4.004390693460227468e-01,-9.117210038601612082e-04,2.500373640609346131e-03,-1.758122114627855585e-03,6.357800021312949579e-02,-2.992588556968163171e-01,1.633372163319623139e-03,3.852066958521020434e-01,1.676476453810642195e-05,1.139286354343745956e-03,2.037339799492228053e-03
1.577779212149658938e-01,7.934498273268208307e-03,5.133856714963673795e-01,-4.312774533415963431e-03,6.657775633110706547e-03,4.270389834557700853e-02,-9.990562802292637379e-01,-1.067894425349010135e+00,7.734578992861571023e-02,3.006834891976220211e-02,1.888899566808833974e+00,-8.128138492647776214e-01,-7.045570402209629449e-03,-1.087018026820899097e+00,7.093533187992386024e-02,5.782584811528212326e-02,1.890754733938770249e+00,-7.973841029433001992e-01,2.314458783484696358e-02,6.296794547156380623e-03,-3.032872351112074136e-03,-2.406126314073225164e-02,1.018446642399466751e-01,2.991988308746831859e-01,-9.519743609249952570e-04,3.953910487096858328e-01,-8.995436874076170918e-04,2.504689165244414553e-03,-1.679993876722000838e-03,8.082978621478756343e-02,-2.994409492672444606e-01,1.580750565706294866e-03,3.804332747024136707e-01,-1.546111772013279188e-05,1.120464672062183734e-03,2.030793255486426207e-03
1.589431268154875010e-01,7.759627647355714884e-03,5.207357058288887286e-01,-4.265523507646763399e-03,6.714132957231713425e-03,4.270039187115685225e-02,-9.990562558043903918e-01,-1.049020215876800499e+00,7.692388644066225356e-02,3.106070220924313230e-02,1.861935766894265099e+00,-8.048155810264493448e-01,-7.258876463559711494e-03,-1.067879312816383708e+00,7.001024660924685949e-02,5.809616492786870423e-02,1.864001615121058331e+00,-7.897433899502960264e-01,2.227286281392355793e-02,6.111831857612460076e-03,-3.001183200649533162e-03,-2.371713388582886994e-02,1.179077455930067908e-01,2.992861601645850356e-01,-8.670750824494097416e-04,3.910271514944893556e-01,-8.947566537993172260e-04,2.525699780293083358e-03,-1.611656423796630540e-03,9.761420551319963113e-02,-2.996097851467590667e-01,1.529935813022718872e-03,3.763699649740689934e-01,-4.358612644235446311e-05,1.117362734862096087e-03,2.026720616321829593e-03
1.600877044639443803e-01,7.585089596179490044e-03,5.281779448916744668e-01,-4.219513448576633560e-03,6.787754288546500939e-03,4.264359736503310627e-02,-9.990583795263138223e-01,-1.030003814502367332e+00,7.638577368096187425e-02,3.206125924432626229e-02,1.834223593699490840e+00,-7.962177304815785117e-01,-7.447608513592899639e-03,-1.048553458101441516e+00,6.898846613246126247e-02,5.838292282265947208e-02,1.836504274033037731e+00,-7.815319922945722642e-01,2.144399843913407863e-02,5.929730896052923077e-03,-2.988997287793627219e-03,-2.339708585060346763e-02,1.334401300526781575e-01,2.993679395936011955e-01,-7.915479612263169422e-04,3.873384939845673225e-01,-8.822752836629380469e-04,2.554565600988036207e-03,-1.540332276611550448e-03,1.138671484407111217e-01,-2.997603572052486842e-01,1.488195415939023774e-03,3.729898733438189451e-01,-7.120936108071299325e-05,1.112794093675875499e-03,2.024407472068088815e-03
1.612133105948819201e-01,7.415792372225340004e-03,5.357381370967891909e-01,-4.182887117343568606e-03,6.785895519879786911e-03,4.256754082800296574e-02,-9.990617896532789644e-01,-1.010934615261493974e+00,7.574990770734539580e-02,3.309361829863183280e-02,1.805599513708103121e+00,-7.870787661514777600e-01,-7.626361477909301446e-03,-1.029198248895269785e+00,6.789391036339172125e-02,5.869857299725445010e-02,1.808081407476791025e+00,-7.726236642744908067e-01,2.062262882086856111e-02,5.745961824971345527e-03,-2.992466494700710133e-03,-2.326032934640360345e-02,1.484136004769369965e-01,2.994398246127972785e-01,-7.444779312453928726e-04,3.843467146571763471e-01,-8.270923516495985207e-04,2.617929495535207662e-03,-1.454841024331259133e-03,1.295817857640749748e-01,-2.998716210372125990e-01,1.482139997438778212e-03,3.702831610108031635e-01,-1.131276753477895489e-04,1.100120507180560358e-03,2.037149550975997283e-03
1.623226959253447621e-01,7.251243777178058986e-03,5.433451900400565471e-01,-4.146532135367747042e-03,6.781694025926111521e-03,4.247855845836235461e-02,-9.990657570794266862e-01,-9.918410665931947090e-01,7.505029007836841459e-02,3.412790685353918330e-02,1.776427590156176128e+00,-7.773371901962622399e-01,-7.789862072365741699e-03,-1.009819886204278427e+00,6.676515174610170300e-02,5.902667660113358056e-02,1.779101262603608236e+00,-7.631468565928921644e-01,1.983359845539867106e-02,5.564883679170557970e-03,-2.996719763929807552e-03,-2.316449127367583780e-02,1.628020176179333367e-01,2.995125890791697221e-01,-7.036342672463651938e-04,3.819825630892830226e-01,-7.667837697929924187e-04,2.696943872678284494e-03,-1.368985904525087940e-03,1.447119747520859423e-01,-2.999687910816994374e-01,1.488295852768430679e-03,3.681937622661076159e-01,-1.610537065424668172e-04,1.088191835734768570e-03,2.054680019000684841e-03
1.634141617778528399e-01,7.093381371165867304e-03,5.509223425454257139e-01,-4.095875264683593309e-03,6.827592817112511717e-03,4.238644859126727837e-02,-9.990695655248232887e-01,-9.727766364383221287e-01,7.433555991419894815e-02,3.513402730534093132e-02,1.747049883639373968e+00,-7.671169454017475742e-01,-7.930033159774231566e-03,-9.904559547251119422e-01,6.565082848082640088e-02,5.934842408956229193e-02,1.749885465762930137e+00,-7.533026268021999483e-01,1.910554930218395786e-02,5.388129577416517560e-03,-2.965661845380930268e-03,-2.296514731026330636e-02,1.765843959599463220e-01,2.995877888932905742e-01,-6.435577848947975988e-04,3.801281648126043633e-01,-7.446846110610151701e-04,2.741614262677845477e-03,-1.307788347109731415e-03,1.591920687830805925e-01,-3.000862357356049448e-01,1.461222374119297692e-03,3.666417387468264288e-01,-1.915499951637826841e-04,1.100021238224571651e-03,2.058250602041693592e-03
1.644920098427853639e-01,6.941004505755425137e-03,5.585123013909678580e-01,-4.037154224983084509e-03,6.888060869734416967e-03,4.228824485618500745e-02,-9.990735510212455095e-01,-9.536338602938008169e-01,7.358362493980255548e-02,3.612437190852157975e-02,1.717145639974296589e+00,-7.563967083564931970e-01,-8.062031087498379087e-03,-9.710072322826625024e-01,6.452210472311530054e-02,5.967024134438178584e-02,1.720128811202915387e+00,-7.430250394202697617e-01,1.841323088603942504e-02,5.217963673600780998e-03,-2.918084072316094128e-03,-2.274172749381021125e-02,1.898289273035328184e-01,2.996533170584541050e-01,-5.813469530691910050e-04,3.787894324915547228e-01,-7.344353480540342406e-04,2.767432466045756899e-03,-1.253607489688462855e-03,1.731139449905897132e-01,-3.002012812772286710e-01,1.424157907086365769e-03,3.656193031685203709e-01,-2.088461484454775890e-04,1.114256266190015877e-03,2.055547128080281206e-03
1.655642397093659290e-01,6.791813188208110398e-03,5.661646252800832668e-01,-3.978677778948942582e-03,6.924623509234679140e-03,4.218081126371792111e-02,-9.990780744634129018e-01,-9.343201137717631610e-01,7.277403332103782319e-02,3.711351601151852836e-02,1.686418361325657145e+00,-7.451163291140782130e-01,-8.197258165757836945e-03,-9.513952198920976322e-01,6.335637287492248970e-02,6.000552696121178725e-02,1.689559128195759596e+00,-7.322101487809964393e-01,1.774760393840320652e-02,5.048531060107219748e-03,-2.875581204704214834e-03,-2.260182226355051879e-02,2.026099818520629703e-01,2.996963672482564900e-01,-5.346696216849343127e-04,3.779942095860979734e-01,-7.056261504826471728e-04,2.804938733146987873e-03,-1.187588332177280095e-03,1.865935606117122558e-01,-3.002823192109922434e-01,1.408688026476531642e-03,3.651363155892741741e-01,-2.243084959892607789e-04,1.108507973487433572e-03,2.060499482398877712e-03
1.666317347688406059e-01,6.645522848249757822e-03,5.738536897358778033e-01,-3.922429016918981687e-03,6.968799327879400193e-03,4.206777805686202909e-02,-9.990827555492554080e-01,-9.148347350568089009e-01,7.192063850144632398e-02,3.810904573510012772e-02,1.655027471952109863e+00,-7.333033362329363092e-01,-8.305462550671103769e-03,-9.316207061490776598e-01,6.215635800088772228e-02,6.035561566897263558e-02,1.658337082443594346e+00,-7.209101639437512921e-01,1.713035768835030614e-02,4.894618860787750859e-03,-2.845936234709749331e-03,-2.246345420088579486e-02,2.149421776169285758e-01,2.997347468833625461e-01,-4.906745460600366775e-04,3.776830811346046923e-01,-6.741690925736579026e-04,2.834831877976663923e-03,-1.116444375025971072e-03,1.996358274978861369e-01,-3.003498314812413916e-01,1.398398318723299838e-03,3.651535269711191911e-01,-2.422444942579236990e-04,1.096699724348463830e-03,2.060658958259406221e-03
1.676947644219657640e-01,6.502900371664432563e-03,5.815466187524651609e-01,-3.870341150101151359e-03,7.053701616596861138e-03,4.195279811638686490e-02,-9.990871976374692265e-01,-8.951900884123262792e-01,7.103204617812536315e-02,3.911586103686048171e-02,1.623142505426246052e+00,-7.209211899059150275e-01,-8.369043210034307276e-03,-9.116957371322361725e-01,6.092652140653344317e-02,6.072481370500706216e-02,1.626626236395477543e+00,-7.090925292744816311e-01,1.657502593281177591e-02,4.775263383735140962e-03,-2.832023679290548209e-03,-2.226454173538545619e-02,2.268486007570200691e-01,2.997838061716889269e-01,-4.333265733875142720e-04,3.777839151985595278e-01,-6.579335498072694591e-04,2.827318332652351950e-03,-1.049674573651747204e-03,2.122463933493106414e-01,-3.004239726039905634e-01,1.369588516388103427e-03,3.656257499902118013e-01,-2.638276549574857682e-04,1.092918801005436473e-03,2.040411154814366409e-03
1.687553315398829523e-01,6.363109175134209691e-03,5.892582539913534534e-01,-3.815131609307535233e-03,7.145049276803067118e-03,4.183647076650996721e-02,-9.990916388177004670e-01,-8.753778564200627166e-01,7.012494719314796288e-02,4.012138592599905074e-02,1.590633284080548826e+00,-7.080743527231823098e-01,-8.427285901017414829e-03,-8.916063780218292933e-01,5.968326426833810844e-02,6.109975356548440900e-02,1.594282686045382036e+00,-6.968308227781350173e-01,1.604842169740103297e-02,4.660727832164996559e-03,-2.817774132981222708e-03,-2.206744415908811277e-02,2.383397529639421364e-01,2.998353202962031339e-01,-3.822780866906029399e-04,3.782460087753936051e-01,-6.440221258142471037e-04,2.819777199423789422e-03,-9.901854224948880134e-04,2.244186525097850993e-01,-3.004905840645734627e-01,1.337336859763547849e-03,3.664600324250419372e-01,-2.806201828851041758e-04,1.084376948848937748e-03,2.014112534969033242e-03
1.698191116066075645e-01,6.226177301796715496e-03,5.970017063766436261e-01,-3.749445849217009335e-03,7.205738176478670813e-03,4.172170345893740084e-02,-9.990962508455529800e-01,-8.554202937385905203e-01,6.921440425743004277e-02,4.111126122989754161e-02,1.557401309775893417e+00,-6.947131240219828197e-01,-8.513063783114151184e-03,-8.713692736982899811e-01,5.844642225463116819e-02,6.147048678741869748e-02,1.561183878342836895e+00,-6.840221273920078504e-01,1.552584037348601030e-02,4.522793380462467733e-03,-2.781786351601783780e-03,-2.198543863487588748e-02,2.494539993018720647e-01,2.998767066700094297e-01,-3.637446535332753404e-04,3.790347674255374333e-01,-6.108812813248824108e-04,2.861421434095478156e-03,-9.439844079429532148e-04,2.361721769796753523e-01,-3.005383836260762664e-01,1.325200359533862003e-03,3.675728876069952467e-01,-2.907818968703153122e-04,1.066830186667807245e-03,2.005032961391513182e-03
1.708778660553207374e-01,6.090896195533480190e-03,6.047102854909524039e-01,-3.671481560176641495e-03,7.288299009945513850e-03,4.160456257454814982e-02,-9.991008263902474429e-01,-8.353869445825016227e-01,6.830979689467861493e-02,4.207399206884963883e-02,1.523788908618614713e+00,-6.809207441681219830e-01,-8.590608661368025895e-03,-8.510488406209265611e-01,5.722625852178100936e-02,6.182562715453616270e-02,1.527687157210621205e+00,-6.708148578675143803e-01,1.502282773022812004e-02,4.385436312487324580e-03,-2.733614807012268305e-03,-2.187197361096606188e-02,2.600613267194120115e-01,2.999119086283640878e-01,-3.414112327361247122e-04,3.801699693955946646e-01,-5.753333409723879405e-04,2.867521974583628688e-03,-8.894076653427815653e-04,2.474072606660362439e-01,-3.005836334120608466e-01,1.313074311718815486e-03,3.690600804016426206e-01,-3.057961100473554489e-04,1.059904450384148997e-03,1.990904201837074769e-03
1.719246894623853161e-01,5.957821643187049925e-03,6.123162284562777558e-01,-3.582928552918670465e-03,7.408208755293713317e-03,4.148268685232539554e-02,-9.991053336648416661e-01,-8.154121277437712534e-01,6.740780805674519149e-02,4.299957816884164563e-02,1.490098841197078139e+00,-6.667715436618609770e-01,-8.644342468596676390e-03,-8.307738476267463312e-01,5.602629032100388262e-02,6.216203933825052014e-02,1.494088533584901457e+00,-6.572839311345243241e-01,1.454337807568139608e-02,4.276221758929871393e-03,-2.681338262366431222e-03,-2.167489985851094036e-02,2.700700160918996784e-01,2.999487109574111021e-01,-2.874573954738212484e-04,3.816643957769292328e-01,-5.465499412872206007e-04,2.764696608164986334e-03,-8.122268495442564341e-04,2.580542408640350560e-01,-3.006429143305533458e-01,1.290852520691308314e-03,3.710077010757782956e-01,-3.453656968982476982e-04,1.090112982946754875e-03,1.955629298054477761e-03
1.729672515829348001e-01,5.826797794241118933e-03,6.198569180900789233e-01,-3.489016587766200894e-03,7.530213610169558119e-03,4.136044268304487487e-02,-9.991098220052178069e-01,-7.953647672975819871e-01,6.650222951773644697e-02,4.391305022231543898e-02,1.455984619936056212e+00,-6.523139234543346987e-01,-8.696655761174679894e-03,-8.104283428759859742e-01,5.483952969845870551e-02,6.250040323657105046e-02,1.460056317220856936e+00,-6.434393312874732151e-01,1.408118687184875886e-02,4.177720975787287128e-03,-2.624588249707660113e-03,-2.146487605417099140e-02,2.796778146163190759e-01,2.999881515953630173e-01,-2.313621352610269731e-04,3.834129641033013347e-01,-5.196394878385798789e-04,2.639359363216233975e-03,-7.359058761931030123e-04,2.682727832093121934e-01,-3.007018458960972196e-01,1.264392733236558743e-03,3.732211523239721274e-01,-3.865019147484448836e-04,1.120344062276390322e-03,1.912404416020646895e-03
1.740152199897331275e-01,5.698175192128928854e-03,6.273667483806363299e-01,-3.395360261329982872e-03,7.632829131444507018e-03,4.124367737995007777e-02,-9.991141929350841888e-01,-7.751415979480744678e-01,6.558649103506293543e-02,4.483733709007588220e-02,1.421199444597906369e+00,-6.374633187470963858e-01,-8.762820101747939225e-03,-7.899201321087955252e-01,5.366320255839844566e-02,6.286495098321719099e-02,1.425348027714278487e+00,-6.291582992269936225e-01,1.363654581804905896e-02,4.074942608792223898e-03,-2.562418479028587097e-03,-2.131575319561147472e-02,2.890824138864965254e-01,3.000214099884209729e-01,-1.946127952686899445e-04,3.853273750076139925e-01,-4.962132231711514950e-04,2.582030166314423954e-03,-6.798681692075628138e-04,2.782238319448226971e-01,-3.007404628475273678e-01,1.229769694206185073e-03,3.755194965433953924e-01,-3.978819982209827553e-04,1.116532371057167138e-03,1.871955770161143427e-03
1.750686059778844006e-01,5.570828918251650823e-03,6.348284182667107700e-01,-3.302148392158477542e-03,7.734772699444427725e-03,4.112812951615816420e-02,-9.991184845001047643e-01,-7.547435985094264055e-01,6.465945351769974980e-02,4.576929790286647648e-02,1.385855080304715603e+00,-6.223274542747563309e-01,-8.834089870246539591e-03,-7.692500394667771690e-01,5.249777234295184558e-02,6.325272155598157808e-02,1.390093003340048483e+00,-6.145887290522571433e-01,1.321018737842890797e-02,3.976558858361214401e-03,-2.501402569654208579e-03,-2.117713162703178595e-02,2.982441499436909171e-01,3.000517745311374607e-01,-1.659973596535838005e-04,3.874290271115556350e-01,-4.770315703925452015e-04,2.557372137379079931e-03,-6.341802499824945871e-04,2.878980346792315292e-01,-3.007747973173105493e-01,1.190418033704435672e-03,3.779613749536945289e-01,-3.933355589587870529e-04,1.093512290416190271e-03,1.835703254414478578e-03
1.761273937773178422e-01,5.444472595267787866e-03,6.422210496851155082e-01,-3.211620886179340512e-03,7.848113409791730374e-03,4.101062196780909386e-02,-9.991227259416151085e-01,-7.342045676891600925e-01,6.371370716197148620e-02,4.670554687029936786e-02,1.350069129982585103e+00,-6.068867085366784764e-01,-8.907384663782243542e-03,-7.484484119122916113e-01,5.134151002280312737e-02,6.366587733865430865e-02,1.354410523708829084e+00,-5.997231942819840622e-01,1.279825718863344085e-02,3.893410417085312394e-03,-2.448697446103384814e-03,-2.102653718015439974e-02,3.071337126391317507e-01,3.000822419765381555e-01,-1.350071317118225231e-04,3.897363239383480615e-01,-4.612666037318237009e-04,2.528569228570595653e-03,-5.896749787449901033e-04,2.972954061234636125e-01,-3.008197990911370967e-01,1.152489421579824900e-03,3.806043471785897636e-01,-3.891315734734162408e-04,1.064971958466016467e-03,1.806916586225999159e-03
1.771928891505864800e-01,5.317649319130885593e-03,6.495211865906603821e-01,-3.118009614178923576e-03,7.971658377094169648e-03,4.088966971832786595e-02,-9.991270017315567742e-01,-7.135737856583332928e-01,6.276839695192083790e-02,4.763628492594207398e-02,1.313949162949739513e+00,-5.912039000192621518e-01,-8.971241623175932323e-03,-7.275621442955664264e-01,5.020660665558201313e-02,6.408996432212657468e-02,1.318400319553011624e+00,-5.845925416070925085e-01,1.240934193039299090e-02,3.807504690770618840e-03,-2.395408680738068691e-03,-2.087912967916864468e-02,3.157411091152534932e-01,3.001042740679715215e-01,-1.105189823221067153e-04,3.922082416341738376e-01,-4.440196994601669565e-04,2.497098826451325023e-03,-5.471849920388706856e-04,3.063978109165712005e-01,-3.008585123940817896e-01,1.118465355139863608e-03,3.834152462542964046e-01,-3.854822998953212837e-04,1.041499587455645311e-03,1.779668220926943932e-03
1.782701597401752658e-01,5.189577124170257315e-03,6.567036027522514807e-01,-3.017581054252380449e-03,8.094847761036045447e-03,4.076361796807827925e-02,-9.991314703753747528e-01,-6.929250438439173987e-01,6.183277382730778537e-02,4.855039980943429839e-02,1.277604425623746875e+00,-5.752544023425877340e-01,-9.022117363159623538e-03,-7.066540771210042537e-01,4.910163233157192886e-02,6.451545384901515023e-02,1.282148965662794682e+00,-5.691513899035072210e-01,1.204525611830998752e-02,3.699896305086583861e-03,-2.332842796621614929e-03,-2.081334989321858425e-02,3.240852201335998606e-01,3.001089753489603607e-01,-1.061772255626976128e-04,3.948090169615580680e-01,-4.175286187621667392e-04,2.477018056099555658e-03,-5.099289570029250269e-04,3.152167201591296042e-01,-3.008767266939099128e-01,1.095443724080870113e-03,3.863649205217942195e-01,-3.864944474435728916e-04,1.046817722174119567e-03,1.751019891926816185e-03
1.793503397564470414e-01,5.060503141184068826e-03,6.637218166324608815e-01,-2.909492757504082965e-03,8.253507433428777448e-03,4.063841789220198203e-02,-9.991355931294602088e-01,-6.722875444726784666e-01,6.091750054999582609e-02,4.944252916325220931e-02,1.241260419561531769e+00,-5.592170931922098021e-01,-9.094899276000512414e-03,-6.857635963199187890e-01,4.804353282809771530e-02,6.494473982726196859e-02,1.245893477236037494e+00,-5.535907396308441530e-01,1.168022827398621476e-02,3.578531491656117541e-03,-2.258989989453394527e-03,-2.070016972243263545e-02,3.321049481248300461e-01,3.000980485123558306e-01,-1.039982175041493376e-04,3.975593284698956120e-01,-3.916474346548040240e-04,2.454655872347802099e-03,-4.767267484106026045e-04,3.236858033272136947e-01,-3.008910704470026953e-01,1.064851871009228190e-03,3.894593076658302011e-01,-3.912744111789328021e-04,1.047880060406473175e-03,1.711489486220491235e-03
1.804298936883626248e-01,4.932136064996561244e-03,6.705323218497506454e-01,-2.799598030793256330e-03,8.439116205737931878e-03,4.051959620723549760e-02,-9.991391824424332713e-01,-6.517808051604856434e-01,6.001204931379210822e-02,5.031156610229933074e-02,1.205126126580733592e+00,-5.432271874841979598e-01,-9.214457744186605251e-03,-6.650107444351314179e-01,4.703661670433333802e-02,6.539373187966136813e-02,1.209828752902042170e+00,-5.380278142788510465e-01,1.129407404323179258e-02,3.450935044696063717e-03,-2.179754868302762050e-03,-2.052850081076146999e-02,3.397980688391050719e-01,3.000814604278405073e-01,-1.052365144492877283e-04,4.005002714377947082e-01,-3.604465747144852011e-04,2.447989654506566373e-03,-4.580455250210934640e-04,3.317970503764171575e-01,-3.009253409152706227e-01,1.028666863183108886e-03,3.927253211455287718e-01,-4.169750678132384618e-04,1.043421976981674703e-03,1.663566893544027401e-03
1.815151589732289517e-01,4.800891793402823314e-03,6.772121783379830839e-01,-2.686877497830391336e-03,8.588467209387678006e-03,4.039851575571523634e-02,-9.991431223028258701e-01,-6.312213940062985085e-01,5.910604051489542349e-02,5.117330270348022236e-02,1.168537681733168299e+00,-5.269997040994980342e-01,-9.308227589221061346e-03,-6.442054548749032161e-01,4.603465477763437480e-02,6.584136770692072815e-02,1.173287550485009101e+00,-5.221460603573333525e-01,1.094145699041650099e-02,3.311529552851540277e-03,-2.111137404186242978e-03,-2.041912420049199484e-02,3.472855739906568484e-01,3.000832848338972347e-01,-1.196943000070684190e-04,4.034977158515357099e-01,-3.200543544553295715e-04,2.442429052376834508e-03,-4.500447905693485138e-04,3.396881154962985705e-01,-3.009630804134322823e-01,1.005985304821830576e-03,3.960555866650063428e-01,-4.433124076281295066e-04,1.058038793791501574e-03,1.631825859290532551e-03
1.826100829221731225e-01,4.663881015852604749e-03,6.838393554350217229e-01,-2.570545049111832691e-03,8.648741256560926738e-03,4.026730333611996948e-02,-9.991482051501988648e-01,-6.104729763417829913e-01,5.818443107199103292e-02,5.203150411882496995e-02,1.130950948533699041e+00,-5.101456892356923678e-01,-9.341234042971305676e-03,-6.232020005086260639e-01,4.500291805791885313e-02,6.627094393432660102e-02,1.135714669834833490e+00,-5.055242793608804019e-01,1.066011645043451334e-02,3.155718718182606332e-03,-2.066343914203391807e-03,-2.047937006005117605e-02,3.546525075254910453e-01,3.001104365259071871e-01,-1.375829898073563286e-04,4.064317043640186533e-01,-2.800871545634685679e-04,2.402635769872539170e-03,-4.405644517804198292e-04,3.474612161782033581e-01,-3.009734746485641099e-01,1.001106041247472973e-03,3.993576016946360219e-01,-4.413800203978622246e-04,1.094426662108133851e-03,1.633749875304548555e-03
1.837141046542770939e-01,4.524353402423154751e-03,6.903605752110246740e-01,-2.452364866831951550e-03,8.700005363826243676e-03,4.013379887790580192e-02,-9.991534286589105474e-01,-5.895745241826506611e-01,5.724867747621266434e-02,5.287827904678875368e-02,1.092892804924251227e+00,-4.930582459148858399e-01,-9.371436415043584919e-03,-6.020582999912132971e-01,4.396700268380972221e-02,6.670208521019610481e-02,1.097681368405422742e+00,-4.886623795196821107e-01,1.039834321435998549e-02,3.001642933199041158e-03,-2.026333825029759741e-03,-2.055690406924077021e-02,3.618275003080846930e-01,3.001337897470485183e-01,-1.479091989057364958e-04,4.094304318777706175e-01,-2.455874645680751088e-04,2.355245574159385135e-03,-4.229265625361369307e-04,3.550410173844358863e-01,-3.009721805789812854e-01,9.966812268927891915e-04,4.027226316311587340e-01,-4.286341878941536351e-04,1.125239292649303762e-03,1.641898521501206727e-03
1.848283097589357993e-01,4.385421619483248143e-03,6.967164573462366617e-01,-2.337847737493620529e-03,8.814464978708760889e-03,4.000905415501676554e-02,-9.991577028981540876e-01,-5.685593518902751775e-01,5.630099912518239658e-02,5.372203933126794978e-02,1.054806176389115668e+00,-4.759432932410556094e-01,-9.434539981307502737e-03,-5.808246903872742450e-01,4.294734140585163701e-02,6.716428961140696874e-02,1.059656353140178586e+00,-4.718242279133113004e-01,1.011416302935278649e-02,2.872838215189043188e-03,-1.978648736131859848e-03,-2.054106488291523869e-02,3.687657647420524709e-01,3.001328844804181384e-01,-1.446502477432842673e-04,4.126023530244123383e-01,-2.203913929897178192e-04,2.333797371276159424e-03,-3.910014867297097380e-04,3.623762821890785246e-01,-3.009780604069701160e-01,9.799783865658707321e-04,4.062239050351484360e-01,-4.235649077189944508e-04,1.128622911823817321e-03,1.629404089071905112e-03
1.859511421228413619e-01,4.245035119537031616e-03,7.028831401965961456e-01,-2.222069496193234631e-03,8.974148694592022288e-03,3.989000906940278618e-02,-9.991613054150987328e-01,-5.475032886920464525e-01,5.536962066769124391e-02,5.456567855558053931e-02,1.016748225730111921e+00,-4.588216911845331980e-01,-9.524263245335647457e-03,-5.595738272469419350e-01,4.194775909333714470e-02,6.763530031038229862e-02,1.021678354767692420e+00,-4.549315586668776779e-01,9.815148304209956806e-03,2.753026449897136036e-03,-1.920884031278924852e-03,-2.046216300617829248e-02,3.754648411650707285e-01,3.001064958863246535e-01,-1.402630626715379171e-04,4.159032262527851964e-01,-1.991790504571807631e-04,2.313791788302871702e-03,-3.553816112038719020e-04,3.694638941269048904e-01,-3.009830402827681217e-01,9.615528729140460171e-04,4.098388226591903050e-01,-4.304657715524997253e-04,1.112116919815673080e-03,1.602615261770610122e-03
1.870841185602759305e-01,4.101646602100182670e-03,7.088336769172236540e-01,-2.103495245769297639e-03,9.152886078036021056e-03,3.977186297550458494e-02,-9.991646505454698790e-01,-5.265195217788933846e-01,5.446501162800314322e-02,5.540445401199792230e-02,9.788152069667931388e-01,-4.416598527745777547e-01,-9.640459798591590954e-03,-5.384051691786573279e-01,4.096867223475631620e-02,6.810096258264403124e-02,9.838175897389165314e-01,-4.379083771390154811e-01,9.507932351734733542e-03,2.623337603175565375e-03,-1.853635243036575852e-03,-2.040449140610107667e-02,3.819473732858089665e-01,3.000551375552051869e-01,-1.517714676839947564e-04,4.192911905694170493e-01,-1.742740560204768913e-04,2.279129341698707054e-03,-3.288114276236597691e-04,3.763256138328025524e-01,-3.009823919673103587e-01,9.564430075598880088e-04,4.135467266945067055e-01,-4.574958171486392098e-04,1.091661066238062191e-03,1.569900263271361033e-03
1.882272947739518920e-01,3.951270095900632703e-03,7.145847204284797582e-01,-1.974455890655698459e-03,9.347937782720019614e-03,3.965036341725660524e-02,-9.991679369675677824e-01,-5.054857294167330872e-01,5.359478597008741907e-02,5.622966085036451567e-02,9.407391374193635469e-01,-4.243483098309830392e-01,-9.749354882902664179e-03,-5.171886309827441464e-01,4.001857305878870480e-02,6.855057884630094689e-02,9.458029891641144271e-01,-4.206708093683835248e-01,9.221403027619718556e-03,2.457403795908097172e-03,-1.777366850767672949e-03,-2.036590754724373550e-02,3.882152841179903335e-01,2.999903342521607064e-01,-1.791877887501071970e-04,4.227587633311603033e-01,-1.322489517252981917e-04,2.278374087135302990e-03,-2.997191472373673666e-04,3.829621585229839309e-01,-3.009610271216766053e-01,9.600915838297622521e-04,4.173296188278398100e-01,-4.920629019711829973e-04,1.096813606864857713e-03,1.535909317278321253e-03
1.893802652351882221e-01,3.790130909045230211e-03,7.201532409491194775e-01,-1.833160583293277955e-03,9.557113593739036128e-03,3.952251278376754662e-02,-9.991712926647207116e-01,-4.843195866547984618e-01,5.275348606193332873e-02,5.703262967396722366e-02,9.023295617117306211e-01,-4.067341064883823742e-01,-9.837861353806317405e-03,-4.958355132241013541e-01,3.909586260903753080e-02,6.897824565840021682e-02,9.074334032153991147e-01,-4.030600340352284983e-01,8.967937301425586358e-03,2.225010565291390442e-03,-1.703260632817322259e-03,-2.035667436944348097e-02,3.942695955395849605e-01,2.999214786779312303e-01,-2.204851872947393701e-04,4.263125256886073355e-01,-5.860219573831043996e-05,2.358150791195128340e-03,-2.568753169724854730e-04,3.893684411266348788e-01,-3.008973594482176606e-01,9.657231777561309238e-04,4.211845702723315821e-01,-5.233989954495706521e-04,1.154949348938759564e-03,1.505439586542120772e-03
1.905412349729181665e-01,3.620227272383502639e-03,7.255379082540344138e-01,-1.686682038945067552e-03,9.771341395366022267e-03,3.939792506042213982e-02,-9.991743989374266555e-01,-4.630415993441269751e-01,5.192189492628882658e-02,5.781696505741606290e-02,8.636107749709557302e-01,-3.889210281047419393e-01,-9.931227721307939529e-03,-4.743739011446591602e-01,3.817876521139457191e-02,6.938528415327990806e-02,8.687336056010844798e-01,-3.852022304484278847e-01,8.719288241648878376e-03,1.975572135499580832e-03,-1.632139508302404406e-03,-2.036223842696939165e-02,4.001482177298755771e-01,2.998490922237643796e-01,-2.618561903577459318e-04,4.299229354650759283e-01,1.409137470162457066e-05,2.450205134447982266e-03,-2.109525540487648839e-04,3.955981086865473784e-01,-3.008250717919152550e-01,9.771514203165008929e-04,4.250905474318308896e-01,-5.546602034571343921e-04,1.219927243111602238e-03,1.478471369631556565e-03
1.917103758342361408e-01,3.443386050381533683e-03,7.307377836162867180e-01,-1.545931290616488511e-03,9.964868772436897421e-03,3.928601177209836703e-02,-9.991771218186668024e-01,-4.417150871538069179e-01,5.107806828876278182e-02,5.859502996769826166e-02,8.245959091791820184e-01,-3.708688905004273173e-01,-1.004691141687101379e-02,-4.528739177810622296e-01,3.724971191091951822e-02,6.978944035293832560e-02,8.297197630629341569e-01,-3.670888325789928297e-01,8.456715997107152119e-03,1.759843385178752042e-03,-1.571128436608318271e-03,-2.042525262013486151e-02,4.059077150342402240e-01,2.997776215843320213e-01,-2.906847238357657777e-04,4.335696796597933167e-01,5.635355834360255433e-05,2.491589680309579721e-03,-1.740792157250770414e-04,4.017218142513179768e-01,-3.007735168711155316e-01,1.003542283238849538e-03,4.290427623518539013e-01,-5.937189262846855877e-04,1.251066107388571023e-03,1.458095912940364329e-03
1.928825140299813279e-01,3.259954200734617967e-03,7.357326803950964278e-01,-1.411963103270271044e-03,1.016506719056581298e-02,3.918421581006787530e-02,-9.991793007266291937e-01,-4.203754154301432289e-01,5.022440187810901790e-02,5.936837758641074630e-02,7.854849070725268279e-01,-3.526900412485277081e-01,-1.017002056216210343e-02,-4.313672669961641226e-01,3.630561152314421697e-02,7.018721195017967041e-02,7.905930035827820612e-01,-3.488559795516674722e-01,8.198319720391183257e-03,1.566050233420637457e-03,-1.518903963578319399e-03,-2.047281392056322577e-02,4.115431222582706661e-01,2.997071137163923593e-01,-3.083386042217558685e-04,4.372698261419330490e-01,8.260572144633672540e-05,2.502848614748448552e-03,-1.405446250085972467e-04,4.077219845158968625e-01,-3.007345049281932581e-01,1.031486322697945483e-03,4.330503183951543433e-01,-6.329175092806785946e-04,1.261212353367722290e-03,1.442159064738717140e-03
1.940550951653944589e-01,3.070964727962132660e-03,7.404992796503433450e-01,-1.288383327604572743e-03,1.038771244219491297e-02,3.909261044977130339e-02,-9.991807660813138980e-01,-3.990818675981752661e-01,4.935643658459443195e-02,6.013981651493387898e-02,7.464660442652994998e-01,-3.344161298244811564e-01,-1.029146573741023321e-02,-4.099168748922165095e-01,3.534549610212969761e-02,7.058543767871545971e-02,7.515502911003997255e-01,-3.305397424907350334e-01,7.956131510333036214e-03,1.387388875719538367e-03,-1.473978866436722419e-03,-2.048665462478081387e-02,4.170736414630889510e-01,2.996397745281215719e-01,-3.202702528979871062e-04,4.410392672060569619e-01,1.092127857361380704e-04,2.514403574174479353e-03,-1.058401908535980111e-04,4.136055499900320731e-01,-3.007056848094983859e-01,1.051579544124734171e-03,4.371189739284472853e-01,-6.677839885492358775e-04,1.271861268419201578e-03,1.429523414172932097e-03
1.952285247771201326e-01,2.875689212627444580e-03,7.450596936146890448e-01,-1.170635686335455864e-03,1.061305632909094118e-02,3.900679332169409291e-02,-9.991818967146089969e-01,-3.777196009370982765e-01,4.847590908406907567e-02,6.091173792897605632e-02,7.072118354844163512e-01,-3.159778138121500657e-01,-1.041759260677455577e-02,-3.883723384977677551e-01,3.436349739800140940e-02,7.097961781519798730e-02,7.121981177598573076e-01,-3.120648827419491012e-01,7.718804285538424619e-03,1.210030782591387270e-03,-1.441868750603335142e-03,-2.049006158409209799e-02,4.224829575343876376e-01,2.995875722316154732e-01,-3.303363637004995976e-04,4.448467720054705143e-01,1.379825538597992862e-04,2.529919106529445252e-03,-6.826280235941277474e-05,4.193580659295145785e-01,-3.006856116777302246e-01,1.072812168868740416e-03,4.412185397402838549e-01,-7.019182397552980231e-04,1.282894820341319748e-03,1.422219142798404135e-03
1.964021064620773693e-01,2.675120297642958039e-03,7.494374888935554369e-01,-1.048656942427358832e-03,1.081387573350888788e-02,3.892043373814291218e-02,-9.991832465808621055e-01,-3.562144257086025667e-01,4.759122967110895192e-02,6.167392378564531125e-02,6.674232140423134174e-01,-2.972002796738125174e-01,-1.056108556488857299e-02,-3.666185364094355359e-01,3.336596794824637363e-02,7.136056172624261063e-02,6.721647020098842074e-01,-2.932311266448969778e-01,7.472471850687570361e-03,1.019809252366444575e-03,-1.409110480676283809e-03,-2.052169257567404079e-02,4.277413217016340918e-01,2.995461768097165689e-01,-3.350878313574384834e-04,4.486770144529151905e-01,1.653188929265035081e-04,2.546354975337864097e-03,-2.259826811738718848e-05,4.249582894558218693e-01,-3.006729518041356131e-01,1.095658323260325414e-03,4.453267331710897281e-01,-7.347884854641166053e-04,1.287844557908707742e-03,1.419362295200292130e-03
1.975756917955182879e-01,2.471537303761858328e-03,7.536255294929725679e-01,-9.240486605554389197e-04,1.099533044092242812e-02,3.883641483228464364e-02,-9.991846584718674373e-01,-3.345749316012040508e-01,4.669805257531039339e-02,6.243073093232033577e-02,6.271647737387211485e-01,-2.781659815801015845e-01,-1.071016025137622694e-02,-3.446745197229231783e-01,3.234675797737505271e-02,7.173134455210714022e-02,6.315405343606914634e-01,-2.741603443032687437e-01,7.229842546495506179e-03,8.261051210439614677e-04,-1.378590678498947198e-03,-2.057192424902096889e-02,4.328737634337062046e-01,2.995085130263602236e-01,-3.366686134017824210e-04,4.525134301255048230e-01,1.847591409244011336e-04,2.540638863368792268e-03,1.856297759798774622e-05,4.303949246329859535e-01,-3.006525600346839355e-01,1.100377340617339278e-03,4.494410562269597342e-01,-7.461871537481749340e-04,1.284074673341696702e-03,1.405436588782746658e-03
1.987536721311983778e-01,2.267702238224633075e-03,7.576147816385685463e-01,-7.945347079612265955e-04,1.116249746152927179e-02,3.876195767735961251e-02,-9.991858075463428968e-01,-3.128110600491799120e-01,4.580114249468901499e-02,6.318485928042177902e-02,5.864964288117401336e-01,-2.588137634684786748e-01,-1.085595653449190380e-02,-3.225567642989222161e-01,3.131801370529122691e-02,7.210673870546192854e-02,5.903814854619094943e-01,-2.547453256295413859e-01,7.000986420712287765e-03,6.393624048311169613e-04,-1.340368889736024641e-03,-2.067877170044567919e-02,4.379430602695696950e-01,2.994711110054518732e-01,-3.527667533447664144e-04,4.563547330810954761e-01,2.039369917474247098e-04,2.508949966515735836e-03,3.578757568242776845e-05,4.356934504409837317e-01,-3.006225339019568121e-01,1.078049815560390250e-03,4.535637866483567260e-01,-7.253033081118656156e-04,1.285205491541575006e-03,1.371592942729161482e-03
1.999331914997739545e-01,2.066938342277982801e-03,7.613695339349023650e-01,-6.709392269966096140e-04,1.134191481552992986e-02,3.868579254414810514e-02,-9.991868295089270102e-01,-2.910392097981249204e-01,4.486882535910508008e-02,6.392058477634519897e-02,5.457992598633644166e-01,-2.394458261779798258e-01,-1.101462242435948848e-02,-3.003652793893322182e-01,3.024362386053946333e-02,7.246900338795758678e-02,5.490709655558051461e-01,-2.353833062391158248e-01,6.773557764051290481e-03,4.770106806343658596e-04,-1.320949380172628702e-03,-2.078971640699079845e-02,4.429394636679666042e-01,2.994308158866907377e-01,-3.955051334653085092e-04,4.602188464002593959e-01,2.501329996427045744e-04,2.467355599023135417e-03,3.990773750617755022e-05,4.408560236983289360e-01,-3.005633552904038996e-01,1.050232221242715022e-03,4.577167910660199235e-01,-7.023815684561094102e-04,1.314884707005819012e-03,1.324354814725017511e-03
2.011109448429753144e-01,1.874585764341820749e-03,7.648491592366701841e-01,-5.536444973892693661e-04,1.155264518378985687e-02,3.860108546039048294e-02,-9.991877631698193873e-01,-2.694460407830392978e-01,4.389968495205093940e-02,6.461893740600840874e-02,5.055424618042001494e-01,-2.202523893123106424e-01,-1.118910345155027866e-02,-2.782522739334833961e-01,2.912649161144609256e-02,7.281470182288377058e-02,5.080190581259627081e-01,-2.162393508779431872e-01,6.547314556334070217e-03,3.652197623591451193e-04,-1.314576983178741571e-03,-2.088947254177144289e-02,4.478570308602182193e-01,2.993759320493263876e-01,-4.773441858307381019e-04,4.641175180062602768e-01,3.479907349101442489e-04,2.434090148983384522e-03,4.393167776601357698e-05,4.459024924357252728e-01,-3.004725169399981022e-01,1.039735185322002283e-03,4.619060533988023631e-01,-7.080202908785015840e-04,1.400959338805475443e-03,1.269027290563227387e-03
2.022922956838652531e-01,1.694064806388646946e-03,7.680596331821301082e-01,-4.422778840681600761e-04,1.178415601699447229e-02,3.852651716972996937e-02,-9.991879930883930117e-01,-2.478623398862622174e-01,4.290590959867070231e-02,6.533781587965856175e-02,4.653495954516260191e-01,-2.011359210784134377e-01,-1.136266117509282872e-02,-2.561299438632917980e-01,2.798644430795966392e-02,7.320258804428204924e-02,4.669979557485358090e-01,-1.972414562109580660e-01,6.332516080765350844e-03,3.549078203729681886e-04,-1.305738234130207490e-03,-2.099870019584037725e-02,4.527377968988391399e-01,2.992790357271281065e-01,-5.900649388328375964e-04,4.680420002166139071e-01,4.695546341392615661e-04,2.405054045601700153e-03,4.482340628140450944e-05,4.508350714730136044e-01,-3.003457529887481603e-01,1.030207905436651434e-03,4.661052498292385660e-01,-7.107794716326842205e-04,1.523290116212966611e-03,1.198201791479163326e-03
2.034825499815990091e-01,1.529213005317341155e-03,7.710110842887050175e-01,-3.429705530413043797e-04,1.200816430028913556e-02,3.848956146787201743e-02,-9.991867893538962653e-01,-2.261977819062713502e-01,4.189012741055028743e-02,6.614783219588896146e-02,4.249180038837215845e-01,-1.818807838354095374e-01,-1.152768335410948690e-02,-2.339696514315816878e-01,2.683824756594245173e-02,7.372069443250760246e-02,4.257845535452447483e-01,-1.781305890705516815e-01,6.135659658543290984e-03,4.993762774282786438e-04,-1.287701086242493435e-03,-2.118910566449768926e-02,4.576271262249837490e-01,2.991092318476979428e-01,-7.234359137413654776e-04,4.720106962050099608e-01,5.905656897223825414e-04,2.374895529257944459e-03,3.923555516420571004e-05,4.556610727187649923e-01,-3.001732117630015462e-01,1.005231763500294547e-03,4.703188590768197508e-01,-6.842939775686605582e-04,1.661771552593166576e-03,1.104590162250072448e-03
2.046670852725784862e-01,1.380638727365708467e-03,7.736733139217233379e-01,-2.484057345183882147e-04,1.224963894871765498e-02,3.840853605600114129e-02,-9.991870040178922885e-01,-2.047704044450427419e-01,4.079988667829752280e-02,6.685565950586500050e-02,3.849489269450724338e-01,-1.629271402775490374e-01,-1.168579040020924220e-02,-2.119180075779953099e-01,2.562318158271180424e-02,7.418818889913035564e-02,3.848858889243079728e-01,-1.594336024120852346e-01,5.956667096118741130e-03,7.253089590173857158e-04,-1.282314021058282832e-03,-2.134618599726042371e-02,4.625112779450405998e-01,2.989323771479514003e-01,-8.988956102275161199e-04,4.759341925770554371e-01,7.413873123626518388e-04,2.319521765171130186e-03,1.017819921478757984e-05,4.603264075894376028e-01,-2.999576073473429472e-01,9.632051923687980468e-04,4.744726702297979437e-01,-6.420043392145308690e-04,1.832014932532110207e-03,9.798224856981015141e-04
2.058305953951776457e-01,1.250664440102529796e-03,7.760170995185667886e-01,-1.394380315687653992e-04,1.252189046925164702e-02,3.819396391172712180e-02,-9.991918754357547172e-01,-1.840030645827574196e-01,3.962230484541125891e-02,6.724734267861212644e-02,3.462771655449575214e-01,-1.446247202501156626e-01,-1.183230530264027525e-02,-1.901956093067117270e-01,2.432359053849987227e-02,7.441577663610801641e-02,3.448631905064939440e-01,-1.414468442670602788e-01,5.797370633422445178e-03,9.426953111841892153e-04,-1.278742459279801937e-03,-2.140016347018800641e-02,4.673664274048254241e-01,2.987985342429835822e-01,-1.136275864012235414e-03,4.797633976917501930e-01,9.543676124203470928e-04,2.223924416462672460e-03,-5.948973612156432456e-05,4.647917960372514035e-01,-2.997098908816130391e-01,9.018980826973401225e-04,4.785210856623632880e-01,-6.023379479481780598e-04,2.058094785029091107e-03,8.171729971717261749e-04
2.070010198105007027e-01,1.150726865309496501e-03,7.780826740932349495e-01,-2.147386037904069303e-05,1.279873564436762208e-02,3.799242028765056900e-02,-9.991960607936086758e-01,-1.634372068682091728e-01,3.847517153405650980e-02,6.773625047112617759e-02,3.079583414261496399e-01,-1.264093863965530529e-01,-1.201317532531216183e-02,-1.685874706883595531e-01,2.307727465890516833e-02,7.480357709434708180e-02,3.050437141883929337e-01,-1.232170962819583854e-01,5.607222540177885309e-03,1.542909711023614412e-03,-1.210412795271373181e-03,-2.154714417770143761e-02,4.724524559162439075e-01,2.986961759087631285e-01,-1.486474222366332594e-03,4.834429195464329254e-01,1.272312443152164322e-03,2.059207791017651518e-03,-2.098912774727765534e-04,4.690289073741976122e-01,-2.994756527020897008e-01,7.382331483665657010e-04,4.824213814231131381e-01,-4.663930122474711087e-04,2.406903633034419756e-03,5.937671404086195545e-04
2.082101374939156757e-01,1.089856576426003441e-03,7.799129112255693830e-01,8.158718161820574814e-05,1.303858910938760114e-02,3.797446870885049647e-02,-9.991936390229115839e-01,-1.426193272220433739e-01,3.742593355014138534e-02,6.877321404169922658e-02,2.690406085932000591e-01,-1.077110961621555729e-01,-1.224820663005113733e-02,-1.468665623454427915e-01,2.195874554891112662e-02,7.578295325285472339e-02,2.646734421727548470e-01,-1.039949521990894826e-01,5.353990217350309937e-03,2.928475505370146600e-03,-1.058103893561811257e-03,-2.203570140987652984e-02,4.780621912863643463e-01,2.986336082528086577e-01,-2.006289791546406187e-03,4.869164349261781988e-01,1.749901099301632776e-03,1.795265791072685971e-03,-4.882013932181123784e-04,4.730327828757761588e-01,-2.992839622981137704e-01,3.891113269399950779e-04,4.861609020434161654e-01,-1.361165907348106056e-04,2.960925884371244741e-03,2.844751740221136845e-04
2.094109030536268068e-01,1.064129403845604990e-03,7.814545388490710121e-01,2.050728024583124091e-04,1.336609275097692603e-02,3.756388004296046940e-02,-9.992048140525723321e-01,-1.223726535706866347e-01,3.602270603318207670e-02,6.884940469378596217e-02,2.312666721965865313e-01,-8.956926919641204632e-02,-1.235654982758351353e-02,-1.255391205022433621e-01,2.052131153540704203e-02,7.584434089239698584e-02,2.258002333468756284e-01,-8.534688812495179466e-02,5.215216922298837078e-03,4.539444883909208965e-03,-8.054615217119370438e-04,-2.255726752651913969e-02,4.836310350840908323e-01,2.986045948703997532e-01,-2.532567484566582931e-03,4.901309630255323846e-01,2.236961927879608635e-03,1.532445450436215571e-03,-7.960099029458976051e-04,4.768840036102934832e-01,-2.991655011255107688e-01,-3.408427299351926391e-07,4.896230115462442134e-01,2.375916593094497503e-04,3.547095193683732790e-03,-2.558989714876062438e-05
2.105513621229405385e-01,1.064826912914869621e-03,7.826603060941529355e-01,3.465405802837848354e-04,1.388788908628517220e-02,3.616545858949556103e-02,-9.992492512138122507e-01,-1.036401961442829922e-01,3.388845221912140104e-02,6.662761862267566060e-02,1.964737375109851802e-01,-7.276146951232624616e-02,-1.219867575297459497e-02,-1.052438486866393019e-01,1.838782374311707934e-02,7.362166862312162496e-02,1.906300450191142082e-01,-6.884996618289521142e-02,5.312496637440897694e-03,5.766774604806373071e-03,-5.357236657828497433e-04,-2.285169443599914529e-02,4.885969286192538563e-01,2.986386714780188689e-01,-2.880525645775309194e-03,4.930599107142727422e-01,2.585895176234834399e-03,1.373412588477992535e-03,-1.033829986847614908e-03,4.806246984250261978e-01,-2.990957754392684631e-01,-2.757915748999116958e-04,4.927789249440155950e-01,5.014527863369682998e-04,3.993458191319911380e-03,-2.518915201231836901e-04
2.116605215044916055e-01,1.084046859278950262e-03,7.835649251989622588e-01,5.244778608125547819e-04,1.465333237290664982e-02,3.354141943124129555e-02,-9.993297643700401744e-01,-8.617938380569244161e-02,3.103841407645753503e-02,6.175878295109277216e-02,1.643393718819870508e-01,-5.712969064213453685e-02,-1.175729130127877581e-02,-8.550926076634290940e-02,1.552366540847628651e-02,6.861575912594579385e-02,1.586670632890932464e-01,-5.475078504447932620e-02,5.604472949037151049e-03,6.263357120969566608e-03,-2.390022262670745616e-04,-2.302242737530207917e-02,4.928044132972644320e-01,2.987210530535627240e-01,-2.972689194083977336e-03,4.956831147466984056e-01,2.702336080950982957e-03,1.391910433139903610e-03,-1.146584865900307591e-03,4.845426924056134843e-01,-2.990977164700912017e-01,-3.398227790410156030e-04,4.955549660283763980e-01,5.654913114997049337e-04,4.231298239902739691e-03,-3.309519894297898454e-04
2.127681099849964563e-01,1.110730875849840881e-03,7.842152900434156138e-01,7.343866731793210556e-04,1.571037810471979587e-02,2.943131063597745692e-02,-9.994430662375268781e-01,-6.977361665992695694e-02,2.742792355527494050e-02,5.378942937413164205e-02,1.345445572200133222e-01,-4.232636630012979323e-02,-1.101677029586938840e-02,-6.590018475346638704e-02,1.186411274304976365e-02,6.027209206029935512e-02,1.295136267968680921e-01,-4.304397385661706127e-02,6.120476341875771310e-03,5.641064048658458660e-03,2.810183169967770929e-05,-2.320119948952660202e-02,4.960878759525276793e-01,2.988413459047725151e-01,-2.715927324599794884e-03,4.980536085594278739e-01,2.488204402691871972e-03,1.665197153763678210e-03,-1.073904819758890634e-03,4.889016484127845508e-01,-2.991552419479761582e-01,-8.673130778076392194e-05,4.979804676813154862e-01,3.280371065538017421e-04,4.181139857281728628e-03,-1.923618597881926245e-04
2.138240896321475515e-01,1.160597416932767148e-03,7.846404544924249214e-01,9.093443331559617751e-04,1.696747823585100651e-02,2.458458491807149690e-02,-9.995533382264329969e-01,-5.482099087025374407e-02,2.359176662173698494e-02,4.446971092379608387e-02,1.080936041236301298e-01,-2.882190593001029977e-02,-1.025256251295333584e-02,-4.740999901556963714e-02,8.016307156114578156e-03,5.059548358725880074e-02,1.040220317446475112e-01,-3.334035604699521482e-02,6.674618816886632340e-03,4.579112878346262676e-03,2.789331697685066874e-04,-2.339076725960159697e-02,4.986753974458819072e-01,2.989724310732829737e-01,-2.300415201742928017e-03,5.000614113952503992e-01,2.111711871676658862e-03,2.057933375652958898e-03,-9.217417814392699646e-04,4.931311527863504462e-01,-2.992927179705258678e-01,2.982626769358031325e-04,5.000010840043355165e-01,-4.361745823266071839e-05,3.981751942707775077e-03,4.658678614280760779e-05
2.147778387485478613e-01,1.251896953581903716e-03,7.848775759245284478e-01,1.011849548910774251e-03,1.831211334937912771e-02,1.979669871554374724e-02,-9.996358003718834873e-01,-4.176945975037168329e-02,1.998625803108327811e-02,3.544234361662307320e-02,8.594969399397768550e-02,-1.718613853684167192e-02,-9.586940494431695631e-03,-3.114796287567977648e-02,4.482323196152859443e-03,4.141798032233982851e-02,8.318689171671632410e-02,-2.551658701046657929e-02,7.177441965536389239e-03,3.844311224678654583e-03,6.105476160428041383e-04,-2.364799575631095288e-02,5.007870663713357429e-01,2.990212757045198622e-01,-1.930886098990102504e-03,5.016974813029955182e-01,1.749953880454462214e-03,2.435985123224195491e-03,-7.980588974885374082e-04,4.966471480897556856e-01,-2.995612872534154647e-01,6.076385130830565902e-04,5.016049806509408349e-01,-3.853369300881063163e-04,3.775801428499661605e-03,2.695121306263125187e-04
2.156234330035393110e-01,1.359422918329799678e-03,7.849763147174192435e-01,1.042768139301386088e-03,1.982176787906301044e-02,1.497901154333589231e-02,-9.996907718719529878e-01,-3.050413698104541965e-02,1.653797802570637632e-02,2.643013849634267415e-02,6.826533368712596472e-02,-8.223119085212136914e-03,-8.827025264209179337e-03,-1.696417015758334979e-02,1.090593893226867415e-03,3.210169767352009929e-02,6.721402856830700767e-02,-2.038432742128506309e-02,7.807666640692102235e-03,2.970012207598135903e-03,8.876029472803232236e-04,-2.374929780649375627e-02,5.022056104238410423e-01,2.990509378838684951e-01,-1.529047709390662056e-03,5.029292093798113372e-01,1.348553418746018927e-03,2.812274808630796461e-03,-6.550944900818766103e-04,4.996190367775185659e-01,-2.998535957456737178e-01,9.171120473813593448e-04,5.027845747836326984e-01,-7.399280406396033846e-04,3.490889416242582127e-03,4.997327299016386063e-04
2.163553145402089817e-01,1.459714997650534210e-03,7.849835222819179226e-01,1.011031066391798218e-03,2.156695179039053167e-02,1.001114104552503284e-02,-9.997167706213699878e-01,-2.099277470548287922e-02,1.316925873967084853e-02,1.710699357129218112e-02,5.521255737657430884e-02,-2.114276033038070546e-03,-7.889478418084060543e-03,-4.767487121649427451e-03,-2.256480562829093171e-03,2.222057463406781549e-02,5.636918471606638253e-02,-1.828734562301255473e-02,8.619813371610246522e-03,1.451470836875897201e-03,9.996330812617091558e-04,-2.349803207716064102e-02,5.027159832312069199e-01,2.991057170203748061e-01,-1.021565984801318071e-03,5.037288535927635369e-01,8.519055115756441745e-04,3.213625423648809078e-03,-4.429521214290741901e-04,5.022388299106770315e-01,-3.000712676630271081e-01,1.302571218266394305e-03,5.035041307194672022e-01,-1.153933689484995789e-03,3.057646963053855648e-03,7.629277781869341036e-04
2.169877264757870960e-01,1.545798873397400981e-03,7.849516770304334479e-01,9.428344055306111865e-04,2.334139380189955565e-02,5.516630810096616322e-03,-9.997118870870616014e-01,-1.314166648404872448e-02,1.026107142489503590e-02,8.785261118186785817e-03,4.600821130305037671e-02,1.991552381054355336e-03,-7.024638780201329473e-03,5.437609693630966398e-03,-5.088488922968681036e-03,1.362551514510194212e-02,4.915626654584388799e-02,-1.795586045751541501e-02,9.412063157658462700e-03,-2.326200444948511685e-04,1.013075463189200753e-03,-2.319375074377283061e-02,5.027480192752480370e-01,2.991613692195140284e-01,-5.351408121467439829e-04,5.042821012992005913e-01,3.714147542289655021e-04,3.581037182852246821e-03,-2.323258254939223190e-04,5.043741071935171627e-01,-3.002249297454583910e-01,1.670275737146839591e-03,5.039793532114544838e-01,-1.553145838455579188e-03,2.606348060084959228e-03,1.008649039716103153e-03
2.175363989008008703e-01,1.611975229037603853e-03,7.849169608064653358e-01,8.679620390178478806e-04,2.492670322842696282e-02,2.153548713044821893e-03,-9.996865850535364695e-01,-6.880155025826633144e-03,8.177188225445252909e-03,2.784859512201473715e-03,3.992975696353472798e-02,4.600116357283030866e-03,-6.419226661376065124e-03,1.355724302527419947e-02,-7.025903340367993348e-03,7.857729361386029537e-03,4.417223341079899723e-02,-1.812544938814913964e-02,9.961890887687034277e-03,-1.533557723521336872e-03,1.010886050622177793e-03,-2.317030217457938593e-02,5.027909389305018628e-01,2.992042123578760315e-01,-1.992363674670832255e-04,5.046849103413607596e-01,1.591370829240378124e-05,3.876838077152591679e-03,-9.260971381520570890e-05,5.059527807486557949e-01,-3.003584722695047948e-01,1.943552575594283908e-03,5.043086241240397616e-01,-1.864324027278577503e-03,2.287026946219208184e-03,1.190265452569924057e-03
2.179695620908204123e-01,1.656930456504132274e-03,7.848880670819611272e-01,8.154099060449427521e-04,2.629753166512082893e-02,1.548344248477229353e-04,-9.996538155588206020e-01,-2.441333018540181067e-03,7.033649827916248036e-03,-4.477828083069277688e-04,3.742448510323940353e-02,5.189348925308541471e-03,-6.063392992961288627e-03,1.918182331438426577e-02,-8.079628259174827590e-03,4.904108852813594821e-03,4.189347027044695165e-02,-1.886374884037320468e-02,1.030620227834613128e-02,-2.110482793335158314e-03,1.069064622545431000e-03,-2.323624938362204434e-02,5.029974858185844999e-01,2.992380919322260024e-01,-8.362330149582862385e-05,5.049278388539029105e-01,-1.258251811882515588e-04,4.000705337138420713e-03,-7.107386886624579895e-05,5.067508437618376549e-01,-3.004529781642478747e-01,2.016374013534342081e-03,5.045053347833666768e-01,-1.977250681078443050e-03,2.157967289034292378e-03,1.250450924326647513e-03
2.182530514920507647e-01,1.676914347041633113e-03,7.848639899781191254e-01,7.941569386481710886e-04,2.738850559388192676e-02,-2.381766450243714983e-04,-9.996245206816293249e-01,-1.949630573253612921e-04,6.940119707133127029e-03,-3.556588001220665454e-04,3.905194674959858864e-02,3.190140610052744161e-03,-5.957006839818039697e-03,2.177119619346040355e-02,-8.227890369158739892e-03,5.044477136211580545e-03,4.283974087304461692e-02,-2.030384611637968059e-02,1.045005726309846880e-02,-1.625687586448380318e-03,1.217770254155209645e-03,-2.326582503565632551e-02,5.035577028676609945e-01,2.993087556277280736e-01,-2.709211348534757476e-04,5.049239242631504698e-01,3.794291085967079358e-05,3.850323741760188975e-03,-2.190376765526898175e-04,5.065631031882639190e-01,-3.004791613666614736e-01,1.782390060300346763e-03,5.045351703070942717e-01,-1.766966334176277385e-03,2.289989022409725204e-03,1.124175526264765534e-03
2.184406152596940209e-01,1.675559403537664298e-03,7.848489692246064520e-01,7.722925555345913629e-04,2.826423670825609427e-02,2.362257269113397242e-04,-9.996001604066073742e-01,8.442365919033151516e-04,7.289078380951571554e-03,1.208621758564991638e-03,4.246026850413391757e-02,4.379815120366748263e-04,-6.003967973076931343e-03,2.270813289070586910e-02,-7.988319133130156874e-03,6.567716246105726428e-03,4.518786719736625490e-02,-2.181986154715382861e-02,1.047103322568405243e-02,-7.590688258202198287e-04,1.345779057398012631e-03,-2.324557430965281182e-02,5.041834993060563264e-01,2.993820084830768335e-01,-5.712554575556826920e-04,5.048270280648324837e-01,3.185914503263955443e-04,3.598451723363249415e-03,-4.259482821637057526e-04,5.059387956615032378e-01,-3.004500010124905307e-01,1.444148110204275959e-03,5.045055342651793007e-01,-1.446694496063002412e-03,2.528043318897855388e-03,9.251567889400699610e-04
2.185829359735999011e-01,1.657306772779464218e-03,7.848458174338076576e-01,7.271241709987292818e-04,2.898589714657023517e-02,8.188218793770601694e-04,-9.995792207663077855e-01,1.628121990165745138e-03,7.588463902451689051e-03,2.642847170093816020e-03,4.543555401794519000e-02,-1.598134745668069578e-03,-6.069090686542901597e-03,2.335071565251247566e-02,-7.815010675284598043e-03,7.852710396299995149e-03,4.713951196772596386e-02,-2.276416411443146770e-02,1.044375326209808809e-02,-2.333019251792773675e-04,1.354117854151982384e-03,-2.316923395947368888e-02,5.045797487321498354e-01,2.994351118501425990e-01,-8.016417261082451088e-04,5.047759918007511670e-01,5.264031741910673266e-04,3.419214267752652796e-03,-5.814236548402413511e-04,5.054361274583992758e-01,-3.003828436181921191e-01,1.204994819655088624e-03,5.045113427629684955e-01,-1.230555519167088156e-03,2.712322770109723905e-03,7.676482547228719250e-04
2.186901114229125309e-01,1.626330852402116389e-03,7.848468646710486940e-01,6.958432242889860640e-04,2.951606804762812661e-02,1.402231713093689876e-03,-9.995630801882584571e-01,2.160343227265199614e-03,7.881645813108259166e-03,3.847100648650014776e-03,4.783520065482584765e-02,-3.343455113522574972e-03,-6.195343876855672130e-03,2.375994762685989733e-02,-7.615929421491015282e-03,8.902199355354231680e-03,4.859836061391781259e-02,-2.361181694993469068e-02,1.033635528085771749e-02,6.702749683265226983e-05,1.332228364503610860e-03,-2.309538658078319484e-02,5.047923935244079674e-01,2.994708512697897840e-01,-9.637913529711042513e-04,5.047241265997877147e-01,6.696858757156837205e-04,3.280906824097177751e-03,-6.852885263878649800e-04,5.050583309305393120e-01,-3.003073967906313979e-01,1.033869711790767580e-03,5.044930085498690042e-01,-1.072071436027749458e-03,2.827347264356665051e-03,6.519240724727501466e-04
2.187761309839374446e-01,1.584049717486301625e-03,7.848492596211799066e-01,6.989238482334660541e-04,2.980810872901577813e-02,1.884672837807776060e-03,-9.995536184556329529e-01,2.415752756102036627e-03,8.170254082591013947e-03,4.673777541900783414e-03,4.947185382946218263e-02,-4.771760184136664140e-03,-6.388250336175961032e-03,2.395772606185225806e-02,-7.360548018742990410e-03,9.624752632424586965e-03,4.944152902072020128e-02,-2.441783086003608202e-02,1.012887510473659512e-02,2.700746561872477977e-04,1.320763564260933305e-03,-2.315715589555144421e-02,5.048991018147127585e-01,2.995059946013033381e-01,-1.055286664170286591e-03,5.046634620800224402e-01,7.643542960168449004e-04,3.166275887562844046e-03,-7.400007101627454394e-04,5.048191935896583216e-01,-3.002314315105873987e-01,9.081147379246826351e-04,5.044571183743927767e-01,-9.321222468289228243e-04,2.872781421234362094e-03,5.835957346936968427e-04
2.188444574095266548e-01,1.535760291475010524e-03,7.848516163768191056e-01,7.105560564279338230e-04,2.996189440594933251e-02,2.267008569002754680e-03,-9.995482182795617510e-01,2.545628243457680965e-03,8.415753109583255440e-03,5.241180107396691164e-03,5.053631019886877657e-02,-5.873954482143954776e-03,-6.587739041125095958e-03,2.404564457759129914e-02,-7.119212753170185703e-03,1.010577935416996122e-02,4.991013890633966277e-02,-2.506793279226724250e-02,9.889717858995042757e-03,4.112678259057216254e-04,1.291085459775463988e-03,-2.323100973702303326e-02,5.049349056669978353e-01,2.995458235640089395e-01,-1.100876326071966718e-03,5.045973610747450655e-01,8.219159419274979072e-04,3.077054254497275324e-03,-7.677644095260784032e-04,5.046523074672097930e-01,-3.001611864970357701e-01,8.209662506208132869e-04,5.044126281137044643e-01,-8.227222151273581082e-04,2.883713427820649988e-03,5.417849200401559468e-04
2.189120407384239075e-01,1.489242939680167441e-03,7.848544178689064177e-01,7.033017363053309769e-04,3.002672679420148594e-02,2.549759207451316508e-03,-9.995455966451352037e-01,2.600637352022113977e-03,8.556755331222210340e-03,5.619248238189125839e-03,5.118854100820512815e-02,-6.484216547922587622e-03,-6.749917642658886420e-03,2.402328252898158073e-02,-6.970301899431505764e-03,1.039837697850758656e-02,5.025098870852986316e-02,-2.540736175102548122e-02,9.687634896116674443e-03,5.261079535566216261e-04,1.217139299364889326e-03,-2.341862657120078947e-02,5.050182450260811695e-01,2.995935441940782984e-01,-1.140881899813790375e-03,5.046001218176900949e-01,8.696176375317692846e-04,3.067103010351592256e-03,-7.989370149872022323e-04,5.045801317937076425e-01,-3.001135419742923527e-01,7.792761659952561395e-04,5.044349045058430514e-01,-7.697111686243348358e-04,2.949381689720942303e-03,5.144874859568018127e-04
2.189769118713741358e-01,1.446598485278515617e-03,7.848573102823916958e-01,6.833532583119311318e-04,3.004658498094753966e-02,2.713231422532156809e-03,-9.995445833651223078e-01,2.671583870672523606e-03,8.605114018809497875e-03,5.781870174249924103e-03,5.144581347535468613e-02,-6.669331152539008899e-03,-6.867692875778093169e-03,2.401797841361919678e-02,-6.912794827806227095e-03,1.048466527996933136e-02,5.041582041814541421e-02,-2.550986869879026675e-02,9.531463075731652287e-03,5.759518478380804517e-04,1.121726349430569739e-03,-2.363273871743849092e-02,5.050984600347742104e-01,2.996386981997878340e-01,-1.161637865141720936e-03,5.046409807467316933e-01,9.054068942785809676e-04,3.104725523960987898e-03,-8.103934258968684091e-04,5.045895146481725879e-01,-3.000829687643807309e-01,7.676247947627602231e-04,5.044850904136475300e-01,-7.417130477999431129e-04,3.021865648319061511e-03,5.138349426405682636e-04
2.190282325624137161e-01,1.409399654926945340e-03,7.848598784261678896e-01,6.589319966431184811e-04,3.005196655720058022e-02,2.741763085239724059e-03,-9.995443601210773910e-01,2.831725689301830239e-03,8.575529094381093356e-03,5.700936320854874985e-03,5.128330191400228694e-02,-6.575146121008422495e-03,-6.949165163422453724e-03,2.413284428238036614e-02,-6.938617341042643133e-03,1.033771019200985415e-02,5.032663842181426400e-02,-2.549578091762680701e-02,9.426924356442262579e-03,5.263184706420880304e-04,1.030644384583562310e-03,-2.372299499943490361e-02,5.050842433993887326e-01,2.996696051262812688e-01,-1.146950510337587390e-03,5.046486027783623207e-01,9.239557639968384081e-04,3.118541358098538517e-03,-7.788796177169724161e-04,5.046276363896917694e-01,-3.000639367076201047e-01,7.726307996064683391e-04,5.044932875463168376e-01,-7.106797689391438884e-04,3.025829647253433421e-03,5.516102789049882014e-04
2.190687877286810192e-01,1.377893171829827970e-03,7.848618663451596422e-01,6.365097459768919667e-04,3.005062196834173277e-02,2.694180926726798177e-03,-9.995445444620234543e-01,3.020575912792199634e-03,8.515628354750275075e-03,5.505821419687728299e-03,5.092827186504516462e-02,-6.302408242522516621e-03,-7.005145022641383508e-03,2.429723954485031590e-02,-7.001022346640789831e-03,1.007657909896456962e-02,5.012332328874719023e-02,-2.538893431784501262e-02,9.357123181798376876e-03,4.366086411048713980e-04,9.591003391829563008e-04,-2.373209652555259563e-02,5.050303733662256933e-01,2.996937181211754564e-01,-1.118966041996451773e-03,5.046361974317615795e-01,9.249222375322033304e-04,3.115353249807696189e-03,-7.438081259404645366e-04,5.046744547335050290e-01,-3.000555856791986553e-01,7.860398893267784388e-04,5.044855474025791153e-01,-6.925117906700726383e-04,3.003722307104156244e-03,5.924421403492965196e-04
2.191016673465782938e-01,1.352060207050915022e-03,7.848628741450968116e-01,6.194382410386305030e-04,3.004440704519833680e-02,2.629000015393337039e-03,-9.995449155793290075e-01,3.156801067771591168e-03,8.464762158783036006e-03,5.318618798130762652e-03,5.061382257529189327e-02,-5.930542514500220658e-03,-7.045935043789394552e-03,2.442216984824946424e-02,-7.062013493146036824e-03,9.819454120999146496e-03,4.995732594209242178e-02,-2.520582191809203620e-02,9.303990828469364122e-03,3.667134884373365942e-04,9.142059592512942479e-04,-2.372784531248554526e-02,5.049992142857594457e-01,2.997196930893766265e-01,-1.098035798044695241e-03,5.046165698207513151e-01,9.060027088999810787e-04,3.103561638188946908e-03,-7.443633297645163138e-04,5.047140346021873336e-01,-3.000530687807853591e-01,7.987649101565988353e-04,5.044912857741183920e-01,-7.019310051132064470e-04,3.000137864697074302e-03,5.990176254907961760e-04
2.191260127298683691e-01,1.331327130755191384e-03,7.848628761422684619e-01,6.080347209174235493e-04,3.003966463381920957e-02,2.548388388952020286e-03,-9.995452738916261737e-01,3.256075565872339640e-03,8.416283327514059373e-03,5.112068632546645265e-03,5.034825567004123231e-02,-5.554618307864312050e-03,-7.067128297312220628e-03,2.452769180088194140e-02,-7.122892320460933423e-03,9.548397242594727427e-03,4.982296834360083054e-02,-2.503630737060067585e-02,9.274537735496147725e-03,3.137684994761492647e-04,8.901250321768161902e-04,-2.369510250512038910e-02,5.049664413925661899e-01,2.997359402384836002e-01,-1.078389904029759599e-03,5.045959611420314239e-01,8.818919882957532760e-04,3.084790999012578840e-03,-7.503052109698303031e-04,5.047428320673690294e-01,-3.000465820035915776e-01,8.069140360589638046e-04,5.045030920320322521e-01,-7.131925495330124903e-04,3.000517497943051230e-03,5.938152012829652632e-04
2.191427407213339951e-01,1.315016912302968645e-03,7.848621253554888266e-01,6.008256585244033370e-04,3.004243672309379193e-02,2.456961311867815988e-03,-9.995454238529531965e-01,3.321601278496545684e-03,8.364248022140537142e-03,4.875564796057454096e-03,5.015554754521184266e-02,-5.155830896218359209e-03,-7.065921664396719246e-03,2.461598735714067010e-02,-7.186112404018982908e-03,9.261112098802225245e-03,4.973389602968814049e-02,-2.483595162371438764e-02,9.270226124049247771e-03,2.732594569292562392e-04,8.767159863548625032e-04,-2.365483363134540315e-02,5.049254147127612002e-01,2.997353736826047221e-01,-1.060235103156049108e-03,5.045915720082821965e-01,8.743501330102861372e-04,3.069975558975581061e-03,-7.340632473304475403e-04,5.047713715696398040e-01,-3.000268109063528033e-01,8.123149571439813301e-04,5.045236518895626077e-01,-7.046995154054348396e-04,2.997265632840905806e-03,6.042709356215066616e-04
2.191569969153154274e-01,1.302933215036488875e-03,7.848604254130889801e-01,5.964632636264487805e-04,3.004745879822360785e-02,2.366803789075320064e-03,-9.995454930573040020e-01,3.386846424197215762e-03,8.316139705729348394e-03,4.653100947300589825e-03,5.000386717369959683e-02,-4.987538522575959629e-03,-7.055781333754616511e-03,2.470662245603104032e-02,-7.246107736126845139e-03,8.989754760455640273e-03,4.966632417752188389e-02,-2.481304752281924056e-02,9.276220060434478554e-03,2.358428507083136852e-04,8.728792203448068696e-04,-2.361933121319461856e-02,5.048916406362616849e-01,2.997316088630204156e-01,-1.053066246404824784e-03,5.045904948490740338e-01,8.749250497437247942e-04,3.058828388872348366e-03,-7.203933191350476517e-04,5.047933475496529931e-01,-3.000091717911585465e-01,8.183150056056560364e-04,5.045381028569078108e-01,-6.973906246553529314e-04,2.989557853834220666e-03,6.158422740977967770e-04
2.191734331037326899e-01,1.295217086518194935e-03,7.848585268784773472e-01,5.916952745825656071e-04,3.005705305245058578e-02,2.290588635546265874e-03,-9.995453849937018242e-01,3.480711113833605350e-03,8.272144800416669080e-03,4.479309444207011347e-03,4.987074070209455284e-02,-5.060582837678526472e-03,-7.046691342316193513e-03,2.481601746574762721e-02,-7.303486988086090037e-03,8.764991500309710082e-03,4.960458036946042287e-02,-2.496545900468373491e-02,9.280970948260837405e-03,1.934143327912160679e-04,8.740831273924119403e-04,-2.360206610102073138e-02,5.048799190195948361e-01,2.997342478200246685e-01,-1.063304380042859971e-03,5.045876257777059948e-01,8.724889524667331277e-04,3.051152775023383262e-03,-7.328718752756937854e-04,5.048004795858579419e-01,-3.000044706838945752e-01,8.249326858629850131e-04,5.045398200504060959e-01,-7.102312912180698112e-04,2.976638024681435048e-03,6.114086417422037820e-04
2.191866442921501790e-01,1.290922718018479645e-03,7.848574148292596364e-01,5.913201557708842523e-04,3.007397572481047832e-02,2.229214607833776562e-03,-9.995450149577105314e-01,3.574571572358015929e-03,8.243682293627156016e-03,4.343822411040735958e-03,4.977578384907237197e-02,-5.151618968834962946e-03,-7.042480497625191321e-03,2.492272818163190906e-02,-7.344888420863372736e-03,8.583680072721356497e-03,4.956131406466429690e-02,-2.511341227069914875e-02,9.281200239738296789e-03,1.591430358706195350e-04,8.854831461191801836e-04,-2.357519038327454339e-02,5.048675937306635886e-01,2.997383177079533390e-01,-1.076219315704015234e-03,5.045825880621639392e-01,8.680295522902521394e-04,3.042388894808535464e-03,-7.532262064200863881e-04,5.047923289244148348e-01,-3.000076355445795984e-01,8.279739179686988531e-04,5.045358136771787017e-01,-7.261387053732854761e-04,2.962835887903195881e-03,6.015928237015196129e-04
2.191963315149601244e-01,1.288935324395696020e-03,7.848577319995111434e-01,5.964242623856364596e-04,3.008130711020946813e-02,2.187277804894813618e-03,-9.995448839629190729e-01,3.595210787603326033e-03,8.235522340529500759e-03,4.245996451911654944e-03,4.975660417082049258e-02,-5.045717176149474258e-03,-7.045381780389277371e-03,2.495293825272124413e-02,-7.364027078914384128e-03,8.451560792480272699e-03,4.957056698765670288e-02,-2.505433391919000691e-02,9.273868436921729047e-03,1.493188304468929834e-04,9.029549804239100008e-04,-2.361036122434842510e-02,5.048755625143630521e-01,2.997470091334250020e-01,-1.087694600095014206e-03,5.045911384767602925e-01,8.722079478005128304e-04,3.047524802010190704e-03,-7.690399715791893962e-04,5.048085452594998079e-01,-3.000163722685547096e-01,8.360491144629108879e-04,5.045524555733367222e-01,-7.376954541246220388e-04,2.972688744224319130e-03,6.049217052691703393e-04
2.192031043305529836e-01,1.288609912815208425e-03,7.848582312337616385e-01,6.048966592265815840e-04,3.009545408837129704e-02,2.157963425027126930e-03,-9.995445167360497152e-01,3.602866036754256897e-03,8.240069139656688163e-03,4.175341048313130354e-03,4.979452595281678995e-02,-4.946369145687397849e-03,-7.046056872954018294e-03,2.496818065996849953e-02,-7.371191787963258038e-03,8.344882864094184741e-03,4.962197969212259890e-02,-2.499112664209402271e-02,9.267592677476385599e-03,1.471345015971512837e-04,9.208749901564556532e-04,-2.366076050928324348e-02,5.049041816303274643e-01,2.997637956196843589e-01,-1.098933432616838474e-03,5.045990568935683207e-01,8.827986878192674303e-04,3.054572878036737691e-03,-7.813248487358628565e-04,5.048418193009893695e-01,-3.000290388482942383e-01,8.417385576431878893e-04,5.045726456613151001e-01,-7.398949229974637791e-04,2.992786521699178099e-03,6.157770546868964736e-04
2.192068846842991636e-01,1.289588006570512079e-03,7.848581328128635404e-01,6.129003020884571037e-04,3.011905600426091276e-02,2.136470615883226051e-03,-9.995438471182442886e-01,3.620395281958193549e-03,8.245128360646267196e-03,4.121060483530208235e-03,4.986285874773951216e-02,-4.921554251349530458e-03,-7.037210202689298845e-03,2.498987079138169365e-02,-7.379600940315581524e-03,8.247430624017448864e-03,4.969568386227278534e-02,-2.497859904547057933e-02,9.269462685222966056e-03,1.360556780378524241e-04,9.302515161392043959e-04,-2.370818772163858779e-02,5.049598289808631124e-01,2.997911504045615572e-01,-1.111181532060285301e-03,5.045961794166325953e-01,8.987624136865269816e-04,3.052552057437945936e-03,-7.902053246048821320e-04,5.048888761318940377e-01,-3.000410481030782450e-01,8.369075391300248188e-04,5.045833884881689713e-01,-7.266230724529506744e-04,3.011252072844999416e-03,6.281754682737623451e-04
2.192008622536950335e-01,1.291930939097529936e-03,7.848577069297622000e-01,6.230040607290493124e-04,3.014423031546238640e-02,2.121808504669911530e-03,-9.995431132138817842e-01,3.625743710375474872e-03,8.253599997985824541e-03,4.064649091108641504e-03,4.991723896462916393e-02,-4.765334754041900510e-03,-7.039257768287716585e-03,2.499633117725847536e-02,-7.381750616778643206e-03,8.160314747444019981e-03,4.975456984769918017e-02,-2.485653574180377717e-02,9.261669896723822085e-03,1.304263353703722620e-04,9.385211433003946575e-04,-2.374449027760299619e-02,5.050098329663798014e-01,2.998131230368667466e-01,-1.121051639252318476e-03,5.045987974541369381e-01,9.132698957920873991e-04,3.051129104587640278e-03,-7.966386629721027924e-04,5.049333758477362322e-01,-3.000497783675479258e-01,8.350902599741562727e-04,5.045965229415138031e-01,-7.176984369514692683e-04,3.026246403667100845e-03,6.389288824851381120e-04
2.191792634298385112e-01,1.295999854269410138e-03,7.848574601744370272e-01,6.341447713607263831e-04,3.013554691917491243e-02,2.116206483675058588e-03,-9.995433799202564362e-01,3.546152544056445626e-03,8.261514338568970786e-03,3.999838143398006494e-03,4.990477988342425369e-02,-4.345774087777845920e-03,-7.065084381113933935e-03,2.490760685770606817e-02,-7.379510493658005682e-03,8.086712991127479808e-03,4.975536352596510170e-02,-2.449446482171670561e-02,9.231840710314383538e-03,1.449602321530276718e-04,9.461755039697877226e-04,-2.382511666026666808e-02,5.050406614846301157e-01,2.998173592406642163e-01,-1.130230297745869056e-03,5.046273052480609866e-01,9.248668281031375941e-04,3.064162164607313072e-03,-8.040318933798668022e-04,5.049751034045041331e-01,-3.000522280670767650e-01,8.556802305222031531e-04,5.046279740028283278e-01,-7.380793610839611173e-04,3.038734232657914602e-03,6.474553993918619361e-04
2.191462404091621130e-01,1.300962288450471750e-03,7.848551433623267570e-01,6.455130535099519061e-04,3.012962236337658056e-02,2.111360079852155763e-03,-9.995435614958217974e-01,3.491407479505762110e-03,8.268771727845758771e-03,3.939044181146094704e-03,4.985982427485648183e-02,-4.180173263091837947e-03,-7.073724466313309998e-03,2.484290438676137192e-02,-7.381478029382913114e-03,8.000520151473317076e-03,4.972389264211671267e-02,-2.437963644481352596e-02,9.219214981979431678e-03,1.574376851025772529e-04,9.514241230206333701e-04,-2.384988987393610663e-02,5.050540051928292806e-01,2.998210678000619578e-01,-1.143309917107943096e-03,5.046374953858980827e-01,9.411233357401742501e-04,3.058875941800939715e-03,-8.080630966208178240e-04,5.049831259541235351e-01,-3.000433763635910744e-01,8.705286362631591002e-04,5.046469652684242302e-01,-7.451492236028770628e-04,3.046708152664371564e-03,6.572090053953662985e-04
2.191085272585043264e-01,1.306290125794440067e-03,7.848508391576343168e-01,6.552557149520244362e-04,3.015610495383107964e-02,2.099632371474520129e-03,-9.995427812344336305e-01,3.541179314801149759e-03,8.268867142286032840e-03,3.878073965841730055e-03,4.979560869503932979e-02,-4.394506228559236921e-03,-7.038874318340139491e-03,2.489002003261445856e-02,-7.397704709235125228e-03,7.880655647422718166e-03,4.966677358515086266e-02,-2.462519134102617718e-02,9.249821696697977172e-03,1.468360586887502181e-04,9.508680964747095185e-04,-2.376874826153203141e-02,5.050649335341367285e-01,2.998386197934369002e-01,-1.165299307234077654e-03,5.046136287845127688e-01,9.718441255976420154e-04,3.013517384691023673e-03,-8.059466309420295098e-04,5.049382456965296750e-01,-3.000154329757860894e-01,8.512065235921061632e-04,5.046514680237647044e-01,-6.984674329034046714e-04,3.059980763063527200e-03,6.722475726654999302e-04
2.190694396704330471e-01,1.312295315281660152e-03,7.848474848440409879e-01,6.644406888005657125e-04,3.018869993131548246e-02,2.085910538861395890e-03,-9.995418199816616944e-01,3.622117637162724276e-03,8.266821491761706595e-03,3.819835419127148076e-03,4.970859269624659793e-02,-4.708298153917413187e-03,-7.002731741021700484e-03,2.496963709134042766e-02,-7.414144213971733677e-03,7.769312034352470094e-03,4.958916471872773513e-02,-2.496309859424224870e-02,9.282234852933255592e-03,1.314860888651385765e-04,9.518118760246268607e-04,-2.366460581494495355e-02,5.050678678344858730e-01,2.998576158971303918e-01,-1.183992401713482821e-03,5.045823733439861458e-01,9.998573505746199443e-04,2.961654905555820196e-03,-8.019437797311010320e-04,5.048773723644610634e-01,-2.999863883830621303e-01,8.238082022978741826e-04,5.046494631534772513e-01,-6.426040848270313200e-04,3.071218959003418469e-03,6.861943407592125104e-04
2.190336784920053625e-01,1.319578183675760436e-03,7.848472636547447756e-01,6.722650410080967818e-04,3.019115579547762204e-02,2.077918127468354661e-03,-9.995417572206295453e-01,3.636705263712308994e-03,8.263469988935333646e-03,3.773112923024712559e-03,4.961148625569172799e-02,-4.892399238255571922e-03,-6.994155962155884643e-03,2.497331049244838619e-02,-7.424700670691576285e-03,7.698215391725900421e-03,4.951473932294366692e-02,-2.516563699975186974e-02,9.286737098066433216e-03,1.326976678440083466e-04,9.580810833522796725e-04,-2.366436262467105228e-02,5.050765391027003393e-01,2.998679422747381196e-01,-1.189308452190141700e-03,5.045709671720666201e-01,1.008717940433159635e-03,2.943495061586045257e-03,-8.018376574635041176e-04,5.048552427621112448e-01,-2.999763266207965962e-01,8.172634713578181588e-04,5.046489024672367041e-01,-6.246152651866787369e-04,3.078659621654357414e-03,6.927151881323908482e-04
2.189989077150617247e-01,1.327318540128072768e-03,7.848496025087066119e-01,6.793209366417055691e-04,3.018686895669424677e-02,2.071494451108850908e-03,-9.995418952582207917e-01,3.629169115828306813e-03,8.260222667784616890e-03,3.735230410435495894e-03,4.951763403860055812e-02,-4.977747300892629637e-03,-6.998448863177894608e-03,2.495284458740594860e-02,-7.431847689168817606e-03,7.647633406755825237e-03,4.944885648597698025e-02,-2.527296666937975736e-02,9.278640757171247033e-03,1.395186936149913313e-04,9.677283266483139223e-04,-2.369859458008261033e-02,5.050822112729896896e-01,2.998753928217720022e-01,-1.191509326435332425e-03,5.045717366323075881e-01,1.011364262391367371e-03,2.942202013624732083e-03,-8.062347873753815484e-04,5.048502376213952481e-01,-2.999765900331250457e-01,8.221723670436693584e-04,5.046533774702645081e-01,-6.271424018809638578e-04,3.085282610771650658e-03,6.965480186003639379e-04
2.189653368141017686e-01,1.335260776801307095e-03,7.848536094130154073e-01,6.822616681338880378e-04,3.016479980970281083e-02,2.065745180360185895e-03,-9.995425714136978446e-01,3.574071616877814734e-03,8.247717255687710483e-03,3.702949595302029110e-03,4.942321078805719109e-02,-4.940767995555525594e-03,-7.003139313160941862e-03,2.488371962223517864e-02,-7.446665016638141267e-03,7.606887076290308816e-03,4.938322662619206577e-02,-2.524943428993170827e-02,9.269926789214009630e-03,1.426768343845273730e-04,9.708864375381420168e-04,-2.378866617641794620e-02,5.051111556166331118e-01,2.998909303656699943e-01,-1.209650288813895807e-03,5.045875068440484057e-01,1.029462621848932892e-03,2.954450655311433114e-03,-8.196585260997384451e-04,5.048728769265087291e-01,-2.999814705371834367e-01,8.384932117936217538e-04,5.046759226510265650e-01,-6.402072683218503662e-04,3.106890372061432183e-03,7.077636671482706891e-04
2.189316208695044896e-01,1.342957990424754238e-03,7.848576198284238359e-01,6.849839632982485799e-04,3.014249070707961456e-02,2.059956792774258506e-03,-9.995432545062551410e-01,3.515672206078895336e-03,8.236065469009094461e-03,3.675151412477764817e-03,4.933708113228892078e-02,-4.924569238323409787e-03,-7.006639646183294642e-03,2.481487181883578613e-02,-7.459673525070114990e-03,7.572512392088664480e-03,4.932036767610824962e-02,-2.524871082621880924e-02,9.262286295074011883e-03,1.410399371564239181e-04,9.750748411787248018e-04,-2.387288631004090556e-02,5.051432661754102771e-01,2.999050722948626291e-01,-1.225314965220974028e-03,5.046020992115751724e-01,1.045655028491404050e-03,2.966192839249972776e-03,-8.298666616033254688e-04,5.049041608865352249e-01,-2.999865477639286349e-01,8.529003349921583307e-04,5.046988214266415751e-01,-6.510282614208013491e-04,3.130211060564502129e-03,7.190678910858240439e-04
2.188985651655627196e-01,1.350053108464756421e-03,7.848610775209541313e-01,6.875923563389112854e-04,3.010980198257228596e-02,2.054670603141818368e-03,-9.995442488304534523e-01,3.447249831081797885e-03,8.226070404959493279e-03,3.652098358393397314e-03,4.923728912517776751e-02,-4.984728357651621762e-03,-7.008185003166939910e-03,2.474317921782031443e-02,-7.470563650336558420e-03,7.543023155244019291e-03,4.923032479579830117e-02,-2.532856417797046955e-02,9.255964099147320767e-03,1.345323031185033120e-04,9.792703963649286927e-04,-2.395281043768472326e-02,5.051746700669722534e-01,2.999098780008357390e-01,-1.222548182250433229e-03,5.046146666337248954e-01,1.046650043831461345e-03,2.972712184810833488e-03,-8.259217107392875963e-04,5.049377834590783598e-01,-2.999847837047348031e-01,8.556673265318508800e-04,5.047206729860864716e-01,-6.506553941139633446e-04,3.150694666132738703e-03,7.247265627244518608e-04
2.188668379790132679e-01,1.356478299289488312e-03,7.848640748475719242e-01,6.899603653145342528e-04,3.007216473386280231e-02,2.051013787501472854e-03,-9.995453877665376741e-01,3.373157686408311158e-03,8.216928067301076249e-03,3.630957911593033025e-03,4.913164228805514538e-02,-5.041371050436089553e-03,-7.009470483504054786e-03,2.466506964554211062e-02,-7.480126369764666938e-03,7.516106040269858457e-03,4.913415785645419698e-02,-2.540266245985080967e-02,9.250389663153890663e-03,1.298232437925452541e-04,9.826060693769076652e-04,-2.403049768751316234e-02,5.052066116120513817e-01,2.999142584486395591e-01,-1.220968433584719787e-03,5.046284084726536667e-01,1.047948652874103239e-03,2.981548691961089220e-03,-8.244844706430231457e-04,5.049698289435523568e-01,-2.999825540669606161e-01,8.592471313734962235e-04,5.047406388592272641e-01,-6.524404923377018651e-04,3.168806246192097231e-03,7.281760001333517467e-04
2.188410543247427953e-01,1.362538556823712516e-03,7.848669667796135396e-01,6.902422398785213256e-04,3.002106844360930699e-02,2.051517780657219521e-03,-9.995469225053674744e-01,3.272449386746957567e-03,8.203562447088107168e-03,3.611660839579515763e-03,4.902747314933831452e-02,-5.018886077229590091e-03,-7.010877497210151951e-03,2.454740781182295634e-02,-7.493186953568712477e-03,7.493146763860818356e-03,4.905753047094900399e-02,-2.538728998630660968e-02,9.245702061303956443e-03,1.338050320372185511e-04,9.819010108350560272e-04,-2.417200120086452839e-02,5.052643083358072662e-01,2.999273805897983425e-01,-1.241699262773230446e-03,5.046592317000264671e-01,1.065481652154570648e-03,3.010426214838386738e-03,-8.442615369098773566e-04,5.050194055023224937e-01,-2.999868365888782584e-01,8.765756229214556172e-04,5.047709484407159053e-01,-6.711985858491297538e-04,3.195427314300384146e-03,7.324919482223767476e-04
2.188184050895335409e-01,1.368324049842919695e-03,7.848693451891134432e-01,6.899703715984408566e-04,2.997610664804112313e-02,2.051687545113840740e-03,-9.995482717454569066e-01,3.186361407386982623e-03,8.189444490879120922e-03,3.594006693770280224e-03,4.893212410058003087e-02,-5.000229816640865306e-03,-7.010740738806294468e-03,2.444359950762254804e-02,-7.506879421839996250e-03,7.471348351484842151e-03,4.899308609425939015e-02,-2.537901166403595810e-02,9.242834857328560694e-03,1.393797480147106053e-04,9.815307926108072720e-04,-2.430781754137624831e-02,5.053209193945243927e-01,2.999382568499006640e-01,-1.266928350473031954e-03,5.046950483927645781e-01,1.082997313281435989e-03,3.041986781237531693e-03,-8.699822263419480523e-04,5.050674774249717114e-01,-2.999923564414073707e-01,8.998831831393599903e-04,5.048056969529383098e-01,-6.979870160141876537e-04,3.223058714062476682e-03,7.368576902167209590e-04
2.187965963247929246e-01,1.374088060855246929e-03,7.848709934988762349e-01,6.891473374805888105e-04,2.994983675099214399e-02,2.048640647760331494e-03,-9.995490660422997609e-01,3.129863660267424592e-03,8.173252594605169563e-03,3.574731055563895327e-03,4.886080267766030466e-02,-4.962757882246854498e-03,-7.007772567108770320e-03,2.437838785097555874e-02,-7.522404067653970863e-03,7.447752620148694741e-03,4.894058079179464116e-02,-2.535432827597172006e-02,9.242410079960199434e-03,1.418121363674209126e-04,9.825002673090777339e-04,-2.440277239893354211e-02,5.053586329634131014e-01,2.999358014757250723e-01,-1.278229174003475991e-03,5.047299502834571294e-01,1.084473557679453042e-03,3.062110147157960996e-03,-8.857489585173814644e-04,5.051043943605251219e-01,-2.999929258227186368e-01,9.231688900751762504e-04,5.048461506956354317e-01,-7.256738325587624126e-04,3.247939270904117316e-03,7.413970593693609661e-04
2.187789610518584837e-01,1.379443090233234892e-03,7.848722054639923895e-01,6.894836066789757859e-04,2.992695436772675743e-02,2.043298406027457999e-03,-9.995497621160506219e-01,3.090136986745743112e-03,8.160477544441133851e-03,3.554238801107650197e-03,4.879579512879259062e-02,-5.019875100639896622e-03,-7.010577549814028114e-03,2.433285803878633760e-02,-7.533584498812942627e-03,7.426020667034029764e-03,4.889031343889706921e-02,-2.540353431874228796e-02,9.237066696800213389e-03,1.365059407802131808e-04,9.886760284802983793e-04,-2.448982192399487209e-02,5.053907381723341530e-01,2.999322911958065552e-01,-1.288529929639176249e-03,5.047592623062283623e-01,1.088392734747648232e-03,3.078786517157962744e-03,-8.947924454924046245e-04,5.051313603280561670e-01,-2.999908816588494065e-01,9.352346949705297573e-04,5.048836161555796398e-01,-7.395344356229639413e-04,3.277630677030169467e-03,7.443500647805683474e-04
2.187701366179911899e-01,1.384153802948855571e-03,7.848738788494545870e-01,6.891315276749276778e-04,2.987251499144942882e-02,2.039245370252256231e-03,-9.995513990906842450e-01,3.006772649711115207e-03,8.148190718596190832e-03,3.536171869846743959e-03,4.870881913757468817e-02,-5.136775662356683064e-03,-7.025067163549470264e-03,2.423677174013711202e-02,-7.542813589961533394e-03,7.412877759282975043e-03,4.882534039611018117e-02,-2.547796913130019603e-02,9.221352042668847990e-03,1.208310969860554670e-04,9.961380672054845949e-04,-2.466069812734231551e-02,5.054490950606360666e-01,2.999424334268564474e-01,-1.314194510746089601e-03,5.047880680936926989e-01,1.118221171570504954e-03,3.104496617853971102e-03,-9.020133330178880171e-04,5.051648734004997587e-01,-2.999867621353579650e-01,9.295777171358075592e-04,5.049202145786074736e-01,-7.289367420526477511e-04,3.323845386957574241e-03,7.468240169937702053e-04
2.187613471103623808e-01,1.388382225262763158e-03,7.848755830727891514e-01,6.877453230094226176e-04,2.983642485554392071e-02,2.038353721888072016e-03,-9.995524797989927546e-01,2.954682667923232923e-03,8.137845005328984971e-03,3.535418549444347899e-03,4.863639236727890919e-02,-5.186784723363063732e-03,-7.029304225033886598e-03,2.417508224449396725e-02,-7.552146525601792157e-03,7.408974611040617005e-03,4.876803528874177479e-02,-2.550720385772983767e-02,9.214488842358464077e-03,1.137498945544701561e-04,1.001864569972276938e-03,-2.476678059946477162e-02,5.054869614093121521e-01,2.999505628918778255e-01,-1.331574649505197754e-03,5.047989581766459954e-01,1.136274280501105467e-03,3.111511852302923081e-03,-9.110321906101973184e-04,5.051932544394084346e-01,-2.999854740754548388e-01,9.296800393396881940e-04,5.049448798225211199e-01,-7.276091611152232059e-04,3.352880301076661355e-03,7.479880548400027595e-04
2.187455832657252963e-01,1.392648387304647141e-03,7.848762853741356738e-01,6.848212066148305589e-04,2.986681486772564675e-02,2.042389402269614677e-03,-9.995515659710121348e-01,2.999866381151385531e-03,8.128694231609461321e-03,3.560772674639245752e-03,4.863535917322394514e-02,-5.086815148977703177e-03,-7.007964598228155588e-03,2.422314806168976084e-02,-7.563850488006877530e-03,7.417053928131724094e-03,4.875730567918715175e-02,-2.542772766448241420e-02,9.229744669388431633e-03,1.339569815136348700e-04,1.003220544553442466e-03,-2.468882573614799431e-02,5.054702569247615518e-01,2.999405746763484371e-01,-1.317473858789294447e-03,5.047808150668650073e-01,1.104317491489508222e-03,3.080498134885101876e-03,-9.256865037243664721e-04,5.052187301417658816e-01,-2.999932363244947053e-01,9.594597822530732609e-04,5.049516438027078502e-01,-7.695685162777181560e-04,3.339098993801853290e-03,7.466418420103896171e-04
2.187323069281121302e-01,1.396447826952895580e-03,7.848764394559359925e-01,6.826606724235126768e-04,2.991186018517128301e-02,2.045737780993494865e-03,-9.995502136219079903e-01,3.075052426993359501e-03,8.121454621857102443e-03,3.584070479095969458e-03,4.865693584658050547e-02,-5.052947086611651352e-03,-6.983114720296270013e-03,2.430693958210564803e-02,-7.573206220055666259e-03,7.424954155331480420e-03,4.876010444033687663e-02,-2.541489387752982054e-02,9.248615803807376523e-03,1.538110277468792927e-04,1.005275824557446762e-03,-2.457168198424298719e-02,5.054429433956780793e-01,2.999292220684205423e-01,-1.295474585552184449e-03,5.047546374340852182e-01,1.058630085252694085e-03,3.045249183360353249e-03,-9.424710806473007504e-04,5.052415590315076921e-01,-3.000023179530443840e-01,9.896165046212293710e-04,5.049490370659101002e-01,-8.168268089859766126e-04,3.315679004599551838e-03,7.403521368308196805e-04
2.187289269175352879e-01,1.399189602992038364e-03,7.848770972900898091e-01,6.803747418156452353e-04,2.989625237783395326e-02,2.043850548081213928e-03,-9.995506859879143002e-01,3.057805703061830353e-03,8.110344458335140908e-03,3.583206964529345086e-03,4.862436616453013477e-02,-5.123448663794325127e-03,-6.971837407667245273e-03,2.429533091155055072e-02,-7.583792016523325033e-03,7.419351384425162954e-03,4.871804815961733315e-02,-2.548080368227956249e-02,9.256117846227440021e-03,1.458482189258412584e-04,1.004617929306717049e-03,-2.458890202605284667e-02,5.054580701986031155e-01,2.999381710597423534e-01,-1.297426720752878999e-03,5.047452237517284779e-01,1.045977307789560350e-03,3.039941384208790648e-03,-9.613014147869098063e-04,5.052678975912796577e-01,-3.000040232037500809e-01,1.000871116567292676e-03,5.049499554296572601e-01,-8.403193435944406216e-04,3.315086625910349666e-03,7.325111208000851387e-04
2.187284503744317266e-01,1.401138946506011495e-03,7.848780014721060683e-01,6.799860820862966811e-04,2.986099468020349257e-02,2.039016250364952126e-03,-9.995517500501757135e-01,3.005472108799466316e-03,8.103074936773561540e-03,3.571888711896472821e-03,4.857123904958245836e-02,-5.147213826460081236e-03,-6.968415288072952150e-03,2.424864061552296085e-02,-7.589464976130287470e-03,7.407800377017926402e-03,4.866091710237732681e-02,-2.550639487248451687e-02,9.257453270660074771e-03,1.277626772178015995e-04,1.005418516953411612e-03,-2.462916481822812961e-02,5.054770915514169571e-01,2.999529168037196603e-01,-1.308724405102244326e-03,5.047433700562204972e-01,1.049247894348807799e-03,3.044027399990541054e-03,-9.777497595340990059e-04,5.052817553724530120e-01,-3.000026190770431200e-01,1.005019283547743669e-03,5.049504770162136502e-01,-8.514466227952703853e-04,3.320279395408049818e-03,7.282013480849563016e-04
2.187290498717061604e-01,1.402887343162931028e-03,7.848786075720617372e-01,6.805736139530703128e-04,2.983967165458908943e-02,2.035397912615599832e-03,-9.995523938095695060e-01,2.957865284146245222e-03,8.099628588008295910e-03,3.564528340519723063e-03,4.855060374644400156e-02,-4.994324086437916359e-03,-6.966846984674965326e-03,2.420696870921838426e-02,-7.590739178443809201e-03,7.403130101766319283e-03,4.863828447762550550e-02,-2.537953834765336800e-02,9.257327744036699529e-03,1.185063421495441503e-04,1.006776048191083744e-03,-2.465348951094858965e-02,5.054877121016625452e-01,2.999581803465418139e-01,-1.312008147782828000e-03,5.047531648076331035e-01,1.047709670121774010e-03,3.050430495210974466e-03,-9.865805060523553244e-04,5.052920280636149508e-01,-3.000005144020684855e-01,1.011286255495616113e-03,5.049613887773196641e-01,-8.584666344457580860e-04,3.327793364345965187e-03,7.306179614673057564e-04
2.187345740929589610e-01,1.404491239791279180e-03,7.848788001321553853e-01,6.809513844219596034e-04,2.982845844341423455e-02,2.033423566106293268e-03,-9.995527322561343908e-01,2.936873434320284165e-03,8.097422918389952581e-03,3.563215611988353442e-03,4.854851841380149885e-02,-4.910159429292321187e-03,-6.967713729781543734e-03,2.418922903218818921e-02,-7.591210195417011711e-03,7.403179439231059693e-03,4.863643012177534114e-02,-2.531166560811422966e-02,9.254501248956794462e-03,1.174657645514980673e-04,1.007339198763455672e-03,-2.467311689968081090e-02,5.054983938413465383e-01,2.999626192021365712e-01,-1.316423468288803727e-03,5.047637171599671513e-01,1.050312431459947274e-03,3.056421843319660769e-03,-9.928585730696343897e-04,5.053040134862133437e-01,-3.000030194315503884e-01,1.020762965796093852e-03,5.049757856306174020e-01,-8.682298813533173521e-04,3.339009501406194329e-03,7.349272865087622640e-04
2.187508370078553033e-01,1.406288067422434502e-03,7.848788403981046269e-01,6.789885159190999202e-04,2.981679345848676707e-02,2.034068351301978380e-03,-9.995530803155940891e-01,2.937026964163227689e-03,8.090913272631139810e-03,3.569287497115400474e-03,4.855155658985594452e-02,-4.933471552403831048e-03,-6.970776995681937649e-03,2.418615450983918960e-02,-7.596622226144106836e-03,7.408880591964480539e-03,4.864518302201010364e-02,-2.532607257603369799e-02,9.248953514285035427e-03,1.237402930871593643e-04,1.004351424213554373e-03,-2.474367298079115790e-02,5.055329246530425591e-01,2.999735697595121153e-01,-1.333243902895747549e-03,5.047771874714553908e-01,1.068090496781917958e-03,3.067098453360078518e-03,-1.002788801821369834e-03,5.053380408525154355e-01,-3.000139568336141482e-01,1.036532007697005308e-03,5.049992604553145137e-01,-8.894519309330307282e-04,3.362777646587255045e-03,7.376212910754881931e-04
2.187700984197137599e-01,1.408016613128133332e-03,7.848785764131627207e-01,6.776274990729789973e-04,2.981130793334013304e-02,2.034073417452386418e-03,-9.995532448477216780e-01,2.952534320439145852e-03,8.086036855492426470e-03,3.575412185320530657e-03,4.855703933960655444e-02,-4.939695271455574188e-03,-6.973074677676092438e-03,2.419973623497260334e-02,-7.600597385953862355e-03,7.414497418512691444e-03,4.865632432889145653e-02,-2.533272815411228077e-02,9.244661662311191505e-03,1.305853017014321315e-04,1.002705273376406150e-03,-2.480674739280941746e-02,5.055635158198841239e-01,2.999829316757402498e-01,-1.351460373887575055e-03,5.047886242739203499e-01,1.087090884949773592e-03,3.074661397503910230e-03,-1.012970771378550201e-03,5.053672717570220074e-01,-3.000250327300342801e-01,1.051646146718702556e-03,5.050208521498853464e-01,-9.114234215916672483e-04,3.384392190054354155e-03,7.387935322495635003e-04
2.187858264620221038e-01,1.409483217658978734e-03,7.848777570987192087e-01,6.775822432092940993e-04,2.981277839663688811e-02,2.031401908512966200e-03,-9.995532064541956530e-01,2.956978035949891798e-03,8.083424623288051891e-03,3.575739673889147697e-03,4.858045301964050711e-02,-4.798141646161333332e-03,-6.972476939561171073e-03,2.420911586221370995e-02,-7.601827914749384116e-03,7.416818620147334028e-03,4.867877649656689870e-02,-2.521335639242124754e-02,9.243990192759544977e-03,1.317370685743748460e-04,1.002233576190389615e-03,-2.484103687267381205e-02,5.055763465523768208e-01,2.999833706735396399e-01,-1.360776208144942427e-03,5.047994481403762501e-01,1.094214890292098761e-03,3.077018282948530432e-03,-1.020173357084955225e-03,5.053771834066426161e-01,-3.000259304478798406e-01,1.060691820539850366e-03,5.050368520986376897e-01,-9.241681933871687517e-04,3.394399358417357192e-03,7.390737870646538242e-04
2.188016290491863469e-01,1.410749527520855544e-03,7.848764693521733671e-01,6.779821098104446336e-04,2.982145854676963859e-02,2.027259262443281088e-03,-9.995529556608224730e-01,2.980032292573079993e-03,8.081713385762379423e-03,3.573674973220760265e-03,4.860949650811818151e-02,-4.736140936308395194e-03,-6.973259310814845097e-03,2.423844562016970461e-02,-7.602422698343569776e-03,7.416049452421736438e-03,4.870567684606886411e-02,-2.516630473232879875e-02,9.242341008602626695e-03,1.323156266159701403e-04,1.002062699009050473e-03,-2.484872266978432886e-02,5.055762126855707361e-01,2.999805352977364947e-01,-1.365954273675738058e-03,5.048052207425690607e-01,1.096779716930112699e-03,3.075563916681274199e-03,-1.024261701070022399e-03,5.053735552315400392e-01,-3.000228016757534033e-01,1.065067709417759616e-03,5.050482283325813393e-01,-9.289266633532451125e-04,3.401862955015117623e-03,7.397161063025321694e-04
2.188274674525782504e-01,1.412660370872593314e-03,7.848760363231788162e-01,6.717309194551990921e-04,2.977481069279103165e-02,2.026364014431831281e-03,-9.995543523364112115e-01,2.933525941881856992e-03,8.062776029272165218e-03,3.573168440244414105e-03,4.856601760327996370e-02,-4.746469285130857849e-03,-6.976810475758319849e-03,2.418464250031502130e-02,-7.620615109264014357e-03,7.415822778404674784e-03,4.867458785446954206e-02,-2.515396384581377459e-02,9.236924119038928543e-03,1.384647997369053962e-04,9.889343194147629922e-04,-2.499733975184011137e-02,5.056300979856529487e-01,2.999898344439994591e-01,-1.389221599903920539e-03,5.048361260702378672e-01,1.121635934277970476e-03,3.098020291972908031e-03,-1.034460061579221607e-03,5.054214276599092726e-01,-3.000269320086630387e-01,1.085486642315066676e-03,5.050887454142803934e-01,-9.452906460810003289e-04,3.440038915113845241e-03,7.536587317237362221e-04
2.188567289478537403e-01,1.415173917169965448e-03,7.848762355582953321e-01,6.650289735679797230e-04,2.970981090685668666e-02,2.026373794349589294e-03,-9.995562909019131137e-01,2.864775089885064630e-03,8.042295474735092903e-03,3.574881167573781479e-03,4.849606410815086172e-02,-4.769840712954016154e-03,-6.979814273118739414e-03,2.410481105526302015e-02,-7.640680318701984462e-03,7.416834174299302175e-03,4.862203198947864097e-02,-2.515200540663981715e-02,9.231906076386233936e-03,1.442630375490950429e-04,9.759998699024193761e-04,-2.517972601790506929e-02,5.057030919816578596e-01,3.000042952395390872e-01,-1.418895185247590800e-03,5.048750742317477114e-01,1.153568894618696395e-03,3.128401506181100779e-03,-1.048255074519616496e-03,5.054893634095456445e-01,-3.000364201168845280e-01,1.111552786064040274e-03,5.051364345139535139e-01,-9.666815086622013858e-04,3.486383237178044148e-03,7.725836904393851073e-04
2.188814442339499233e-01,1.418124437242324586e-03,7.848766099614596925e-01,6.612566443418329675e-04,2.965873596477312454e-02,2.027120728464486960e-03,-9.995578086845079424e-01,2.808648377742872099e-03,8.029416248789455340e-03,3.580871875305872715e-03,4.845264556990062921e-02,-4.794170108267121339e-03,-6.979235105379247295e-03,2.404188084107876031e-02,-7.653581497458722231e-03,7.421056398370068363e-03,4.858721829035846790e-02,-2.515847906354765420e-02,9.230471703212717732e-03,1.450498871040139582e-04,9.701732674149471294e-04,-2.528856652498999782e-02,5.057518070523980835e-01,3.000125312178187342e-01,-1.434133973045858060e-03,5.049001492694842330e-01,1.166670008591344943e-03,3.149536423771489343e-03,-1.059091642031294951e-03,5.055331828245956949e-01,-3.000419182815517449e-01,1.122608241903116444e-03,5.051674255588717299e-01,-9.771224775592896126e-04,3.517807978747448071e-03,7.796428335953057252e-04
2.189033906081381542e-01,1.421370909988578556e-03,7.848773364360056570e-01,6.594148526703395938e-04,2.961895762824744843e-02,2.027694722096946064e-03,-9.995589882419061434e-01,2.763882440181309862e-03,8.020698388159311701e-03,3.586192169129349180e-03,4.842661511585017592e-02,-4.793804019462108608e-03,-6.977459668502835645e-03,2.399440680195566791e-02,-7.662297760655709632e-03,7.425212579716758583e-03,4.856346493526160490e-02,-2.515024244404509210e-02,9.230628484115325355e-03,1.425488141686312947e-04,9.678329107480122297e-04,-2.534628218181875572e-02,5.057812977381482833e-01,3.000164838497265118e-01,-1.441027085239672849e-03,5.049172034395943420e-01,1.170000706609937912e-03,3.163695853297528345e-03,-1.066993365327484865e-03,5.055588164203483892e-01,-3.000439258616042215e-01,1.126646860616429928e-03,5.051886468541966213e-01,-9.828335496625823908e-04,3.538684578348792742e-03,7.803337673292519211e-04
2.189258079752558761e-01,1.424794971437409524e-03,7.848783167961373985e-01,6.582049865921867603e-04,2.958537952440370641e-02,2.027492863422456458e-03,-9.995599838715445440e-01,2.717126913116780802e-03,8.012301027600867223e-03,3.587230463576364208e-03,4.842141123164826061e-02,-4.710006387688225361e-03,-6.976007947781455096e-03,2.394791372671494639e-02,-7.670219143725699566e-03,7.427528657899609872e-03,4.855703135037441054e-02,-2.506742956528575789e-02,9.230740478773435259e-03,1.382685235673955862e-04,9.642616099375954418e-04,-2.540449654602905394e-02,5.058098803653763298e-01,3.000190951406180306e-01,-1.447621926392374551e-03,5.049348513445774955e-01,1.174822926249195895e-03,3.176194848863592504e-03,-1.072426363976430614e-03,5.055855953427758065e-01,-3.000432799379381121e-01,1.134439084387532009e-03,5.052093144339647734e-01,-9.917401250653947418e-04,3.555815388863146041e-03,7.823013566582662920e-04
2.189485144092993552e-01,1.428425621570101473e-03,7.848790527299038811e-01,6.583766897551837551e-04,2.956262592345407919e-02,2.027180648887195666e-03,-9.995606576027600276e-01,2.694343978024631419e-03,8.006795509855876847e-03,3.587270675005574047e-03,4.842393704582987485e-02,-4.665272384732456652e-03,-6.974861250070493561e-03,2.392564040066438164e-02,-7.675508101749804052e-03,7.428200905572849601e-03,4.855883888779893853e-02,-2.502624382825303917e-02,9.230973396730035932e-03,1.354822320195637737e-04,9.621824605728067923e-04,-2.544005086530190529e-02,5.058297797968335230e-01,3.000196089422004775e-01,-1.455001690688643035e-03,5.049483960962307671e-01,1.180342280782232340e-03,3.184109211583663855e-03,-1.077323793286200657e-03,5.056035856969374187e-01,-3.000401744108118773e-01,1.141629685033524605e-03,5.052261071077498444e-01,-9.993855097051684670e-04,3.568868714069213261e-03,7.832299163224101801e-04
2.189726593306583202e-01,1.432400897634712560e-03,7.848794358897200896e-01,6.590665246038920465e-04,2.955164650372308494e-02,2.028209066024478421e-03,-9.995609797247092532e-01,2.701539490272903635e-03,8.002367005906060177e-03,3.588731084682512690e-03,4.842860860664876393e-02,-4.641613139514863366e-03,-6.973632882908729208e-03,2.392937053367781564e-02,-7.680017179906617301e-03,7.429695279946441078e-03,4.856871546890464963e-02,-2.500419203120820763e-02,9.231631687789926266e-03,1.379710327061673346e-04,9.608344399386065235e-04,-2.546479952673885716e-02,5.058452311695419423e-01,3.000175490916792698e-01,-1.465556867388304648e-03,5.049627725830958536e-01,1.187654494124246955e-03,3.189855936929636860e-03,-1.084414080454676249e-03,5.056136197034024615e-01,-3.000331633176461787e-01,1.145636951732730609e-03,5.052462679991397421e-01,-1.003139223540255431e-03,3.582902506199666607e-03,7.816498076718613949e-04
2.189980978255116062e-01,1.436493037292917076e-03,7.848793957362968365e-01,6.613126075904844896e-04,2.954981453184889889e-02,2.028980939222393542e-03,-9.995610308345947992e-01,2.731191497418422858e-03,8.002177523589400210e-03,3.592217409841361783e-03,4.843990742333150606e-02,-4.661918702732929277e-03,-6.973068731346821446e-03,2.395614102338172388e-02,-7.680600077852535283e-03,7.432124724056050381e-03,4.858469109643281242e-02,-2.502369669487618242e-02,9.231894439285487364e-03,1.401983729264676083e-04,9.629820278798143732e-04,-2.547939020033203328e-02,5.058554750658728061e-01,3.000143203018706406e-01,-1.475109125913993480e-03,5.049731118878338920e-01,1.192095385533050800e-03,3.193987564928013785e-03,-1.092513368316143678e-03,5.056187243701649736e-01,-3.000268150850585736e-01,1.147674207525119271e-03,5.052620883828271570e-01,-1.005830558047359716e-03,3.595264470843407591e-03,7.781389381273826848e-04
2.190264260294050025e-01,1.440636879966720281e-03,7.848791987363301637e-01,6.638725393105086078e-04,2.954485676493321181e-02,2.029312277897973860e-03,-9.995611750181532251e-01,2.746020346491496577e-03,8.003172285565388414e-03,3.597148686270769478e-03,4.846973419420145396e-02,-4.653713296632919910e-03,-6.973374200494063258e-03,2.397038142443374750e-02,-7.679899283766127363e-03,7.436539860640956762e-03,4.861411964919739453e-02,-2.500631451557507740e-02,9.231149893988731259e-03,1.372790605715777537e-04,9.664517279809629532e-04,-2.553360377324395691e-02,5.058776462536890284e-01,3.000123396193813963e-01,-1.481237197046977958e-03,5.049852063206737851e-01,1.191323175925852436e-03,3.204220239374531726e-03,-1.101416878887047585e-03,5.056384303166671090e-01,-3.000243704524759303e-01,1.151845594871305943e-03,5.052771131815412264e-01,-1.012764931423931021e-03,3.610064152928397878e-03,7.748768046393119660e-04
2.190523553187689876e-01,1.444314469067178473e-03,7.848785889686098471e-01,6.675205997789179432e-04,2.954850857357017510e-02,2.028510821017435323e-03,-9.995610662691782888e-01,2.763739118174898118e-03,8.007186670516147284e-03,3.600068523339565799e-03,4.851681690869617120e-02,-4.596909034742746591e-03,-6.972349490224039395e-03,2.399112309519492794e-02,-7.676002387035783976e-03,7.439492324342406905e-03,4.865854363940698424e-02,-2.496060297156303676e-02,9.232002032922506304e-03,1.323031237141120717e-04,9.700239542287656443e-04,-2.557246986598624497e-02,5.058915764890100641e-01,3.000104813475567567e-01,-1.488598704908878495e-03,5.049963306633894478e-01,1.194575105677574134e-03,3.210650929842138838e-03,-1.107054603803518580e-03,5.056532299085204629e-01,-3.000203405425347358e-01,1.158209948700343866e-03,5.052920786227388383e-01,-1.019656387269077995e-03,3.621474752688754167e-03,7.751569868121367148e-04
2.190715823688386410e-01,1.447184410701854700e-03,7.848773372757933409e-01,6.715217724789918075e-04,2.956445789349465558e-02,2.026893111886601210e-03,-9.995605952578798803e-01,2.778553134896048771e-03,8.012149912210064090e-03,3.598038083788676102e-03,4.858901948652694786e-02,-4.438747033129081775e-03,-6.968610492366114108e-03,2.401098119116327340e-02,-7.670587277348338284e-03,7.439368538300053860e-03,4.872845438510010202e-02,-2.483719412915785796e-02,9.235411565247389487e-03,1.289786171678796519e-04,9.693803106043140166e-04,-2.557695500955292980e-02,5.058897736552546709e-01,3.000089416540965837e-01,-1.503219161403712527e-03,5.050095664526274009e-01,1.213266588240228617e-03,3.208346900535281702e-03,-1.105382448358110210e-03,5.056554014245486783e-01,-3.000089317901167285e-01,1.168720306281506062e-03,5.053135409473686890e-01,-1.023663045900649778e-03,3.628012008642614306e-03,7.833594304567006311e-04
2.190874796876207120e-01,1.449809791165565390e-03,7.848755061155079371e-01,6.776170669524074182e-04,2.958366578625034118e-02,2.025179180526696238e-03,-9.995600263131004803e-01,2.808027239222317568e-03,8.022335735147689481e-03,3.594079668777437966e-03,4.864494602593118222e-02,-4.343376391622282701e-03,-6.967949405777761410e-03,2.404532548256344340e-02,-7.659608916168484001e-03,7.438228169687831348e-03,4.878084217212473594e-02,-2.476486847327328059e-02,9.236430351046194184e-03,1.226552186510752971e-04,9.757715938757759817e-04,-2.556752739329447646e-02,5.058836463310734111e-01,3.000039484470348183e-01,-1.510405656733284762e-03,5.050169985647032789e-01,1.219557577723329265e-03,3.207652991421925965e-03,-1.107064106410852837e-03,5.056551673657281309e-01,-3.000018419484168364e-01,1.173879753295295134e-03,5.053269209834857500e-01,-1.028112953499334689e-03,3.632536059680842744e-03,7.836279997908308101e-04
2.191047572023130663e-01,1.452790370154002962e-03,7.848738634139281745e-01,6.849175858973866526e-04,2.958962230970347412e-02,2.024920710341097073e-03,-9.995598455498239110e-01,2.842754558183911272e-03,8.035103640210821893e-03,3.590082917053478376e-03,4.864095287616138769e-02,-4.291324383591238641e-03,-6.973500592324316863e-03,2.408094490387029801e-02,-7.645484267363280954e-03,7.439157086787359478e-03,4.877403371394455067e-02,-2.470582548665880770e-02,9.232200446602854826e-03,1.087419449629707142e-04,9.942886046050503426e-04,-2.560586978599046354e-02,5.058980872454689193e-01,2.999924666981345633e-01,-1.496546557695682461e-03,5.050223070455154284e-01,1.187357682372580095e-03,3.225255619770737991e-03,-1.123885492050250619e-03,5.056746673211972576e-01,-3.000081684342334465e-01,1.166844293347730002e-03,5.053307714990429300e-01,-1.038882335508668460e-03,3.644293556209432950e-03,7.615961131504824910e-04
2.191198278703192226e-01,1.455113935553030511e-03,7.848722254917587238e-01,6.929809645386177542e-04,2.960116399663230424e-02,2.028244874986900002e-03,-9.995594915212179243e-01,2.882136869030482110e-03,8.053702087138240456e-03,3.595535478991787603e-03,4.864893682917393464e-02,-4.233001012222863471e-03,-6.988914970133854911e-03,2.411849388601208441e-02,-7.627519951965835293e-03,7.440475956913863466e-03,4.877808276230384543e-02,-2.463732610875826040e-02,9.216865710699231537e-03,9.750350446407278731e-05,1.018761841543072396e-03,-2.565131580576471629e-02,5.059230834600160209e-01,2.999928394855371216e-01,-1.487362823308023422e-03,5.050145475071355916e-01,1.161297615487285424e-03,3.238980467951279099e-03,-1.147133186490259483e-03,5.057148524113256327e-01,-3.000372526945279672e-01,1.171464317249924563e-03,5.053196489214863973e-01,-1.062180028434966863e-03,3.646357715020111072e-03,7.499967210662422581e-04
2.191322780308289087e-01,1.456349908933674865e-03,7.848708043090157904e-01,6.966878395207352437e-04,2.958814334636732102e-02,2.040318177358189499e-03,-9.995598498844907587e-01,2.837391211467165698e-03,8.067506970521458667e-03,3.615299109490971181e-03,4.870122410950972897e-02,-4.109960634562123509e-03,-7.014773134640809107e-03,2.406033952056923358e-02,-7.617199312412346705e-03,7.443512869562841222e-03,4.883064614244640722e-02,-2.448798217366715893e-02,9.187629507949518493e-03,9.957675185057262787e-05,1.033504136120663979e-03,-2.577586535106369744e-02,5.059902697934426374e-01,3.000297005571452291e-01,-1.519947323394393954e-03,5.050011877717675013e-01,1.198484246662982885e-03,3.243916424093282961e-03,-1.173213207941940350e-03,5.058154165273899272e-01,-3.000997485570942036e-01,1.223947664281379005e-03,5.053040138042433904e-01,-1.114045516745946086e-03,3.636533642228985223e-03,7.888571862223925542e-04
2.191326677635452580e-01,1.456242832381682848e-03,7.848696316200008960e-01,6.998035804405251066e-04,2.956870295210506025e-02,2.049518063918334340e-03,-9.995604041559399411e-01,2.741819815846167907e-03,8.076436124116657261e-03,3.610750127031525734e-03,4.875774900497358011e-02,-3.792181643053591216e-03,-7.042712262589169610e-03,2.395756208700923831e-02,-7.610431260872966425e-03,7.426719847906378819e-03,4.888132818571392507e-02,-2.418108434203427096e-02,9.157959099204316875e-03,1.005296025274300616e-04,1.043111248357615718e-03,-2.590472732988563162e-02,5.060568544827900306e-01,3.000757144821772360e-01,-1.575272887344798291e-03,5.049913962542130763e-01,1.260826154853606981e-03,3.235436490756271512e-03,-1.206439260647746998e-03,5.059240742213697573e-01,-3.001663669655064148e-01,1.304759931870082788e-03,5.053095189029097600e-01,-1.189983347259098790e-03,3.638248634660293680e-03,8.459584427616769929e-04
2.191122743706384601e-01,1.454593766336529075e-03,7.848684896478996809e-01,7.045218731419370609e-04,2.955768008834392530e-02,2.044592132237841794e-03,-9.995607369438536116e-01,2.618376042958041588e-03,8.078642807750101643e-03,3.552579695096670914e-03,4.879762646748814214e-02,-3.221978479441158991e-03,-7.065725772324109311e-03,2.385069106691280541e-02,-7.606779566486257353e-03,7.369360092014585334e-03,4.889273865485688902e-02,-2.367288476949407777e-02,9.137249417207785745e-03,8.493597141312126037e-05,1.048807559047357577e-03,-2.598467757943085515e-02,5.060837769513865103e-01,3.001001042206340452e-01,-1.628017522538785511e-03,5.049963606091888435e-01,1.303171692374750302e-03,3.213371779193412506e-03,-1.247336650557621593e-03,5.059908319659451870e-01,-3.002030004864942314e-01,1.387949401157167898e-03,5.053653499540587957e-01,-1.278666306283029238e-03,3.680588790213615291e-03,8.847253561445549792e-04
2.190786419727389078e-01,1.452427174063640079e-03,7.848650564520726070e-01,7.053494995958396047e-04,2.956239323922285264e-02,2.046890253877400867e-03,-9.995605922745970373e-01,2.556804775219915799e-03,8.071017574050397270e-03,3.495094674996005943e-03,4.880452497152731883e-02,-3.001834410253142321e-03,-7.062406560992972801e-03,2.379642222838505156e-02,-7.612535799312329134e-03,7.316575808538275036e-03,4.887461577924187561e-02,-2.349322139583116809e-02,9.141453269920035013e-03,8.206840284579878023e-05,1.047589904845943210e-03,-2.598180099007013980e-02,5.060895236667992680e-01,3.000947392705922701e-01,-1.640316435119688063e-03,5.050157226549627509e-01,1.307816170575589083e-03,3.215023232632454979e-03,-1.257745671846506380e-03,5.059944004828252906e-01,-3.001974621553341049e-01,1.411980852209607749e-03,5.054025267079047534e-01,-1.305086063930529930e-03,3.710154411923142961e-03,8.874313541286127675e-04
2.190399294493132754e-01,1.451372010212005756e-03,7.848595551126089642e-01,6.991495999403419094e-04,2.958875105963958488e-02,2.077642304576221653e-03,-9.995597532929302309e-01,2.622230518164569112e-03,8.053755925725818166e-03,3.483697363209923084e-03,4.873716748769762325e-02,-3.257374148387743445e-03,-7.022355869732613276e-03,2.382676940003885385e-02,-7.628949037656554411e-03,7.312130358045764063e-03,4.881672202581120723e-02,-2.373671524094905783e-02,9.179351238111888370e-03,1.215977235588781315e-04,1.043384275097744996e-03,-2.588919440458644500e-02,5.060934238873814328e-01,3.000439898644785552e-01,-1.574084059538939217e-03,5.050726770619831107e-01,1.258704036054146243e-03,3.280558869055099844e-03,-1.199835660883246356e-03,5.059183639267115229e-01,-3.001358600475503846e-01,1.313576203306470727e-03,5.053726329610972456e-01,-1.195203156814110892e-03,3.676258932821606807e-03,8.369067359709385975e-04
2.189997230416242946e-01,1.450825404330175449e-03,7.848551033291959467e-01,6.928590893930047052e-04,2.961857505104480148e-02,2.109646929569360032e-03,-9.995588073485531799e-01,2.730077635553766324e-03,8.038950472323230442e-03,3.486873603116271043e-03,4.862666812086779283e-02,-3.690336784471251637e-03,-6.988416070837430438e-03,2.389275211586660425e-02,-7.643441316526567927e-03,7.320739711455681413e-03,4.872709932193321214e-02,-2.413310703038299213e-02,9.211226699249199651e-03,1.685305000976480947e-04,1.045093162713467460e-03,-2.577174553053916337e-02,5.060836632105611965e-01,2.999865998553255531e-01,-1.499349039454489453e-03,5.051304643016585327e-01,1.205967975497219307e-03,3.353460548842467515e-03,-1.130884380572241442e-03,5.058134905285032179e-01,-3.000701939244863614e-01,1.197882195756180303e-03,5.053178005812295481e-01,-1.065057937434297835e-03,3.621815161609047342e-03,7.818698568132125340e-04
2.189631942129505182e-01,1.450068859412111024e-03,7.848542901695348961e-01,6.886862441763087154e-04,2.962312671275896953e-02,2.118095116166537287e-03,-9.995586574824397719e-01,2.770038775351950887e-03,8.024652028101215973e-03,3.464266064746606213e-03,4.851951899312156175e-02,-4.043609929081269476e-03,-6.989922458692134598e-03,2.391546842106686416e-02,-7.656699273723538944e-03,7.302390813957495772e-03,4.862929833911584787e-02,-2.444366086868744042e-02,9.208851768846818345e-03,1.911477714719073714e-04,1.050218612421009636e-03,-2.574119715865257757e-02,5.060696449646960859e-01,2.999674977724853808e-01,-1.490966053080992545e-03,5.051523591775928246e-01,1.204202813872090301e-03,3.382774292020042980e-03,-1.110944757733388615e-03,5.057496230177968011e-01,-3.000528320077188726e-01,1.178032983507348126e-03,5.052856223652054668e-01,-1.036693329391514705e-03,3.597765667496556890e-03,7.743654752365575211e-04
2.189296158975334861e-01,1.449268113060868260e-03,7.848570726115358109e-01,6.849826685421533815e-04,2.962638429810188212e-02,2.116200897902229504e-03,-9.995585674916334096e-01,2.794864999044550848e-03,8.011668781691681437e-03,3.442032929531041365e-03,4.842518229244642536e-02,-4.299631086018960990e-03,-6.998355614612713528e-03,2.393425940536596241e-02,-7.668620090478145065e-03,7.282642623502992053e-03,4.854250650326714933e-02,-2.467097526316627820e-02,9.201006948914415215e-03,2.055720570238283706e-04,1.056305301412548353e-03,-2.573756533555672868e-02,5.060514221610991070e-01,2.999599932059734964e-01,-1.502270473005172134e-03,5.051516537254276962e-01,1.213126704974302377e-03,3.378372957498921008e-03,-1.113198536859201764e-03,5.057074909703114241e-01,-3.000509475821845351e-01,1.188166687778306795e-03,5.052719664535143540e-01,-1.048729741273994641e-03,3.587325605265365321e-03,7.737437235382689255e-04
2.189002952278995828e-01,1.449167417238041763e-03,7.848624289162993151e-01,6.780619085826391232e-04,2.962748695144354003e-02,2.118058409013922044e-03,-9.995585355933725991e-01,2.802219560024126355e-03,7.995127074684839352e-03,3.446174909232969062e-03,4.835082185696679136e-02,-4.413008228273208877e-03,-6.992785094401839270e-03,2.393100853324554161e-02,-7.684430745487897015e-03,7.288266190496144742e-03,4.848412661224359849e-02,-2.477215993431141142e-02,9.207280088404729695e-03,2.278777526221695293e-04,1.058111807203266936e-03,-2.577498681571076949e-02,5.060553181808424839e-01,2.999407228436076767e-01,-1.491701062931004382e-03,5.051432250562620796e-01,1.197076481426557299e-03,3.358542091050848236e-03,-1.112277960563453705e-03,5.056934961962196162e-01,-3.000339842676293944e-01,1.167757820462416926e-03,5.052730496545443373e-01,-1.042823218190515799e-03,3.581382250207172397e-03,7.422964445255569171e-04
2.188735492860956755e-01,1.449498350066203041e-03,7.848683833532231757e-01,6.721225845553374439e-04,2.963673906408176642e-02,2.118998852592891662e-03,-9.995582633307289466e-01,2.818492362450332033e-03,7.982780888996933444e-03,3.460083790843970254e-03,4.830189398091423725e-02,-4.519408647976843989e-03,-6.990223253247941984e-03,2.393960977143373692e-02,-7.696349027032356287e-03,7.302180174692409105e-03,4.844888075020060969e-02,-2.486564716154160762e-02,9.210626563051726307e-03,2.480492914739286211e-04,1.063605355125626841e-03,-2.580266852429193708e-02,5.060598868635316494e-01,2.999226066575825800e-01,-1.480190985396966216e-03,5.051308610853765257e-01,1.177819201991320026e-03,3.336068457705297467e-03,-1.113748849220060066e-03,5.056883296793731608e-01,-3.000208493928469000e-01,1.146016296214389957e-03,5.052773886953593196e-01,-1.037349256129651036e-03,3.579856523861426644e-03,7.094834610488584981e-04
2.188498368037217479e-01,1.449844257363001833e-03,7.848736231107643624e-01,6.686000670653064219e-04,2.965919831484508176e-02,2.115733459876906804e-03,-9.995576064445705899e-01,2.853260924636361658e-03,7.976352605595395800e-03,3.471269107305032832e-03,4.828737862522513441e-02,-4.657772322348900304e-03,-7.001136265736889776e-03,2.397427721563709715e-02,-7.702340410596620300e-03,7.312690225842649432e-03,4.843803389735210768e-02,-2.497381773974204078e-02,9.200423081502326697e-03,2.563954623686563565e-04,1.073950444311800407e-03,-2.580644341578050907e-02,5.060581764075037237e-01,2.999198508565867893e-01,-1.489282434374340075e-03,5.051337687912480501e-01,1.177783975827681635e-03,3.334843212059688915e-03,-1.124709006867527809e-03,5.056842128608280973e-01,-3.000281186961243352e-01,1.153765245638562614e-03,5.052913548379148745e-01,-1.052969685664612281e-03,3.594029339879814718e-03,7.052698854326985281e-04
2.188272156695716120e-01,1.449767799765247760e-03,7.848775640618557148e-01,6.676835005536595809e-04,2.968267875907711420e-02,2.109860342177224349e-03,-9.995569224760371130e-01,2.883239440301208368e-03,7.976197256670234520e-03,3.479899435834596984e-03,4.827987742445733615e-02,-4.743334418720411734e-03,-7.005188591654838703e-03,2.400841220611241514e-02,-7.701542162582539902e-03,7.322447587011953092e-03,4.843316025371734862e-02,-2.504563835288632287e-02,9.196300661306146262e-03,2.553105812410426758e-04,1.086839508051437543e-03,-2.579643827440103454e-02,5.060547870351169708e-01,2.999205468210264236e-01,-1.495019684911997769e-03,5.051355260098097100e-01,1.178262953422381425e-03,3.339796855559599639e-03,-1.132118635270221076e-03,5.056768527121470180e-01,-3.000348085428676814e-01,1.156913616127264958e-03,5.052932529411169327e-01,-1.060686189313896511e-03,3.601000822725684489e-03,7.026800074928586702e-04
2.188054516394700444e-01,1.449073840187969052e-03,7.848801919809207384e-01,6.668747330695939859e-04,2.967429342769110912e-02,2.104339966576450165e-03,-9.995571836273122734e-01,2.837512638275703492e-03,7.976355769573043389e-03,3.487748128358784689e-03,4.825314999361010604e-02,-4.656350305116792147e-03,-6.989728045619422042e-03,2.396462298106182692e-02,-7.699433492246391536e-03,7.335934839923429103e-03,4.841724195282988419e-02,-2.497319818594226706e-02,9.210199200252289220e-03,2.478776796990314049e-04,1.094069556625964969e-03,-2.584811794454869652e-02,5.060760915019846262e-01,2.999148360245811329e-01,-1.478737728409046772e-03,5.051316107065042527e-01,1.166965072229766065e-03,3.342081602404584767e-03,-1.125505440208216835e-03,5.056831182805874292e-01,-3.000190130431830693e-01,1.127986416430040717e-03,5.052742919570351043e-01,-1.036974743211026761e-03,3.584277926086732336e-03,6.789767226428189287e-04
2.187844474380352400e-01,1.448174529557245266e-03,7.848811760172620389e-01,6.664015843429902872e-04,2.966384965814381283e-02,2.098956464814063887e-03,-9.995575052562747365e-01,2.787042361562452712e-03,7.978356606706024645e-03,3.498395432238402686e-03,4.823086104965151888e-02,-4.584038028183907813e-03,-6.974228537524774542e-03,2.391739335366010327e-02,-7.696187000241426837e-03,7.349847416792757923e-03,4.840318938949948052e-02,-2.491567884908430300e-02,9.223897687070214957e-03,2.388749776777460024e-04,1.098174681987011941e-03,-2.589191465019927141e-02,5.060949740919835627e-01,2.999085785008962501e-01,-1.457307418191117719e-03,5.051219687727288576e-01,1.150629143863446998e-03,3.342325332936656266e-03,-1.117546379979785778e-03,5.056885562363273579e-01,-2.999996934011408545e-01,1.095871211983292463e-03,5.052487303827484233e-01,-1.010790287045801967e-03,3.562688489019048398e-03,6.512289487113406133e-04
2.187670457083005504e-01,1.447907127304250922e-03,7.848808936865232511e-01,6.638614367308590157e-04,2.966385483266103032e-02,2.095403135124565205e-03,-9.995575142482608921e-01,2.763661376144185833e-03,7.976270708598031528e-03,3.515639441148164096e-03,4.822512566938944034e-02,-4.577528951377614688e-03,-6.971004610854771542e-03,2.389877470244988408e-02,-7.698455253049906431e-03,7.365524917068588633e-03,4.839560870116072638e-02,-2.489926536680161367e-02,9.225822574276062310e-03,2.337060050282771669e-04,1.097222820257288869e-03,-2.592251353407713441e-02,5.061026406736841565e-01,2.999062987235603939e-01,-1.448172751451073416e-03,5.051251238399021570e-01,1.136722408396638288e-03,3.354332396479503108e-03,-1.121221819776942663e-03,5.056956574168424146e-01,-2.999936790002308840e-01,1.090024322323547394e-03,5.052499435174059306e-01,-1.012111213952834833e-03,3.568733216442144304e-03,6.363479064779467391e-04
2.187511613734208493e-01,1.448011913177783090e-03,7.848797908686863112e-01,6.630819824253231026e-04,2.967348488218183797e-02,2.092151376929869688e-03,-9.995572357398294638e-01,2.762431952464000119e-03,7.977792746896923692e-03,3.530953435875634067e-03,4.822654805817397361e-02,-4.586883538286661705e-03,-6.972364109254499537e-03,2.390300652757309380e-02,-7.697569394831993081e-03,7.378322650046014938e-03,4.839351420398693704e-02,-2.490191441002602771e-02,9.224197475505690330e-03,2.297866981175943849e-04,1.098845429527460244e-03,-2.592781531741662066e-02,5.060973372764255851e-01,2.999029266867881960e-01,-1.446947731109127526e-03,5.051316478064770132e-01,1.127295495753452993e-03,3.365627378101641951e-03,-1.128735910668305156e-03,5.056962090988756930e-01,-2.999924214970312586e-01,1.094638165702194361e-03,5.052601769055579117e-01,-1.022932482724703360e-03,3.582023820996487525e-03,6.284791329059211161e-04
2.187352742539749317e-01,1.448004342785483940e-03,7.848783407479344998e-01,6.650211499769007051e-04,2.968418992991128311e-02,2.087921623549181867e-03,-9.995569254416530880e-01,2.757404155726087599e-03,7.984094731529360264e-03,3.537175577677877363e-03,4.822994909396064594e-02,-4.532092896448593894e-03,-6.971534436972186451e-03,2.390258095751882778e-02,-7.691398840586572902e-03,7.384629550262514566e-03,4.839884022074670417e-02,-2.485961637278886679e-02,9.225406761732371855e-03,2.251688159609749578e-04,1.102688951740702413e-03,-2.592320430734661868e-02,5.060895805497466204e-01,2.998967009385761218e-01,-1.449596156232127540e-03,5.051330872952135564e-01,1.125828069254094154e-03,3.364165786469089630e-03,-1.132781798152997926e-03,5.056932802511238112e-01,-2.999856994094253215e-01,1.096243190616241975e-03,5.052662844917508167e-01,-1.027190645694950289e-03,3.583840430582032298e-03,6.231430010946740951e-04
2.187212628326043462e-01,1.447930101041083970e-03,7.848769227327170306e-01,6.682995198158129179e-04,2.970002355538140307e-02,2.083041362561097350e-03,-9.995564630951295770e-01,2.771653886862400582e-03,7.993099931123936672e-03,3.540109255090812240e-03,4.823129871965816523e-02,-4.530845381592914743e-03,-6.972689548936514964e-03,2.392041265598945921e-02,-7.682457605461522239e-03,7.387947224950154601e-03,4.840458863043829024e-02,-2.486640809239363051e-02,9.224974207751840405e-03,2.206693385674876552e-04,1.107508466468078677e-03,-2.590020964870851788e-02,5.060758758158531156e-01,2.998886265957916297e-01,-1.450689093732978642e-03,5.051331166867722988e-01,1.125411764223909622e-03,3.360876445614313732e-03,-1.132421543221838814e-03,5.056858152134632300e-01,-2.999785566117860736e-01,1.094784523012739359e-03,5.052695152919026711e-01,-1.026070418656217136e-03,3.581744351772769321e-03,6.196324435758992707e-04
2.187110167805874916e-01,1.448237118289722640e-03,7.848759646027356762e-01,6.696997059534027770e-04,2.971676027462590020e-02,2.079358796201333931e-03,-9.995559723837792454e-01,2.800052856870877561e-03,7.997441490900474015e-03,3.545077524952837920e-03,4.822685588798854978e-02,-4.569707716943665135e-03,-6.978969735876325818e-03,2.394920557337365183e-02,-7.678235247274903946e-03,7.393052935038110958e-03,4.840564583179202823e-02,-2.489175974018454154e-02,9.219146242202123920e-03,2.174096613700362700e-04,1.109179680247949617e-03,-2.588030657802822126e-02,5.060606644543073074e-01,2.998800387364197184e-01,-1.446087469047335457e-03,5.051395074675900654e-01,1.120885537985223711e-03,3.368929956670751406e-03,-1.127183805051127025e-03,5.056794314737812490e-01,-2.999756477034681845e-01,1.091423735750678917e-03,5.052742107694763174e-01,-1.021917142810510170e-03,3.584527606223305608e-03,6.178724417892117633e-04
2.187029293749786496e-01,1.448577796257221554e-03,7.848753871393944204e-01,6.713923877587144994e-04,2.974015108555868453e-02,2.075660727838971823e-03,-9.995552832526143350e-01,2.842160131638881912e-03,8.003264419449851105e-03,3.553225165371747245e-03,4.823558314498695848e-02,-4.632187590620849386e-03,-6.985678121340386897e-03,2.399295316412996745e-02,-7.672990336800058521e-03,7.399027197138476411e-03,4.841731652511958167e-02,-2.493901458042750013e-02,9.212502188270603118e-03,2.121672620987008462e-04,1.111780832564394092e-03,-2.584088562926279212e-02,5.060409299516432924e-01,2.998749226519896727e-01,-1.436011017988998804e-03,5.051379117780010475e-01,1.113672329114497603e-03,3.373794573074606704e-03,-1.117557548255591676e-03,5.056728928159868186e-01,-2.999784744879717691e-01,1.086030849054003301e-03,5.052688105392245665e-01,-1.013672087385035590e-03,3.581597358505528381e-03,6.200299434614326994e-04
2.186985945662663078e-01,1.448688023891879853e-03,7.848750629935815626e-01,6.732711574336418866e-04,2.976521034673940136e-02,2.071386848443441519e-03,-9.995545449426399554e-01,2.868794495553023561e-03,8.010285593778681407e-03,3.563233265886576930e-03,4.828595669899472809e-02,-4.644616687079429658e-03,-6.988619621144301526e-03,2.402503739342742514e-02,-7.666634173388931113e-03,7.405801115862043968e-03,4.846501610541111005e-02,-2.494400342076196625e-02,9.208625658655596874e-03,2.024501298714541007e-04,1.113974899172368938e-03,-2.581869837010100990e-02,5.060372941900883603e-01,2.998802253003310936e-01,-1.424812610326867080e-03,5.051257208331679793e-01,1.109020894563393905e-03,3.371491777169301034e-03,-1.106820656258321886e-03,5.056878862068991953e-01,-2.999888671831872355e-01,1.083513135350585264e-03,5.052565864028257803e-01,-1.004711981409785833e-03,3.575354063642093971e-03,6.307445632440053952e-04
2.186935352287592005e-01,1.448431134801055542e-03,7.848746375859504409e-01,6.760920751409898836e-04,2.979394568962865156e-02,2.067003563308202150e-03,-9.995536960043814867e-01,2.888087074407539277e-03,8.019341932629226594e-03,3.569446488578598142e-03,4.834857898500371370e-02,-4.549502803732431711e-03,-6.990135188505572882e-03,2.405308297409263982e-02,-7.658029903455299513e-03,7.409505259314452981e-03,4.852082216421987892e-02,-2.486060102131220501e-02,9.206463106780502642e-03,1.910679462475884012e-04,1.116254956008226260e-03,-2.578759845068337442e-02,5.060336928680538859e-01,2.998901681292484578e-01,-1.414973071210405770e-03,5.051101834637524712e-01,1.106488888706135248e-03,3.364713844823126031e-03,-1.098099931407443743e-03,5.057024476881971653e-01,-3.000003906640255624e-01,1.082066823493703584e-03,5.052433399221724075e-01,-9.966678389999972069e-04,3.567982810346157288e-03,6.428720924288644284e-04
2.186843606680995700e-01,1.447881192127947053e-03,7.848736394459823185e-01,6.790541062995380812e-04,2.981933641931845333e-02,2.064478019328565023e-03,-9.995529420653720409e-01,2.882530512351686152e-03,8.028040311580282584e-03,3.570510105410148755e-03,4.840604374035233776e-02,-4.271997212890516447e-03,-6.991226662551659060e-03,2.405609803740009836e-02,-7.649108084843531455e-03,7.411292889246657960e-03,4.856952747404975901e-02,-2.460811012343064319e-02,9.205527523591581357e-03,1.811421299817233773e-04,1.115962793455266191e-03,-2.576119610288958930e-02,5.060288881642251990e-01,2.998997436740678535e-01,-1.410731718149008714e-03,5.051055856894789420e-01,1.107248256078300404e-03,3.362915239464395536e-03,-1.095243064677104252e-03,5.057090309122874716e-01,-3.000063415904100084e-01,1.082238978371897727e-03,5.052420728205692102e-01,-9.930408968626767280e-04,3.568055637399117960e-03,6.503625095179329770e-04
2.186720996782573478e-01,1.447228738052913329e-03,7.848714740429638681e-01,6.823349619264430571e-04,2.984903719342014983e-02,2.062756676780884164e-03,-9.995520568897444669e-01,2.897483176892512967e-03,8.036347950345435268e-03,3.566161046462060745e-03,4.845420341040975604e-02,-4.138120689167632156e-03,-6.991935641643541588e-03,2.407856313433716713e-02,-7.641133443724134298e-03,7.405621497726359512e-03,4.860847450360937516e-02,-2.449539373609892559e-02,9.205140213468554142e-03,1.759336872334895687e-04,1.116146430502016566e-03,-2.569739686938255635e-02,5.060098912806600957e-01,2.999037397148727746e-01,-1.403281343738538647e-03,5.050917826968303048e-01,1.099905078901760756e-03,3.351952888372314136e-03,-1.094052431158274320e-03,5.056966319890298101e-01,-3.000072838072744275e-01,1.078849645932539658e-03,5.052312260504877584e-01,-9.897685237190655388e-04,3.558989317118253348e-03,6.491035797072595677e-04
2.186588172035370814e-01,1.446882158102955236e-03,7.848685610956890324e-01,6.844341942123513198e-04,2.988458193292001935e-02,2.060799634235328630e-03,-9.995509974070343473e-01,2.948952676651531591e-03,8.039218968081299904e-03,3.554117559300712381e-03,4.848213447711361562e-02,-4.195623474336741647e-03,-6.992096741470566097e-03,2.413567885252071790e-02,-7.639244657108286950e-03,7.389678823451663846e-03,4.862876444982954655e-02,-2.456376685854233174e-02,9.205076222027890401e-03,1.777912239640221115e-04,1.116461035317654633e-03,-2.559117456036241744e-02,5.059739588298288737e-01,2.998961658242005890e-01,-1.384633284927628497e-03,5.050629145453817692e-01,1.074976625289306284e-03,3.323068493646447272e-03,-1.091343354875675981e-03,5.056640545022111910e-01,-3.000012359397547512e-01,1.067632990137562000e-03,5.052041951028172218e-01,-9.846285373198745538e-04,3.529790986499708842e-03,6.356424259865158747e-04
2.186470869818767926e-01,1.446484234035822890e-03,7.848660893349062029e-01,6.856620519150511111e-04,2.991918161662315140e-02,2.057478468990924392e-03,-9.995499683464019736e-01,3.017129747861740322e-03,8.039867001749899725e-03,3.542612477438029754e-03,4.848897398854540297e-02,-4.336604331122769808e-03,-6.988579428366009302e-03,2.420959155163232568e-02,-7.639770993464708657e-03,7.373234583362047248e-03,4.863087845012110944e-02,-2.471633717437633770e-02,9.208759278654273656e-03,1.838788462333978664e-04,1.116017677488789859e-03,-2.547519979685289315e-02,5.059281671862108087e-01,2.998847870222337009e-01,-1.361202527341113643e-03,5.050312414581809017e-01,1.047054816893536059e-03,3.290591165421726926e-03,-1.082792283703934866e-03,5.056210643455061327e-01,-2.999909555747842793e-01,1.052669210916357080e-03,5.051730742859958934e-01,-9.733382505566658257e-04,3.495650604540820501e-03,6.226236143806232991e-04
2.186408322234190960e-01,1.446029551562351282e-03,7.848651551943336413e-01,6.845087011838655406e-04,2.993362971364254069e-02,2.053683704566559333e-03,-9.995495443664849100e-01,3.049592346362491914e-03,8.035782835335542051e-03,3.536729246141926027e-03,4.848140247014310483e-02,-4.413931116902474958e-03,-6.980040647796642572e-03,2.424644750981876443e-02,-7.644579505110511881e-03,7.364096541203147932e-03,4.862343333555855379e-02,-2.480711065779227578e-02,9.217202126236768295e-03,1.929884832047201358e-04,1.110638875732543069e-03,-2.543110575421515113e-02,5.058971709942261530e-01,2.998782895134578519e-01,-1.342686132810864573e-03,5.050163626838470865e-01,1.034003592997329978e-03,3.275374696159205103e-03,-1.065372631385695006e-03,5.055940432976701038e-01,-2.999794590627227198e-01,1.041359681017832786e-03,5.051569731917590067e-01,-9.541429907239685213e-04,3.478158151352443456e-03,6.244070658345291262e-04
2.186376943343258661e-01,1.445545274752178160e-03,7.848654248089316221e-01,6.830469402550158609e-04,2.994802010921799457e-02,2.048819323425678067e-03,-9.995491242944473109e-01,3.084846647592450180e-03,8.032776959952303564e-03,3.538516947283182248e-03,4.847889445318628865e-02,-4.507491041203934116e-03,-6.970586926977888516e-03,2.428732186780443655e-02,-7.648362481229185536e-03,7.362129650781920782e-03,4.862162349668511935e-02,-2.491129663526736940e-02,9.226381754487193720e-03,1.987510331369152987e-04,1.105476222528151489e-03,-2.539218105600156428e-02,5.058703396344538250e-01,2.998750430168173886e-01,-1.327126337344007416e-03,5.050020709130116359e-01,1.028034662022355491e-03,3.262155562420385093e-03,-1.045985702844757798e-03,5.055665743489671238e-01,-2.999691747471686099e-01,1.026843522562700950e-03,5.051392404489333243e-01,-9.282539064903868545e-04,3.462606590769659338e-03,6.290420140751002559e-04
2.186369085184134697e-01,1.445252126843579862e-03,7.848664392445645621e-01,6.806762404349128237e-04,2.997087544617303354e-02,2.044515841760869129e-03,-9.995484496810644881e-01,3.130920845228115940e-03,8.029844734089743377e-03,3.550750745798667268e-03,4.850209574782805150e-02,-4.607938265474941300e-03,-6.963289213433462854e-03,2.433919344356555090e-02,-7.652136202356382005e-03,7.370460223138620981e-03,4.864373468892835978e-02,-2.500955606537581463e-02,9.232871576545113868e-03,1.960600500627958040e-04,1.100094850725291456e-03,-2.533736602951836003e-02,5.058543471646835821e-01,2.998751019797257777e-01,-1.315610948085758165e-03,5.049795191870218858e-01,1.024099635708515879e-03,3.243473477412480831e-03,-1.033212960125077032e-03,5.055376300646718946e-01,-2.999619459949339206e-01,1.005957969097527518e-03,5.051115153529759372e-01,-8.997789773730541837e-04,3.442159726404085077e-03,6.261793044865189345e-04
2.186364763694036151e-01,1.444982698752056470e-03,7.848678384290787013e-01,6.798411021258248714e-04,2.999963654863437718e-02,2.039411292241779909e-03,-9.995475978784641446e-01,3.185705671189819916e-03,8.031286690062863082e-03,3.564529280588919161e-03,4.852852930497975753e-02,-4.665095134883333848e-03,-6.959217451838744552e-03,2.440209866825458068e-02,-7.651273414824351186e-03,7.381658532768761542e-03,4.866770618434836104e-02,-2.507238011672663358e-02,9.236861947566536377e-03,1.901268165117380663e-04,1.098758061572481732e-03,-2.525816583940712276e-02,5.058314849731059271e-01,2.998746665246849186e-01,-1.307251945096039349e-03,5.049530838751422612e-01,1.020410575437092531e-03,3.219550359584928950e-03,-1.025892652593131263e-03,5.055010645916538925e-01,-2.999565458817032293e-01,9.862019164121318612e-04,5.050807541007105161e-01,-8.764045639579930505e-04,3.418289457114332634e-03,6.194821408093630598e-04
2.186347935635900297e-01,1.444786756864643428e-03,7.848692212874477381e-01,6.796644671469270066e-04,3.001883375652569449e-02,2.032140663638229861e-03,-9.995470364522293094e-01,3.212463104718720278e-03,8.033036051984368542e-03,3.572538275466210708e-03,4.854143583099557180e-02,-4.592046771575337277e-03,-6.958663399053461630e-03,2.444126186170694423e-02,-7.649259091111848367e-03,7.390479175989563346e-03,4.867551687249502268e-02,-2.502215118583243567e-02,9.238045819657101157e-03,1.855329506228339483e-04,1.098580383439251747e-03,-2.518592997790550236e-02,5.057961124129609631e-01,2.998710590572654100e-01,-1.300525337875894222e-03,5.049311020836728670e-01,1.015307039875948695e-03,3.194300681385229233e-03,-1.022132654515716180e-03,5.054623045739541354e-01,-2.999494193992620628e-01,9.755590989453273836e-04,5.050595497174915627e-01,-8.658832219944586402e-04,3.396063072120349136e-03,6.126409502155306247e-04
2.186358743712771557e-01,1.444678349547731493e-03,7.848700740108895957e-01,6.797891884647494281e-04,3.003960284526168908e-02,2.024296342821912432e-03,-9.995464283223043367e-01,3.253934854441249518e-03,8.035721320323339911e-03,3.581869353965031876e-03,4.855475228560963280e-02,-4.618340635964614596e-03,-6.959094632610262655e-03,2.449487535226764143e-02,-7.646823071136061092e-03,7.398405183421156994e-03,4.868414327362724503e-02,-2.506139622471040274e-02,9.237981521812592411e-03,1.824644242134989842e-04,1.100136579700579679e-03,-2.510467457688932494e-02,5.057537509298043465e-01,2.998658507477389157e-01,-1.291635507235822967e-03,5.049074893064263714e-01,1.005170202700734778e-03,3.172017850944337629e-03,-1.018846311049029099e-03,5.054238096670657931e-01,-2.999439388853438748e-01,9.668327533259398658e-04,5.050381156483797485e-01,-8.589217960187914757e-04,3.375498648435643068e-03,6.049574985278735389e-04
2.186463403614377909e-01,1.444847610002304933e-03,7.848706246980343693e-01,6.785359824124341391e-04,3.006591084359671803e-02,2.018958568147545887e-03,-9.995456489827596602e-01,3.327057664590941325e-03,8.036433025144484529e-03,3.599596262210718461e-03,4.858060583400923560e-02,-4.775997011122237387e-03,-6.957679010593373868e-03,2.457314315340439898e-02,-7.647189189910445425e-03,7.411635376735713557e-03,4.871235294505556201e-02,-2.520945136922164709e-02,9.238974895491582420e-03,1.818456471502244995e-04,1.101504257957225570e-03,-2.504773301374402586e-02,5.057282363588847529e-01,2.998615056695486669e-01,-1.280630678118906780e-03,5.048942989195387421e-01,9.903952980294563994e-04,3.167898248364959830e-03,-1.015899861892982778e-03,5.054050427201514095e-01,-2.999436761957127717e-01,9.567881390487156584e-04,5.050247107706650196e-01,-8.509847071799811827e-04,3.366862335508077463e-03,5.980985066207540612e-04
2.186593623055640423e-01,1.444754130533043709e-03,7.848710009437598334e-01,6.789316336274631289e-04,3.009960021896274443e-02,2.013417564400199304e-03,-9.995446459604531153e-01,3.415826984169302756e-03,8.041820056414974993e-03,3.617173733912757393e-03,4.860741393003371880e-02,-4.873433053793897220e-03,-6.958220416325985175e-03,2.466794243402136225e-02,-7.642880171423636036e-03,7.425007368572215244e-03,4.874179183548843497e-02,-2.530792214996020403e-02,9.238795657127953781e-03,1.802645610171213703e-04,1.106004893840477820e-03,-2.497810273770315753e-02,5.056975645235932681e-01,2.998543833973961181e-01,-1.271298463529503976e-03,5.048856011244057251e-01,9.769358928083911927e-04,3.166430932831964910e-03,-1.013815198676767037e-03,5.053828483739658539e-01,-2.999431008302846369e-01,9.489310548985560503e-04,5.050145758373039140e-01,-8.454546681453184095e-04,3.359430014041138966e-03,5.917322836987815677e-04
2.186693858882580999e-01,1.443965884069718869e-03,7.848709870694490220e-01,6.809852849937766787e-04,3.013140417441856345e-02,2.007033791847216350e-03,-9.995436991732170595e-01,3.475202704429791994e-03,8.051671912443762735e-03,3.629871144658277336e-03,4.864077895128043200e-02,-4.750091781242980586e-03,-6.963407188342662230e-03,2.473867940632227397e-02,-7.633300210227218427e-03,7.437270105317946370e-03,4.877075836326627556e-02,-2.520464037863525547e-02,9.235128129804039479e-03,1.752783372908527570e-04,1.110159432768334292e-03,-2.490518222938805162e-02,5.056581159929086633e-01,2.998431646834132103e-01,-1.269674037162198165e-03,5.048802711387780917e-01,9.732705543023381168e-04,3.158171050001238808e-03,-1.013915786249937334e-03,5.053498385601491449e-01,-2.999353513811686689e-01,9.497869324248784002e-04,5.050090595422191964e-01,-8.474324130728945340e-04,3.348666135662843948e-03,5.868504262554275278e-04
2.186814939854693496e-01,1.442432063633099443e-03,7.848703375518768510e-01,6.837515017764329243e-04,3.016413175814810707e-02,2.000389707552752486e-03,-9.995427234891861579e-01,3.539507499426552961e-03,8.064062630725909314e-03,3.641663498519643813e-03,4.868724932139972122e-02,-4.717111420266088817e-03,-6.963631994100289574e-03,2.481543580359351145e-02,-7.621719670805326974e-03,7.446281781788363988e-03,4.881142806162128839e-02,-2.519360426154449578e-02,9.236186797224297390e-03,1.699783706363940713e-04,1.113488236783595486e-03,-2.482995727626634286e-02,5.056177689848573298e-01,2.998312784852519841e-01,-1.266148231703008485e-03,5.048725917458144474e-01,9.686986632103956061e-04,3.147310889519183089e-03,-1.009903680113278341e-03,5.053150186862209736e-01,-2.999237368896000011e-01,9.477423496522217883e-04,5.050023086260242433e-01,-8.451473665708169724e-04,3.337194827090939064e-03,5.817616258853036291e-04
2.187018853048794120e-01,1.440585464493312822e-03,7.848696278710836083e-01,6.828096447432432112e-04,3.017360568329893397e-02,1.995568186256770071e-03,-9.995424478223388087e-01,3.582325787309960201e-03,8.067893931031563937e-03,3.656594517530662412e-03,4.872175020949192498e-02,-4.858145224098703481e-03,-6.953692884865833417e-03,2.486488045311998837e-02,-7.619811820909133844e-03,7.453563642307359065e-03,4.884642712042140678e-02,-2.534434342907719920e-02,9.245717677375607513e-03,1.676489685997934213e-04,1.108795556570689586e-03,-2.481687154247518706e-02,5.056029806722773801e-01,2.998247698535801420e-01,-1.256763870091739911e-03,5.048696131273404664e-01,9.595162014403545159e-04,3.144790388301893849e-03,-9.983774265352437019e-04,5.053049286136478413e-01,-2.999115584862797057e-01,9.375118920401656142e-04,5.050009510565360848e-01,-8.332758340654706272e-04,3.333735682905417975e-03,5.784738913174955347e-04
2.187239433913947262e-01,1.438389696943246591e-03,7.848692285933819290e-01,6.823943470809581708e-04,3.017743886220274757e-02,1.990796900890840632e-03,-9.995423418992182008e-01,3.619853191192466072e-03,8.073105589341824165e-03,3.669720216611300958e-03,4.874084751087169598e-02,-4.963620447431140933e-03,-6.943766320098659038e-03,2.490838561066894413e-02,-7.615908082570847087e-03,7.461061943778248863e-03,4.886745697718521131e-02,-2.546384006446539630e-02,9.255462632256903840e-03,1.637637443527216962e-04,1.105576813281378698e-03,-2.480171105078785368e-02,5.055905017894325448e-01,2.998237090016493966e-01,-1.246270687063541537e-03,5.048656833503033514e-01,9.499914815293258180e-04,3.142606576620116283e-03,-9.875504796655948034e-04,5.052993413747145501e-01,-2.999046952047807468e-01,9.255842910675419425e-04,5.049983920402006943e-01,-8.206946826783470799e-04,3.330636969978275751e-03,5.768471740052537973e-04
2.187427968748978935e-01,1.435900040311049574e-03,7.848691298819125972e-01,6.834778339069792112e-04,3.017921995647566621e-02,1.985693675324596338e-03,-9.995422975349759209e-01,3.636539126751365744e-03,8.081430396706354088e-03,3.677126602141020818e-03,4.875303549549366011e-02,-4.872794781668344372e-03,-6.940653606088072712e-03,2.493280669858193022e-02,-7.606896525766426199e-03,7.470460854963840124e-03,4.887893527962263590e-02,-2.539510038007446527e-02,9.259132205163894333e-03,1.558275924731797671e-04,1.105962195880122933e-03,-2.477138138035324053e-02,5.055754767240201453e-01,2.998304455662058610e-01,-1.241433536735754703e-03,5.048612721926306612e-01,9.459604115134507326e-04,3.141185921812252729e-03,-9.867494672145752776e-04,5.052961971189927626e-01,-2.999087106619144905e-01,9.228557033637628353e-04,5.049978221068005535e-01,-8.194808934806503947e-04,3.330564378789752436e-03,5.785079843657230710e-04
2.187618250008562526e-01,1.432777225922067174e-03,7.848688400044998570e-01,6.854321375422347965e-04,3.018688767524021002e-02,1.981729459995515853e-03,-9.995420725230208525e-01,3.655294793957891090e-03,8.093583597088331583e-03,3.686618838891756855e-03,4.879305641997511850e-02,-4.804117920083166883e-03,-6.939772625155275938e-03,2.496056364053691676e-02,-7.594884134656673495e-03,7.478000052595083075e-03,4.891164956261912639e-02,-2.533953594197988976e-02,9.259195194348425820e-03,1.436366869261161054e-04,1.107457569327708518e-03,-2.472522132662581529e-02,5.055661783298360801e-01,2.998470653403211283e-01,-1.234742167597916926e-03,5.048470076466229362e-01,9.407420291762423137e-04,3.138827359923168810e-03,-9.892336507973879377e-04,5.053040196798479489e-01,-2.999254047753722729e-01,9.223605555059833337e-04,5.049878977218315024e-01,-8.210999044553765266e-04,3.329072064560246232e-03,5.837503945928381810e-04
2.187883662311087274e-01,1.429173306955300532e-03,7.848687724004090871e-01,6.825896080093065777e-04,3.015636299577357030e-02,1.984078130304906852e-03,-9.995429912096168712e-01,3.610621801466074553e-03,8.096896642307015862e-03,3.705638089254783066e-03,4.882930139362366695e-02,-4.851902640194223973e-03,-6.938022268616804433e-03,2.491764446932837745e-02,-7.594095730531817690e-03,7.485579805231368580e-03,4.893644536798317374e-02,-2.536132831424679421e-02,9.256956427401635129e-03,1.285312283093045468e-04,1.097121570363391229e-03,-2.477552526167813365e-02,5.056120877732390717e-01,2.998821029505148172e-01,-1.232156334675653603e-03,5.048345583341938836e-01,9.422401049649425583e-04,3.151085302293729195e-03,-9.952294440421236357e-04,5.053680982225936535e-01,-2.999579910170851460e-01,9.319968797394965684e-04,5.049757500855159842e-01,-8.294668536232969970e-04,3.336422963699473866e-03,6.020455728699953104e-04
2.188095626465841881e-01,1.425429349317033391e-03,7.848686595804009736e-01,6.797718322208054194e-04,3.011759602755565562e-02,1.989484178661137231e-03,-9.995441512371933124e-01,3.532377450545669088e-03,8.096938488793913036e-03,3.709395103438546237e-03,4.884920560886119728e-02,-4.682077624515289943e-03,-6.936858725097910273e-03,2.484069443844813888e-02,-7.594455310057012139e-03,7.487776712923357308e-03,4.894204144889863911e-02,-2.519495444379513463e-02,9.255646172422004811e-03,1.136225814803380052e-04,1.084815962265977879e-03,-2.482034551128492819e-02,5.056642919580009998e-01,2.999157696717156818e-01,-1.236175711148647079e-03,5.048311464914549962e-01,9.498040402234764071e-04,3.163770096582319610e-03,-1.005411703197353320e-03,5.054343343172659209e-01,-2.999874224826358793e-01,9.478779709957388562e-04,5.049706703303209476e-01,-8.444438730823683979e-04,3.344199378728595750e-03,6.213656515541060490e-04
2.188138312692082810e-01,1.422099628426442630e-03,7.848678004892446491e-01,6.787214927102341259e-04,3.008757311109010874e-02,1.996104364808470172e-03,-9.995450429314259866e-01,3.425032590834973124e-03,8.094546424807370910e-03,3.687456668476356714e-03,4.886229796969412259e-02,-4.143089856550078234e-03,-6.934894828571561663e-03,2.473984821887539529e-02,-7.592838168217876452e-03,7.484061312243796109e-03,4.893350179525924465e-02,-2.471598517800382283e-02,9.259044074260338458e-03,1.025190736767008068e-04,1.074429150414464313e-03,-2.480006175007441749e-02,5.056807787700254853e-01,2.999257202271523592e-01,-1.243614909575147063e-03,5.048446823478791590e-01,9.560126511943094207e-04,3.166778332676203726e-03,-1.017071488554710176e-03,5.054551607167450111e-01,-2.999901503634306854e-01,9.606811109131415316e-04,5.049870688598013801e-01,-8.601923959051062992e-04,3.351343083709633092e-03,6.249538673228458453e-04
2.188141383883484281e-01,1.419582783253702310e-03,7.848655242708000301e-01,6.768624053182337001e-04,3.005545452180650307e-02,2.003880427040112024e-03,-9.995459949267004873e-01,3.346836667005729463e-03,8.087478523760179699e-03,3.659982019954662047e-03,4.884587956028397376e-02,-3.935780720997593060e-03,-6.932565873268375922e-03,2.466417099308597025e-02,-7.598709298435369665e-03,7.464784391549467678e-03,4.889709093331292417e-02,-2.454592488640635825e-02,9.262387455772172137e-03,1.037084672334381412e-04,1.063943167308934205e-03,-2.475136398676909544e-02,5.056711811843476179e-01,2.999203743343595852e-01,-1.243058885602610353e-03,5.048544908594656544e-01,9.570269676604970140e-04,3.164260205877614772e-03,-1.014459508590500984e-03,5.054466268397653783e-01,-2.999780358333253849e-01,9.668090155428754780e-04,5.050009406470885587e-01,-8.649493132521043253e-04,3.354973550675493729e-03,6.233719496812500406e-04
2.188245237083904504e-01,1.418664059632613337e-03,7.848629307224432861e-01,6.714051023930129323e-04,3.000373478681546760e-02,2.012388364999617707e-03,-9.995475353414167152e-01,3.319934636560750371e-03,8.069177304939501028e-03,3.634101520843356550e-03,4.874581395966685188e-02,-4.234755612274753236e-03,-6.930924992097174143e-03,2.462713219751163501e-02,-7.621616426736235218e-03,7.424818503975924057e-03,4.879245744634769233e-02,-2.482954999473004076e-02,9.263018757441158005e-03,1.247192114891176916e-04,1.051965102818264511e-03,-2.475028599884880609e-02,5.056511451181143757e-01,2.999038719147223975e-01,-1.222874955341765428e-03,5.048582544463137145e-01,9.505560503641663668e-04,3.163649571283049227e-03,-9.820507982977813317e-04,5.054317482789242311e-01,-2.999599624153250765e-01,9.618216425750388248e-04,5.050049780382539488e-01,-8.478328894860943411e-04,3.354666978293494462e-03,6.278051535825959111e-04
2.188408127938174796e-01,1.418998591636744027e-03,7.848623473270084361e-01,6.663458183642227868e-04,2.994974143130384181e-02,2.018533314530122739e-03,-9.995491456125146223e-01,3.324005163846958672e-03,8.051072867037711855e-03,3.613706641289563936e-03,4.860973732659617380e-02,-4.652828978384558611e-03,-6.930333381026886584e-03,2.461881659881431927e-02,-7.644993741004639694e-03,7.387883619115314174e-03,4.866032247077151790e-02,-2.522187324576394968e-02,9.262997428366996633e-03,1.498524608709411970e-04,1.045371620761365939e-03,-2.475268276092281935e-02,5.056174780026053694e-01,2.998837371197003443e-01,-1.198734786807891320e-03,5.048560973925383388e-01,9.412206552898277076e-04,3.158497760754244883e-03,-9.454211183426191245e-04,5.054020413598137029e-01,-2.999417654906387787e-01,9.515871919095859281e-04,5.050013930721933830e-01,-8.256203156716168841e-04,3.348945975761196975e-03,6.310519624051125123e-04
2.188576204294545025e-01,1.420077544909894608e-03,7.848645795815718529e-01,6.641693441397494022e-04,2.991402179904151595e-02,2.019923697463574166e-03,-9.995502138898009203e-01,3.335230024641374236e-03,8.040323591676650644e-03,3.598853438328475460e-03,4.852158682111375881e-02,-4.930629982552071564e-03,-6.930890422111910844e-03,2.462617746300727398e-02,-7.658388651994107489e-03,7.366523299167415488e-03,4.857299607040361372e-02,-2.549296868362535898e-02,9.262237569277432039e-03,1.657537607958775334e-04,1.047067407474722199e-03,-2.471456160021842652e-02,5.055686308022923070e-01,2.998691258992944308e-01,-1.184585647286843851e-03,5.048344387234495745e-01,9.307707450202760838e-04,3.139394791657432963e-03,-9.285278912789683356e-04,5.053493893372000834e-01,-2.999281295331424069e-01,9.415013742328097500e-04,5.049813117243077132e-01,-8.126377554841850365e-04,3.334025819474781011e-03,6.242320411811622767e-04
2.188774338846336820e-01,1.421550220343298886e-03,7.848692682995196401e-01,6.636345537012553874e-04,2.989554855885261098e-02,2.017386592753633422e-03,-9.995507720555677489e-01,3.360481614665907814e-03,8.034675998611436401e-03,3.591158953774198619e-03,4.847554308151880847e-02,-5.107987905775137651e-03,-6.931538150609386183e-03,2.465466149171545440e-02,-7.664966016830398673e-03,7.357990853928848655e-03,4.852476959304299897e-02,-2.567481398017595895e-02,9.262090103649311956e-03,1.742877093607032542e-04,1.052436084356873393e-03,-2.464773946864017018e-02,5.055107545212642606e-01,2.998568938043779664e-01,-1.174766711799683696e-03,5.048065312737537447e-01,9.197376763355287130e-04,3.113666548825069335e-03,-9.213193485357555742e-04,5.052863824894021638e-01,-2.999168945114309981e-01,9.311413956778001166e-04,5.049567364379962120e-01,-8.039171013606476526e-04,3.314045854834986489e-03,6.134474875119499005e-04
2.189071519225911366e-01,1.423344120820070960e-03,7.848751474223436553e-01,6.617471358445015193e-04,2.988806624553560012e-02,2.014228391788025919e-03,-9.995510034364519791e-01,3.389712772315054811e-03,8.027946723834826492e-03,3.595907223550528532e-03,4.848099890002000034e-02,-5.156352592492539737e-03,-6.930135340359237783e-03,2.468720548319829761e-02,-7.671093288960614473e-03,7.366721610130155286e-03,4.853137165265874325e-02,-2.572622690885455893e-02,9.264245351141224549e-03,1.770624773313894955e-04,1.053570933223092754e-03,-2.462701943946577973e-02,5.054853139110532245e-01,2.998513085568234593e-01,-1.176632949319200011e-03,5.047997423951746665e-01,9.196041303938944393e-04,3.106940894068788064e-03,-9.219895452286679984e-04,5.052557979390921439e-01,-2.999121200134891585e-01,9.305073503410641158e-04,5.049492903856043213e-01,-8.038009317121646907e-04,3.306812639518909736e-03,6.106161221329671745e-04
2.189428458576751779e-01,1.425223604682086939e-03,7.848803652377442930e-01,6.612725325443022427e-04,2.989203457221458263e-02,2.010105181384984601e-03,-9.995508933840901999e-01,3.434205096708922191e-03,8.025990015204154115e-03,3.606552939185129689e-03,4.851835059974207720e-02,-5.170209229546019608e-03,-6.928052858037167874e-03,2.473637890787048349e-02,-7.672232091449921604e-03,7.381169592252529062e-03,4.857022242765035580e-02,-2.574310499128499782e-02,9.266999077382589642e-03,1.757259374595160773e-04,1.056090963204340920e-03,-2.461372857685168586e-02,5.054734418743350721e-01,2.998498107289268022e-01,-1.182872815510939120e-03,5.047991470242390033e-01,9.231881422155256223e-04,3.107626727501943287e-03,-9.262713305731096799e-04,5.052408195573536709e-01,-2.999122536737239275e-01,9.333991736370692537e-04,5.049453495468891884e-01,-8.070387801522546948e-04,3.303467910692172316e-03,6.110691087785946390e-04
2.189814777481495500e-01,1.426980921512617300e-03,7.848837482512082131e-01,6.618371842098736725e-04,2.989617180190749443e-02,2.004673373932156725e-03,-9.995507801846778007e-01,3.467942894876735981e-03,8.027096525318062545e-03,3.618257926485414586e-03,4.857484674906272643e-02,-5.128420600433190868e-03,-6.926258852228047054e-03,2.477752402255657335e-02,-7.670235335960532037e-03,7.395929327759944924e-03,4.862560899931818448e-02,-2.570507901464579373e-02,9.268869153342402037e-03,1.713118401107272416e-04,1.057942831646541430e-03,-2.461459371508152236e-02,5.054694105156519734e-01,2.998499842316234010e-01,-1.185383424268062662e-03,5.048017880007694691e-01,9.237728204025609947e-04,3.109802123818450337e-03,-9.295365652341652579e-04,5.052369851149935975e-01,-2.999121616332757756e-01,9.351268311527815734e-04,5.049449178511020708e-01,-8.098461350500585094e-04,3.300375860230267584e-03,6.111181121722821094e-04
2.190198172936464460e-01,1.428475965567106319e-03,7.848847720353968604e-01,6.643871696512921535e-04,2.990541765078947450e-02,1.998027720475349395e-03,-9.995505152167402096e-01,3.506786885332764149e-03,8.033008981549917202e-03,3.627634518901189185e-03,4.863798824519052766e-02,-5.068887929801641282e-03,-6.924383438176599272e-03,2.482619900646304903e-02,-7.663376221490789640e-03,7.407914965444868834e-03,4.868611112474452440e-02,-2.565781931032747737e-02,9.270759993675669469e-03,1.651900771693861790e-04,1.061421070447904564e-03,-2.459614345238438429e-02,5.054617722183946116e-01,2.998521978330205839e-01,-1.184701530814671324e-03,5.047981033345237956e-01,9.217034906250150695e-04,3.107253912178998059e-03,-9.318196856667591193e-04,5.052325490573295053e-01,-2.999139856728753606e-01,9.350726178728610647e-04,5.049396519956321772e-01,-8.108448354389482908e-04,3.294359871478458584e-03,6.111021249389777610e-04
2.190579540143167692e-01,1.429997420343486056e-03,7.848839267870064695e-01,6.655235186854667603e-04,2.990308014441892676e-02,1.992616313511856238e-03,-9.995505951959368085e-01,3.521710906177550043e-03,8.034928629081530133e-03,3.635716673882306502e-03,4.868389227383506518e-02,-4.938929287506351080e-03,-6.921228601293169524e-03,2.484821373105837103e-02,-7.660112868133939039e-03,7.419966752048786154e-03,4.873197822822704361e-02,-2.554070894819091345e-02,9.273848834500834221e-03,1.596607462109847942e-04,1.060146605689658893e-03,-2.460170512404385654e-02,5.054659638853452597e-01,2.998582359469938452e-01,-1.184311478678343665e-03,5.047982573377539639e-01,9.220560844235558022e-04,3.105278339616501966e-03,-9.344475262325265550e-04,5.052399377290067717e-01,-2.999171720190177415e-01,9.352189073814384628e-04,5.049425600456367569e-01,-8.109186635076466023e-04,3.294943787155589238e-03,6.134287018383459671e-04
2.190965373728772370e-01,1.431429400305612347e-03,7.848815554413469675e-01,6.670145254085169942e-04,2.990141602733521059e-02,1.988673463219187230e-03,-9.995506518376354732e-01,3.539585723563778378e-03,8.038230476040285691e-03,3.645219380013476305e-03,4.873704915662622345e-02,-4.865024058844499497e-03,-6.917804629296761890e-03,2.487177798897113878e-02,-7.656078522660040436e-03,7.430703587491587804e-03,4.878322216469179601e-02,-2.546944218068460455e-02,9.276349485754913429e-03,1.525297722957962324e-04,1.058999810281424344e-03,-2.460940028402833907e-02,5.054808008644539052e-01,2.998704136856237268e-01,-1.182284637233948794e-03,5.047934789384911358e-01,9.206012894412008828e-04,3.103586133436718898e-03,-9.384705876596988487e-04,5.052592579901001857e-01,-2.999264641956838617e-01,9.336566506695879184e-04,5.049409460935101457e-01,-8.097290673639424667e-04,3.296522113019303632e-03,6.164729000070262241e-04
2.191285206348855263e-01,1.432174630018405751e-03,7.848775396250153857e-01,6.727640031262716600e-04,2.994157749938642851e-02,1.983914823650454948e-03,-9.995494552084037698e-01,3.608618409933889420e-03,8.052695642474360510e-03,3.651130623397077276e-03,4.886911195031484745e-02,-4.856389557504160043e-03,-6.918292001581675260e-03,2.495324830538943328e-02,-7.641340708447560970e-03,7.435358005575308862e-03,4.889956084786798579e-02,-2.545439271177964147e-02,9.274106314263036444e-03,1.410071180145367419e-04,1.065751076394553642e-03,-2.451071158727901808e-02,5.054696188175960003e-01,2.998932302420911911e-01,-1.176655305049161254e-03,5.047491951138595168e-01,9.147610037467489427e-04,3.076523207118251647e-03,-9.444336470801208789e-04,5.052560562504693209e-01,-2.999465840198600741e-01,9.299123677133911726e-04,5.048989930790432901e-01,-8.081608019527643282e-04,3.269767102811245007e-03,6.196291449467003802e-04
2.191497404739168042e-01,1.431889887223608592e-03,7.848730653791077261e-01,6.810655329400739201e-04,3.000669037566742331e-02,1.978097995003915040e-03,-9.995475085311156249e-01,3.696527000168342569e-03,8.072823323438088616e-03,3.646390022769302290e-03,4.902098904091652110e-02,-4.697095028292095319e-03,-6.920168285767862477e-03,2.506012599187419990e-02,-7.620305601228781131e-03,7.432369333148776229e-03,4.902841136211933543e-02,-2.532229879241891177e-02,9.271839385394916103e-03,1.290539331281566522e-04,1.074666246776142869e-03,-2.433578330620137994e-02,5.054261774772537130e-01,2.999130368080036857e-01,-1.171608117996860094e-03,5.046937992125601902e-01,9.122543484674412468e-04,3.034583627190615401e-03,-9.474537274923835106e-04,5.052201653370052004e-01,-2.999622526274331458e-01,9.278718929519761760e-04,5.048452162390326681e-01,-8.063653192638708424e-04,3.227707505256077660e-03,6.240454462452331950e-04
2.191640708398434056e-01,1.431120832504053893e-03,7.848694897292282091e-01,6.863462402486180964e-04,3.004686442325907661e-02,1.975624358738842928e-03,-9.995463029672820854e-01,3.714732708256011234e-03,8.085137555560737224e-03,3.636693761838120671e-03,4.912977760293352897e-02,-4.220590783720445070e-03,-6.921517335493962766e-03,2.509329296470884027e-02,-7.605794392967109296e-03,7.431064307854176425e-03,4.911934766609412500e-02,-2.490306958576194232e-02,9.271828578370482771e-03,1.215093083522230326e-04,1.075047887052436261e-03,-2.425090084063117116e-02,5.053953974642627633e-01,2.999176979303216917e-01,-1.175165532465745908e-03,5.046837495703906384e-01,9.233477004223782265e-04,3.016281326659813345e-03,-9.450518559598740809e-04,5.051906546267231901e-01,-2.999599894527330002e-01,9.347433566674654510e-04,5.048338605182811634e-01,-8.074543434840868606e-04,3.209491536875161161e-03,6.328317681804874681e-04
2.191754136381514062e-01,1.430340624012670743e-03,7.848653529558904385e-01,6.893223999907062719e-04,3.007327802494862493e-02,1.975311689194019556e-03,-9.995455071817357373e-01,3.736657932151352200e-03,8.090979886470679727e-03,3.624300482200113176e-03,4.919868208035570872e-02,-4.007963091474078983e-03,-6.920743319836492394e-03,2.512238562776446249e-02,-7.598738650020126113e-03,7.423616826766934497e-03,4.917770134268714677e-02,-2.472110883773163958e-02,9.273885717149812566e-03,1.215436181979102464e-04,1.073467739841330384e-03,-2.420214721428730342e-02,5.053656952019094373e-01,2.999132726903084301e-01,-1.179408595962317535e-03,5.046835073589673870e-01,9.306260661559875250e-04,3.006693877621955530e-03,-9.422652203907352485e-04,5.051581549277562866e-01,-2.999498408050929599e-01,9.412681112848760500e-04,5.048323835085701816e-01,-8.096083194937361187e-04,3.200399991698079163e-03,6.364051144441021336e-04
2.191880588888909798e-01,1.430056095897789788e-03,7.848606356033789311e-01,6.902291537522232956e-04,3.009605132963270174e-02,1.976150565570745053e-03,-9.995448194588483215e-01,3.809030912565480355e-03,8.088216029658200010e-03,3.602371885692808636e-03,4.921523340152149373e-02,-4.188295803195820483e-03,-6.914013456994287134e-03,2.518898790450325303e-02,-7.600650949431487884e-03,7.405509431953023920e-03,4.919843346759972258e-02,-2.488080343940254208e-02,9.281116664861779192e-03,1.331778695943938370e-04,1.074400162640768135e-03,-2.416164567182476491e-02,5.053332882443110075e-01,2.999027583159930010e-01,-1.174815713793539093e-03,5.046780785210207565e-01,9.157476308022379852e-04,3.001114482463283339e-03,-9.442640134146063373e-04,5.051217427988029529e-01,-2.999401593082358652e-01,9.388224501499367125e-04,5.048283741620513965e-01,-8.134823308814599554e-04,3.194620828712136252e-03,6.256520116275327914e-04
2.191985037220787746e-01,1.429597191321535770e-03,7.848571238323708288e-01,6.911768181396547080e-04,3.012134795393863265e-02,1.975879509408349534e-03,-9.995440573442514465e-01,3.906499418739463152e-03,8.085977388150179801e-03,3.581269289610572275e-03,4.920273492540494509e-02,-4.469558194108495114e-03,-6.907299094733255519e-03,2.527780424615757096e-02,-7.602173152442714965e-03,7.387367099974946442e-03,4.919670861409502355e-02,-2.513322540385015680e-02,9.288390249802117027e-03,1.466049313637243648e-04,1.079649359287370054e-03,-2.410714949350907521e-02,5.052918035274509556e-01,2.998916861735929640e-01,-1.166450831348435054e-03,5.046674466264848835e-01,8.942220977912953162e-04,2.994569576361593311e-03,-9.475654945805303238e-04,5.050769160129902069e-01,-2.999341304688415977e-01,9.322282007623653973e-04,5.048193968544976151e-01,-8.167341518279772235e-04,3.187322334693000556e-03,6.114532885103668306e-04
2.192029577089607828e-01,1.428576842818937232e-03,7.848559992137673635e-01,6.911614845900613613e-04,3.013772139922158907e-02,1.973954738365219213e-03,-9.995435676084138965e-01,3.965602785862668705e-03,8.083571597952485602e-03,3.564261771047997577e-03,4.918968652361158794e-02,-4.629492888736669136e-03,-6.906097668936486862e-03,2.533216369625864925e-02,-7.603625386634344473e-03,7.373981680300850314e-03,4.919110277436825052e-02,-2.527293803118174642e-02,9.289984292886814890e-03,1.548756162033323482e-04,1.084352815090934433e-03,-2.405463317863129960e-02,5.052502613474642024e-01,2.998885987029195621e-01,-1.164158501230374903e-03,5.046489801054619972e-01,8.861280361518840279e-04,2.984609981553375518e-03,-9.502992446843238445e-04,5.050326678810317382e-01,-2.999350963820422988e-01,9.321230579446890653e-04,5.048011477951820369e-01,-8.206799057586047774e-04,3.176474582081783259e-03,6.072051634164748893e-04
2.192026281620015893e-01,1.426544382002816825e-03,7.848568216937952258e-01,6.916231739664516383e-04,3.015836354075853917e-02,1.970842861251240457e-03,-9.995429508251982842e-01,4.013173283151191817e-03,8.085120838789958825e-03,3.551340509945057587e-03,4.919361642206063201e-02,-4.711770984537489403e-03,-6.906625855842357491e-03,2.537951581128816692e-02,-7.600995205118550764e-03,7.364629865256428279e-03,4.919763527269185172e-02,-2.534532867183392560e-02,9.289777446666999325e-03,1.578597952093972398e-04,1.089228706712455511e-03,-2.398590002686991351e-02,5.052091933333638929e-01,2.998907998156397636e-01,-1.163873229008670048e-03,5.046269921057827679e-01,8.846903741122757060e-04,2.971706291196099525e-03,-9.520676395450343530e-04,5.049911129031037227e-01,-2.999410591382909996e-01,9.343377628096279997e-04,5.047783068468659762e-01,-8.238872252678298156e-04,3.162221113519564624e-03,6.090900670778233959e-04
2.192010457607609930e-01,1.423432153080934730e-03,7.848587521542962353e-01,6.913487931942735500e-04,3.018678985411898247e-02,1.972037253999283681e-03,-9.995420905715867166e-01,4.050575110886521155e-03,8.089634301923196574e-03,3.550714255567294711e-03,4.924196769900593407e-02,-4.712356082265825238e-03,-6.906762709578615801e-03,2.541342799125212090e-02,-7.595175203469909340e-03,7.368664809025803411e-03,4.924641568915887058e-02,-2.532307600298583372e-02,9.289324222797584046e-03,1.570915819694453628e-04,1.090950923623040716e-03,-2.393573945465240355e-02,5.051896733534663175e-01,2.998962795497391864e-01,-1.161281346915781594e-03,5.046114147560820662e-01,8.823495595788220184e-04,2.964612221433181836e-03,-9.520828288415183506e-04,5.049710312849626792e-01,-2.999491027986426750e-01,9.333790473213763325e-04,5.047607310647794776e-01,-8.227654797272399619e-04,3.152411580344292950e-03,6.122935160372453521e-04
2.191945407515265287e-01,1.419218466441141656e-03,7.848605220790950687e-01,6.922736096011559894e-04,3.022328138542066528e-02,1.975068448193625838e-03,-9.995409812129624205e-01,4.089489859545455616e-03,8.098744824287193791e-03,3.549154231810795063e-03,4.930308300178636721e-02,-4.661172007429496139e-03,-6.906751494088099463e-03,2.544799199186145722e-02,-7.584587027910288937e-03,7.372601784469932050e-03,4.930750901353608134e-02,-2.525730363886255145e-02,9.289594148424880002e-03,1.551032491210747573e-04,1.093776719946069204e-03,-2.387351927220698194e-02,5.051709563068603748e-01,2.999012492994381218e-01,-1.157364034524923204e-03,5.045975514590008704e-01,8.782509521021819414e-04,2.957542131293464018e-03,-9.517207501905690370e-04,5.049529504343662767e-01,-2.999561716874629691e-01,9.308708026988146266e-04,5.047448288373823644e-01,-8.208365042745432646e-04,3.142860065988453775e-03,6.140515264049177090e-04
2.191817308859835001e-01,1.413948440884583557e-03,7.848615804173604271e-01,6.938576985845013164e-04,3.025682653771776323e-02,1.975947423497288920e-03,-9.995399635037809372e-01,4.109165088106485342e-03,8.107547193730701290e-03,3.532765289574218981e-03,4.935136644834641623e-02,-4.497771319089742710e-03,-6.905893283369216734e-03,2.546581199679890870e-02,-7.573468520243449749e-03,7.364621547178095383e-03,4.935640690029085426e-02,-2.510355499100175303e-02,9.291612475684496442e-03,1.530777468900325399e-04,1.095738831082541075e-03,-2.382303482316405069e-02,5.051525658571468513e-01,2.999043987986006465e-01,-1.156589782303697484e-03,5.045963962116116752e-01,8.754995334182384681e-04,2.955933131154106237e-03,-9.549132571639733268e-04,5.049383903149450292e-01,-2.999584279634182060e-01,9.332896727314257028e-04,5.047448061116005524e-01,-8.264863898758398114e-04,3.141036853476321996e-03,6.143032116390265791e-04
2.191654922549858830e-01,1.407825623019908802e-03,7.848609910140905699e-01,6.951817649761137148e-04,3.029172710933717219e-02,1.976402001085128882e-03,-9.995389046086085028e-01,4.143399362774493472e-03,8.116016768529745254e-03,3.512671907703089971e-03,4.938430071545486799e-02,-4.455372210084625889e-03,-6.904444080007998523e-03,2.549846551672087236e-02,-7.563091805095247498e-03,7.350788446719035488e-03,4.938885860929896621e-02,-2.506551822676198957e-02,9.293372869677763229e-03,1.522488397414030242e-04,1.096785473177649484e-03,-2.376804972663727755e-02,5.051366461060613489e-01,2.999076499164587406e-01,-1.155552747579575946e-03,5.045921144394663882e-01,8.741104724605330356e-04,2.953578187146899646e-03,-9.554618075660638310e-04,5.049273488587696646e-01,-2.999619826857803928e-01,9.353681410114280184e-04,5.047416400152797689e-01,-8.300411975827777251e-04,3.138187035232509366e-03,6.157650224013856482e-04
2.191494409782718811e-01,1.401430446012774189e-03,7.848592814927455308e-01,6.938421221725960030e-04,3.032184478297289890e-02,1.979248514940566608e-03,-9.995379867155538278e-01,4.191096312974520489e-03,8.119025007916507927e-03,3.496290309665751363e-03,4.939221832422464875e-02,-4.549710000367203008e-03,-6.902854626222330002e-03,2.554111745393042310e-02,-7.558870037761658903e-03,7.337969454167925232e-03,4.939526225282333399e-02,-2.513962615177195437e-02,9.293791801210310802e-03,1.544035218314351648e-04,1.094328674121420458e-03,-2.373353710921339774e-02,5.051351453610759545e-01,2.999102205065710125e-01,-1.151684219689136498e-03,5.045854060314439726e-01,8.762057870170418322e-04,2.949226968204193139e-03,-9.477205913741451691e-04,5.049291026212257005e-01,-2.999703373396522266e-01,9.325838776934337318e-04,5.047323618296727377e-01,-8.233414071329292613e-04,3.130487944349394629e-03,6.221042013471124368e-04
2.191286426378162289e-01,1.394530087105116684e-03,7.848573584508484746e-01,6.928620019905603125e-04,3.035471597352935175e-02,1.982175996340802913e-03,-9.995369838774009752e-01,4.243351019115227871e-03,8.123844318709359108e-03,3.480186117592758577e-03,4.938841096576883360e-02,-4.629739810844404543e-03,-6.902517606893626874e-03,2.558933339584229527e-02,-7.553176577486065899e-03,7.324295210810334231e-03,4.938858418779704107e-02,-2.520482920426762516e-02,9.293416020572825217e-03,1.563534592303062062e-04,1.093762707374172985e-03,-2.368275702839776897e-02,5.051272789238713257e-01,2.999112922447912388e-01,-1.145849933568697607e-03,5.045760311005123011e-01,8.772558716578760483e-04,2.941613003917426753e-03,-9.383269995757442935e-04,5.049241355498576000e-01,-2.999796633633473597e-01,9.276275199446621820e-04,5.047180408014750874e-01,-8.138912411149305023e-04,3.118030260644714079e-03,6.288351143679980423e-04
2.191001985864587664e-01,1.387192783719237059e-03,7.848559794006770840e-01,6.917110501280574310e-04,3.038102824005758235e-02,1.984649063932057353e-03,-9.995361803491621400e-01,4.252528859422359878e-03,8.128646775728632159e-03,3.462073933614928396e-03,4.939413138090435751e-02,-4.551183993756603360e-03,-6.904742392661041006e-03,2.559657386636228493e-02,-7.547298587380527057e-03,7.309837583569429344e-03,4.938966368900625514e-02,-2.512624357534061839e-02,9.291519434067464084e-03,1.559610857942345704e-04,1.093263685670777018e-03,-2.364019700556546297e-02,5.051152740844427891e-01,2.999123798038315081e-01,-1.141833778379790394e-03,5.045709180733867205e-01,8.751748684836985247e-04,2.938790075621659260e-03,-9.354043119194655484e-04,5.049138542373611260e-01,-2.999853338139064629e-01,9.267953698721762956e-04,5.047079936460487914e-01,-8.115783888708401252e-04,3.110061216583193556e-03,6.328938178198500759e-04
2.190671990016025972e-01,1.379675636162262103e-03,7.848546997475230880e-01,6.900361788952236045e-04,3.040641852132340214e-02,1.986402082695235168e-03,-9.995354059609612429e-01,4.257802282514308589e-03,8.131636508000287047e-03,3.441225855125603587e-03,4.939720858015167471e-02,-4.522555625543151284e-03,-6.905225319200636487e-03,2.560099343490512477e-02,-7.543097843145198100e-03,7.293461817512908278e-03,4.938813820242784342e-02,-2.510346452878385246e-02,9.291676828266917307e-03,1.582760513219848839e-04,1.092774782303984312e-03,-2.358989816490820665e-02,5.050955191042025838e-01,2.999125724809976745e-01,-1.138363240399834679e-03,5.045635884027916962e-01,8.700463850957471448e-04,2.934436878512815781e-03,-9.354378349137622674e-04,5.048955025861844303e-01,-2.999883645811575184e-01,9.281779131044788286e-04,5.046998062893712778e-01,-8.139416843502005235e-04,3.104790489996012148e-03,6.338151176884899507e-04
2.190370273881231955e-01,1.373192831304868118e-03,7.848546567231265980e-01,6.799315464370700099e-04,3.034523755784402504e-02,1.991398610806556502e-03,-9.995372622279886654e-01,4.137957768165625126e-03,8.110644609430148894e-03,3.415890571930479958e-03,4.927956726429497114e-02,-4.593676986776894233e-03,-6.903457365343822899e-03,2.546849711817675971e-02,-7.563136234283871634e-03,7.272035639929964532e-03,4.927633730097223663e-02,-2.514911170178738692e-02,9.292773828253102220e-03,1.702705473448307084e-04,1.077035373216579228e-03,-2.369352372460979683e-02,5.051216232052881949e-01,2.999234522495859423e-01,-1.156707550990988169e-03,5.045789881792712706e-01,8.875038798664634234e-04,2.946395002885980607e-03,-9.461741493908844671e-04,5.049197396346164490e-01,-2.999964464708876344e-01,9.535018121745662519e-04,5.047208580677184919e-01,-8.407227098050163230e-04,3.123452530506194615e-03,6.454924393668391410e-04
2.190063609745509510e-01,1.367872126879066726e-03,7.848558247033388113e-01,6.690103218363074346e-04,3.025301020209519506e-02,1.997348157160469453e-03,-9.995400534241938306e-01,3.978236479029503142e-03,8.086329695199205234e-03,3.392447440321004308e-03,4.911152253952727476e-02,-4.729897713502516018e-03,-6.905258395028993079e-03,2.529126616221157031e-02,-7.587605303765771955e-03,7.248304028327038316e-03,4.912003162525810374e-02,-2.525135269284421724e-02,9.290280056983953733e-03,1.822674655540322097e-04,1.062978714016358205e-03,-2.382221598311278984e-02,5.051626272242846216e-01,2.999353023515475281e-01,-1.181887300973092974e-03,5.046060634324255334e-01,9.128579972159131355e-04,2.968473747045224844e-03,-9.591049854559498180e-04,5.049549916282202178e-01,-3.000068470105174967e-01,9.833869336917583966e-04,5.047450389958758610e-01,-8.705259214041296753e-04,3.143897166856807982e-03,6.612339745770477555e-04
